Execute       source -notrace -encoding utf-8 C:/Xilinx/Vitis/2024.2/tps/tcl/tcl8.6/clock.tcl 
Execute         source -encoding utf-8 C:/Xilinx/Vitis/2024.2/tps/tcl/tcl8/8.5/msgcat-1.6.1.tm 
Execute         source C:/Xilinx/Vitis/2024.2/tps/tcl/tcllib1.11.1/amazon-s3/pkgIndex.tcl 
Execute         source C:/Xilinx/Vitis/2024.2/tps/tcl/tcllib1.11.1/asn/pkgIndex.tcl 
Execute         source C:/Xilinx/Vitis/2024.2/tps/tcl/tcllib1.11.1/base32/pkgIndex.tcl 
Execute         source C:/Xilinx/Vitis/2024.2/tps/tcl/tcllib1.11.1/base64/pkgIndex.tcl 
Execute         source C:/Xilinx/Vitis/2024.2/tps/tcl/tcllib1.11.1/bee/pkgIndex.tcl 
Execute         source C:/Xilinx/Vitis/2024.2/tps/tcl/tcllib1.11.1/bench/pkgIndex.tcl 
Execute         source C:/Xilinx/Vitis/2024.2/tps/tcl/tcllib1.11.1/bibtex/pkgIndex.tcl 
Execute         source C:/Xilinx/Vitis/2024.2/tps/tcl/tcllib1.11.1/cache/pkgIndex.tcl 
Execute         source C:/Xilinx/Vitis/2024.2/tps/tcl/tcllib1.11.1/cmdline/pkgIndex.tcl 
Execute         source C:/Xilinx/Vitis/2024.2/tps/tcl/tcllib1.11.1/comm/pkgIndex.tcl 
Execute         source C:/Xilinx/Vitis/2024.2/tps/tcl/tcllib1.11.1/control/pkgIndex.tcl 
Execute         source C:/Xilinx/Vitis/2024.2/tps/tcl/tcllib1.11.1/counter/pkgIndex.tcl 
Execute         source C:/Xilinx/Vitis/2024.2/tps/tcl/tcllib1.11.1/crc/pkgIndex.tcl 
Execute         source C:/Xilinx/Vitis/2024.2/tps/tcl/tcllib1.11.1/csv/pkgIndex.tcl 
Execute         source C:/Xilinx/Vitis/2024.2/tps/tcl/tcllib1.11.1/dns/pkgIndex.tcl 
Execute         source C:/Xilinx/Vitis/2024.2/tps/tcl/tcllib1.11.1/docstrip/pkgIndex.tcl 
Execute         source C:/Xilinx/Vitis/2024.2/tps/tcl/tcllib1.11.1/doctools/pkgIndex.tcl 
Execute         source C:/Xilinx/Vitis/2024.2/tps/tcl/tcllib1.11.1/exif/pkgIndex.tcl 
Execute         source C:/Xilinx/Vitis/2024.2/tps/tcl/tcllib1.11.1/fileutil/pkgIndex.tcl 
Execute         source C:/Xilinx/Vitis/2024.2/tps/tcl/tcllib1.11.1/ftp/pkgIndex.tcl 
Execute         source C:/Xilinx/Vitis/2024.2/tps/tcl/tcllib1.11.1/ftpd/pkgIndex.tcl 
Execute         source C:/Xilinx/Vitis/2024.2/tps/tcl/tcllib1.11.1/fumagic/pkgIndex.tcl 
Execute         source C:/Xilinx/Vitis/2024.2/tps/tcl/tcllib1.11.1/grammar_fa/pkgIndex.tcl 
Execute         source C:/Xilinx/Vitis/2024.2/tps/tcl/tcllib1.11.1/grammar_me/pkgIndex.tcl 
Execute         source C:/Xilinx/Vitis/2024.2/tps/tcl/tcllib1.11.1/grammar_peg/pkgIndex.tcl 
Execute         source C:/Xilinx/Vitis/2024.2/tps/tcl/tcllib1.11.1/html/pkgIndex.tcl 
Execute         source C:/Xilinx/Vitis/2024.2/tps/tcl/tcllib1.11.1/htmlparse/pkgIndex.tcl 
Execute         source C:/Xilinx/Vitis/2024.2/tps/tcl/tcllib1.11.1/http/pkgIndex.tcl 
Execute         source C:/Xilinx/Vitis/2024.2/tps/tcl/tcllib1.11.1/ident/pkgIndex.tcl 
Execute         source C:/Xilinx/Vitis/2024.2/tps/tcl/tcllib1.11.1/inifile/pkgIndex.tcl 
Execute         source C:/Xilinx/Vitis/2024.2/tps/tcl/tcllib1.11.1/interp/pkgIndex.tcl 
Execute         source C:/Xilinx/Vitis/2024.2/tps/tcl/tcllib1.11.1/irc/pkgIndex.tcl 
Execute         source C:/Xilinx/Vitis/2024.2/tps/tcl/tcllib1.11.1/javascript/pkgIndex.tcl 
Execute         source C:/Xilinx/Vitis/2024.2/tps/tcl/tcllib1.11.1/jpeg/pkgIndex.tcl 
Execute         source C:/Xilinx/Vitis/2024.2/tps/tcl/tcllib1.11.1/json/pkgIndex.tcl 
Execute         source C:/Xilinx/Vitis/2024.2/tps/tcl/tcllib1.11.1/ldap/pkgIndex.tcl 
Execute         source C:/Xilinx/Vitis/2024.2/tps/tcl/tcllib1.11.1/log/pkgIndex.tcl 
Execute         source C:/Xilinx/Vitis/2024.2/tps/tcl/tcllib1.11.1/map/pkgIndex.tcl 
Execute         source C:/Xilinx/Vitis/2024.2/tps/tcl/tcllib1.11.1/mapproj/pkgIndex.tcl 
Execute         source C:/Xilinx/Vitis/2024.2/tps/tcl/tcllib1.11.1/math/pkgIndex.tcl 
Execute         source C:/Xilinx/Vitis/2024.2/tps/tcl/tcllib1.11.1/md4/pkgIndex.tcl 
Execute         source C:/Xilinx/Vitis/2024.2/tps/tcl/tcllib1.11.1/md5/pkgIndex.tcl 
Execute         source C:/Xilinx/Vitis/2024.2/tps/tcl/tcllib1.11.1/md5crypt/pkgIndex.tcl 
Execute         source C:/Xilinx/Vitis/2024.2/tps/tcl/tcllib1.11.1/mime/pkgIndex.tcl 
Execute         source C:/Xilinx/Vitis/2024.2/tps/tcl/tcllib1.11.1/multiplexer/pkgIndex.tcl 
Execute         source C:/Xilinx/Vitis/2024.2/tps/tcl/tcllib1.11.1/ncgi/pkgIndex.tcl 
Execute         source C:/Xilinx/Vitis/2024.2/tps/tcl/tcllib1.11.1/nmea/pkgIndex.tcl 
Execute         source C:/Xilinx/Vitis/2024.2/tps/tcl/tcllib1.11.1/nns/pkgIndex.tcl 
Execute         source C:/Xilinx/Vitis/2024.2/tps/tcl/tcllib1.11.1/nntp/pkgIndex.tcl 
Execute         source C:/Xilinx/Vitis/2024.2/tps/tcl/tcllib1.11.1/ntp/pkgIndex.tcl 
Execute         source C:/Xilinx/Vitis/2024.2/tps/tcl/tcllib1.11.1/otp/pkgIndex.tcl 
Execute         source C:/Xilinx/Vitis/2024.2/tps/tcl/tcllib1.11.1/page/pkgIndex.tcl 
Execute         source C:/Xilinx/Vitis/2024.2/tps/tcl/tcllib1.11.1/pluginmgr/pkgIndex.tcl 
Execute         source C:/Xilinx/Vitis/2024.2/tps/tcl/tcllib1.11.1/png/pkgIndex.tcl 
Execute         source C:/Xilinx/Vitis/2024.2/tps/tcl/tcllib1.11.1/pop3/pkgIndex.tcl 
Execute         source C:/Xilinx/Vitis/2024.2/tps/tcl/tcllib1.11.1/pop3d/pkgIndex.tcl 
Execute         source C:/Xilinx/Vitis/2024.2/tps/tcl/tcllib1.11.1/profiler/pkgIndex.tcl 
Execute         source C:/Xilinx/Vitis/2024.2/tps/tcl/tcllib1.11.1/rcs/pkgIndex.tcl 
Execute         source C:/Xilinx/Vitis/2024.2/tps/tcl/tcllib1.11.1/report/pkgIndex.tcl 
Execute         source C:/Xilinx/Vitis/2024.2/tps/tcl/tcllib1.11.1/ripemd/pkgIndex.tcl 
Execute         source C:/Xilinx/Vitis/2024.2/tps/tcl/tcllib1.11.1/sasl/pkgIndex.tcl 
Execute         source C:/Xilinx/Vitis/2024.2/tps/tcl/tcllib1.11.1/sha1/pkgIndex.tcl 
Execute         source C:/Xilinx/Vitis/2024.2/tps/tcl/tcllib1.11.1/simulation/pkgIndex.tcl 
Execute         source C:/Xilinx/Vitis/2024.2/tps/tcl/tcllib1.11.1/smtpd/pkgIndex.tcl 
Execute         source C:/Xilinx/Vitis/2024.2/tps/tcl/tcllib1.11.1/snit/pkgIndex.tcl 
Execute         source C:/Xilinx/Vitis/2024.2/tps/tcl/tcllib1.11.1/soundex/pkgIndex.tcl 
Execute         source C:/Xilinx/Vitis/2024.2/tps/tcl/tcllib1.11.1/stooop/pkgIndex.tcl 
Execute         source C:/Xilinx/Vitis/2024.2/tps/tcl/tcllib1.11.1/stringprep/pkgIndex.tcl 
Execute         source C:/Xilinx/Vitis/2024.2/tps/tcl/tcllib1.11.1/struct/pkgIndex.tcl 
Execute         source C:/Xilinx/Vitis/2024.2/tps/tcl/tcllib1.11.1/tar/pkgIndex.tcl 
Execute         source C:/Xilinx/Vitis/2024.2/tps/tcl/tcllib1.11.1/term/pkgIndex.tcl 
Execute         source C:/Xilinx/Vitis/2024.2/tps/tcl/tcllib1.11.1/textutil/pkgIndex.tcl 
Execute         source C:/Xilinx/Vitis/2024.2/tps/tcl/tcllib1.11.1/tie/pkgIndex.tcl 
Execute         source C:/Xilinx/Vitis/2024.2/tps/tcl/tcllib1.11.1/tiff/pkgIndex.tcl 
Execute         source C:/Xilinx/Vitis/2024.2/tps/tcl/tcllib1.11.1/transfer/pkgIndex.tcl 
Execute         source C:/Xilinx/Vitis/2024.2/tps/tcl/tcllib1.11.1/treeql/pkgIndex.tcl 
Execute         source C:/Xilinx/Vitis/2024.2/tps/tcl/tcllib1.11.1/try/pkgIndex.tcl 
Execute         source C:/Xilinx/Vitis/2024.2/tps/tcl/tcllib1.11.1/uev/pkgIndex.tcl 
Execute         source C:/Xilinx/Vitis/2024.2/tps/tcl/tcllib1.11.1/units/pkgIndex.tcl 
Execute         source C:/Xilinx/Vitis/2024.2/tps/tcl/tcllib1.11.1/uri/pkgIndex.tcl 
Execute         source C:/Xilinx/Vitis/2024.2/tps/tcl/tcllib1.11.1/uuid/pkgIndex.tcl 
Execute         source C:/Xilinx/Vitis/2024.2/tps/tcl/tcllib1.11.1/wip/pkgIndex.tcl 
Execute         source C:/Xilinx/Vitis/2024.2/tps/tcl/tcllib1.11.1/yaml/pkgIndex.tcl 
Execute         source C:/Xilinx/Vitis/2024.2/tps/tcl/tcllib1.11.1/pkgIndex.tcl 
Command         ap_source done; 0.125 sec.
Execute         source C:/Xilinx/Vitis/2024.2/tps/tcl/tk8.6/pkgIndex.tcl 
Execute         source C:/Xilinx/Vitis/2024.2/tps/tcl/tcl8.6/http1.0/pkgIndex.tcl 
Execute         source C:/Xilinx/Vitis/2024.2/tps/tcl/tcl8.6/opt0.4/pkgIndex.tcl 
Execute         source C:/Xilinx/Vitis/2024.2/tps/tcl/tcl8.6/pkgs/win/thread2.8.7/pkgIndex.tcl 
Command       ap_source done; 0.764 sec.
INFO-FLOW: Workspace C:/Users/OmilosNeonTexn/Desktop/fpga_cnn_hls4ml/hls4ml_init/hls4ml_cnn_zcu106/myproject_prj/solution1 opened at Mon Mar 23 21:34:10 +0200 2026
Execute       send_msg_by_id INFO @200-1505@%s%s default  vivado 
INFO: [HLS 200-1505] Using default flow_target 'vivado'
Command     open_solution done; 1 sec.
Execute     config_array_partition -maximum_size 4096 
INFO: [HLS 200-1510] Running: config_array_partition -maximum_size 4096 
ERROR: [HLS 200-101] config_array_partition: Unknown option '-maximum_size'.
ERROR: [HLS 200-101] config_array_partition: Unknown option '4096'.
Execute       ::HLS_INI_HELP::ininames_for_cmd_iniglob config_array_partition * 0
Execute       ::HLS_INI_HELP::inilhs2maninfo syn.array_partition.complete_threshold
Execute       ::HLS_INI_HELP::inilhs2maninfo syn.array_partition.throughput_driven
Command     config_array_partition done; error code: 1; 0.226 sec.
Execute     config_compile -name_max_length 80 
INFO: [HLS 200-1510] Running: config_compile -name_max_length 80 
INFO: [XFORM 203-1161] The maximum of name length is set to 80.
Execute     set_part xczu7ev-ffvc1156-2-e 
INFO: [HLS 200-1510] Running: set_part xczu7ev-ffvc1156-2-e 
Execute       create_platform xczu7ev-ffvc1156-2-e -board  
DBG:HLSDevice: Trying to load device library: C:/Xilinx/Vitis/2024.2\lib\win64.o\xv_hlsvwrap.dll
DBG:HLSDevice: first parts/arch.xml in RDI_DATADIR: C:/Xilinx/Vivado/2024.2/data/parts/arch.xml
DBG:HLSDevice: init success
INFO: [HLS 200-1611] Setting target device to 'xczu7ev-ffvc1156-2-e'
Command       create_platform done; 50.956 sec.
Execute       source C:/Xilinx/Vitis/2024.2/common/technology/xilinx/common/xilinx.gen 
Execute         source C:/Xilinx/Vitis/2024.2/common/technology/xilinx/interface/plb46.gen 
Execute         source C:/Xilinx/Vitis/2024.2/common/technology/xilinx/interface/axi4.gen 
Execute         source C:/Xilinx/Vitis/2024.2/common/technology/xilinx/interface/nativeAXI4.gen 
Execute           source C:/Xilinx/Vitis/2024.2/common/technology/xilinx/interface/saxilite.gen 
Execute         source C:/Xilinx/Vitis/2024.2/common/technology/xilinx/scripts/xilinxcoregen.gen 
Execute         source C:/Xilinx/Vitis/2024.2/common/technology/xilinx/interface/XilEDKCoreGen.gen 
Execute         source C:/Xilinx/Vitis/2024.2/common/technology/xilinx/ip/dds_compiler.gen 
Command         ap_source done; 0.114 sec.
Execute         source C:/Xilinx/Vitis/2024.2/common/technology/xilinx/ip/util.gen 
Execute         source C:/Xilinx/Vitis/2024.2/common/technology/xilinx/ip/xfft.gen 
Command         ap_source done; 0.303 sec.
Execute         source C:/Xilinx/Vitis/2024.2/common/technology/xilinx/ip/xfir.gen 
Execute         source C:/Xilinx/Vitis/2024.2/common/technology/xilinx/DSP48/dsp48.gen 
Command       ap_source done; 0.904 sec.
Execute       ap_part_info -name xczu7ev-ffvc1156-2-e -data info 
Command       ap_part_info done; 0.18 sec.
Execute       config_compile -quiet -complex-mul-dsp=0 
INFO: [XFORM 203-1161] The maximum of name length is set to 80.
Command     set_part done; 52.086 sec.
Execute     config_schedule -enable_dsp_full_reg=false 
INFO: [HLS 200-1510] Running: config_schedule -enable_dsp_full_reg=false 
Execute     create_clock -period 5.0 -name default 
INFO: [HLS 200-1510] Running: create_clock -period 5.0 -name default 
Execute       ap_set_clock -name default -period 5 -unit ns -default=false 
INFO: [SYN 201-201] Setting up clock 'default' with a period of 5ns.
Command       ap_set_clock done; 0.124 sec.
Command     create_clock done; 0.144 sec.
Execute     set_clock_uncertainty 27% default 
INFO: [HLS 200-1510] Running: set_clock_uncertainty 27% default 
Execute       ap_set_clock -name default -uncertainty 1.35 -unit % 
INFO: [SYN 201-201] Setting up clock 'default' with an uncertainty of 1.35ns.
Execute     csynth_design 
INFO: [HLS 200-1510] Running: csynth_design 
Execute       ::AP::init_summary_file csynth 
INFO-FLOW: Running SLX 'csynth' proc: ::SLX::run_csynth
Execute       elaborate -effort=medium -skip_syncheck=0 -keep_printf=0 -skip_cdt=0 -skip_transform=0 -ng=0 -g=0 -opt_fp=0 -from_csynth_design=1 
INFO: [HLS 200-111] Finished File checks and directory preparation: CPU user time: 1 seconds. CPU system time: 0 seconds. Elapsed time: 1.222 seconds; current allocated memory: 610.316 MB.
Execute         set_directive_top myproject -name=myproject 
Execute         source C:/Xilinx/Vitis/2024.2/tps/tcl/tcllib1.11.1/yaml/huddle.tcl 
Command         ap_source done; 0.595 sec.
Execute         source C:/Xilinx/Vitis/2024.2/tps/tcl/tcllib1.11.1/yaml/json2huddle.tcl 
Execute           source C:/Xilinx/Vitis/2024.2/tps/tcl/tcllib1.11.1/try/try.tcl 
Command           ap_source done; 0.91 sec.
Command         ap_source done; 1.005 sec.
INFO: [HLS 200-10] Analyzing design file 'firmware/myproject.cpp' ... 
INFO-FLOW: Compiling one TU...
INFO-FLOW: Handling firmware/myproject.cpp as C++
Execute         ap_part_info -name xczu7ev-ffvc1156-2-e -data info 
INFO-FLOW: Running: GCC PP 39
INFO-FLOW: Source preprocessing
INFO-FLOW: run_clang exec: C:/Xilinx/Vitis/2024.2/win64/tools/clang-3.9-csynth/bin/clang firmware/myproject.cpp -foptimization-record-file=C:/Users/OmilosNeonTexn/Desktop/fpga_cnn_hls4ml/hls4ml_init/hls4ml_cnn_zcu106/myproject_prj/solution1/.autopilot/db/myproject.cpp.clang.diag.yml -mllvm -pass-remarks-missed=reflow|pasta|unroll|inline -mllvm -pass-remarks=reflow|pasta|unroll|inline -fno-limit-debug-info --sysroot C:/Xilinx/Vitis/2024.2/tps/mingw/8.3.0/win64.o/nt -fhls -fno-exceptions -insert-hls-directive=C:/Users/OmilosNeonTexn/Desktop/fpga_cnn_hls4ml/hls4ml_init/hls4ml_cnn_zcu106/myproject_prj/solution1/.autopilot/db/all.directive.json -E -std=c++0x -fno-math-errno -c -emit-llvm -mllvm -disable-llvm-optzns -Werror=implicit-function-declaration -Werror=implicit-hls-streams -Werror=return-type -Wpragmas -Wunused-parameter -Wdump-hls-pragmas -Wno-error=dump-hls-pragmas -hls-clock-period=5 -fno-threadsafe-statics -fno-use-cxa-atexit -target fpga64-xilinx-mingw32 -fno-threadsafe-statics -fno-use-cxa-atexit -D__VITIS_HLS__ -DAESL_SYN -D__SYNTHESIS__ -D__HLS_SYN__ -I C:/Xilinx/Vitis/2024.2/common/technology/autopilot -I C:/Xilinx/Vitis/2024.2/common/technology/autopilot/ap_sysc -include etc/autopilot_ssdm_op.h -D__DSP48E2__ -I /usr/include/x86_64-linux-gnu -o C:/Users/OmilosNeonTexn/Desktop/fpga_cnn_hls4ml/hls4ml_init/hls4ml_cnn_zcu106/myproject_prj/solution1/.autopilot/db/myproject.pp.0.cpp {-hls-platform-db-name=C:/Xilinx/Vitis/2024.2\common/technology\xilinx/common/platform.db} -hls-platform-name=zynquplus_medium -device-resource-info=BRAM_624.000000_DSP_1728.000000_FF_460800.000000_LUT_230400.000000_SLICE_28800.000000_URAM_96.000000 -device-name-info=xczu7ev-ffvc1156-2-e > C:/Users/OmilosNeonTexn/Desktop/fpga_cnn_hls4ml/hls4ml_init/hls4ml_cnn_zcu106/myproject_prj/solution1/.autopilot/db/myproject.cpp.clang.out.log 2> C:/Users/OmilosNeonTexn/Desktop/fpga_cnn_hls4ml/hls4ml_init/hls4ml_cnn_zcu106/myproject_prj/solution1/.autopilot/db/myproject.cpp.clang.err.log
INFO-FLOW: Done: GCC PP 39 time: 49.8 seconds per iteration
INFO-FLOW: Source syntax check for synthesis
INFO-FLOW: run_clang exec: C:/Xilinx/Vitis/2024.2/win64/tools/clang-3.9-csynth/bin/clang -foptimization-record-file=C:/Users/OmilosNeonTexn/Desktop/fpga_cnn_hls4ml/hls4ml_init/hls4ml_cnn_zcu106/myproject_prj/solution1/.autopilot/db/clang.diag.yml -mllvm -pass-remarks-missed=reflow|pasta|unroll|inline -mllvm -pass-remarks=reflow|pasta|unroll|inline -fsyntax-only -fhls -target fpga64-xilinx-linux-gnu C:/Users/OmilosNeonTexn/Desktop/fpga_cnn_hls4ml/hls4ml_init/hls4ml_cnn_zcu106/myproject_prj/solution1/.autopilot/db/myproject.pp.0.cpp {-hls-platform-db-name=C:/Xilinx/Vitis/2024.2\common/technology\xilinx/common/platform.db} -hls-platform-name=zynquplus_medium -device-resource-info=BRAM_624.000000_DSP_1728.000000_FF_460800.000000_LUT_230400.000000_SLICE_28800.000000_URAM_96.000000 -device-name-info=xczu7ev-ffvc1156-2-e > C:/Users/OmilosNeonTexn/Desktop/fpga_cnn_hls4ml/hls4ml_init/hls4ml_cnn_zcu106/myproject_prj/solution1/.autopilot/db/clang.out.log 2> C:/Users/OmilosNeonTexn/Desktop/fpga_cnn_hls4ml/hls4ml_init/hls4ml_cnn_zcu106/myproject_prj/solution1/.autopilot/db/clang.err.log
WARNING: [HLS 207-5570] unexpected pragma argument 'softmax', expects function/operation (firmware/nnet_utils/nnet_activation.h:402:36)
WARNING: [HLS 207-5538] 'Resource pragma' is deprecated, use 'bind_op/bind_storage pragma' instead (firmware/nnet_utils/nnet_dense_resource.h:33:9)
WARNING: [HLS 207-5538] 'Resource pragma' is deprecated, use 'bind_op/bind_storage pragma' instead (firmware/nnet_utils/nnet_dense_resource.h:107:9)
WARNING: [HLS 207-5538] 'Resource pragma' is deprecated, use 'bind_op/bind_storage pragma' instead (firmware/nnet_utils/nnet_dense_resource.h:189:9)
Execute         clang_tidy xilinx-systemc-detector -desc systemc-detector C:/Users/OmilosNeonTexn/Desktop/fpga_cnn_hls4ml/hls4ml_init/hls4ml_cnn_zcu106/myproject_prj/solution1/.autopilot/db/myproject.pp.0.cpp std=c++0x -target fpga  -directive=C:/Users/OmilosNeonTexn/Desktop/fpga_cnn_hls4ml/hls4ml_init/hls4ml_cnn_zcu106/myproject_prj/solution1/.autopilot/db/.systemc_flag 
INFO-FLOW: exec C:/Xilinx/Vitis/2024.2/win64/tools/clang-3.9-csynth/bin/clang-tidy -header-filter=.* --checks=-*,xilinx-systemc-detector -import-directive=C:/Users/OmilosNeonTexn/Desktop/fpga_cnn_hls4ml/hls4ml_init/hls4ml_cnn_zcu106/myproject_prj/solution1/.autopilot/db/.systemc_flag -fix-errors C:/Users/OmilosNeonTexn/Desktop/fpga_cnn_hls4ml/hls4ml_init/hls4ml_cnn_zcu106/myproject_prj/solution1/.autopilot/db/myproject.pp.0.cpp -- -std=c++0x -target fpga -fhls -ferror-limit=0
Command         clang_tidy done; 11.092 sec.
INFO-FLOW: Running: clang-tidy CDT preprocess 39
Execute         clang_tidy xilinx-directive2pragma -desc directive2pragma C:/Users/OmilosNeonTexn/Desktop/fpga_cnn_hls4ml/hls4ml_init/hls4ml_cnn_zcu106/myproject_prj/solution1/.autopilot/db/myproject.pp.0.cpp std=c++0x -target fpga  -directive=C:/Users/OmilosNeonTexn/Desktop/fpga_cnn_hls4ml/hls4ml_init/hls4ml_cnn_zcu106/myproject_prj/solution1/.autopilot/db/all.directive.json 
INFO-FLOW: exec C:/Xilinx/Vitis/2024.2/win64/tools/clang-3.9-csynth/bin/clang-tidy -header-filter=.* --checks=-*,xilinx-directive2pragma -import-directive=C:/Users/OmilosNeonTexn/Desktop/fpga_cnn_hls4ml/hls4ml_init/hls4ml_cnn_zcu106/myproject_prj/solution1/.autopilot/db/all.directive.json -fix-errors C:/Users/OmilosNeonTexn/Desktop/fpga_cnn_hls4ml/hls4ml_init/hls4ml_cnn_zcu106/myproject_prj/solution1/.autopilot/db/myproject.pp.0.cpp -- -std=c++0x -target fpga -fhls -ferror-limit=0
Command         clang_tidy done; 3.211 sec.
INFO-FLOW: Done: clang-tidy CDT preprocess 39 time: 3.2 seconds per iteration
INFO-FLOW: Calling xilinx-label-all-loops ... 
INFO-FLOW: Calling xilinx-aggregate-on-hls-vector ... 
Execute         clang_tidy -errorcheck -desc loop-label xilinx-label-all-loops,xilinx-aggregate-on-hls-vector,,xilinx-warn-mayneed-no-ctor-attribute C:/Users/OmilosNeonTexn/Desktop/fpga_cnn_hls4ml/hls4ml_init/hls4ml_cnn_zcu106/myproject_prj/solution1/.autopilot/db/myproject.pp.0.cpp std=c++0x -target fpga  
INFO-FLOW: run_clang exec: C:/Xilinx/Vitis/2024.2/win64/tools/clang-3.9-csynth/bin/clang-tidy -export-fixes=C:/Users/OmilosNeonTexn/Desktop/fpga_cnn_hls4ml/hls4ml_init/hls4ml_cnn_zcu106/myproject_prj/solution1/.autopilot/db/myproject.pp.0.cpp.clang-tidy.loop-label.diag.yml -header-filter=.* --checks=-*,xilinx-label-all-loops,xilinx-aggregate-on-hls-vector,,xilinx-warn-mayneed-no-ctor-attribute -fix-errors C:/Users/OmilosNeonTexn/Desktop/fpga_cnn_hls4ml/hls4ml_init/hls4ml_cnn_zcu106/myproject_prj/solution1/.autopilot/db/myproject.pp.0.cpp -- -std=c++0x -target fpga -fhls -ferror-limit=0 > C:/Users/OmilosNeonTexn/Desktop/fpga_cnn_hls4ml/hls4ml_init/hls4ml_cnn_zcu106/myproject_prj/solution1/.autopilot/db/myproject.pp.0.cpp.clang-tidy.loop-label.out.log 2> C:/Users/OmilosNeonTexn/Desktop/fpga_cnn_hls4ml/hls4ml_init/hls4ml_cnn_zcu106/myproject_prj/solution1/.autopilot/db/myproject.pp.0.cpp.clang-tidy.loop-label.err.log
Execute           source C:/Xilinx/Vitis/2024.2/tps/tcl/tcllib1.11.1/yaml/yaml.tcl 
Command           ap_source done; 0.123 sec.
Command         clang_tidy done; 6.309 sec.
INFO-FLOW: run_clang exec: C:/Xilinx/Vitis/2024.2/win64/tools/clang-3.9-csynth/bin/xilinx-dataflow-lawyer -export-fixes=C:/Users/OmilosNeonTexn/Desktop/fpga_cnn_hls4ml/hls4ml_init/hls4ml_cnn_zcu106/myproject_prj/solution1/.autopilot/db/myproject.pp.0.cpp.xilinx-dataflow-lawyer.diag.yml C:/Users/OmilosNeonTexn/Desktop/fpga_cnn_hls4ml/hls4ml_init/hls4ml_cnn_zcu106/myproject_prj/solution1/.autopilot/db/myproject.pp.0.cpp -- -std=c++0x -target fpga -fhls -ferror-limit=0 -fstrict-dataflow > C:/Users/OmilosNeonTexn/Desktop/fpga_cnn_hls4ml/hls4ml_init/hls4ml_cnn_zcu106/myproject_prj/solution1/.autopilot/db/myproject.pp.0.cpp.xilinx-dataflow-lawyer.out.log 2> C:/Users/OmilosNeonTexn/Desktop/fpga_cnn_hls4ml/hls4ml_init/hls4ml_cnn_zcu106/myproject_prj/solution1/.autopilot/db/myproject.pp.0.cpp.xilinx-dataflow-lawyer.err.log
WARNING: [HLS 214-113] Either use an argument of the function or declare the variable inside the dataflow loop body (firmware/myproject.cpp:53:70)
WARNING: [HLS 214-113] Either use an argument of the function or declare the variable inside the dataflow loop body (firmware/myproject.cpp:53:74)
WARNING: [HLS 214-113] Either use an argument of the function or declare the variable inside the dataflow loop body (firmware/myproject.cpp:59:74)
WARNING: [HLS 214-113] Either use an argument of the function or declare the variable inside the dataflow loop body (firmware/myproject.cpp:59:78)
WARNING: [HLS 214-113] Either use an argument of the function or declare the variable inside the dataflow loop body (firmware/myproject.cpp:63:74)
WARNING: [HLS 214-113] Either use an argument of the function or declare the variable inside the dataflow loop body (firmware/myproject.cpp:63:78)
Execute         send_msg_by_id WARNING @200-471@%s%s 6 firmware/myproject.cpp 
WARNING: [HLS 200-471] Dataflow form checks found 6 issue(s) in file firmware/myproject.cpp
Execute         ap_part_info -name xczu7ev-ffvc1156-2-e -data info 
INFO-FLOW: compiling source code to llvm bc
INFO-FLOW: run_clang exec: C:/Xilinx/Vitis/2024.2/win64/tools/clang-3.9-csynth/bin/clang -foptimization-record-file=C:/Users/OmilosNeonTexn/Desktop/fpga_cnn_hls4ml/hls4ml_init/hls4ml_cnn_zcu106/myproject_prj/solution1/.autopilot/db/myproject.pp.0.cpp.clang.diag.yml -mllvm -pass-remarks-missed=reflow|pasta|unroll|inline -mllvm -pass-remarks=reflow|pasta|unroll|inline -fno-limit-debug-info -fhls -flto -fno-exceptions -Wno-error=c++11-narrowing -hls-emit-hint-scope C:/Users/OmilosNeonTexn/Desktop/fpga_cnn_hls4ml/hls4ml_init/hls4ml_cnn_zcu106/myproject_prj/solution1/.autopilot/db/myproject.pp.0.cpp -std=c++0x -fno-math-errno -c -emit-llvm -mllvm -disable-llvm-optzns -Werror=implicit-function-declaration -Werror=implicit-hls-streams -Werror=return-type -Wpragmas -Wunused-parameter -Wdump-hls-pragmas -Wno-error=dump-hls-pragmas -hls-clock-period=5 -fno-threadsafe-statics -fno-use-cxa-atexit -target fpga64-xilinx-linux-gnu -D__VITIS_HLS__ -DAESL_SYN -D__SYNTHESIS__ -D__HLS_SYN__ -I C:/Xilinx/Vitis/2024.2/common/technology/autopilot -I C:/Xilinx/Vitis/2024.2/common/technology/autopilot/ap_sysc -include etc/autopilot_ssdm_op.h -D__DSP48E2__ -g -o C:/Users/OmilosNeonTexn/Desktop/fpga_cnn_hls4ml/hls4ml_init/hls4ml_cnn_zcu106/myproject_prj/solution1/.autopilot/db/myproject.bc {-hls-platform-db-name=C:/Xilinx/Vitis/2024.2\common/technology\xilinx/common/platform.db} -hls-platform-name=zynquplus_medium -device-resource-info=BRAM_624.000000_DSP_1728.000000_FF_460800.000000_LUT_230400.000000_SLICE_28800.000000_URAM_96.000000 -device-name-info=xczu7ev-ffvc1156-2-e > C:/Users/OmilosNeonTexn/Desktop/fpga_cnn_hls4ml/hls4ml_init/hls4ml_cnn_zcu106/myproject_prj/solution1/.autopilot/db/myproject.pp.0.cpp.clang.out.log 2> C:/Users/OmilosNeonTexn/Desktop/fpga_cnn_hls4ml/hls4ml_init/hls4ml_cnn_zcu106/myproject_prj/solution1/.autopilot/db/myproject.pp.0.cpp.clang.err.log
WARNING: [HLS 207-5292] unused parameter 'keep' (firmware/nnet_utils/nnet_helpers.h:285:99)
WARNING: [HLS 207-5292] unused parameter 'data' (firmware/nnet_utils/nnet_function_stubs.h:14:36)
WARNING: [HLS 207-5292] unused parameter 'buffer' (firmware/nnet_utils/nnet_function_stubs.h:15:36)
WARNING: [HLS 207-5292] unused parameter 'partition' (firmware/nnet_utils/nnet_function_stubs.h:16:44)
WARNING: [HLS 207-5292] unused parameter 'data' (firmware/nnet_utils/nnet_function_stubs.h:24:24)
WARNING: [HLS 207-5292] unused parameter 'buffer' (firmware/nnet_utils/nnet_function_stubs.h:25:24)
WARNING: [HLS 207-5292] unused parameter 'partition' (firmware/nnet_utils/nnet_function_stubs.h:26:32)
WARNING: [HLS 207-5292] unused parameter 'data' (firmware/nnet_utils/nnet_function_stubs.h:33:30)
WARNING: [HLS 207-5292] unused parameter 'res' (firmware/nnet_utils/nnet_function_stubs.h:33:58)
WARNING: [HLS 207-5292] unused parameter 'weights' (firmware/nnet_utils/nnet_function_stubs.h:34:51)
WARNING: [HLS 207-5292] unused parameter 'biases' (firmware/nnet_utils/nnet_function_stubs.h:35:49)
WARNING: [HLS 207-5292] unused parameter 'data' (firmware/nnet_utils/nnet_function_stubs.h:42:30)
WARNING: [HLS 207-5292] unused parameter 'res' (firmware/nnet_utils/nnet_function_stubs.h:42:58)
WARNING: [HLS 207-5292] unused parameter 'weights' (firmware/nnet_utils/nnet_function_stubs.h:43:51)
WARNING: [HLS 207-5292] unused parameter 'biases' (firmware/nnet_utils/nnet_function_stubs.h:44:49)
WARNING: [HLS 207-5292] unused parameter 'data' (firmware/nnet_utils/nnet_function_stubs.h:51:29)
WARNING: [HLS 207-5292] unused parameter 'res' (firmware/nnet_utils/nnet_function_stubs.h:51:80)
WARNING: [HLS 207-5292] unused parameter 'weights' (firmware/nnet_utils/nnet_function_stubs.h:52:50)
WARNING: [HLS 207-5292] unused parameter 'biases' (firmware/nnet_utils/nnet_function_stubs.h:53:48)
WARNING: [HLS 207-5292] unused parameter 'data' (firmware/nnet_utils/nnet_code_gen.h:16:39)
WARNING: [HLS 207-5292] unused parameter 'res' (firmware/nnet_utils/nnet_code_gen.h:17:38)
WARNING: [HLS 207-5292] unused parameter 'weights' (firmware/nnet_utils/nnet_code_gen.h:18:60)
WARNING: [HLS 207-5292] unused parameter 'biases' (firmware/nnet_utils/nnet_code_gen.h:19:58)
WARNING: [HLS 207-5584] there are more than one pragma inline in the function scope, ignore the pragma  (C:/Xilinx/Vitis/2024.2/common/technology/autopilot\ap_shift_reg.h:47:9)
INFO: [HLS 200-111] Finished Source Code Analysis and Preprocessing: CPU user time: 1 seconds. CPU system time: 0 seconds. Elapsed time: 102.631 seconds; current allocated memory: 620.047 MB.
INFO-FLOW: Linking Debug ...
INFO-FLOW: Linking dut bc code.
Execute         run_link_or_opt -out C:/Users/OmilosNeonTexn/Desktop/fpga_cnn_hls4ml/hls4ml_init/hls4ml_cnn_zcu106/myproject_prj/solution1/.autopilot/db/a.g.ld.0.bc -args  "C:/Users/OmilosNeonTexn/Desktop/fpga_cnn_hls4ml/hls4ml_init/hls4ml_cnn_zcu106/myproject_prj/solution1/.autopilot/db/myproject.g.bc"  
INFO-FLOW: run_clang exec: C:/Xilinx/Vitis/2024.2/win64/tools/clang-3.9-csynth/bin/llvm-link C:/Users/OmilosNeonTexn/Desktop/fpga_cnn_hls4ml/hls4ml_init/hls4ml_cnn_zcu106/myproject_prj/solution1/.autopilot/db/myproject.g.bc -o C:/Users/OmilosNeonTexn/Desktop/fpga_cnn_hls4ml/hls4ml_init/hls4ml_cnn_zcu106/myproject_prj/solution1/.autopilot/db/a.g.ld.0.bc > C:/Users/OmilosNeonTexn/Desktop/fpga_cnn_hls4ml/hls4ml_init/hls4ml_cnn_zcu106/myproject_prj/solution1/.autopilot/db/a.g.ld.0.bc.llvm-link.out.log 2> C:/Users/OmilosNeonTexn/Desktop/fpga_cnn_hls4ml/hls4ml_init/hls4ml_cnn_zcu106/myproject_prj/solution1/.autopilot/db/a.g.ld.0.bc.llvm-link.err.log
Command         run_link_or_opt done; 0.374 sec.
Execute         run_link_or_opt -opt -out C:/Users/OmilosNeonTexn/Desktop/fpga_cnn_hls4ml/hls4ml_init/hls4ml_cnn_zcu106/myproject_prj/solution1/.autopilot/db/a.g.ld.1.lower.bc -args C:/Users/OmilosNeonTexn/Desktop/fpga_cnn_hls4ml/hls4ml_init/hls4ml_cnn_zcu106/myproject_prj/solution1/.autopilot/db/a.g.ld.0.bc -reflow-lower-math-intrinsics 
INFO-FLOW: run_clang exec: C:/Xilinx/Vitis/2024.2/win64/tools/clang-3.9-csynth/bin/opt -pass-remarks-missed=reflow|pasta|unroll|inline -pass-remarks=reflow|pasta|unroll|inline -pass-remarks-output=C:/Users/OmilosNeonTexn/Desktop/fpga_cnn_hls4ml/hls4ml_init/hls4ml_cnn_zcu106/myproject_prj/solution1/.autopilot/db/a.g.ld.1.lower.bc.opt.diag.yml C:/Users/OmilosNeonTexn/Desktop/fpga_cnn_hls4ml/hls4ml_init/hls4ml_cnn_zcu106/myproject_prj/solution1/.autopilot/db/a.g.ld.0.bc -reflow-lower-math-intrinsics -o C:/Users/OmilosNeonTexn/Desktop/fpga_cnn_hls4ml/hls4ml_init/hls4ml_cnn_zcu106/myproject_prj/solution1/.autopilot/db/a.g.ld.1.lower.bc > C:/Users/OmilosNeonTexn/Desktop/fpga_cnn_hls4ml/hls4ml_init/hls4ml_cnn_zcu106/myproject_prj/solution1/.autopilot/db/a.g.ld.1.lower.bc.opt.out.log 2> C:/Users/OmilosNeonTexn/Desktop/fpga_cnn_hls4ml/hls4ml_init/hls4ml_cnn_zcu106/myproject_prj/solution1/.autopilot/db/a.g.ld.1.lower.bc.opt.err.log
INFO-FLOW: Running: gen_design_size_report post-opt
INFO-FLOW: Done: gen_design_size_report post-opt time: 0 seconds per iteration
Command         run_link_or_opt done; 1.36 sec.
INFO-FLOW: Linking math bc lib
Execute         run_link_or_opt -out C:/Users/OmilosNeonTexn/Desktop/fpga_cnn_hls4ml/hls4ml_init/hls4ml_cnn_zcu106/myproject_prj/solution1/.autopilot/db/a.g.ld.2.m1.bc -args C:/Users/OmilosNeonTexn/Desktop/fpga_cnn_hls4ml/hls4ml_init/hls4ml_cnn_zcu106/myproject_prj/solution1/.autopilot/db/a.g.ld.1.lower.bc -only-needed C:/Xilinx/Vitis/2024.2/win64/lib/libhlsm_39.bc C:/Xilinx/Vitis/2024.2/win64/lib/libhlsmc++_39.bc 
INFO-FLOW: run_clang exec: C:/Xilinx/Vitis/2024.2/win64/tools/clang-3.9-csynth/bin/llvm-link C:/Users/OmilosNeonTexn/Desktop/fpga_cnn_hls4ml/hls4ml_init/hls4ml_cnn_zcu106/myproject_prj/solution1/.autopilot/db/a.g.ld.1.lower.bc -only-needed C:/Xilinx/Vitis/2024.2/win64/lib/libhlsm_39.bc C:/Xilinx/Vitis/2024.2/win64/lib/libhlsmc++_39.bc -o C:/Users/OmilosNeonTexn/Desktop/fpga_cnn_hls4ml/hls4ml_init/hls4ml_cnn_zcu106/myproject_prj/solution1/.autopilot/db/a.g.ld.2.m1.bc > C:/Users/OmilosNeonTexn/Desktop/fpga_cnn_hls4ml/hls4ml_init/hls4ml_cnn_zcu106/myproject_prj/solution1/.autopilot/db/a.g.ld.2.m1.bc.llvm-link.out.log 2> C:/Users/OmilosNeonTexn/Desktop/fpga_cnn_hls4ml/hls4ml_init/hls4ml_cnn_zcu106/myproject_prj/solution1/.autopilot/db/a.g.ld.2.m1.bc.llvm-link.err.log
Command         run_link_or_opt done; 2.916 sec.
Execute         run_link_or_opt -opt -out C:/Users/OmilosNeonTexn/Desktop/fpga_cnn_hls4ml/hls4ml_init/hls4ml_cnn_zcu106/myproject_prj/solution1/.autopilot/db/a.g.ld.3.fpc.bc -args C:/Users/OmilosNeonTexn/Desktop/fpga_cnn_hls4ml/hls4ml_init/hls4ml_cnn_zcu106/myproject_prj/solution1/.autopilot/db/a.g.ld.2.m1.bc -reflow-globaldce -hls-top-function-name=myproject -reflow-float-conversion 
INFO-FLOW: run_clang exec: C:/Xilinx/Vitis/2024.2/win64/tools/clang-3.9-csynth/bin/opt -pass-remarks-missed=reflow|pasta|unroll|inline -pass-remarks=reflow|pasta|unroll|inline -pass-remarks-output=C:/Users/OmilosNeonTexn/Desktop/fpga_cnn_hls4ml/hls4ml_init/hls4ml_cnn_zcu106/myproject_prj/solution1/.autopilot/db/a.g.ld.3.fpc.bc.opt.diag.yml C:/Users/OmilosNeonTexn/Desktop/fpga_cnn_hls4ml/hls4ml_init/hls4ml_cnn_zcu106/myproject_prj/solution1/.autopilot/db/a.g.ld.2.m1.bc -reflow-globaldce -hls-top-function-name=myproject -reflow-float-conversion -o C:/Users/OmilosNeonTexn/Desktop/fpga_cnn_hls4ml/hls4ml_init/hls4ml_cnn_zcu106/myproject_prj/solution1/.autopilot/db/a.g.ld.3.fpc.bc > C:/Users/OmilosNeonTexn/Desktop/fpga_cnn_hls4ml/hls4ml_init/hls4ml_cnn_zcu106/myproject_prj/solution1/.autopilot/db/a.g.ld.3.fpc.bc.opt.out.log 2> C:/Users/OmilosNeonTexn/Desktop/fpga_cnn_hls4ml/hls4ml_init/hls4ml_cnn_zcu106/myproject_prj/solution1/.autopilot/db/a.g.ld.3.fpc.bc.opt.err.log
INFO-FLOW: Running: gen_design_size_report post-opt
INFO-FLOW: Done: gen_design_size_report post-opt time: 0 seconds per iteration
Command         run_link_or_opt done; 1.156 sec.
Execute         run_link_or_opt -out C:/Users/OmilosNeonTexn/Desktop/fpga_cnn_hls4ml/hls4ml_init/hls4ml_cnn_zcu106/myproject_prj/solution1/.autopilot/db/a.g.ld.4.m2.bc -args C:/Users/OmilosNeonTexn/Desktop/fpga_cnn_hls4ml/hls4ml_init/hls4ml_cnn_zcu106/myproject_prj/solution1/.autopilot/db/a.g.ld.3.fpc.bc -only-needed C:/Xilinx/Vitis/2024.2/win64/lib/libfloatconversion_39.bc 
INFO-FLOW: run_clang exec: C:/Xilinx/Vitis/2024.2/win64/tools/clang-3.9-csynth/bin/llvm-link C:/Users/OmilosNeonTexn/Desktop/fpga_cnn_hls4ml/hls4ml_init/hls4ml_cnn_zcu106/myproject_prj/solution1/.autopilot/db/a.g.ld.3.fpc.bc -only-needed C:/Xilinx/Vitis/2024.2/win64/lib/libfloatconversion_39.bc -o C:/Users/OmilosNeonTexn/Desktop/fpga_cnn_hls4ml/hls4ml_init/hls4ml_cnn_zcu106/myproject_prj/solution1/.autopilot/db/a.g.ld.4.m2.bc > C:/Users/OmilosNeonTexn/Desktop/fpga_cnn_hls4ml/hls4ml_init/hls4ml_cnn_zcu106/myproject_prj/solution1/.autopilot/db/a.g.ld.4.m2.bc.llvm-link.out.log 2> C:/Users/OmilosNeonTexn/Desktop/fpga_cnn_hls4ml/hls4ml_init/hls4ml_cnn_zcu106/myproject_prj/solution1/.autopilot/db/a.g.ld.4.m2.bc.llvm-link.err.log
Command         run_link_or_opt done; 0.144 sec.
Execute         run_link_or_opt -opt -out C:/Users/OmilosNeonTexn/Desktop/fpga_cnn_hls4ml/hls4ml_init/hls4ml_cnn_zcu106/myproject_prj/solution1/.autopilot/db/a.g.ld.5.gdce.bc -args C:/Users/OmilosNeonTexn/Desktop/fpga_cnn_hls4ml/hls4ml_init/hls4ml_cnn_zcu106/myproject_prj/solution1/.autopilot/db/a.g.ld.4.m2.bc -reflow-globaldce -hls-top-function-name=myproject 
INFO-FLOW: run_clang exec: C:/Xilinx/Vitis/2024.2/win64/tools/clang-3.9-csynth/bin/opt -pass-remarks-missed=reflow|pasta|unroll|inline -pass-remarks=reflow|pasta|unroll|inline -pass-remarks-output=C:/Users/OmilosNeonTexn/Desktop/fpga_cnn_hls4ml/hls4ml_init/hls4ml_cnn_zcu106/myproject_prj/solution1/.autopilot/db/a.g.ld.5.gdce.bc.opt.diag.yml C:/Users/OmilosNeonTexn/Desktop/fpga_cnn_hls4ml/hls4ml_init/hls4ml_cnn_zcu106/myproject_prj/solution1/.autopilot/db/a.g.ld.4.m2.bc -reflow-globaldce -hls-top-function-name=myproject -o C:/Users/OmilosNeonTexn/Desktop/fpga_cnn_hls4ml/hls4ml_init/hls4ml_cnn_zcu106/myproject_prj/solution1/.autopilot/db/a.g.ld.5.gdce.bc > C:/Users/OmilosNeonTexn/Desktop/fpga_cnn_hls4ml/hls4ml_init/hls4ml_cnn_zcu106/myproject_prj/solution1/.autopilot/db/a.g.ld.5.gdce.bc.opt.out.log 2> C:/Users/OmilosNeonTexn/Desktop/fpga_cnn_hls4ml/hls4ml_init/hls4ml_cnn_zcu106/myproject_prj/solution1/.autopilot/db/a.g.ld.5.gdce.bc.opt.err.log
INFO-FLOW: Running: gen_design_size_report post-opt
INFO-FLOW: Done: gen_design_size_report post-opt time: 0 seconds per iteration
Command         run_link_or_opt done; 0.115 sec.
Execute         send_msg_by_id INFO @200-777@%s Vivado 
INFO: [HLS 200-777] Using interface defaults for 'Vivado' flow target.
Execute         is_m_axi_addr64 
INFO-FLOW: Doing LTO.
INFO-FLOW: run_clang (background poll_ms 5000) exec: C:/Xilinx/Vitis/2024.2/win64/tools/clang-3.9-csynth/bin/clang -foptimization-record-file=C:/Users/OmilosNeonTexn/Desktop/fpga_cnn_hls4ml/hls4ml_init/hls4ml_cnn_zcu106/myproject_prj/solution1/.autopilot/db/a.g.ld.0.bc.clang.reflow.diag.yml -mllvm -pass-remarks-missed=reflow|pasta|unroll|inline -mllvm -pass-remarks=reflow|pasta|unroll|inline -fhls -mllvm -hls-top-function-name=myproject -mllvm -hls-db-dir -mllvm C:/Users/OmilosNeonTexn/Desktop/fpga_cnn_hls4ml/hls4ml_init/hls4ml_cnn_zcu106/myproject_prj/solution1/.autopilot/db -emit-llvm -c -target fpga64-xilinx-none -mllvm -xcl-xmlinfo=C:/Users/OmilosNeonTexn/Desktop/fpga_cnn_hls4ml/hls4ml_init/hls4ml_cnn_zcu106/myproject_prj/solution1/.autopilot/db/kernel.internal.xml -mllvm -top-io-mapping-info=C:/Users/OmilosNeonTexn/Desktop/fpga_cnn_hls4ml/hls4ml_init/hls4ml_cnn_zcu106/myproject_prj/solution1/.autopilot/db/top-io-fe.xml -mllvm -hls-bitcode-version=3.1 -mllvm -reflow-enable-slave-interface-default-setting=true -mllvm -gen-kernel-xml=false -mllvm -default-maxi-offset=slave -mllvm -maxi-latency=0 -mllvm -hls-maxi-data-size-in-bits=8 -mllvm -hls-maxi-max-data-size-in-bits=1024 -mllvm -hls-max-widen-size-in-bits=0 -mllvm -xcl-kernel-max-mem-ports=0 -mllvm -maxi-read-trans=16 -mllvm -maxi-write-trans=16 -mllvm -maxi-read-burst-len=16 -mllvm -maxi-write-burst-len=16 -mllvm -reflow-enable-saxi-64bits=0 -mllvm -reflow-basic-block-instr-threshold=200000 -mllvm -reflow-auto-pipeline-threshold=64 -mllvm -reflow-enable-maxi-auto-id-channel=0 -mllvm -reflow-bdd-simplify-threshold=1048576 -mllvm -reflow-fanout-threshold=16 -mllvm -reflow-complete-threshold=4 -mllvm -reflow-array-promotion-threshold=64 -mllvm -assume-maxi-align=1 -mllvm -reflow-enable-dataflow-strict-mode-checking=1 -ftime-report -mllvm -time-passes -mllvm -reflow-auto-array-partition-mode=default -mllvm -reflow-enable-auto-small-array-partition=true -mllvm -reflow-enable-auto-array-promotion=true -mllvm -reflow-enable-auto-array-partition-for-flatten=true -mllvm -reflow-enable-auto-parallel-performance-driven=true -mllvm -reflow-enable-partition-for-automation=true -mllvm -reflow-aggregate-bitwidth-threshold=4096 -mllvm -reflow-reserved-saxilite-registers=0 -mllvm -enable-reflow-auto-loop-pipeline -mllvm -reflow-max-unroll-threshold=409600 -mllvm -auto-unroll-tripcount-threshold=0 -mllvm -reflow-assume-no-address-wrap=true -mllvm -reflow-enable-occurrence-inference=true -mllvm -reflow-emit-hint-scope=true -mllvm -reflow-enable-codegen-with-if=true -mllvm -reflow-enable-dataflow-canon=true -mllvm -reflow-enable-dataflow-canon2=true -mllvm -hls -mllvm -disable-inlined-alloca-merging=true -mllvm -default-clock-period=5 -mllvm -use_read_first_ram_in_loop=1 -mllvm -default-clock-uncertainty=1.35 -x ir C:/Users/OmilosNeonTexn/Desktop/fpga_cnn_hls4ml/hls4ml_init/hls4ml_cnn_zcu106/myproject_prj/solution1/.autopilot/db/a.g.ld.5.gdce.bc -o C:/Users/OmilosNeonTexn/Desktop/fpga_cnn_hls4ml/hls4ml_init/hls4ml_cnn_zcu106/myproject_prj/solution1/.autopilot/db/a.g.lto.bc {-hls-platform-db-name=C:/Xilinx/Vitis/2024.2\common/technology\xilinx/common/platform.db} -hls-platform-name=zynquplus_medium -device-resource-info=BRAM_624.000000_DSP_1728.000000_FF_460800.000000_LUT_230400.000000_SLICE_28800.000000_URAM_96.000000 -device-name-info=xczu7ev-ffvc1156-2-e 2> C:/Users/OmilosNeonTexn/Desktop/fpga_cnn_hls4ml/hls4ml_init/hls4ml_cnn_zcu106/myproject_prj/solution1/.autopilot/db/a.g.ld.0.bc.clang.reflow.err.log bg_poll_cmd: ::AP::poll_clang_39_closed_source
Execute         send_msg_by_id INFO @200-1995@%s%s%s 7,185 Compile/Link C:/Users/OmilosNeonTexn/Desktop/fpga_cnn_hls4ml/hls4ml_init/hls4ml_cnn_zcu106/myproject_prj/solution1/syn/report/csynth_design_size.rpt 
INFO: [HLS 200-1995] There were 7,185 instructions in the design after the 'Compile/Link' phase of compilation. See the Design Size Report for more details: C:/Users/OmilosNeonTexn/Desktop/fpga_cnn_hls4ml/hls4ml_init/hls4ml_cnn_zcu106/myproject_prj/solution1/syn/report/csynth_design_size.rpt
Execute         send_msg_by_id INFO @200-1995@%s%s%s 22,600 Unroll/Inline (step 1) C:/Users/OmilosNeonTexn/Desktop/fpga_cnn_hls4ml/hls4ml_init/hls4ml_cnn_zcu106/myproject_prj/solution1/syn/report/csynth_design_size.rpt 
INFO: [HLS 200-1995] There were 22,600 instructions in the design after the 'Unroll/Inline (step 1)' phase of compilation. See the Design Size Report for more details: C:/Users/OmilosNeonTexn/Desktop/fpga_cnn_hls4ml/hls4ml_init/hls4ml_cnn_zcu106/myproject_prj/solution1/syn/report/csynth_design_size.rpt
Execute         send_msg_by_id INFO @200-1995@%s%s%s 7,553 Unroll/Inline (step 2) C:/Users/OmilosNeonTexn/Desktop/fpga_cnn_hls4ml/hls4ml_init/hls4ml_cnn_zcu106/myproject_prj/solution1/syn/report/csynth_design_size.rpt 
INFO: [HLS 200-1995] There were 7,553 instructions in the design after the 'Unroll/Inline (step 2)' phase of compilation. See the Design Size Report for more details: C:/Users/OmilosNeonTexn/Desktop/fpga_cnn_hls4ml/hls4ml_init/hls4ml_cnn_zcu106/myproject_prj/solution1/syn/report/csynth_design_size.rpt
Execute         send_msg_by_id INFO @200-1995@%s%s%s 7,379 Unroll/Inline (step 3) C:/Users/OmilosNeonTexn/Desktop/fpga_cnn_hls4ml/hls4ml_init/hls4ml_cnn_zcu106/myproject_prj/solution1/syn/report/csynth_design_size.rpt 
INFO: [HLS 200-1995] There were 7,379 instructions in the design after the 'Unroll/Inline (step 3)' phase of compilation. See the Design Size Report for more details: C:/Users/OmilosNeonTexn/Desktop/fpga_cnn_hls4ml/hls4ml_init/hls4ml_cnn_zcu106/myproject_prj/solution1/syn/report/csynth_design_size.rpt
Execute         send_msg_by_id INFO @200-1995@%s%s%s 7,055 Unroll/Inline (step 4) C:/Users/OmilosNeonTexn/Desktop/fpga_cnn_hls4ml/hls4ml_init/hls4ml_cnn_zcu106/myproject_prj/solution1/syn/report/csynth_design_size.rpt 
INFO: [HLS 200-1995] There were 7,055 instructions in the design after the 'Unroll/Inline (step 4)' phase of compilation. See the Design Size Report for more details: C:/Users/OmilosNeonTexn/Desktop/fpga_cnn_hls4ml/hls4ml_init/hls4ml_cnn_zcu106/myproject_prj/solution1/syn/report/csynth_design_size.rpt
Execute         send_msg_by_id INFO @200-1995@%s%s%s 3,066 Array/Struct (step 1) C:/Users/OmilosNeonTexn/Desktop/fpga_cnn_hls4ml/hls4ml_init/hls4ml_cnn_zcu106/myproject_prj/solution1/syn/report/csynth_design_size.rpt 
INFO: [HLS 200-1995] There were 3,066 instructions in the design after the 'Array/Struct (step 1)' phase of compilation. See the Design Size Report for more details: C:/Users/OmilosNeonTexn/Desktop/fpga_cnn_hls4ml/hls4ml_init/hls4ml_cnn_zcu106/myproject_prj/solution1/syn/report/csynth_design_size.rpt
Execute         send_msg_by_id INFO @200-1995@%s%s%s 2,343 Array/Struct (step 2) C:/Users/OmilosNeonTexn/Desktop/fpga_cnn_hls4ml/hls4ml_init/hls4ml_cnn_zcu106/myproject_prj/solution1/syn/report/csynth_design_size.rpt 
INFO: [HLS 200-1995] There were 2,343 instructions in the design after the 'Array/Struct (step 2)' phase of compilation. See the Design Size Report for more details: C:/Users/OmilosNeonTexn/Desktop/fpga_cnn_hls4ml/hls4ml_init/hls4ml_cnn_zcu106/myproject_prj/solution1/syn/report/csynth_design_size.rpt
Execute         send_msg_by_id INFO @200-1995@%s%s%s 2,360 Array/Struct (step 3) C:/Users/OmilosNeonTexn/Desktop/fpga_cnn_hls4ml/hls4ml_init/hls4ml_cnn_zcu106/myproject_prj/solution1/syn/report/csynth_design_size.rpt 
INFO: [HLS 200-1995] There were 2,360 instructions in the design after the 'Array/Struct (step 3)' phase of compilation. See the Design Size Report for more details: C:/Users/OmilosNeonTexn/Desktop/fpga_cnn_hls4ml/hls4ml_init/hls4ml_cnn_zcu106/myproject_prj/solution1/syn/report/csynth_design_size.rpt
Execute         send_msg_by_id INFO @200-1995@%s%s%s 2,788 Array/Struct (step 4) C:/Users/OmilosNeonTexn/Desktop/fpga_cnn_hls4ml/hls4ml_init/hls4ml_cnn_zcu106/myproject_prj/solution1/syn/report/csynth_design_size.rpt 
INFO: [HLS 200-1995] There were 2,788 instructions in the design after the 'Array/Struct (step 4)' phase of compilation. See the Design Size Report for more details: C:/Users/OmilosNeonTexn/Desktop/fpga_cnn_hls4ml/hls4ml_init/hls4ml_cnn_zcu106/myproject_prj/solution1/syn/report/csynth_design_size.rpt
Execute         send_msg_by_id INFO @200-1995@%s%s%s 2,920 Array/Struct (step 5) C:/Users/OmilosNeonTexn/Desktop/fpga_cnn_hls4ml/hls4ml_init/hls4ml_cnn_zcu106/myproject_prj/solution1/syn/report/csynth_design_size.rpt 
INFO: [HLS 200-1995] There were 2,920 instructions in the design after the 'Array/Struct (step 5)' phase of compilation. See the Design Size Report for more details: C:/Users/OmilosNeonTexn/Desktop/fpga_cnn_hls4ml/hls4ml_init/hls4ml_cnn_zcu106/myproject_prj/solution1/syn/report/csynth_design_size.rpt
Execute         send_msg_by_id INFO @200-1995@%s%s%s 2,763 Performance (step 1) C:/Users/OmilosNeonTexn/Desktop/fpga_cnn_hls4ml/hls4ml_init/hls4ml_cnn_zcu106/myproject_prj/solution1/syn/report/csynth_design_size.rpt 
INFO: [HLS 200-1995] There were 2,763 instructions in the design after the 'Performance (step 1)' phase of compilation. See the Design Size Report for more details: C:/Users/OmilosNeonTexn/Desktop/fpga_cnn_hls4ml/hls4ml_init/hls4ml_cnn_zcu106/myproject_prj/solution1/syn/report/csynth_design_size.rpt
Execute         send_msg_by_id INFO @200-1995@%s%s%s 2,697 Performance (step 2) C:/Users/OmilosNeonTexn/Desktop/fpga_cnn_hls4ml/hls4ml_init/hls4ml_cnn_zcu106/myproject_prj/solution1/syn/report/csynth_design_size.rpt 
INFO: [HLS 200-1995] There were 2,697 instructions in the design after the 'Performance (step 2)' phase of compilation. See the Design Size Report for more details: C:/Users/OmilosNeonTexn/Desktop/fpga_cnn_hls4ml/hls4ml_init/hls4ml_cnn_zcu106/myproject_prj/solution1/syn/report/csynth_design_size.rpt
Execute         send_msg_by_id INFO @200-1995@%s%s%s 2,677 Performance (step 3) C:/Users/OmilosNeonTexn/Desktop/fpga_cnn_hls4ml/hls4ml_init/hls4ml_cnn_zcu106/myproject_prj/solution1/syn/report/csynth_design_size.rpt 
INFO: [HLS 200-1995] There were 2,677 instructions in the design after the 'Performance (step 3)' phase of compilation. See the Design Size Report for more details: C:/Users/OmilosNeonTexn/Desktop/fpga_cnn_hls4ml/hls4ml_init/hls4ml_cnn_zcu106/myproject_prj/solution1/syn/report/csynth_design_size.rpt
Execute         send_msg_by_id INFO @200-1995@%s%s%s 2,677 Performance (step 4) C:/Users/OmilosNeonTexn/Desktop/fpga_cnn_hls4ml/hls4ml_init/hls4ml_cnn_zcu106/myproject_prj/solution1/syn/report/csynth_design_size.rpt 
INFO: [HLS 200-1995] There were 2,677 instructions in the design after the 'Performance (step 4)' phase of compilation. See the Design Size Report for more details: C:/Users/OmilosNeonTexn/Desktop/fpga_cnn_hls4ml/hls4ml_init/hls4ml_cnn_zcu106/myproject_prj/solution1/syn/report/csynth_design_size.rpt
Execute         send_msg_by_id INFO @200-1995@%s%s%s 2,586 HW Transforms (step 1) C:/Users/OmilosNeonTexn/Desktop/fpga_cnn_hls4ml/hls4ml_init/hls4ml_cnn_zcu106/myproject_prj/solution1/syn/report/csynth_design_size.rpt 
INFO: [HLS 200-1995] There were 2,586 instructions in the design after the 'HW Transforms (step 1)' phase of compilation. See the Design Size Report for more details: C:/Users/OmilosNeonTexn/Desktop/fpga_cnn_hls4ml/hls4ml_init/hls4ml_cnn_zcu106/myproject_prj/solution1/syn/report/csynth_design_size.rpt
Execute         send_msg_by_id INFO @200-1995@%s%s%s 2,643 HW Transforms (step 2) C:/Users/OmilosNeonTexn/Desktop/fpga_cnn_hls4ml/hls4ml_init/hls4ml_cnn_zcu106/myproject_prj/solution1/syn/report/csynth_design_size.rpt 
INFO: [HLS 200-1995] There were 2,643 instructions in the design after the 'HW Transforms (step 2)' phase of compilation. See the Design Size Report for more details: C:/Users/OmilosNeonTexn/Desktop/fpga_cnn_hls4ml/hls4ml_init/hls4ml_cnn_zcu106/myproject_prj/solution1/syn/report/csynth_design_size.rpt
INFO: [HLS 214-415] Performing recursive inline in function 'nnet::conv_2d_cl<nnet::array<ap_fixed<16, 6, (ap_q_mode)5, (ap_o_mode)3, 0>, 1u>, nnet::array<ap_fixed<37, 17, (ap_q_mode)5, (ap_o_mode)3, 0>, 4u>, config2>' (firmware/nnet_utils/nnet_conv2d_stream.h:74:9)
INFO: [HLS 214-415] Performing recursive inline in function 'nnet::pooling2d_cl<nnet::array<ap_fixed<16, 6, (ap_q_mode)5, (ap_o_mode)3, 0>, 4u>, nnet::array<ap_fixed<16, 6, (ap_q_mode)5, (ap_o_mode)3, 0>, 4u>, config4>' (firmware/nnet_utils/nnet_pooling_stream.h:100:9)
INFO: [HLS 214-415] Performing recursive inline in function 'nnet::dense<nnet::array<ap_fixed<16, 6, (ap_q_mode)5, (ap_o_mode)3, 0>, 4u>, nnet::array<ap_fixed<39, 19, (ap_q_mode)5, (ap_o_mode)3, 0>, 8u>, config6>' (firmware/nnet_utils/nnet_dense_stream.h:85:9)
WARNING: [HLS 214-273] In function 'void nnet::dense_latency_wrapper<ap_fixed<16, 6, (ap_q_mode)5, (ap_o_mode)3, 0>, ap_fixed<39, 19, (ap_q_mode)5, (ap_o_mode)3, 0>, config6>(ap_fixed<16, 6, (ap_q_mode)5, (ap_o_mode)3, 0>*, ap_fixed<39, 19, (ap_q_mode)5, (ap_o_mode)3, 0>*, config6::weight_t*, config6::bias_t*)', Pragma conflict happens on 'INLINE' and 'PIPELINE' pragmas: same function (firmware/nnet_utils/nnet_dense_stream.h:15:0)
INFO: [HLS 214-415] Performing recursive inline in function 'nnet::dense<nnet::array<ap_fixed<16, 6, (ap_q_mode)5, (ap_o_mode)3, 0>, 8u>, nnet::array<ap_fixed<36, 16, (ap_q_mode)5, (ap_o_mode)3, 0>, 2u>, config8>' (firmware/nnet_utils/nnet_dense_stream.h:85:9)
WARNING: [HLS 214-273] In function 'void nnet::dense_latency_wrapper<ap_fixed<16, 6, (ap_q_mode)5, (ap_o_mode)3, 0>, ap_fixed<36, 16, (ap_q_mode)5, (ap_o_mode)3, 0>, config8>(ap_fixed<16, 6, (ap_q_mode)5, (ap_o_mode)3, 0>*, ap_fixed<36, 16, (ap_q_mode)5, (ap_o_mode)3, 0>*, config8::weight_t*, config8::bias_t*)', Pragma conflict happens on 'INLINE' and 'PIPELINE' pragmas: same function (firmware/nnet_utils/nnet_dense_stream.h:15:0)
WARNING: [HLS 214-273] In function 'void nnet::shift_line_buffer<nnet::array<ap_fixed<16, 6, (ap_q_mode)5, (ap_o_mode)3, 0>, 4u>, config4>(nnet::array<ap_fixed<16, 6, (ap_q_mode)5, (ap_o_mode)3, 0>, 4u> const&, ap_shift_reg<nnet::array<ap_fixed<16, 6, (ap_q_mode)5, (ap_o_mode)3, 0>, 4u>::value_type, config4::in_width> (*) [config4::n_chan], nnet::array<ap_fixed<16, 6, (ap_q_mode)5, (ap_o_mode)3, 0>, 4u>::value_type*)', Pragma conflict happens on 'INLINE' and 'PIPELINE' pragmas: same function (firmware/nnet_utils/nnet_conv_stream.h:219:0)
INFO: [HLS 214-131] Inlining function 'void nnet::kernel_shift_2d<nnet::array<ap_fixed<16, 6, (ap_q_mode)5, (ap_o_mode)3, 0>, 1u>, config2>(nnet::array<ap_fixed<16, 6, (ap_q_mode)5, (ap_o_mode)3, 0>, 1u>::value_type (*) [config2::n_chan], nnet::array<ap_fixed<16, 6, (ap_q_mode)5, (ap_o_mode)3, 0>, 1u>::value_type*)' into 'void nnet::shift_line_buffer<nnet::array<ap_fixed<16, 6, (ap_q_mode)5, (ap_o_mode)3, 0>, 1u>, config2>(nnet::array<ap_fixed<16, 6, (ap_q_mode)5, (ap_o_mode)3, 0>, 1u> const&, ap_shift_reg<nnet::array<ap_fixed<16, 6, (ap_q_mode)5, (ap_o_mode)3, 0>, 1u>::value_type, config2::in_width> (*) [config2::n_chan], nnet::array<ap_fixed<16, 6, (ap_q_mode)5, (ap_o_mode)3, 0>, 1u>::value_type*)' (firmware/nnet_utils/nnet_conv_stream.h:247:5)
INFO: [HLS 214-131] Inlining function 'nnet::product::mult<ap_fixed<16, 6, (ap_q_mode)5, (ap_o_mode)3, 0>, ap_fixed<16, 6, (ap_q_mode)5, (ap_o_mode)3, 0> >::product(ap_fixed<16, 6, (ap_q_mode)5, (ap_o_mode)3, 0>, ap_fixed<16, 6, (ap_q_mode)5, (ap_o_mode)3, 0>)' into 'void nnet::dense_latency<ap_fixed<16, 6, (ap_q_mode)5, (ap_o_mode)3, 0>, ap_fixed<37, 17, (ap_q_mode)5, (ap_o_mode)3, 0>, config2_mult>(ap_fixed<16, 6, (ap_q_mode)5, (ap_o_mode)3, 0>*, ap_fixed<37, 17, (ap_q_mode)5, (ap_o_mode)3, 0>*, config2_mult::weight_t*, config2_mult::bias_t*)' (firmware/nnet_utils/nnet_dense_latency.h:42:27)
INFO: [HLS 214-131] Inlining function 'nnet::DenseLatency<ap_fixed<16, 6, (ap_q_mode)5, (ap_o_mode)3, 0>, ap_fixed<37, 17, (ap_q_mode)5, (ap_o_mode)3, 0>, config2_mult>::dense(ap_fixed<16, 6, (ap_q_mode)5, (ap_o_mode)3, 0>*, ap_fixed<37, 17, (ap_q_mode)5, (ap_o_mode)3, 0>*, ap_fixed<16, 6, (ap_q_mode)5, (ap_o_mode)3, 0>*, ap_fixed<16, 6, (ap_q_mode)5, (ap_o_mode)3, 0>*)' into 'void nnet::compute_output_buffer_2d<nnet::array<ap_fixed<16, 6, (ap_q_mode)5, (ap_o_mode)3, 0>, 1u>, nnet::array<ap_fixed<37, 17, (ap_q_mode)5, (ap_o_mode)3, 0>, 4u>, config2>(nnet::array<ap_fixed<16, 6, (ap_q_mode)5, (ap_o_mode)3, 0>, 1u> const&, ap_shift_reg<nnet::array<ap_fixed<16, 6, (ap_q_mode)5, (ap_o_mode)3, 0>, 1u>::value_type, config2::in_width> (*) [config2::n_chan], hls::stream<nnet::array<ap_fixed<37, 17, (ap_q_mode)5, (ap_o_mode)3, 0>, 4u>, 0>&, config2::weight_t*, config2::bias_t*)' (firmware/nnet_utils/nnet_conv_stream.h:288:9)
INFO: [HLS 214-131] Inlining function 'void nnet::conv_2d_buffer_latency_cl<nnet::array<ap_fixed<16, 6, (ap_q_mode)5, (ap_o_mode)3, 0>, 1u>, nnet::array<ap_fixed<37, 17, (ap_q_mode)5, (ap_o_mode)3, 0>, 4u>, config2>(hls::stream<nnet::array<ap_fixed<16, 6, (ap_q_mode)5, (ap_o_mode)3, 0>, 1u>, 0>&, hls::stream<nnet::array<ap_fixed<37, 17, (ap_q_mode)5, (ap_o_mode)3, 0>, 4u>, 0>&, config2::weight_t*, config2::bias_t*) (.23)' into 'void nnet::conv_2d_cl<nnet::array<ap_fixed<16, 6, (ap_q_mode)5, (ap_o_mode)3, 0>, 1u>, nnet::array<ap_fixed<37, 17, (ap_q_mode)5, (ap_o_mode)3, 0>, 4u>, config2>(hls::stream<nnet::array<ap_fixed<16, 6, (ap_q_mode)5, (ap_o_mode)3, 0>, 1u>, 0>&, hls::stream<nnet::array<ap_fixed<37, 17, (ap_q_mode)5, (ap_o_mode)3, 0>, 4u>, 0>&, config2::weight_t*, config2::bias_t*)' (firmware/nnet_utils/nnet_conv2d_stream.h:76:9)
INFO: [HLS 214-131] Inlining function 'void nnet::kernel_shift_2d<nnet::array<ap_fixed<16, 6, (ap_q_mode)5, (ap_o_mode)3, 0>, 4u>, config4>(nnet::array<ap_fixed<16, 6, (ap_q_mode)5, (ap_o_mode)3, 0>, 4u>::value_type (*) [config4::n_chan], nnet::array<ap_fixed<16, 6, (ap_q_mode)5, (ap_o_mode)3, 0>, 4u>::value_type*)' into 'void nnet::shift_line_buffer<nnet::array<ap_fixed<16, 6, (ap_q_mode)5, (ap_o_mode)3, 0>, 4u>, config4>(nnet::array<ap_fixed<16, 6, (ap_q_mode)5, (ap_o_mode)3, 0>, 4u> const&, ap_shift_reg<nnet::array<ap_fixed<16, 6, (ap_q_mode)5, (ap_o_mode)3, 0>, 4u>::value_type, config4::in_width> (*) [config4::n_chan], nnet::array<ap_fixed<16, 6, (ap_q_mode)5, (ap_o_mode)3, 0>, 4u>::value_type*)' (firmware/nnet_utils/nnet_conv_stream.h:247:5)
INFO: [HLS 214-131] Inlining function 'nnet::Op_max<ap_fixed<16, 6, (ap_q_mode)5, (ap_o_mode)3, 0> >::operator()(ap_fixed<16, 6, (ap_q_mode)5, (ap_o_mode)3, 0>, ap_fixed<16, 6, (ap_q_mode)5, (ap_o_mode)3, 0>) (.19)' into 'ap_fixed<16, 6, (ap_q_mode)5, (ap_o_mode)3, 0> nnet::reduce<ap_fixed<16, 6, (ap_q_mode)5, (ap_o_mode)3, 0>, 2, nnet::Op_max<ap_fixed<16, 6, (ap_q_mode)5, (ap_o_mode)3, 0> > >(ap_fixed<16, 6, (ap_q_mode)5, (ap_o_mode)3, 0> const*, nnet::Op_max<ap_fixed<16, 6, (ap_q_mode)5, (ap_o_mode)3, 0> >) (.21)' (firmware/nnet_utils/nnet_common.h:44:16)
INFO: [HLS 214-131] Inlining function 'ap_fixed<16, 6, (ap_q_mode)5, (ap_o_mode)3, 0> nnet::reduce<ap_fixed<16, 6, (ap_q_mode)5, (ap_o_mode)3, 0>, 2, nnet::Op_max<ap_fixed<16, 6, (ap_q_mode)5, (ap_o_mode)3, 0> > >(ap_fixed<16, 6, (ap_q_mode)5, (ap_o_mode)3, 0> const*, nnet::Op_max<ap_fixed<16, 6, (ap_q_mode)5, (ap_o_mode)3, 0> >) (.21)' into 'ap_fixed<16, 6, (ap_q_mode)5, (ap_o_mode)3, 0> nnet::reduce<ap_fixed<16, 6, (ap_q_mode)5, (ap_o_mode)3, 0>, 4, nnet::Op_max<ap_fixed<16, 6, (ap_q_mode)5, (ap_o_mode)3, 0> > >(ap_fixed<16, 6, (ap_q_mode)5, (ap_o_mode)3, 0> const*, nnet::Op_max<ap_fixed<16, 6, (ap_q_mode)5, (ap_o_mode)3, 0> >) (.18)' (firmware/nnet_utils/nnet_common.h:46:15)
INFO: [HLS 214-131] Inlining function 'nnet::Op_max<ap_fixed<16, 6, (ap_q_mode)5, (ap_o_mode)3, 0> >::operator()(ap_fixed<16, 6, (ap_q_mode)5, (ap_o_mode)3, 0>, ap_fixed<16, 6, (ap_q_mode)5, (ap_o_mode)3, 0>) (.19)' into 'ap_fixed<16, 6, (ap_q_mode)5, (ap_o_mode)3, 0> nnet::reduce<ap_fixed<16, 6, (ap_q_mode)5, (ap_o_mode)3, 0>, 4, nnet::Op_max<ap_fixed<16, 6, (ap_q_mode)5, (ap_o_mode)3, 0> > >(ap_fixed<16, 6, (ap_q_mode)5, (ap_o_mode)3, 0> const*, nnet::Op_max<ap_fixed<16, 6, (ap_q_mode)5, (ap_o_mode)3, 0> >) (.18)' (firmware/nnet_utils/nnet_common.h:46:12)
INFO: [HLS 214-131] Inlining function 'ap_fixed<16, 6, (ap_q_mode)5, (ap_o_mode)3, 0> nnet::reduce<ap_fixed<16, 6, (ap_q_mode)5, (ap_o_mode)3, 0>, 4, nnet::Op_max<ap_fixed<16, 6, (ap_q_mode)5, (ap_o_mode)3, 0> > >(ap_fixed<16, 6, (ap_q_mode)5, (ap_o_mode)3, 0> const*, nnet::Op_max<ap_fixed<16, 6, (ap_q_mode)5, (ap_o_mode)3, 0> >) (.18)' into 'ap_fixed<16, 6, (ap_q_mode)5, (ap_o_mode)3, 0> nnet::reduce_pool<ap_fixed<16, 6, (ap_q_mode)5, (ap_o_mode)3, 0>, 4, config4>(ap_fixed<16, 6, (ap_q_mode)5, (ap_o_mode)3, 0>*) (.17)' (firmware/nnet_utils/nnet_pooling_stream.h:21:16)
INFO: [HLS 214-131] Inlining function 'ap_fixed<16, 6, (ap_q_mode)5, (ap_o_mode)3, 0> nnet::reduce_pool<ap_fixed<16, 6, (ap_q_mode)5, (ap_o_mode)3, 0>, 4, config4>(ap_fixed<16, 6, (ap_q_mode)5, (ap_o_mode)3, 0>*) (.17)' into 'void nnet::compute_pool_buffer_2d<nnet::array<ap_fixed<16, 6, (ap_q_mode)5, (ap_o_mode)3, 0>, 4u>, nnet::array<ap_fixed<16, 6, (ap_q_mode)5, (ap_o_mode)3, 0>, 4u>, config4>(nnet::array<ap_fixed<16, 6, (ap_q_mode)5, (ap_o_mode)3, 0>, 4u> const&, ap_shift_reg<nnet::array<ap_fixed<16, 6, (ap_q_mode)5, (ap_o_mode)3, 0>, 4u>::value_type, config4::in_width> (*) [config4::n_filt], hls::stream<nnet::array<ap_fixed<16, 6, (ap_q_mode)5, (ap_o_mode)3, 0>, 4u>, 0>&) (.15)' (firmware/nnet_utils/nnet_pooling_stream.h:68:17)
INFO: [HLS 214-131] Inlining function 'nnet::array<ap_fixed<16, 6, (ap_q_mode)5, (ap_o_mode)3, 0>, 4u>::operator[](unsigned long) (.12)' into 'void nnet::compute_pool_buffer_2d<nnet::array<ap_fixed<16, 6, (ap_q_mode)5, (ap_o_mode)3, 0>, 4u>, nnet::array<ap_fixed<16, 6, (ap_q_mode)5, (ap_o_mode)3, 0>, 4u>, config4>(nnet::array<ap_fixed<16, 6, (ap_q_mode)5, (ap_o_mode)3, 0>, 4u> const&, ap_shift_reg<nnet::array<ap_fixed<16, 6, (ap_q_mode)5, (ap_o_mode)3, 0>, 4u>::value_type, config4::in_width> (*) [config4::n_filt], hls::stream<nnet::array<ap_fixed<16, 6, (ap_q_mode)5, (ap_o_mode)3, 0>, 4u>, 0>&) (.15)' (firmware/nnet_utils/nnet_pooling_stream.h:67:13)
INFO: [HLS 214-131] Inlining function 'void nnet::compute_pool_buffer_2d<nnet::array<ap_fixed<16, 6, (ap_q_mode)5, (ap_o_mode)3, 0>, 4u>, nnet::array<ap_fixed<16, 6, (ap_q_mode)5, (ap_o_mode)3, 0>, 4u>, config4>(nnet::array<ap_fixed<16, 6, (ap_q_mode)5, (ap_o_mode)3, 0>, 4u> const&, ap_shift_reg<nnet::array<ap_fixed<16, 6, (ap_q_mode)5, (ap_o_mode)3, 0>, 4u>::value_type, config4::in_width> (*) [config4::n_filt], hls::stream<nnet::array<ap_fixed<16, 6, (ap_q_mode)5, (ap_o_mode)3, 0>, 4u>, 0>&) (.15)' into 'void nnet::pooling2d_cl<nnet::array<ap_fixed<16, 6, (ap_q_mode)5, (ap_o_mode)3, 0>, 4u>, nnet::array<ap_fixed<16, 6, (ap_q_mode)5, (ap_o_mode)3, 0>, 4u>, config4>(hls::stream<nnet::array<ap_fixed<16, 6, (ap_q_mode)5, (ap_o_mode)3, 0>, 4u>, 0>&, hls::stream<nnet::array<ap_fixed<16, 6, (ap_q_mode)5, (ap_o_mode)3, 0>, 4u>, 0>&)' (firmware/nnet_utils/nnet_pooling_stream.h:115:2)
INFO: [HLS 214-131] Inlining function 'nnet::array<ap_fixed<16, 6, (ap_q_mode)5, (ap_o_mode)3, 0>, 4u>::operator[](unsigned long) (.12)' into 'void nnet::data_prepare<nnet::array<ap_fixed<16, 6, (ap_q_mode)5, (ap_o_mode)3, 0>, 4u>, config6>(hls::stream<nnet::array<ap_fixed<16, 6, (ap_q_mode)5, (ap_o_mode)3, 0>, 4u>, 0>&, nnet::array<ap_fixed<16, 6, (ap_q_mode)5, (ap_o_mode)3, 0>, 4u>::value_type*) (.11)' (firmware/nnet_utils/nnet_dense_stream.h:39:39)
INFO: [HLS 214-131] Inlining function 'nnet::product::mult<ap_fixed<16, 6, (ap_q_mode)5, (ap_o_mode)3, 0>, ap_fixed<16, 6, (ap_q_mode)5, (ap_o_mode)3, 0> >::product(ap_fixed<16, 6, (ap_q_mode)5, (ap_o_mode)3, 0>, ap_fixed<16, 6, (ap_q_mode)5, (ap_o_mode)3, 0>)' into 'void nnet::dense_latency<ap_fixed<16, 6, (ap_q_mode)5, (ap_o_mode)3, 0>, ap_fixed<39, 19, (ap_q_mode)5, (ap_o_mode)3, 0>, config6>(ap_fixed<16, 6, (ap_q_mode)5, (ap_o_mode)3, 0>*, ap_fixed<39, 19, (ap_q_mode)5, (ap_o_mode)3, 0>*, config6::weight_t*, config6::bias_t*)' (firmware/nnet_utils/nnet_dense_latency.h:42:27)
INFO: [HLS 214-131] Inlining function 'nnet::array<ap_fixed<39, 19, (ap_q_mode)5, (ap_o_mode)3, 0>, 8u>::operator[](unsigned long) (.10)' into 'void nnet::res_write<nnet::array<ap_fixed<39, 19, (ap_q_mode)5, (ap_o_mode)3, 0>, 8u>, config6>(nnet::array<ap_fixed<39, 19, (ap_q_mode)5, (ap_o_mode)3, 0>, 8u>::value_type*, hls::stream<nnet::array<ap_fixed<39, 19, (ap_q_mode)5, (ap_o_mode)3, 0>, 8u>, 0>&) (.8)' (firmware/nnet_utils/nnet_dense_stream.h:75:2)
INFO: [HLS 214-131] Inlining function 'void nnet::data_prepare<nnet::array<ap_fixed<16, 6, (ap_q_mode)5, (ap_o_mode)3, 0>, 4u>, config6>(hls::stream<nnet::array<ap_fixed<16, 6, (ap_q_mode)5, (ap_o_mode)3, 0>, 4u>, 0>&, nnet::array<ap_fixed<16, 6, (ap_q_mode)5, (ap_o_mode)3, 0>, 4u>::value_type*) (.11)' into 'void nnet::dense<nnet::array<ap_fixed<16, 6, (ap_q_mode)5, (ap_o_mode)3, 0>, 4u>, nnet::array<ap_fixed<39, 19, (ap_q_mode)5, (ap_o_mode)3, 0>, 8u>, config6>(hls::stream<nnet::array<ap_fixed<16, 6, (ap_q_mode)5, (ap_o_mode)3, 0>, 4u>, 0>&, hls::stream<nnet::array<ap_fixed<39, 19, (ap_q_mode)5, (ap_o_mode)3, 0>, 8u>, 0>&, config6::weight_t*, config6::bias_t*)' (firmware/nnet_utils/nnet_dense_stream.h:93:2)
INFO: [HLS 214-131] Inlining function 'void nnet::res_write<nnet::array<ap_fixed<39, 19, (ap_q_mode)5, (ap_o_mode)3, 0>, 8u>, config6>(nnet::array<ap_fixed<39, 19, (ap_q_mode)5, (ap_o_mode)3, 0>, 8u>::value_type*, hls::stream<nnet::array<ap_fixed<39, 19, (ap_q_mode)5, (ap_o_mode)3, 0>, 8u>, 0>&) (.8)' into 'void nnet::dense<nnet::array<ap_fixed<16, 6, (ap_q_mode)5, (ap_o_mode)3, 0>, 4u>, nnet::array<ap_fixed<39, 19, (ap_q_mode)5, (ap_o_mode)3, 0>, 8u>, config6>(hls::stream<nnet::array<ap_fixed<16, 6, (ap_q_mode)5, (ap_o_mode)3, 0>, 4u>, 0>&, hls::stream<nnet::array<ap_fixed<39, 19, (ap_q_mode)5, (ap_o_mode)3, 0>, 8u>, 0>&, config6::weight_t*, config6::bias_t*)' (firmware/nnet_utils/nnet_dense_stream.h:100:5)
INFO: [HLS 214-131] Inlining function 'nnet::array<ap_fixed<16, 6, (ap_q_mode)5, (ap_o_mode)3, 0>, 8u>::operator[](unsigned long) (.5)' into 'void nnet::data_prepare<nnet::array<ap_fixed<16, 6, (ap_q_mode)5, (ap_o_mode)3, 0>, 8u>, config8>(hls::stream<nnet::array<ap_fixed<16, 6, (ap_q_mode)5, (ap_o_mode)3, 0>, 8u>, 0>&, nnet::array<ap_fixed<16, 6, (ap_q_mode)5, (ap_o_mode)3, 0>, 8u>::value_type*) (.4)' (firmware/nnet_utils/nnet_dense_stream.h:47:17)
INFO: [HLS 214-131] Inlining function 'nnet::product::mult<ap_fixed<16, 6, (ap_q_mode)5, (ap_o_mode)3, 0>, ap_fixed<16, 6, (ap_q_mode)5, (ap_o_mode)3, 0> >::product(ap_fixed<16, 6, (ap_q_mode)5, (ap_o_mode)3, 0>, ap_fixed<16, 6, (ap_q_mode)5, (ap_o_mode)3, 0>)' into 'void nnet::dense_latency<ap_fixed<16, 6, (ap_q_mode)5, (ap_o_mode)3, 0>, ap_fixed<36, 16, (ap_q_mode)5, (ap_o_mode)3, 0>, config8>(ap_fixed<16, 6, (ap_q_mode)5, (ap_o_mode)3, 0>*, ap_fixed<36, 16, (ap_q_mode)5, (ap_o_mode)3, 0>*, config8::weight_t*, config8::bias_t*)' (firmware/nnet_utils/nnet_dense_latency.h:42:27)
INFO: [HLS 214-131] Inlining function 'nnet::array<ap_fixed<36, 16, (ap_q_mode)5, (ap_o_mode)3, 0>, 2u>::operator[](unsigned long) (.3)' into 'void nnet::res_write<nnet::array<ap_fixed<36, 16, (ap_q_mode)5, (ap_o_mode)3, 0>, 2u>, config8>(nnet::array<ap_fixed<36, 16, (ap_q_mode)5, (ap_o_mode)3, 0>, 2u>::value_type*, hls::stream<nnet::array<ap_fixed<36, 16, (ap_q_mode)5, (ap_o_mode)3, 0>, 2u>, 0>&) (.1)' (firmware/nnet_utils/nnet_dense_stream.h:75:2)
INFO: [HLS 214-131] Inlining function 'void nnet::data_prepare<nnet::array<ap_fixed<16, 6, (ap_q_mode)5, (ap_o_mode)3, 0>, 8u>, config8>(hls::stream<nnet::array<ap_fixed<16, 6, (ap_q_mode)5, (ap_o_mode)3, 0>, 8u>, 0>&, nnet::array<ap_fixed<16, 6, (ap_q_mode)5, (ap_o_mode)3, 0>, 8u>::value_type*) (.4)' into 'void nnet::dense<nnet::array<ap_fixed<16, 6, (ap_q_mode)5, (ap_o_mode)3, 0>, 8u>, nnet::array<ap_fixed<36, 16, (ap_q_mode)5, (ap_o_mode)3, 0>, 2u>, config8>(hls::stream<nnet::array<ap_fixed<16, 6, (ap_q_mode)5, (ap_o_mode)3, 0>, 8u>, 0>&, hls::stream<nnet::array<ap_fixed<36, 16, (ap_q_mode)5, (ap_o_mode)3, 0>, 2u>, 0>&, config8::weight_t*, config8::bias_t*)' (firmware/nnet_utils/nnet_dense_stream.h:93:2)
INFO: [HLS 214-131] Inlining function 'void nnet::res_write<nnet::array<ap_fixed<36, 16, (ap_q_mode)5, (ap_o_mode)3, 0>, 2u>, config8>(nnet::array<ap_fixed<36, 16, (ap_q_mode)5, (ap_o_mode)3, 0>, 2u>::value_type*, hls::stream<nnet::array<ap_fixed<36, 16, (ap_q_mode)5, (ap_o_mode)3, 0>, 2u>, 0>&) (.1)' into 'void nnet::dense<nnet::array<ap_fixed<16, 6, (ap_q_mode)5, (ap_o_mode)3, 0>, 8u>, nnet::array<ap_fixed<36, 16, (ap_q_mode)5, (ap_o_mode)3, 0>, 2u>, config8>(hls::stream<nnet::array<ap_fixed<16, 6, (ap_q_mode)5, (ap_o_mode)3, 0>, 8u>, 0>&, hls::stream<nnet::array<ap_fixed<36, 16, (ap_q_mode)5, (ap_o_mode)3, 0>, 2u>, 0>&, config8::weight_t*, config8::bias_t*)' (firmware/nnet_utils/nnet_dense_stream.h:100:5)
INFO: [HLS 214-291] Loop 'SoftmaxArrayPackLoop' is marked as complete unroll implied by the pipeline pragma (firmware/nnet_utils/nnet_activation_stream.h:200:9)
INFO: [HLS 214-291] Loop 'VITIS_LOOP_211_1' is marked as complete unroll implied by the pipeline pragma (firmware/nnet_utils/nnet_activation_stream.h:211:27)
INFO: [HLS 214-291] Loop 'VITIS_LOOP_220_2' is marked as complete unroll implied by the pipeline pragma (firmware/nnet_utils/nnet_activation_stream.h:220:27)
INFO: [HLS 214-291] Loop 'SoftmaxInvPackLoop' is marked as complete unroll implied by the pipeline pragma (firmware/nnet_utils/nnet_activation_stream.h:238:9)
INFO: [HLS 214-291] Loop 'Result' is marked as complete unroll implied by the pipeline pragma (firmware/nnet_utils/nnet_dense_latency.h:64:5)
INFO: [HLS 214-291] Loop 'Accum1' is marked as complete unroll implied by the pipeline pragma (firmware/nnet_utils/nnet_dense_latency.h:54:5)
INFO: [HLS 214-291] Loop 'Accum2' is marked as complete unroll implied by the pipeline pragma (firmware/nnet_utils/nnet_dense_latency.h:56:9)
INFO: [HLS 214-291] Loop 'ResetAccum' is marked as complete unroll implied by the pipeline pragma (firmware/nnet_utils/nnet_dense_latency.h:48:5)
INFO: [HLS 214-291] Loop 'Product1' is marked as complete unroll implied by the pipeline pragma (firmware/nnet_utils/nnet_dense_latency.h:37:5)
INFO: [HLS 214-291] Loop 'Product2' is marked as complete unroll implied by the pipeline pragma (firmware/nnet_utils/nnet_dense_latency.h:40:9)
INFO: [HLS 214-291] Loop 'ReLUPackLoop' is marked as complete unroll implied by the pipeline pragma (firmware/nnet_utils/nnet_activation_stream.h:49:9)
INFO: [HLS 214-291] Loop 'DataPackPipeline' is marked as complete unroll implied by the pipeline pragma (firmware/nnet_utils/nnet_dense_stream.h:37:13)
INFO: [HLS 214-291] Loop 'FiltLoop' is marked as complete unroll implied by the pipeline pragma (firmware/nnet_utils/nnet_pooling_stream.h:57:9)
INFO: [HLS 214-291] Loop 'PoolLoop' is marked as complete unroll implied by the pipeline pragma (firmware/nnet_utils/nnet_pooling_stream.h:62:13)
INFO: [HLS 214-291] Loop 'KernelPushHeight' is marked as complete unroll implied by the pipeline pragma (firmware/nnet_utils/nnet_conv_stream.h:205:5)
INFO: [HLS 214-291] Loop 'KernelPushChannel' is marked as complete unroll implied by the pipeline pragma (firmware/nnet_utils/nnet_conv_stream.h:208:9)
INFO: [HLS 214-291] Loop 'KernelShiftWidth' is marked as complete unroll implied by the pipeline pragma (firmware/nnet_utils/nnet_conv_stream.h:189:5)
INFO: [HLS 214-291] Loop 'KernelShiftHeight' is marked as complete unroll implied by the pipeline pragma (firmware/nnet_utils/nnet_conv_stream.h:192:9)
INFO: [HLS 214-291] Loop 'KernelShiftChannel' is marked as complete unroll implied by the pipeline pragma (firmware/nnet_utils/nnet_conv_stream.h:194:13)
INFO: [HLS 214-291] Loop 'LineBufferDataIn' is marked as complete unroll implied by the pipeline pragma (firmware/nnet_utils/nnet_conv_stream.h:236:5)
INFO: [HLS 214-291] Loop 'LineBufferShift' is marked as complete unroll implied by the pipeline pragma (firmware/nnet_utils/nnet_conv_stream.h:239:9)
INFO: [HLS 214-291] Loop 'UpdateBuffer' is marked as complete unroll implied by the pipeline pragma (firmware/nnet_utils/nnet_conv_stream.h:228:5)
INFO: [HLS 214-291] Loop 'CastLoop' is marked as complete unroll implied by the pipeline pragma (firmware/nnet_utils/nnet_conv_stream.h:293:9)
INFO: [HLS 214-186] Unrolling loop 'SoftmaxArrayPackLoop' (firmware/nnet_utils/nnet_activation_stream.h:200:9) in function 'nnet::softmax_stable<nnet::array<ap_fixed<36, 16, (ap_q_mode)5, (ap_o_mode)3, 0>, 2u>, nnet::array<ap_fixed<16, 6, (ap_q_mode)5, (ap_o_mode)3, 0>, 2u>, softmax_config9>' completely with a factor of 2 (firmware/nnet_utils/nnet_activation_stream.h:169:0)
INFO: [HLS 214-186] Unrolling loop 'VITIS_LOOP_211_1' (firmware/nnet_utils/nnet_activation_stream.h:211:27) in function 'nnet::softmax_stable<nnet::array<ap_fixed<36, 16, (ap_q_mode)5, (ap_o_mode)3, 0>, 2u>, nnet::array<ap_fixed<16, 6, (ap_q_mode)5, (ap_o_mode)3, 0>, 2u>, softmax_config9>' completely with a factor of 2 (firmware/nnet_utils/nnet_activation_stream.h:169:0)
INFO: [HLS 214-186] Unrolling loop 'VITIS_LOOP_220_2' (firmware/nnet_utils/nnet_activation_stream.h:220:27) in function 'nnet::softmax_stable<nnet::array<ap_fixed<36, 16, (ap_q_mode)5, (ap_o_mode)3, 0>, 2u>, nnet::array<ap_fixed<16, 6, (ap_q_mode)5, (ap_o_mode)3, 0>, 2u>, softmax_config9>' completely with a factor of 2 (firmware/nnet_utils/nnet_activation_stream.h:169:0)
INFO: [HLS 214-186] Unrolling loop 'SoftmaxInvPackLoop' (firmware/nnet_utils/nnet_activation_stream.h:238:9) in function 'nnet::softmax_stable<nnet::array<ap_fixed<36, 16, (ap_q_mode)5, (ap_o_mode)3, 0>, 2u>, nnet::array<ap_fixed<16, 6, (ap_q_mode)5, (ap_o_mode)3, 0>, 2u>, softmax_config9>' completely with a factor of 2 (firmware/nnet_utils/nnet_activation_stream.h:169:0)
INFO: [HLS 214-186] Unrolling loop 'ResPackSingle' (firmware/nnet_utils/nnet_dense_stream.h:73:9) in function 'nnet::dense<nnet::array<ap_fixed<16, 6, (ap_q_mode)5, (ap_o_mode)3, 0>, 8u>, nnet::array<ap_fixed<36, 16, (ap_q_mode)5, (ap_o_mode)3, 0>, 2u>, config8>' completely with a factor of 2 (firmware/nnet_utils/nnet_dense_stream.h:84:0)
INFO: [HLS 214-186] Unrolling loop 'DataPackSingle' (firmware/nnet_utils/nnet_dense_stream.h:45:9) in function 'nnet::dense<nnet::array<ap_fixed<16, 6, (ap_q_mode)5, (ap_o_mode)3, 0>, 8u>, nnet::array<ap_fixed<36, 16, (ap_q_mode)5, (ap_o_mode)3, 0>, 2u>, config8>' completely with a factor of 8 (firmware/nnet_utils/nnet_dense_stream.h:84:0)
INFO: [HLS 214-186] Unrolling loop 'Result' (firmware/nnet_utils/nnet_dense_latency.h:64:5) in function 'nnet::dense_latency<ap_fixed<16, 6, (ap_q_mode)5, (ap_o_mode)3, 0>, ap_fixed<36, 16, (ap_q_mode)5, (ap_o_mode)3, 0>, config8>' completely with a factor of 2 (firmware/nnet_utils/nnet_dense_latency.h:15:0)
INFO: [HLS 214-186] Unrolling loop 'Accum1' (firmware/nnet_utils/nnet_dense_latency.h:54:5) in function 'nnet::dense_latency<ap_fixed<16, 6, (ap_q_mode)5, (ap_o_mode)3, 0>, ap_fixed<36, 16, (ap_q_mode)5, (ap_o_mode)3, 0>, config8>' completely with a factor of 8 (firmware/nnet_utils/nnet_dense_latency.h:15:0)
INFO: [HLS 214-186] Unrolling loop 'Accum2' (firmware/nnet_utils/nnet_dense_latency.h:56:9) in function 'nnet::dense_latency<ap_fixed<16, 6, (ap_q_mode)5, (ap_o_mode)3, 0>, ap_fixed<36, 16, (ap_q_mode)5, (ap_o_mode)3, 0>, config8>' completely with a factor of 2 (firmware/nnet_utils/nnet_dense_latency.h:15:0)
INFO: [HLS 214-186] Unrolling loop 'ResetAccum' (firmware/nnet_utils/nnet_dense_latency.h:48:5) in function 'nnet::dense_latency<ap_fixed<16, 6, (ap_q_mode)5, (ap_o_mode)3, 0>, ap_fixed<36, 16, (ap_q_mode)5, (ap_o_mode)3, 0>, config8>' completely with a factor of 2 (firmware/nnet_utils/nnet_dense_latency.h:15:0)
INFO: [HLS 214-186] Unrolling loop 'Product1' (firmware/nnet_utils/nnet_dense_latency.h:37:5) in function 'nnet::dense_latency<ap_fixed<16, 6, (ap_q_mode)5, (ap_o_mode)3, 0>, ap_fixed<36, 16, (ap_q_mode)5, (ap_o_mode)3, 0>, config8>' completely with a factor of 8 (firmware/nnet_utils/nnet_dense_latency.h:15:0)
INFO: [HLS 214-186] Unrolling loop 'Product2' (firmware/nnet_utils/nnet_dense_latency.h:40:9) in function 'nnet::dense_latency<ap_fixed<16, 6, (ap_q_mode)5, (ap_o_mode)3, 0>, ap_fixed<36, 16, (ap_q_mode)5, (ap_o_mode)3, 0>, config8>' completely with a factor of 2 (firmware/nnet_utils/nnet_dense_latency.h:15:0)
INFO: [HLS 214-186] Unrolling loop 'ReLUPackLoop' (firmware/nnet_utils/nnet_activation_stream.h:49:9) in function 'nnet::relu<nnet::array<ap_fixed<39, 19, (ap_q_mode)5, (ap_o_mode)3, 0>, 8u>, nnet::array<ap_fixed<16, 6, (ap_q_mode)5, (ap_o_mode)3, 0>, 8u>, relu_config7>' completely with a factor of 8 (firmware/nnet_utils/nnet_activation_stream.h:39:0)
INFO: [HLS 214-186] Unrolling loop 'ResPackSingle' (firmware/nnet_utils/nnet_dense_stream.h:73:9) in function 'nnet::dense<nnet::array<ap_fixed<16, 6, (ap_q_mode)5, (ap_o_mode)3, 0>, 4u>, nnet::array<ap_fixed<39, 19, (ap_q_mode)5, (ap_o_mode)3, 0>, 8u>, config6>' completely with a factor of 8 (firmware/nnet_utils/nnet_dense_stream.h:84:0)
INFO: [HLS 214-186] Unrolling loop 'DataPackPipeline' (firmware/nnet_utils/nnet_dense_stream.h:37:13) in function 'nnet::dense<nnet::array<ap_fixed<16, 6, (ap_q_mode)5, (ap_o_mode)3, 0>, 4u>, nnet::array<ap_fixed<39, 19, (ap_q_mode)5, (ap_o_mode)3, 0>, 8u>, config6>' completely with a factor of 4 (firmware/nnet_utils/nnet_dense_stream.h:84:0)
INFO: [HLS 214-186] Unrolling loop 'Result' (firmware/nnet_utils/nnet_dense_latency.h:64:5) in function 'nnet::dense_latency<ap_fixed<16, 6, (ap_q_mode)5, (ap_o_mode)3, 0>, ap_fixed<39, 19, (ap_q_mode)5, (ap_o_mode)3, 0>, config6>' completely with a factor of 8 (firmware/nnet_utils/nnet_dense_latency.h:15:0)
INFO: [HLS 214-186] Unrolling loop 'Accum1' (firmware/nnet_utils/nnet_dense_latency.h:54:5) in function 'nnet::dense_latency<ap_fixed<16, 6, (ap_q_mode)5, (ap_o_mode)3, 0>, ap_fixed<39, 19, (ap_q_mode)5, (ap_o_mode)3, 0>, config6>' completely with a factor of 36 (firmware/nnet_utils/nnet_dense_latency.h:15:0)
INFO: [HLS 214-186] Unrolling loop 'Accum2' (firmware/nnet_utils/nnet_dense_latency.h:56:9) in function 'nnet::dense_latency<ap_fixed<16, 6, (ap_q_mode)5, (ap_o_mode)3, 0>, ap_fixed<39, 19, (ap_q_mode)5, (ap_o_mode)3, 0>, config6>' completely with a factor of 8 (firmware/nnet_utils/nnet_dense_latency.h:15:0)
INFO: [HLS 214-186] Unrolling loop 'ResetAccum' (firmware/nnet_utils/nnet_dense_latency.h:48:5) in function 'nnet::dense_latency<ap_fixed<16, 6, (ap_q_mode)5, (ap_o_mode)3, 0>, ap_fixed<39, 19, (ap_q_mode)5, (ap_o_mode)3, 0>, config6>' completely with a factor of 8 (firmware/nnet_utils/nnet_dense_latency.h:15:0)
INFO: [HLS 214-186] Unrolling loop 'Product1' (firmware/nnet_utils/nnet_dense_latency.h:37:5) in function 'nnet::dense_latency<ap_fixed<16, 6, (ap_q_mode)5, (ap_o_mode)3, 0>, ap_fixed<39, 19, (ap_q_mode)5, (ap_o_mode)3, 0>, config6>' completely with a factor of 36 (firmware/nnet_utils/nnet_dense_latency.h:15:0)
INFO: [HLS 214-186] Unrolling loop 'Product2' (firmware/nnet_utils/nnet_dense_latency.h:40:9) in function 'nnet::dense_latency<ap_fixed<16, 6, (ap_q_mode)5, (ap_o_mode)3, 0>, ap_fixed<39, 19, (ap_q_mode)5, (ap_o_mode)3, 0>, config6>' completely with a factor of 8 (firmware/nnet_utils/nnet_dense_latency.h:15:0)
INFO: [HLS 214-186] Unrolling loop 'FiltLoop' (firmware/nnet_utils/nnet_pooling_stream.h:57:9) in function 'nnet::pooling2d_cl<nnet::array<ap_fixed<16, 6, (ap_q_mode)5, (ap_o_mode)3, 0>, 4u>, nnet::array<ap_fixed<16, 6, (ap_q_mode)5, (ap_o_mode)3, 0>, 4u>, config4>' completely with a factor of 4 (firmware/nnet_utils/nnet_pooling_stream.h:96:0)
WARNING: [HLS 214-189] Pipeline directive for loop 'FiltLoop' (firmware/nnet_utils/nnet_pooling_stream.h:57:9) in function 'nnet::pooling2d_cl<nnet::array<ap_fixed<16, 6, (ap_q_mode)5, (ap_o_mode)3, 0>, 4u>, nnet::array<ap_fixed<16, 6, (ap_q_mode)5, (ap_o_mode)3, 0>, 4u>, config4>' has been removed because the loop is unrolled completely (firmware/nnet_utils/nnet_pooling_stream.h:96:0)
INFO: [HLS 214-186] Unrolling loop 'PoolLoop' (firmware/nnet_utils/nnet_pooling_stream.h:62:13) in function 'nnet::pooling2d_cl<nnet::array<ap_fixed<16, 6, (ap_q_mode)5, (ap_o_mode)3, 0>, 4u>, nnet::array<ap_fixed<16, 6, (ap_q_mode)5, (ap_o_mode)3, 0>, 4u>, config4>' completely with a factor of 4 (firmware/nnet_utils/nnet_pooling_stream.h:96:0)
INFO: [HLS 214-186] Unrolling loop 'KernelPushHeight' (firmware/nnet_utils/nnet_conv_stream.h:205:5) in function 'nnet::shift_line_buffer<nnet::array<ap_fixed<16, 6, (ap_q_mode)5, (ap_o_mode)3, 0>, 4u>, config4>' completely with a factor of 2 (firmware/nnet_utils/nnet_conv_stream.h:219:0)
INFO: [HLS 214-186] Unrolling loop 'KernelPushChannel' (firmware/nnet_utils/nnet_conv_stream.h:208:9) in function 'nnet::shift_line_buffer<nnet::array<ap_fixed<16, 6, (ap_q_mode)5, (ap_o_mode)3, 0>, 4u>, config4>' completely with a factor of 4 (firmware/nnet_utils/nnet_conv_stream.h:219:0)
INFO: [HLS 214-186] Unrolling loop 'KernelShiftWidth' (firmware/nnet_utils/nnet_conv_stream.h:189:5) in function 'nnet::shift_line_buffer<nnet::array<ap_fixed<16, 6, (ap_q_mode)5, (ap_o_mode)3, 0>, 4u>, config4>' completely with a factor of 1 (firmware/nnet_utils/nnet_conv_stream.h:219:0)
WARNING: [HLS 214-189] Pipeline directive for loop 'KernelShiftWidth' (firmware/nnet_utils/nnet_conv_stream.h:189:5) in function 'nnet::shift_line_buffer<nnet::array<ap_fixed<16, 6, (ap_q_mode)5, (ap_o_mode)3, 0>, 4u>, config4>' has been removed because the loop is unrolled completely (firmware/nnet_utils/nnet_conv_stream.h:219:0)
INFO: [HLS 214-186] Unrolling loop 'KernelShiftHeight' (firmware/nnet_utils/nnet_conv_stream.h:192:9) in function 'nnet::shift_line_buffer<nnet::array<ap_fixed<16, 6, (ap_q_mode)5, (ap_o_mode)3, 0>, 4u>, config4>' completely with a factor of 2 (firmware/nnet_utils/nnet_conv_stream.h:219:0)
INFO: [HLS 214-186] Unrolling loop 'KernelShiftChannel' (firmware/nnet_utils/nnet_conv_stream.h:194:13) in function 'nnet::shift_line_buffer<nnet::array<ap_fixed<16, 6, (ap_q_mode)5, (ap_o_mode)3, 0>, 4u>, config4>' completely with a factor of 4 (firmware/nnet_utils/nnet_conv_stream.h:219:0)
INFO: [HLS 214-186] Unrolling loop 'LineBufferDataIn' (firmware/nnet_utils/nnet_conv_stream.h:236:5) in function 'nnet::shift_line_buffer<nnet::array<ap_fixed<16, 6, (ap_q_mode)5, (ap_o_mode)3, 0>, 4u>, config4>' completely with a factor of 4 (firmware/nnet_utils/nnet_conv_stream.h:219:0)
INFO: [HLS 214-186] Unrolling loop 'LineBufferShift' (firmware/nnet_utils/nnet_conv_stream.h:239:9) in function 'nnet::shift_line_buffer<nnet::array<ap_fixed<16, 6, (ap_q_mode)5, (ap_o_mode)3, 0>, 4u>, config4>' completely with a factor of 1 (firmware/nnet_utils/nnet_conv_stream.h:219:0)
INFO: [HLS 214-186] Unrolling loop 'UpdateBuffer' (firmware/nnet_utils/nnet_conv_stream.h:228:5) in function 'nnet::shift_line_buffer<nnet::array<ap_fixed<16, 6, (ap_q_mode)5, (ap_o_mode)3, 0>, 4u>, config4>' completely with a factor of 4 (firmware/nnet_utils/nnet_conv_stream.h:219:0)
INFO: [HLS 214-186] Unrolling loop 'ReLUPackLoop' (firmware/nnet_utils/nnet_activation_stream.h:49:9) in function 'nnet::relu<nnet::array<ap_fixed<37, 17, (ap_q_mode)5, (ap_o_mode)3, 0>, 4u>, nnet::array<ap_fixed<16, 6, (ap_q_mode)5, (ap_o_mode)3, 0>, 4u>, relu_config3>' completely with a factor of 4 (firmware/nnet_utils/nnet_activation_stream.h:39:0)
INFO: [HLS 214-186] Unrolling loop 'CastLoop' (firmware/nnet_utils/nnet_conv_stream.h:293:9) in function 'nnet::compute_output_buffer_2d<nnet::array<ap_fixed<16, 6, (ap_q_mode)5, (ap_o_mode)3, 0>, 1u>, nnet::array<ap_fixed<37, 17, (ap_q_mode)5, (ap_o_mode)3, 0>, 4u>, config2>' completely with a factor of 4 (firmware/nnet_utils/nnet_conv_stream.h:257:0)
INFO: [HLS 214-186] Unrolling loop 'Result' (firmware/nnet_utils/nnet_dense_latency.h:64:5) in function 'nnet::dense_latency<ap_fixed<16, 6, (ap_q_mode)5, (ap_o_mode)3, 0>, ap_fixed<37, 17, (ap_q_mode)5, (ap_o_mode)3, 0>, config2_mult>' completely with a factor of 4 (firmware/nnet_utils/nnet_dense_latency.h:15:0)
INFO: [HLS 214-186] Unrolling loop 'Accum1' (firmware/nnet_utils/nnet_dense_latency.h:54:5) in function 'nnet::dense_latency<ap_fixed<16, 6, (ap_q_mode)5, (ap_o_mode)3, 0>, ap_fixed<37, 17, (ap_q_mode)5, (ap_o_mode)3, 0>, config2_mult>' completely with a factor of 9 (firmware/nnet_utils/nnet_dense_latency.h:15:0)
INFO: [HLS 214-186] Unrolling loop 'Accum2' (firmware/nnet_utils/nnet_dense_latency.h:56:9) in function 'nnet::dense_latency<ap_fixed<16, 6, (ap_q_mode)5, (ap_o_mode)3, 0>, ap_fixed<37, 17, (ap_q_mode)5, (ap_o_mode)3, 0>, config2_mult>' completely with a factor of 4 (firmware/nnet_utils/nnet_dense_latency.h:15:0)
INFO: [HLS 214-186] Unrolling loop 'ResetAccum' (firmware/nnet_utils/nnet_dense_latency.h:48:5) in function 'nnet::dense_latency<ap_fixed<16, 6, (ap_q_mode)5, (ap_o_mode)3, 0>, ap_fixed<37, 17, (ap_q_mode)5, (ap_o_mode)3, 0>, config2_mult>' completely with a factor of 4 (firmware/nnet_utils/nnet_dense_latency.h:15:0)
INFO: [HLS 214-186] Unrolling loop 'Product1' (firmware/nnet_utils/nnet_dense_latency.h:37:5) in function 'nnet::dense_latency<ap_fixed<16, 6, (ap_q_mode)5, (ap_o_mode)3, 0>, ap_fixed<37, 17, (ap_q_mode)5, (ap_o_mode)3, 0>, config2_mult>' completely with a factor of 9 (firmware/nnet_utils/nnet_dense_latency.h:15:0)
INFO: [HLS 214-186] Unrolling loop 'Product2' (firmware/nnet_utils/nnet_dense_latency.h:40:9) in function 'nnet::dense_latency<ap_fixed<16, 6, (ap_q_mode)5, (ap_o_mode)3, 0>, ap_fixed<37, 17, (ap_q_mode)5, (ap_o_mode)3, 0>, config2_mult>' completely with a factor of 4 (firmware/nnet_utils/nnet_dense_latency.h:15:0)
INFO: [HLS 214-186] Unrolling loop 'KernelPushHeight' (firmware/nnet_utils/nnet_conv_stream.h:205:5) in function 'nnet::shift_line_buffer<nnet::array<ap_fixed<16, 6, (ap_q_mode)5, (ap_o_mode)3, 0>, 1u>, config2>' completely with a factor of 3 (firmware/nnet_utils/nnet_conv_stream.h:219:0)
INFO: [HLS 214-186] Unrolling loop 'KernelPushChannel' (firmware/nnet_utils/nnet_conv_stream.h:208:9) in function 'nnet::shift_line_buffer<nnet::array<ap_fixed<16, 6, (ap_q_mode)5, (ap_o_mode)3, 0>, 1u>, config2>' completely with a factor of 1 (firmware/nnet_utils/nnet_conv_stream.h:219:0)
INFO: [HLS 214-186] Unrolling loop 'KernelShiftWidth' (firmware/nnet_utils/nnet_conv_stream.h:189:5) in function 'nnet::shift_line_buffer<nnet::array<ap_fixed<16, 6, (ap_q_mode)5, (ap_o_mode)3, 0>, 1u>, config2>' completely with a factor of 2 (firmware/nnet_utils/nnet_conv_stream.h:219:0)
WARNING: [HLS 214-189] Pipeline directive for loop 'KernelShiftWidth' (firmware/nnet_utils/nnet_conv_stream.h:189:5) in function 'nnet::shift_line_buffer<nnet::array<ap_fixed<16, 6, (ap_q_mode)5, (ap_o_mode)3, 0>, 1u>, config2>' has been removed because the loop is unrolled completely (firmware/nnet_utils/nnet_conv_stream.h:219:0)
INFO: [HLS 214-186] Unrolling loop 'KernelShiftHeight' (firmware/nnet_utils/nnet_conv_stream.h:192:9) in function 'nnet::shift_line_buffer<nnet::array<ap_fixed<16, 6, (ap_q_mode)5, (ap_o_mode)3, 0>, 1u>, config2>' completely with a factor of 3 (firmware/nnet_utils/nnet_conv_stream.h:219:0)
INFO: [HLS 214-186] Unrolling loop 'KernelShiftChannel' (firmware/nnet_utils/nnet_conv_stream.h:194:13) in function 'nnet::shift_line_buffer<nnet::array<ap_fixed<16, 6, (ap_q_mode)5, (ap_o_mode)3, 0>, 1u>, config2>' completely with a factor of 1 (firmware/nnet_utils/nnet_conv_stream.h:219:0)
INFO: [HLS 214-186] Unrolling loop 'LineBufferDataIn' (firmware/nnet_utils/nnet_conv_stream.h:236:5) in function 'nnet::shift_line_buffer<nnet::array<ap_fixed<16, 6, (ap_q_mode)5, (ap_o_mode)3, 0>, 1u>, config2>' completely with a factor of 1 (firmware/nnet_utils/nnet_conv_stream.h:219:0)
INFO: [HLS 214-186] Unrolling loop 'LineBufferShift' (firmware/nnet_utils/nnet_conv_stream.h:239:9) in function 'nnet::shift_line_buffer<nnet::array<ap_fixed<16, 6, (ap_q_mode)5, (ap_o_mode)3, 0>, 1u>, config2>' completely with a factor of 2 (firmware/nnet_utils/nnet_conv_stream.h:219:0)
INFO: [HLS 214-186] Unrolling loop 'UpdateBuffer' (firmware/nnet_utils/nnet_conv_stream.h:228:5) in function 'nnet::shift_line_buffer<nnet::array<ap_fixed<16, 6, (ap_q_mode)5, (ap_o_mode)3, 0>, 1u>, config2>' completely with a factor of 1 (firmware/nnet_utils/nnet_conv_stream.h:219:0)
INFO: [HLS 214-178] Inlining function 'nnet::array<ap_fixed<16, 6, (ap_q_mode)5, (ap_o_mode)3, 0>, 1u>::operator[](unsigned long) const' into 'void nnet::shift_line_buffer<nnet::array<ap_fixed<16, 6, (ap_q_mode)5, (ap_o_mode)3, 0>, 1u>, config2>(nnet::array<ap_fixed<16, 6, (ap_q_mode)5, (ap_o_mode)3, 0>, 1u> const&, ap_shift_reg<nnet::array<ap_fixed<16, 6, (ap_q_mode)5, (ap_o_mode)3, 0>, 1u>::value_type, config2::in_width> (*) [config2::n_chan], nnet::array<ap_fixed<16, 6, (ap_q_mode)5, (ap_o_mode)3, 0>, 1u>::value_type*)' (firmware/nnet_utils/nnet_conv_stream.h:219:0)
INFO: [HLS 214-178] Inlining function 'std::enable_if<!(std::is_same<ap_fixed<16, 6, (ap_q_mode)5, (ap_o_mode)3, 0>, ap_uint<1> >::value), ap_fixed<37, 17, (ap_q_mode)5, (ap_o_mode)3, 0> >::type nnet::cast<ap_fixed<16, 6, (ap_q_mode)5, (ap_o_mode)3, 0>, ap_fixed<37, 17, (ap_q_mode)5, (ap_o_mode)3, 0>, config2_mult>(config2_mult::accum_t)' into 'void nnet::dense_latency<ap_fixed<16, 6, (ap_q_mode)5, (ap_o_mode)3, 0>, ap_fixed<37, 17, (ap_q_mode)5, (ap_o_mode)3, 0>, config2_mult>(ap_fixed<16, 6, (ap_q_mode)5, (ap_o_mode)3, 0>*, ap_fixed<37, 17, (ap_q_mode)5, (ap_o_mode)3, 0>*, config2_mult::weight_t*, config2_mult::bias_t*)' (firmware/nnet_utils/nnet_dense_latency.h:15:0)
INFO: [HLS 214-178] Inlining function 'nnet::array<ap_fixed<37, 17, (ap_q_mode)5, (ap_o_mode)3, 0>, 4u>::operator[](unsigned long)' into 'void nnet::compute_output_buffer_2d<nnet::array<ap_fixed<16, 6, (ap_q_mode)5, (ap_o_mode)3, 0>, 1u>, nnet::array<ap_fixed<37, 17, (ap_q_mode)5, (ap_o_mode)3, 0>, 4u>, config2>(nnet::array<ap_fixed<16, 6, (ap_q_mode)5, (ap_o_mode)3, 0>, 1u> const&, ap_shift_reg<nnet::array<ap_fixed<16, 6, (ap_q_mode)5, (ap_o_mode)3, 0>, 1u>::value_type, config2::in_width> (*) [config2::n_chan], hls::stream<nnet::array<ap_fixed<37, 17, (ap_q_mode)5, (ap_o_mode)3, 0>, 4u>, 0>&, config2::weight_t*, config2::bias_t*)' (firmware/nnet_utils/nnet_conv_stream.h:257:0)
INFO: [HLS 214-178] Inlining function 'nnet::array<ap_fixed<37, 17, (ap_q_mode)5, (ap_o_mode)3, 0>, 4u>::operator[](unsigned long)' into 'void nnet::relu<nnet::array<ap_fixed<37, 17, (ap_q_mode)5, (ap_o_mode)3, 0>, 4u>, nnet::array<ap_fixed<16, 6, (ap_q_mode)5, (ap_o_mode)3, 0>, 4u>, relu_config3>(hls::stream<nnet::array<ap_fixed<37, 17, (ap_q_mode)5, (ap_o_mode)3, 0>, 4u>, 0>&, hls::stream<nnet::array<ap_fixed<16, 6, (ap_q_mode)5, (ap_o_mode)3, 0>, 4u>, 0>&)' (firmware/nnet_utils/nnet_activation_stream.h:39:0)
INFO: [HLS 214-178] Inlining function 'nnet::array<ap_fixed<16, 6, (ap_q_mode)5, (ap_o_mode)3, 0>, 4u>::operator[](unsigned long)' into 'void nnet::relu<nnet::array<ap_fixed<37, 17, (ap_q_mode)5, (ap_o_mode)3, 0>, 4u>, nnet::array<ap_fixed<16, 6, (ap_q_mode)5, (ap_o_mode)3, 0>, 4u>, relu_config3>(hls::stream<nnet::array<ap_fixed<37, 17, (ap_q_mode)5, (ap_o_mode)3, 0>, 4u>, 0>&, hls::stream<nnet::array<ap_fixed<16, 6, (ap_q_mode)5, (ap_o_mode)3, 0>, 4u>, 0>&)' (firmware/nnet_utils/nnet_activation_stream.h:39:0)
INFO: [HLS 214-178] Inlining function 'nnet::array<ap_fixed<16, 6, (ap_q_mode)5, (ap_o_mode)3, 0>, 4u>::operator[](unsigned long) const' into 'void nnet::shift_line_buffer<nnet::array<ap_fixed<16, 6, (ap_q_mode)5, (ap_o_mode)3, 0>, 4u>, config4>(nnet::array<ap_fixed<16, 6, (ap_q_mode)5, (ap_o_mode)3, 0>, 4u> const&, ap_shift_reg<nnet::array<ap_fixed<16, 6, (ap_q_mode)5, (ap_o_mode)3, 0>, 4u>::value_type, config4::in_width> (*) [config4::n_chan], nnet::array<ap_fixed<16, 6, (ap_q_mode)5, (ap_o_mode)3, 0>, 4u>::value_type*)' (firmware/nnet_utils/nnet_conv_stream.h:219:0)
INFO: [HLS 214-178] Inlining function 'std::enable_if<!(std::is_same<ap_fixed<16, 6, (ap_q_mode)5, (ap_o_mode)3, 0>, ap_uint<1> >::value), ap_fixed<39, 19, (ap_q_mode)5, (ap_o_mode)3, 0> >::type nnet::cast<ap_fixed<16, 6, (ap_q_mode)5, (ap_o_mode)3, 0>, ap_fixed<39, 19, (ap_q_mode)5, (ap_o_mode)3, 0>, config6>(config6::accum_t)' into 'void nnet::dense_latency<ap_fixed<16, 6, (ap_q_mode)5, (ap_o_mode)3, 0>, ap_fixed<39, 19, (ap_q_mode)5, (ap_o_mode)3, 0>, config6>(ap_fixed<16, 6, (ap_q_mode)5, (ap_o_mode)3, 0>*, ap_fixed<39, 19, (ap_q_mode)5, (ap_o_mode)3, 0>*, config6::weight_t*, config6::bias_t*)' (firmware/nnet_utils/nnet_dense_latency.h:15:0)
INFO: [HLS 214-178] Inlining function 'nnet::array<ap_fixed<39, 19, (ap_q_mode)5, (ap_o_mode)3, 0>, 8u>::operator[](unsigned long)' into 'void nnet::relu<nnet::array<ap_fixed<39, 19, (ap_q_mode)5, (ap_o_mode)3, 0>, 8u>, nnet::array<ap_fixed<16, 6, (ap_q_mode)5, (ap_o_mode)3, 0>, 8u>, relu_config7>(hls::stream<nnet::array<ap_fixed<39, 19, (ap_q_mode)5, (ap_o_mode)3, 0>, 8u>, 0>&, hls::stream<nnet::array<ap_fixed<16, 6, (ap_q_mode)5, (ap_o_mode)3, 0>, 8u>, 0>&)' (firmware/nnet_utils/nnet_activation_stream.h:39:0)
INFO: [HLS 214-178] Inlining function 'nnet::array<ap_fixed<16, 6, (ap_q_mode)5, (ap_o_mode)3, 0>, 8u>::operator[](unsigned long)' into 'void nnet::relu<nnet::array<ap_fixed<39, 19, (ap_q_mode)5, (ap_o_mode)3, 0>, 8u>, nnet::array<ap_fixed<16, 6, (ap_q_mode)5, (ap_o_mode)3, 0>, 8u>, relu_config7>(hls::stream<nnet::array<ap_fixed<39, 19, (ap_q_mode)5, (ap_o_mode)3, 0>, 8u>, 0>&, hls::stream<nnet::array<ap_fixed<16, 6, (ap_q_mode)5, (ap_o_mode)3, 0>, 8u>, 0>&)' (firmware/nnet_utils/nnet_activation_stream.h:39:0)
INFO: [HLS 214-178] Inlining function 'std::enable_if<!(std::is_same<ap_fixed<16, 6, (ap_q_mode)5, (ap_o_mode)3, 0>, ap_uint<1> >::value), ap_fixed<36, 16, (ap_q_mode)5, (ap_o_mode)3, 0> >::type nnet::cast<ap_fixed<16, 6, (ap_q_mode)5, (ap_o_mode)3, 0>, ap_fixed<36, 16, (ap_q_mode)5, (ap_o_mode)3, 0>, config8>(config8::accum_t)' into 'void nnet::dense_latency<ap_fixed<16, 6, (ap_q_mode)5, (ap_o_mode)3, 0>, ap_fixed<36, 16, (ap_q_mode)5, (ap_o_mode)3, 0>, config8>(ap_fixed<16, 6, (ap_q_mode)5, (ap_o_mode)3, 0>*, ap_fixed<36, 16, (ap_q_mode)5, (ap_o_mode)3, 0>*, config8::weight_t*, config8::bias_t*)' (firmware/nnet_utils/nnet_dense_latency.h:15:0)
INFO: [HLS 214-178] Inlining function 'std::exp(float)' into 'nnet::exp_fcn_float(float)' (firmware/nnet_utils/nnet_activation.h:131:0)
INFO: [HLS 214-178] Inlining function 'float nnet::softmax_real_val_from_idx<ap_ufixed<35, 15, (ap_q_mode)5, (ap_o_mode)3, 0>, 1024u>(unsigned int)' into 'void nnet::init_exp_table<ap_ufixed<35, 15, (ap_q_mode)5, (ap_o_mode)3, 0>, softmax_config9>(softmax_config9::exp_table_t*, bool)' (firmware/nnet_utils/nnet_activation.h:149:0)
INFO: [HLS 214-178] Inlining function 'nnet::exp_fcn_float(float)' into 'void nnet::init_exp_table<ap_ufixed<35, 15, (ap_q_mode)5, (ap_o_mode)3, 0>, softmax_config9>(softmax_config9::exp_table_t*, bool)' (firmware/nnet_utils/nnet_activation.h:149:0)
INFO: [HLS 214-178] Inlining function 'nnet::Op_max<ap_fixed<36, 16, (ap_q_mode)5, (ap_o_mode)3, 0> >::operator()(ap_fixed<36, 16, (ap_q_mode)5, (ap_o_mode)3, 0>, ap_fixed<36, 16, (ap_q_mode)5, (ap_o_mode)3, 0>)' into 'ap_fixed<36, 16, (ap_q_mode)5, (ap_o_mode)3, 0> nnet::reduce<ap_fixed<36, 16, (ap_q_mode)5, (ap_o_mode)3, 0>, 2, nnet::Op_max<ap_fixed<36, 16, (ap_q_mode)5, (ap_o_mode)3, 0> > >(ap_fixed<36, 16, (ap_q_mode)5, (ap_o_mode)3, 0> const*, nnet::Op_max<ap_fixed<36, 16, (ap_q_mode)5, (ap_o_mode)3, 0> >)' (firmware/nnet_utils/nnet_common.h:37:0)
INFO: [HLS 214-178] Inlining function 'nnet::Op_add<ap_fixed<16, 6, (ap_q_mode)5, (ap_o_mode)3, 0> >::operator()(ap_fixed<16, 6, (ap_q_mode)5, (ap_o_mode)3, 0>, ap_fixed<16, 6, (ap_q_mode)5, (ap_o_mode)3, 0>)' into 'ap_fixed<16, 6, (ap_q_mode)5, (ap_o_mode)3, 0> nnet::reduce<ap_fixed<16, 6, (ap_q_mode)5, (ap_o_mode)3, 0>, 2, nnet::Op_add<ap_fixed<16, 6, (ap_q_mode)5, (ap_o_mode)3, 0> > >(ap_fixed<16, 6, (ap_q_mode)5, (ap_o_mode)3, 0> const*, nnet::Op_add<ap_fixed<16, 6, (ap_q_mode)5, (ap_o_mode)3, 0> >)' (firmware/nnet_utils/nnet_common.h:37:0)
INFO: [HLS 214-178] Inlining function 'nnet::array<ap_fixed<36, 16, (ap_q_mode)5, (ap_o_mode)3, 0>, 2u>::operator[](unsigned long)' into 'void nnet::softmax_stable<nnet::array<ap_fixed<36, 16, (ap_q_mode)5, (ap_o_mode)3, 0>, 2u>, nnet::array<ap_fixed<16, 6, (ap_q_mode)5, (ap_o_mode)3, 0>, 2u>, softmax_config9>(hls::stream<nnet::array<ap_fixed<36, 16, (ap_q_mode)5, (ap_o_mode)3, 0>, 2u>, 0>&, hls::stream<nnet::array<ap_fixed<16, 6, (ap_q_mode)5, (ap_o_mode)3, 0>, 2u>, 0>&)' (firmware/nnet_utils/nnet_activation_stream.h:169:0)
INFO: [HLS 214-178] Inlining function 'ap_fixed<36, 16, (ap_q_mode)5, (ap_o_mode)3, 0> nnet::reduce<ap_fixed<36, 16, (ap_q_mode)5, (ap_o_mode)3, 0>, 2, nnet::Op_max<ap_fixed<36, 16, (ap_q_mode)5, (ap_o_mode)3, 0> > >(ap_fixed<36, 16, (ap_q_mode)5, (ap_o_mode)3, 0> const*, nnet::Op_max<ap_fixed<36, 16, (ap_q_mode)5, (ap_o_mode)3, 0> >)' into 'void nnet::softmax_stable<nnet::array<ap_fixed<36, 16, (ap_q_mode)5, (ap_o_mode)3, 0>, 2u>, nnet::array<ap_fixed<16, 6, (ap_q_mode)5, (ap_o_mode)3, 0>, 2u>, softmax_config9>(hls::stream<nnet::array<ap_fixed<36, 16, (ap_q_mode)5, (ap_o_mode)3, 0>, 2u>, 0>&, hls::stream<nnet::array<ap_fixed<16, 6, (ap_q_mode)5, (ap_o_mode)3, 0>, 2u>, 0>&)' (firmware/nnet_utils/nnet_activation_stream.h:169:0)
INFO: [HLS 214-178] Inlining function 'unsigned int nnet::softmax_idx_from_real_val<ap_ufixed<35, 15, (ap_q_mode)5, (ap_o_mode)3, 0>, 1024u>(ap_ufixed<35, 15, (ap_q_mode)5, (ap_o_mode)3, 0>)' into 'void nnet::softmax_stable<nnet::array<ap_fixed<36, 16, (ap_q_mode)5, (ap_o_mode)3, 0>, 2u>, nnet::array<ap_fixed<16, 6, (ap_q_mode)5, (ap_o_mode)3, 0>, 2u>, softmax_config9>(hls::stream<nnet::array<ap_fixed<36, 16, (ap_q_mode)5, (ap_o_mode)3, 0>, 2u>, 0>&, hls::stream<nnet::array<ap_fixed<16, 6, (ap_q_mode)5, (ap_o_mode)3, 0>, 2u>, 0>&)' (firmware/nnet_utils/nnet_activation_stream.h:169:0)
INFO: [HLS 214-178] Inlining function 'ap_fixed<16, 6, (ap_q_mode)5, (ap_o_mode)3, 0> nnet::reduce<ap_fixed<16, 6, (ap_q_mode)5, (ap_o_mode)3, 0>, 2, nnet::Op_add<ap_fixed<16, 6, (ap_q_mode)5, (ap_o_mode)3, 0> > >(ap_fixed<16, 6, (ap_q_mode)5, (ap_o_mode)3, 0> const*, nnet::Op_add<ap_fixed<16, 6, (ap_q_mode)5, (ap_o_mode)3, 0> >)' into 'void nnet::softmax_stable<nnet::array<ap_fixed<36, 16, (ap_q_mode)5, (ap_o_mode)3, 0>, 2u>, nnet::array<ap_fixed<16, 6, (ap_q_mode)5, (ap_o_mode)3, 0>, 2u>, softmax_config9>(hls::stream<nnet::array<ap_fixed<36, 16, (ap_q_mode)5, (ap_o_mode)3, 0>, 2u>, 0>&, hls::stream<nnet::array<ap_fixed<16, 6, (ap_q_mode)5, (ap_o_mode)3, 0>, 2u>, 0>&)' (firmware/nnet_utils/nnet_activation_stream.h:169:0)
INFO: [HLS 214-178] Inlining function 'unsigned int nnet::softmax_idx_from_real_val<ap_fixed<18, 8, (ap_q_mode)0, (ap_o_mode)0, 0>, 1024u>(ap_fixed<18, 8, (ap_q_mode)0, (ap_o_mode)0, 0>)' into 'void nnet::softmax_stable<nnet::array<ap_fixed<36, 16, (ap_q_mode)5, (ap_o_mode)3, 0>, 2u>, nnet::array<ap_fixed<16, 6, (ap_q_mode)5, (ap_o_mode)3, 0>, 2u>, softmax_config9>(hls::stream<nnet::array<ap_fixed<36, 16, (ap_q_mode)5, (ap_o_mode)3, 0>, 2u>, 0>&, hls::stream<nnet::array<ap_fixed<16, 6, (ap_q_mode)5, (ap_o_mode)3, 0>, 2u>, 0>&)' (firmware/nnet_utils/nnet_activation_stream.h:169:0)
INFO: [HLS 214-178] Inlining function 'nnet::array<ap_fixed<16, 6, (ap_q_mode)5, (ap_o_mode)3, 0>, 2u>::operator[](unsigned long)' into 'void nnet::softmax_stable<nnet::array<ap_fixed<36, 16, (ap_q_mode)5, (ap_o_mode)3, 0>, 2u>, nnet::array<ap_fixed<16, 6, (ap_q_mode)5, (ap_o_mode)3, 0>, 2u>, softmax_config9>(hls::stream<nnet::array<ap_fixed<36, 16, (ap_q_mode)5, (ap_o_mode)3, 0>, 2u>, 0>&, hls::stream<nnet::array<ap_fixed<16, 6, (ap_q_mode)5, (ap_o_mode)3, 0>, 2u>, 0>&)' (firmware/nnet_utils/nnet_activation_stream.h:169:0)
INFO: [HLS 214-248] Applying array_partition to '_ZZN4nnet25conv_2d_buffer_latency_clINS_5arrayI8ap_fixedILi16ELi6EL9ap_q_mode5EL9ap_o_mode3ELi0EELj1EEENS1_IS2_ILi37ELi17ELS3_5ELS4_3ELi0EELj4EEE7config2EEvRN3hls6streamIT_Li0EEERNSB_IT0_Li0EEEPNT1_8weight_tEPNSI_6bias_tEE11line_buffer': Complete partitioning on dimension 1. Complete partitioning on dimension 2. (firmware/nnet_utils/nnet_conv2d_stream.h:20:0)
INFO: [HLS 214-248] Applying array_partition to '_ZZN4nnet12pooling2d_clINS_5arrayI8ap_fixedILi16ELi6EL9ap_q_mode5EL9ap_o_mode3ELi0EELj4EEES6_7config4EEvRN3hls6streamIT_Li0EEERNS9_IT0_Li0EEEE11line_buffer': Complete partitioning on dimension 1. Complete partitioning on dimension 2. (firmware/nnet_utils/nnet_pooling_stream.h:104:0)
INFO: [HLS 214-248] Applying array_partition to 'b2': Complete partitioning on dimension 1. (firmware/weights/b2.h:12:0)
INFO: [HLS 214-248] Applying array_partition to 'b6': Complete partitioning on dimension 1. (firmware/weights/b6.h:12:0)
INFO: [HLS 214-248] Applying array_partition to 'b8': Complete partitioning on dimension 1. (firmware/weights/b8.h:12:0)
INFO: [HLS 214-248] Applying array_partition to '_ZZN4nnet22compute_pool_buffer_2dINS_5arrayI8ap_fixedILi16ELi6EL9ap_q_mode5EL9ap_o_mode3ELi0EELj4EEES6_7config4EEvRKT_PAsrT1_6n_filt_12ap_shift_regINS8_10value_typeEXsrSB_8in_widthEERN3hls6streamIT0_Li0EEEE11kernel_data': Complete partitioning on dimension 1. (firmware/nnet_utils/nnet_pooling_stream.h:45:0)
INFO: [HLS 214-248] Applying array_partition to '_ZZN4nnet24compute_output_buffer_2dINS_5arrayI8ap_fixedILi16ELi6EL9ap_q_mode5EL9ap_o_mode3ELi0EELj1EEENS1_IS2_ILi37ELi17ELS3_5ELS4_3ELi0EELj4EEE7config2EEvRKT_PAsrT1_6n_chan_12ap_shift_regINSA_10value_typeEXsrSD_8in_widthEERN3hls6streamIT0_Li0EEEPNSD_8weight_tEPNSD_6bias_tEE11kernel_data': Complete partitioning on dimension 1. (firmware/nnet_utils/nnet_conv_stream.h:271:0)
INFO: [HLS 214-248] Applying array_partition to 'res_out': Complete partitioning on dimension 1. (firmware/nnet_utils/nnet_conv_stream.h:274:29)
INFO: [HLS 214-248] Applying array_partition to 'mult': Complete partitioning on dimension 1. (firmware/nnet_utils/nnet_dense_latency.h:17:32)
INFO: [HLS 214-248] Applying array_partition to 'data': Complete partitioning on dimension 1. (firmware/nnet_utils/nnet_dense_stream.h:87:30)
INFO: [HLS 214-248] Applying array_partition to 'res': Complete partitioning on dimension 1. (firmware/nnet_utils/nnet_dense_stream.h:90:29)
INFO: [HLS 214-241] Aggregating fifo (hls::stream) variable 'layer8_out' with compact=bit mode in 72-bits (firmware/myproject.cpp:50:28)
INFO: [HLS 214-241] Aggregating fifo (hls::stream) variable 'layer7_out' with compact=bit mode in 128-bits (firmware/myproject.cpp:47:24)
INFO: [HLS 214-241] Aggregating fifo (hls::stream) variable 'layer6_out' with compact=bit mode in 312-bits (firmware/myproject.cpp:44:31)
INFO: [HLS 214-241] Aggregating fifo (hls::stream) variable 'layer4_out' with compact=bit mode in 64-bits (firmware/myproject.cpp:40:24)
INFO: [HLS 214-241] Aggregating fifo (hls::stream) variable 'layer3_out' with compact=bit mode in 64-bits (firmware/myproject.cpp:37:24)
INFO: [HLS 214-241] Aggregating fifo (hls::stream) variable 'layer2_out' with compact=bit mode in 148-bits (firmware/myproject.cpp:34:30)
INFO: [HLS 214-241] Aggregating bram variable 'void nnet::conv_2d_buffer_latency_cl<nnet::array<ap_fixed<16, 6, (ap_q_mode)5, (ap_o_mode)3, 0>, 1u>, nnet::array<ap_fixed<37, 17, (ap_q_mode)5, (ap_o_mode)3, 0>, 4u>, config2>(hls::stream<nnet::array<ap_fixed<16, 6, (ap_q_mode)5, (ap_o_mode)3, 0>, 1u>, 0>&, hls::stream<nnet::array<ap_fixed<37, 17, (ap_q_mode)5, (ap_o_mode)3, 0>, 4u>, 0>&, config2::weight_t*, config2::bias_t*)::line_buffer' with compact=bit mode in 16-bits
INFO: [HLS 214-241] Aggregating bram variable 'void nnet::pooling2d_cl<nnet::array<ap_fixed<16, 6, (ap_q_mode)5, (ap_o_mode)3, 0>, 4u>, nnet::array<ap_fixed<16, 6, (ap_q_mode)5, (ap_o_mode)3, 0>, 4u>, config4>(hls::stream<nnet::array<ap_fixed<16, 6, (ap_q_mode)5, (ap_o_mode)3, 0>, 4u>, 0>&, hls::stream<nnet::array<ap_fixed<16, 6, (ap_q_mode)5, (ap_o_mode)3, 0>, 4u>, 0>&)::line_buffer' with compact=bit mode in 16-bits
INFO: [HLS 214-376] automatically set the pipeline for Loop< VITIS_LOOP_151_1> at firmware/nnet_utils/nnet_activation.h:151:23 
INFO: [HLS 214-364] Automatically inlining function 'void nnet::dense_latency<ap_fixed<16, 6, (ap_q_mode)5, (ap_o_mode)3, 0>, ap_fixed<39, 19, (ap_q_mode)5, (ap_o_mode)3, 0>, config6>(ap_fixed<16, 6, (ap_q_mode)5, (ap_o_mode)3, 0>*, ap_fixed<39, 19, (ap_q_mode)5, (ap_o_mode)3, 0>*, config6::weight_t*, config6::bias_t*)' to improve effectiveness of pipeline pragma in function 'void nnet::dense_latency_wrapper<ap_fixed<16, 6, (ap_q_mode)5, (ap_o_mode)3, 0>, ap_fixed<39, 19, (ap_q_mode)5, (ap_o_mode)3, 0>, config6>(ap_fixed<16, 6, (ap_q_mode)5, (ap_o_mode)3, 0>*, ap_fixed<39, 19, (ap_q_mode)5, (ap_o_mode)3, 0>*, config6::weight_t*, config6::bias_t*)' (firmware/nnet_utils/nnet_dense_stream.h:17:2)
INFO: [HLS 214-364] Automatically inlining function 'void nnet::dense_latency<ap_fixed<16, 6, (ap_q_mode)5, (ap_o_mode)3, 0>, ap_fixed<36, 16, (ap_q_mode)5, (ap_o_mode)3, 0>, config8>(ap_fixed<16, 6, (ap_q_mode)5, (ap_o_mode)3, 0>*, ap_fixed<36, 16, (ap_q_mode)5, (ap_o_mode)3, 0>*, config8::weight_t*, config8::bias_t*)' to improve effectiveness of pipeline pragma in function 'void nnet::dense_latency_wrapper<ap_fixed<16, 6, (ap_q_mode)5, (ap_o_mode)3, 0>, ap_fixed<36, 16, (ap_q_mode)5, (ap_o_mode)3, 0>, config8>(ap_fixed<16, 6, (ap_q_mode)5, (ap_o_mode)3, 0>*, ap_fixed<36, 16, (ap_q_mode)5, (ap_o_mode)3, 0>*, config8::weight_t*, config8::bias_t*)' (firmware/nnet_utils/nnet_dense_stream.h:17:2)
INFO: [HLS 214-449] Automatically partitioning array 'in_elem' dimension 1 completely based on constant index.
INFO: [HLS 214-270] Inferring pragma 'array_partition type=complete dim=1' for array 'ref.tmp' due to pipeline pragma
INFO: [HLS 214-248] Applying array_partition to 'ref.tmp': Complete partitioning on dimension 1.
INFO-FLOW: DBG:PUTS: copy_raw_kernel_xml ap_link_39: kernel.xml not generated: C:/Users/OmilosNeonTexn/Desktop/fpga_cnn_hls4ml/hls4ml_init/hls4ml_cnn_zcu106/myproject_prj/solution1/.autopilot/db/kernel.internal.xml
INFO: [HLS 200-111] Finished Compiling Optimization and Transform: CPU user time: 5 seconds. CPU system time: 1 seconds. Elapsed time: 47.093 seconds; current allocated memory: 626.602 MB.
INFO: [HLS 200-111] Finished Checking Pragmas: CPU user time: 0 seconds. CPU system time: 0 seconds. Elapsed time: 0.007 seconds; current allocated memory: 626.605 MB.
Execute         opt_and_import_c a -opt_level=2 -skip_syncheck=0 -ng=0 -keep_printf=0 
Execute           cleanup_all_models 
INFO: [HLS 200-10] Starting code transformations ...
INFO-FLOW: Running Standard Transforms...
Execute           transform -hls -share-std-xform -demangle-name -inline-byval-memcpy -always-inline -promote-dbg-pointer -interface-preproc -mem2reg -scalarrepl -mem2reg -keep-read-access -instcombine -dce -promote-dbg-pointer -bitop-raise -loop-simplify -indvarspre -indvars -loop-simplify -constprop -instcombine -simplifycfg -indvars -simplifycfg -dce -globaldce -basicaa -simplifycfg -mem2reg -globalopt -global-constprop -deadargelim -instcombine -simplifycfg -scalarrepl -instcombine -reassociate -licm -simplifycfg -loop-simplify -indvars -instcombine -simplifycfg -mem2reg -loop-simplify -indvars -instcombine -gvn -gvn -instcombine -adce -break-crit-edges -simplifycfg -loop-delete -global-array-opt -dce -dse -adce -find-syn-modules -top myproject -deadargelim -mem2reg -instcombine -dce -presyn-prepare -interface-preproc -syn-check -check-rec-only -find-region -simplifycfg -func-extr -function-inline -globaldce -mem2reg -instcombine -dce -gvn -globaldce -adce -adse -constprop -instcombine -bit-constprop -instcombine -dce -simplifycfg -bitop-raise -simplifycfg -dce -loop-delete -reassociate -globalopt -global-privatize -mem2reg -dce -global-constprop -pointer-simplify -constprop -dce -promote-dbg-pointer -norm-name C:/Users/OmilosNeonTexn/Desktop/fpga_cnn_hls4ml/hls4ml_init/hls4ml_cnn_zcu106/myproject_prj/solution1/.autopilot/db/a.g.0.bc -o C:/Users/OmilosNeonTexn/Desktop/fpga_cnn_hls4ml/hls4ml_init/hls4ml_cnn_zcu106/myproject_prj/solution1/.autopilot/db/a.g.1.bc -f -phase std-opt 
Command           transform done; 1.196 sec.
INFO: [HLS 200-111] Finished Standard Transforms: CPU user time: 0 seconds. CPU system time: 0 seconds. Elapsed time: 1.32 seconds; current allocated memory: 635.898 MB.
INFO: [HLS 200-10] Checking synthesizability ...
INFO-FLOW: Checking Synthesizability 1/2..
Execute           transform -hls -syn-check -check-rec-only -scalarrepl -norm-name -dce -mem2reg -instcombine -directive-preproc -mem2reg -dse -dce -dce -pag -array-normalize -instcombine -dce -array-seg-normalize -instcombine -dce -data-pack -instcombine -dce -inst-simplify -array-flatten -instcombine -dce -array-burst -dce -deadargelim -promote-global-argument -simplifycfg -mem2reg -globaldce -dce -deadargelim -dce -instcombine -function-inline -globaldce -dce -doublePtrSimplify -doublePtrElim -dce -doublePtrSimplify -promote-dbg-pointer -dce -scalarrepl -dse -adse -instcombine -ptrLegalization -simplifycfg -dce -instcombine -pointer-simplify -ptrArgReplace -dce -instcombine -resolve-double-ptr -scalarrepl -norm-name -dce -mem2reg -instcombine -ptrLegalization -simplifycfg -deadargelim -instcombine -dce -inst-simplify -directive-preproc -mem2reg -dse -dce -globaldce C:/Users/OmilosNeonTexn/Desktop/fpga_cnn_hls4ml/hls4ml_init/hls4ml_cnn_zcu106/myproject_prj/solution1/.autopilot/db/a.g.1.bc -o C:/Users/OmilosNeonTexn/Desktop/fpga_cnn_hls4ml/hls4ml_init/hls4ml_cnn_zcu106/myproject_prj/solution1/.autopilot/db/a.g.2.prechk.bc -f 
Command           transform done; 0.59 sec.
INFO-FLOW: Checking Synthesizability 2/2..
Execute           transform -syn-check C:/Users/OmilosNeonTexn/Desktop/fpga_cnn_hls4ml/hls4ml_init/hls4ml_cnn_zcu106/myproject_prj/solution1/.autopilot/db/a.g.2.prechk.bc -o C:/Users/OmilosNeonTexn/Desktop/fpga_cnn_hls4ml/hls4ml_init/hls4ml_cnn_zcu106/myproject_prj/solution1/.autopilot/db/a.g.2.bc -f -phase syn-check 
WARNING: [SYNCHK 200-23] firmware/nnet_utils/nnet_activation.h:138: variable-indexed range selection may cause suboptimal QoR.
INFO: [SYNCHK 200-10] 0 error(s), 1 warning(s).
Command           transform done; 0.137 sec.
INFO: [HLS 200-111] Finished Checking Synthesizability: CPU user time: 1 seconds. CPU system time: 0 seconds. Elapsed time: 0.748 seconds; current allocated memory: 642.445 MB.
INFO-FLOW: Compiler optimizing ...
INFO-FLOW: Share syncheck's 1.bc for syn flow: copy C:/Users/OmilosNeonTexn/Desktop/fpga_cnn_hls4ml/hls4ml_init/hls4ml_cnn_zcu106/myproject_prj/solution1/.autopilot/db/a.g.1.bc to C:/Users/OmilosNeonTexn/Desktop/fpga_cnn_hls4ml/hls4ml_init/hls4ml_cnn_zcu106/myproject_prj/solution1/.autopilot/db/a.o.1.bc
INFO-FLOW: Presyn 1...
Execute           transform -hls -tmp C:/Users/OmilosNeonTexn/Desktop/fpga_cnn_hls4ml/hls4ml_init/hls4ml_cnn_zcu106/myproject_prj/solution1/.autopilot/db -interface-port-rename -directive-preproc -mem2reg -dse -dce -scalarrepl -norm-name -deadargelim -dce -hls-dead-arg-elim -deadargelim -mem2reg -instcombine -dce -simplifycfg -dce -resource-proc -clib-intrinsic-prepare -dce -func-buffer -dce -pag -array-normalize -func-legal -instcombine -gvn -constprop -dce -simplifycfg -mem2reg -globaldce -resolve-double-ptr -dce -deadargelim -dce -instcombine -ptrArgReplace -mem2reg -dce -array-seg-normalize -deadargelim -instcombine -dce -directive-preproc -mem2reg -dse -dce -pointer-simplify -dce -port-alignment -dce -interface-preproc -data-pack -instcombine -dce -basicaa -aggr-aa -aggrmodref-aa -aggr-aa -gvn -gvn -basicaa -aggr-aa -aggrmodref-aa -aggr-aa -dse -adse -adce -loop-simplify -indvars -instcombine -gvn -loop-simplify -mem2reg -dce -find-region -instcombine -inst-simplify -interface-preproc -cfgopt -instcombine -indvars -loop-simplify -loop-bound -constprop -instcombine -simplifycfg -indvars -simplifycfg -dce -globaldce -clean-region -attach-range -gvn -inst-simplify -constprop -simplifycfg -dce -pointer-simplify -dce -globalopt -constprop -dce -ptrArgReplace -mem2reg -simplifycfg -dce -instcombine -dce -array-transform-check -array-reshape -instcombine -simplifycfg -dce -ptrArgReplace -deadargelim -mem2reg -instcombine -simplifycfg -dce -indvars -loop-simplify -loop-bound -constprop -instcombine -simplifycfg -indvars -simplifycfg -dce -globaldce -basicaa -aggr-aa -aggrmodref-aa -aggr-aa -dse -duplicate-dataflow-processes -globaldce -instcombine -array-partition -prepare-dynamic-array-partition -instcombine -simplifycfg -dce -ptrArgReplace -global-constprop -deadargelim -mem2reg -func-legal -dce -global-constprop -deadargelim -mem2reg -simplifycfg -dce -merge-param -deadargelim -globalopt -constprop -dce -ptrArgReplace -mem2reg -simplifycfg -dce -mem-intrinsic-preproc -dce -global-internalize -global-privatize -mem2reg -globaldce -lcssa -loop-simplify -phi-select-elim -promote-global-argument -ptrArgReplace -mem2reg -dce -globalopt -mergereturn -simplify-global-access -mem2reg -dce -pointer-simplify -dce -basicaa -aggr-aa -aggrmodref-aa -aggr-aa -functionattrs -basicaa -aggr-aa -aggrmodref-aa -aggr-aa -gvn -gvn -basicaa -aggr-aa -aggrmodref-aa -aggr-aa -dse -adse -adce -dce -norm-name -basicaa -aggr-aa -aggrmodref-aa -aggr-aa -accesses-merge -function-inline -complex-op-raise -inst-simplify -globaldce -func-legal -dce -loop-bound -arraycheck -bitwidthmin2 -bitwidthmin2 -on-by-dataflow -loop-delete -instcombine -simplifycfg -globaldce -dce -gvn -deadargelim -dce -loop-simplify -clean-region -simplifycfg -propagate-stable-arguments -instcombine -simplifycfg -dce -globaldce -duplicate-dataflow-processes -stream-intrinsic-preproc -dce -check-ap-stream -loop-simplify -eliminate-keepreads -extract-dataflow-in-loop -loop-simplify -dce -gvn -deadargelim -dse -duplicate-dataflow-processes -check-dataflow-syntax -legalize-stream-variable -globaldce -legalize-global -extract-subproc -dce -dead-channel-elimination -canonicalize-gep -globaldce -dce -gvn -hls-dead-arg-elim -deadargelim -directive-preproc -canonicalize-dataflow -dce -globaldce -scalar-preprocessing -scalar-propagation2 -scalar-stream -deadargelim -globaldce -mem2reg -check-dataflow-channels -function-stream -dce -globaldce -prop-fifo-spec -internal-stream-gen -canonicalize-gep -globaldce -dce -gvn -deadargelim -mergereturn -indvars -loop-simplify -instcombine -array-stream -array-seg-normalize -array-partition -clean-array-spec -func-legal -instcombine -simplifycfg -dce -bundle-memfifo-ops -deadargelim -directive-preproc -mem2reg -dse -dce -group-axi-access -licm -simplifycfg -dce -loop-delete -hls-display -norm-name C:/Users/OmilosNeonTexn/Desktop/fpga_cnn_hls4ml/hls4ml_init/hls4ml_cnn_zcu106/myproject_prj/solution1/.autopilot/db/a.o.1.bc -o C:/Users/OmilosNeonTexn/Desktop/fpga_cnn_hls4ml/hls4ml_init/hls4ml_cnn_zcu106/myproject_prj/solution1/.autopilot/db/a.o.1.tmp.bc -f 
INFO: [XFORM 203-712] Applying dataflow to function 'myproject' (firmware/myproject.cpp:8), detected/extracted 7 process function(s): 
	 'nnet::conv_2d_cl<nnet::array<ap_fixed<16, 6, (ap_q_mode)5, (ap_o_mode)3, 0>, 1u>, nnet::array<ap_fixed<37, 17, (ap_q_mode)5, (ap_o_mode)3, 0>, 4u>, config2>'
	 'nnet::relu<nnet::array<ap_fixed<37, 17, (ap_q_mode)5, (ap_o_mode)3, 0>, 4u>, nnet::array<ap_fixed<16, 6, (ap_q_mode)5, (ap_o_mode)3, 0>, 4u>, relu_config3>'
	 'nnet::pooling2d_cl<nnet::array<ap_fixed<16, 6, (ap_q_mode)5, (ap_o_mode)3, 0>, 4u>, nnet::array<ap_fixed<16, 6, (ap_q_mode)5, (ap_o_mode)3, 0>, 4u>, config4>'
	 'nnet::dense<nnet::array<ap_fixed<16, 6, (ap_q_mode)5, (ap_o_mode)3, 0>, 4u>, nnet::array<ap_fixed<39, 19, (ap_q_mode)5, (ap_o_mode)3, 0>, 8u>, config6>'
	 'nnet::relu<nnet::array<ap_fixed<39, 19, (ap_q_mode)5, (ap_o_mode)3, 0>, 8u>, nnet::array<ap_fixed<16, 6, (ap_q_mode)5, (ap_o_mode)3, 0>, 8u>, relu_config7>'
	 'nnet::dense<nnet::array<ap_fixed<16, 6, (ap_q_mode)5, (ap_o_mode)3, 0>, 8u>, nnet::array<ap_fixed<36, 16, (ap_q_mode)5, (ap_o_mode)3, 0>, 2u>, config8>'
	 'nnet::softmax<nnet::array<ap_fixed<36, 16, (ap_q_mode)5, (ap_o_mode)3, 0>, 2u>, nnet::array<ap_fixed<16, 6, (ap_q_mode)5, (ap_o_mode)3, 0>, 2u>, softmax_config9>'.
Command           transform done; 1.031 sec.
INFO-FLOW: Presyn 2...
Execute           transform -hls -keep-callgraph -scalarrepl -mem2reg -port-alignment -attach-range -dce -pipe-mux-gen -indvars -loop-bound -inst-simplify -instcombine -dce -merge-array-access -mem2reg -dce -clean-region -mergereturn -if-conv -instcombine -dce -constprop -basicaa -aggr-aa -aggrmodref-aa -aggr-aa -gvn -gvn -basicaa -aggr-aa -aggrmodref-aa -aggr-aa -dse -adse -adce -scalarrepl -mem2reg -global-constprop -deadargelim -deadargelim -instcombine -dce -simplifycfg -ptrArgReplace -mem2reg -function-inline -globaldce -mem2reg -instcombine -dce -expr-balance -instcombine -dce -bitwidthmin2 -bitwidthmin2 -interface-preproc -directive-preproc -inst-rectify -instcombine -dce -basicaa -aggr-aa -aggrmodref-aa -aggr-aa -functionattrs -constprop -instcombine -bit-constprop -simplify-global-access -globalopt -globaldce -inst-simplify -instcombine -elimdeaddata -dce -loop-delete -simplifycfg -loop-simplify -barrier -norm-name C:/Users/OmilosNeonTexn/Desktop/fpga_cnn_hls4ml/hls4ml_init/hls4ml_cnn_zcu106/myproject_prj/solution1/.autopilot/db/a.o.1.tmp.bc -o C:/Users/OmilosNeonTexn/Desktop/fpga_cnn_hls4ml/hls4ml_init/hls4ml_cnn_zcu106/myproject_prj/solution1/.autopilot/db/a.o.2.bc -f -phase presyn 
INFO: [XFORM 203-401] Performing if-conversion on hyperblock from (firmware/nnet_utils/nnet_activation.h:151:37) to (firmware/nnet_utils/nnet_activation.h:151:23) in function 'nnet::init_exp_table<ap_ufixed<35, 15, (ap_q_mode)5, (ap_o_mode)3, 0>, softmax_config9>'... converting 38 basic blocks.
INFO: [XFORM 203-11] Balancing expressions in function 'nnet::dense_latency_wrapper<ap_fixed<16, 6, (ap_q_mode)5, (ap_o_mode)3, 0>, ap_fixed<39, 19, (ap_q_mode)5, (ap_o_mode)3, 0>, config6>' (firmware/nnet_utils/nnet_mult.h:13:11)...288 expression(s) balanced.
INFO: [XFORM 203-11] Balancing expressions in function 'nnet::dense_latency_wrapper<ap_fixed<16, 6, (ap_q_mode)5, (ap_o_mode)3, 0>, ap_fixed<36, 16, (ap_q_mode)5, (ap_o_mode)3, 0>, config8>' (firmware/nnet_utils/nnet_dense_stream.h:13:1)...16 expression(s) balanced.
INFO: [XFORM 203-11] Balancing expressions in function 'nnet::dense_latency<ap_fixed<16, 6, (ap_q_mode)5, (ap_o_mode)3, 0>, ap_fixed<37, 17, (ap_q_mode)5, (ap_o_mode)3, 0>, config2_mult>' (firmware/nnet_utils/nnet_dense_latency.h:13:55)...36 expression(s) balanced.
Command           transform done; 0.455 sec.
INFO: [HLS 200-111] Finished Loop, function and other optimizations: CPU user time: 1 seconds. CPU system time: 0 seconds. Elapsed time: 1.492 seconds; current allocated memory: 669.512 MB.
Execute           transform -hls -auto-function-inline -globaldce -ptrArgReplace -mem2reg -dce -reset-lda -loop-simplify -indvars -aggr-aa -licm -loop-dep -loop-bound -licm -loop-simplify -loop-sink-hoist -flattenloopnest -array-flatten -gvn -instcombine -dce -array-map -dce -func-legal -gvn -adce -instcombine -cfgopt -simplifycfg-lite -loop-simplify -array-burst -promote-global-argument -dce -array-seg-normalize -basicaa -aggrmodref-aa -globalsmodref-aa -aggr-aa -gvn -gvn -basicaa -aggrmodref-aa -globalsmodref-aa -aggr-aa -dse -adse -adce -licm -inst-simplify -dce -globaldce -instcombine -array-stream -eliminate-keepreads -instcombine -dce -deadargelim -doublePtrSimplify -doublePtrElim -dce -doublePtrSimplify -promote-dbg-pointer -dce -scalarrepl -mem2reg -norm-name -mem2reg -instcombine -dse -adse -adce -ptrLegalization -dce -array-flatten -dce -instcombine -check-doubleptr -loop-rot -constprop -inst-simplify -cfgopt -simplifycfg-lite -loop-simplify -indvars -pointer-simplify -dce -loop-bound -loop-simplify -loop-preproc -constprop -global-constprop -gvn -mem2reg -instcombine -dce -loop-bound -loop-merge -dce -deadargelim -dce -canonicalize-dataflow -dce -deadargelim -globaldce -mem2reg -bram-byte-enable -inst-simplify -inst-rectify -instcombine -adce -deadargelim -load-elim -read-loop-dep -loop-simplify -loop-rewind-sink-hoist -loop-outline -hls-dead-arg-elim -directive-preproc -bitwidthmin2 -bitwidthmin2 -read-loop-dep -interface-preproc -directive-preproc -interface-gen -bram-byte-enable-spec-prop -mul2addshift -deadargelim -inst-simplify -dce -mem2reg -instcombine -gvn -dce -adse -loop-bound -instcombine -cfgopt -simplifycfg-lite -loop-simplify -clean-region -io-protocol -find-region -mem2reg -bitop-raise -complex-op-raise -inst-simplify -inst-rectify -instcombine -adce -deadargelim -float-op-raise -loop-simplify -phi-opt -bitop-raise -cfgopt -simplifycfg-lite -strip-dead-prototypes -interface-lower -bitop-lower -intrinsic-lower -auto-function-inline -basicaa -aggrmodref-aa -globalsmodref-aa -aggr-aa -inst-simplify -simplifycfg-lite -loop-simplify -mergereturn -inst-simplify -inst-rectify -globaldce -dce -load-elim -bitop-lower -float-op-raise -fma-raise -loop-rewind -pointer-simplify -dce -cfgopt -dce -loop-bound -loop-dep -read-loop-dep -dce -dyn-mem-reuse -dce -recurrence-min -dce -share-scalar-alloca -deadargelim -dce -check-stream -norm-name -legalize -inst-clarity -bitwidth -dce -validate-dataflow -dump-loop-dep-to-ir -check-all-ssdm -dump-complexity-metric C:/Users/OmilosNeonTexn/Desktop/fpga_cnn_hls4ml/hls4ml_init/hls4ml_cnn_zcu106/myproject_prj/solution1/.autopilot/db/a.o.2.bc -o C:/Users/OmilosNeonTexn/Desktop/fpga_cnn_hls4ml/hls4ml_init/hls4ml_cnn_zcu106/myproject_prj/solution1/.autopilot/db/a.o.3.bc -f -phase build-ssdm 
INFO: [XFORM 203-541] Flattening a loop nest 'ReadInputHeight' (firmware/nnet_utils/nnet_pooling_stream.h:109:5) in function 'nnet::pooling2d_cl<nnet::array<ap_fixed<16, 6, (ap_q_mode)5, (ap_o_mode)3, 0>, 4u>, nnet::array<ap_fixed<16, 6, (ap_q_mode)5, (ap_o_mode)3, 0>, 4u>, config4>'.
INFO: [XFORM 203-541] Flattening a loop nest 'ReadInputHeight' (firmware/nnet_utils/nnet_conv2d_stream.h:25:5) in function 'nnet::conv_2d_cl<nnet::array<ap_fixed<16, 6, (ap_q_mode)5, (ap_o_mode)3, 0>, 1u>, nnet::array<ap_fixed<37, 17, (ap_q_mode)5, (ap_o_mode)3, 0>, 4u>, config2>'.
Execute             auto_get_db
Command           transform done; 0.937 sec.
INFO-FLOW: Building ssdm...
Execute           transform -hls -cdfg-build C:/Users/OmilosNeonTexn/Desktop/fpga_cnn_hls4ml/hls4ml_init/hls4ml_cnn_zcu106/myproject_prj/solution1/.autopilot/db/a.o.3.bc -o C:/Users/OmilosNeonTexn/Desktop/fpga_cnn_hls4ml/hls4ml_init/hls4ml_cnn_zcu106/myproject_prj/solution1/.autopilot/db/a.o.3.bc -f -phase build-ssdm 
Command           transform done; 0.394 sec.
INFO: [HLS 200-111] Finished Architecture Synthesis: CPU user time: 1 seconds. CPU system time: 0 seconds. Elapsed time: 1.334 seconds; current allocated memory: 810.559 MB.
INFO-FLOW: Finish building internal data model.
Command         opt_and_import_c done; 4.932 sec.
Command       elaborate done; 155.021 sec.
Execute       ap_eval exec zip -j C:/Users/OmilosNeonTexn/Desktop/fpga_cnn_hls4ml/hls4ml_init/hls4ml_cnn_zcu106/myproject_prj/solution1/.autopilot/db/dut.hcp $dbDir/a.o.3.bc $dbDir/${topname}.rtl_wrap.cfg.tcl $dbDir/apatb_${topname}.cpp $dbDir/apatb_${topname}_util.cpp $dbDir/apatb_${topname}_ir.ll $dbDir/mapper_${topname}.cpp $dbDir/top-io-fe.xml $dbDir/kernel.internal.xml $workdir/../hls.app 
Command       ap_eval done; 3.041 sec.
Execute       autosyn -from_csynth_design=1 
INFO: [HLS 200-10] Starting hardware synthesis ...
INFO-FLOW: Synthesizing C/C++ design ...
INFO: [HLS 200-10] Synthesizing 'myproject' ...
Execute         ap_set_top_model myproject 
WARNING: [SYN 201-103] Legalizing function name 'shift_line_buffer<array<ap_fixed<16, 6, 5, 3, 0>, 1u>, config2>' to 'shift_line_buffer_array_ap_fixed_16_6_5_3_0_1u_config2_s'.
WARNING: [SYN 201-103] Legalizing function name 'dense_latency<ap_fixed<16, 6, 5, 3, 0>, ap_fixed<37, 17, 5, 3, 0>, config2_mult>' to 'dense_latency_ap_fixed_16_6_5_3_0_ap_fixed_37_17_5_3_0_config2_mult_s'.
WARNING: [SYN 201-103] Legalizing function name 'compute_output_buffer_2d<array,array<ap_fixed<37,17,5,3,0>,4u>,config2>' to 'compute_output_buffer_2d_array_array_ap_fixed_37_17_5_3_0_4u_config2_s'.
WARNING: [SYN 201-103] Legalizing function name 'conv_2d_cl<array<ap_fixed,1u>,array<ap_fixed<37,17,5,3,0>,4u>,config2>' to 'conv_2d_cl_array_ap_fixed_1u_array_ap_fixed_37_17_5_3_0_4u_config2_s'.
WARNING: [SYN 201-103] Legalizing function name 'relu<array<ap_fixed,4u>,array<ap_fixed<16,6,5,3,0>,4u>,relu_config3>' to 'relu_array_ap_fixed_4u_array_ap_fixed_16_6_5_3_0_4u_relu_config3_s'.
WARNING: [SYN 201-103] Legalizing function name 'shift_line_buffer<array<ap_fixed<16, 6, 5, 3, 0>, 4u>, config4>' to 'shift_line_buffer_array_ap_fixed_16_6_5_3_0_4u_config4_s'.
WARNING: [SYN 201-103] Legalizing function name 'pooling2d_cl<array<ap_fixed,4u>,array<ap_fixed<16,6,5,3,0>,4u>,config4>' to 'pooling2d_cl_array_ap_fixed_4u_array_ap_fixed_16_6_5_3_0_4u_config4_s'.
WARNING: [SYN 201-103] Legalizing function name 'dense<array,array<ap_fixed<39,19,5,3,0>,8u>,config6>_Pipeline_DataPrepare' to 'dense_array_array_ap_fixed_39_19_5_3_0_8u_config6_Pipeline_DataPrepare'.
WARNING: [SYN 201-103] Legalizing function name 'dense_latency_wrapper<ap_fixed,ap_fixed<39,19,5,3,0>,config6>' to 'dense_latency_wrapper_ap_fixed_ap_fixed_39_19_5_3_0_config6_s'.
WARNING: [SYN 201-103] Legalizing function name 'dense<array<ap_fixed,4u>,array<ap_fixed<39,19,5,3,0>,8u>,config6>' to 'dense_array_ap_fixed_4u_array_ap_fixed_39_19_5_3_0_8u_config6_s'.
WARNING: [SYN 201-103] Legalizing function name 'relu<array<ap_fixed,8u>,array<ap_fixed<16,6,5,3,0>,8u>,relu_config7>' to 'relu_array_ap_fixed_8u_array_ap_fixed_16_6_5_3_0_8u_relu_config7_s'.
WARNING: [SYN 201-103] Legalizing function name 'dense_latency_wrapper<ap_fixed,ap_fixed<36,16,5,3,0>,config8>' to 'dense_latency_wrapper_ap_fixed_ap_fixed_36_16_5_3_0_config8_s'.
WARNING: [SYN 201-103] Legalizing function name 'dense<array<ap_fixed,8u>,array<ap_fixed<36,16,5,3,0>,2u>,config8>' to 'dense_array_ap_fixed_8u_array_ap_fixed_36_16_5_3_0_2u_config8_s'.
WARNING: [SYN 201-103] Legalizing function name 'init_exp_table<ap_ufixed<35, 15, 5, 3, 0>, softmax_config9>' to 'init_exp_table_ap_ufixed_35_15_5_3_0_softmax_config9_s'.
WARNING: [SYN 201-103] Legalizing function name 'softmax_stable<array,array<ap_fixed<16,6,5,3,0>,2u>,softmax_config9>' to 'softmax_stable_array_array_ap_fixed_16_6_5_3_0_2u_softmax_config9_s'.
WARNING: [SYN 201-103] Legalizing function name 'softmax<array,array<ap_fixed<16,6,5,3,0>,2u>,softmax_config9>' to 'softmax_array_array_ap_fixed_16_6_5_3_0_2u_softmax_config9_s'.
Command         ap_set_top_model done; 0.384 sec.
Execute         get_model_list myproject -filter all-wo-channel -topdown 
Execute         preproc_iomode -model myproject 
Execute         preproc_iomode -model softmax<array,array<ap_fixed<16,6,5,3,0>,2u>,softmax_config9> 
Execute         preproc_iomode -model softmax_stable<array,array<ap_fixed<16,6,5,3,0>,2u>,softmax_config9> 
Execute         preproc_iomode -model init_exp_table<ap_ufixed<35, 15, 5, 3, 0>, softmax_config9> 
Execute         preproc_iomode -model dense<array<ap_fixed,8u>,array<ap_fixed<36,16,5,3,0>,2u>,config8> 
Execute         preproc_iomode -model dense_latency_wrapper<ap_fixed,ap_fixed<36,16,5,3,0>,config8> 
Execute         preproc_iomode -model relu<array<ap_fixed,8u>,array<ap_fixed<16,6,5,3,0>,8u>,relu_config7> 
Execute         preproc_iomode -model dense<array<ap_fixed,4u>,array<ap_fixed<39,19,5,3,0>,8u>,config6> 
Execute         preproc_iomode -model dense_latency_wrapper<ap_fixed,ap_fixed<39,19,5,3,0>,config6> 
Execute         preproc_iomode -model dense<array,array<ap_fixed<39,19,5,3,0>,8u>,config6>_Pipeline_DataPrepare 
Execute         preproc_iomode -model pooling2d_cl<array<ap_fixed,4u>,array<ap_fixed<16,6,5,3,0>,4u>,config4> 
Execute         preproc_iomode -model shift_line_buffer<array<ap_fixed<16, 6, 5, 3, 0>, 4u>, config4> 
Execute         preproc_iomode -model relu<array<ap_fixed,4u>,array<ap_fixed<16,6,5,3,0>,4u>,relu_config3> 
Execute         preproc_iomode -model conv_2d_cl<array<ap_fixed,1u>,array<ap_fixed<37,17,5,3,0>,4u>,config2> 
Execute         preproc_iomode -model compute_output_buffer_2d<array,array<ap_fixed<37,17,5,3,0>,4u>,config2> 
Execute         preproc_iomode -model dense_latency<ap_fixed<16, 6, 5, 3, 0>, ap_fixed<37, 17, 5, 3, 0>, config2_mult> 
Execute         preproc_iomode -model shift_line_buffer<array<ap_fixed<16, 6, 5, 3, 0>, 1u>, config2> 
Execute         get_model_list myproject -filter all-wo-channel 
INFO-FLOW: Model list for configure: {shift_line_buffer<array<ap_fixed<16, 6, 5, 3, 0>, 1u>, config2>} {dense_latency<ap_fixed<16, 6, 5, 3, 0>, ap_fixed<37, 17, 5, 3, 0>, config2_mult>} compute_output_buffer_2d<array,array<ap_fixed<37,17,5,3,0>,4u>,config2> conv_2d_cl<array<ap_fixed,1u>,array<ap_fixed<37,17,5,3,0>,4u>,config2> relu<array<ap_fixed,4u>,array<ap_fixed<16,6,5,3,0>,4u>,relu_config3> {shift_line_buffer<array<ap_fixed<16, 6, 5, 3, 0>, 4u>, config4>} pooling2d_cl<array<ap_fixed,4u>,array<ap_fixed<16,6,5,3,0>,4u>,config4> dense<array,array<ap_fixed<39,19,5,3,0>,8u>,config6>_Pipeline_DataPrepare dense_latency_wrapper<ap_fixed,ap_fixed<39,19,5,3,0>,config6> dense<array<ap_fixed,4u>,array<ap_fixed<39,19,5,3,0>,8u>,config6> relu<array<ap_fixed,8u>,array<ap_fixed<16,6,5,3,0>,8u>,relu_config7> dense_latency_wrapper<ap_fixed,ap_fixed<36,16,5,3,0>,config8> dense<array<ap_fixed,8u>,array<ap_fixed<36,16,5,3,0>,2u>,config8> {init_exp_table<ap_ufixed<35, 15, 5, 3, 0>, softmax_config9>} softmax_stable<array,array<ap_fixed<16,6,5,3,0>,2u>,softmax_config9> softmax<array,array<ap_fixed<16,6,5,3,0>,2u>,softmax_config9> myproject
INFO-FLOW: Configuring Module : shift_line_buffer<array<ap_fixed<16, 6, 5, 3, 0>, 1u>, config2> ...
Execute         set_default_model shift_line_buffer<array<ap_fixed<16, 6, 5, 3, 0>, 1u>, config2> 
Execute         apply_spec_resource_limit shift_line_buffer<array<ap_fixed<16, 6, 5, 3, 0>, 1u>, config2> 
INFO-FLOW: Configuring Module : dense_latency<ap_fixed<16, 6, 5, 3, 0>, ap_fixed<37, 17, 5, 3, 0>, config2_mult> ...
Execute         set_default_model dense_latency<ap_fixed<16, 6, 5, 3, 0>, ap_fixed<37, 17, 5, 3, 0>, config2_mult> 
Execute         apply_spec_resource_limit dense_latency<ap_fixed<16, 6, 5, 3, 0>, ap_fixed<37, 17, 5, 3, 0>, config2_mult> 
INFO-FLOW: Configuring Module : compute_output_buffer_2d<array,array<ap_fixed<37,17,5,3,0>,4u>,config2> ...
Execute         set_default_model compute_output_buffer_2d<array,array<ap_fixed<37,17,5,3,0>,4u>,config2> 
Execute         apply_spec_resource_limit compute_output_buffer_2d<array,array<ap_fixed<37,17,5,3,0>,4u>,config2> 
INFO-FLOW: Configuring Module : conv_2d_cl<array<ap_fixed,1u>,array<ap_fixed<37,17,5,3,0>,4u>,config2> ...
Execute         set_default_model conv_2d_cl<array<ap_fixed,1u>,array<ap_fixed<37,17,5,3,0>,4u>,config2> 
Execute         apply_spec_resource_limit conv_2d_cl<array<ap_fixed,1u>,array<ap_fixed<37,17,5,3,0>,4u>,config2> 
INFO-FLOW: Configuring Module : relu<array<ap_fixed,4u>,array<ap_fixed<16,6,5,3,0>,4u>,relu_config3> ...
Execute         set_default_model relu<array<ap_fixed,4u>,array<ap_fixed<16,6,5,3,0>,4u>,relu_config3> 
Execute         apply_spec_resource_limit relu<array<ap_fixed,4u>,array<ap_fixed<16,6,5,3,0>,4u>,relu_config3> 
INFO-FLOW: Configuring Module : shift_line_buffer<array<ap_fixed<16, 6, 5, 3, 0>, 4u>, config4> ...
Execute         set_default_model shift_line_buffer<array<ap_fixed<16, 6, 5, 3, 0>, 4u>, config4> 
Execute         apply_spec_resource_limit shift_line_buffer<array<ap_fixed<16, 6, 5, 3, 0>, 4u>, config4> 
INFO-FLOW: Configuring Module : pooling2d_cl<array<ap_fixed,4u>,array<ap_fixed<16,6,5,3,0>,4u>,config4> ...
Execute         set_default_model pooling2d_cl<array<ap_fixed,4u>,array<ap_fixed<16,6,5,3,0>,4u>,config4> 
Execute         apply_spec_resource_limit pooling2d_cl<array<ap_fixed,4u>,array<ap_fixed<16,6,5,3,0>,4u>,config4> 
INFO-FLOW: Configuring Module : dense<array,array<ap_fixed<39,19,5,3,0>,8u>,config6>_Pipeline_DataPrepare ...
Execute         set_default_model dense<array,array<ap_fixed<39,19,5,3,0>,8u>,config6>_Pipeline_DataPrepare 
Execute         apply_spec_resource_limit dense<array,array<ap_fixed<39,19,5,3,0>,8u>,config6>_Pipeline_DataPrepare 
INFO-FLOW: Configuring Module : dense_latency_wrapper<ap_fixed,ap_fixed<39,19,5,3,0>,config6> ...
Execute         set_default_model dense_latency_wrapper<ap_fixed,ap_fixed<39,19,5,3,0>,config6> 
Execute         apply_spec_resource_limit dense_latency_wrapper<ap_fixed,ap_fixed<39,19,5,3,0>,config6> 
INFO-FLOW: Configuring Module : dense<array<ap_fixed,4u>,array<ap_fixed<39,19,5,3,0>,8u>,config6> ...
Execute         set_default_model dense<array<ap_fixed,4u>,array<ap_fixed<39,19,5,3,0>,8u>,config6> 
Execute         apply_spec_resource_limit dense<array<ap_fixed,4u>,array<ap_fixed<39,19,5,3,0>,8u>,config6> 
INFO-FLOW: Configuring Module : relu<array<ap_fixed,8u>,array<ap_fixed<16,6,5,3,0>,8u>,relu_config7> ...
Execute         set_default_model relu<array<ap_fixed,8u>,array<ap_fixed<16,6,5,3,0>,8u>,relu_config7> 
Execute         apply_spec_resource_limit relu<array<ap_fixed,8u>,array<ap_fixed<16,6,5,3,0>,8u>,relu_config7> 
INFO-FLOW: Configuring Module : dense_latency_wrapper<ap_fixed,ap_fixed<36,16,5,3,0>,config8> ...
Execute         set_default_model dense_latency_wrapper<ap_fixed,ap_fixed<36,16,5,3,0>,config8> 
Execute         apply_spec_resource_limit dense_latency_wrapper<ap_fixed,ap_fixed<36,16,5,3,0>,config8> 
INFO-FLOW: Configuring Module : dense<array<ap_fixed,8u>,array<ap_fixed<36,16,5,3,0>,2u>,config8> ...
Execute         set_default_model dense<array<ap_fixed,8u>,array<ap_fixed<36,16,5,3,0>,2u>,config8> 
Execute         apply_spec_resource_limit dense<array<ap_fixed,8u>,array<ap_fixed<36,16,5,3,0>,2u>,config8> 
INFO-FLOW: Configuring Module : init_exp_table<ap_ufixed<35, 15, 5, 3, 0>, softmax_config9> ...
Execute         set_default_model init_exp_table<ap_ufixed<35, 15, 5, 3, 0>, softmax_config9> 
Execute         apply_spec_resource_limit init_exp_table<ap_ufixed<35, 15, 5, 3, 0>, softmax_config9> 
INFO-FLOW: Configuring Module : softmax_stable<array,array<ap_fixed<16,6,5,3,0>,2u>,softmax_config9> ...
Execute         set_default_model softmax_stable<array,array<ap_fixed<16,6,5,3,0>,2u>,softmax_config9> 
Execute         apply_spec_resource_limit softmax_stable<array,array<ap_fixed<16,6,5,3,0>,2u>,softmax_config9> 
INFO-FLOW: Configuring Module : softmax<array,array<ap_fixed<16,6,5,3,0>,2u>,softmax_config9> ...
Execute         set_default_model softmax<array,array<ap_fixed<16,6,5,3,0>,2u>,softmax_config9> 
Execute         apply_spec_resource_limit softmax<array,array<ap_fixed<16,6,5,3,0>,2u>,softmax_config9> 
INFO-FLOW: Configuring Module : myproject ...
Execute         set_default_model myproject 
Execute         apply_spec_resource_limit myproject 
INFO-FLOW: Model list for preprocess: {shift_line_buffer<array<ap_fixed<16, 6, 5, 3, 0>, 1u>, config2>} {dense_latency<ap_fixed<16, 6, 5, 3, 0>, ap_fixed<37, 17, 5, 3, 0>, config2_mult>} compute_output_buffer_2d<array,array<ap_fixed<37,17,5,3,0>,4u>,config2> conv_2d_cl<array<ap_fixed,1u>,array<ap_fixed<37,17,5,3,0>,4u>,config2> relu<array<ap_fixed,4u>,array<ap_fixed<16,6,5,3,0>,4u>,relu_config3> {shift_line_buffer<array<ap_fixed<16, 6, 5, 3, 0>, 4u>, config4>} pooling2d_cl<array<ap_fixed,4u>,array<ap_fixed<16,6,5,3,0>,4u>,config4> dense<array,array<ap_fixed<39,19,5,3,0>,8u>,config6>_Pipeline_DataPrepare dense_latency_wrapper<ap_fixed,ap_fixed<39,19,5,3,0>,config6> dense<array<ap_fixed,4u>,array<ap_fixed<39,19,5,3,0>,8u>,config6> relu<array<ap_fixed,8u>,array<ap_fixed<16,6,5,3,0>,8u>,relu_config7> dense_latency_wrapper<ap_fixed,ap_fixed<36,16,5,3,0>,config8> dense<array<ap_fixed,8u>,array<ap_fixed<36,16,5,3,0>,2u>,config8> {init_exp_table<ap_ufixed<35, 15, 5, 3, 0>, softmax_config9>} softmax_stable<array,array<ap_fixed<16,6,5,3,0>,2u>,softmax_config9> softmax<array,array<ap_fixed<16,6,5,3,0>,2u>,softmax_config9> myproject
INFO-FLOW: Preprocessing Module: shift_line_buffer<array<ap_fixed<16, 6, 5, 3, 0>, 1u>, config2> ...
Execute         set_default_model shift_line_buffer<array<ap_fixed<16, 6, 5, 3, 0>, 1u>, config2> 
Execute         cdfg_preprocess -model shift_line_buffer<array<ap_fixed<16, 6, 5, 3, 0>, 1u>, config2> 
Execute         rtl_gen_preprocess shift_line_buffer<array<ap_fixed<16, 6, 5, 3, 0>, 1u>, config2> 
INFO-FLOW: Preprocessing Module: dense_latency<ap_fixed<16, 6, 5, 3, 0>, ap_fixed<37, 17, 5, 3, 0>, config2_mult> ...
Execute         set_default_model dense_latency<ap_fixed<16, 6, 5, 3, 0>, ap_fixed<37, 17, 5, 3, 0>, config2_mult> 
Execute         cdfg_preprocess -model dense_latency<ap_fixed<16, 6, 5, 3, 0>, ap_fixed<37, 17, 5, 3, 0>, config2_mult> 
Execute         rtl_gen_preprocess dense_latency<ap_fixed<16, 6, 5, 3, 0>, ap_fixed<37, 17, 5, 3, 0>, config2_mult> 
INFO-FLOW: Preprocessing Module: compute_output_buffer_2d<array,array<ap_fixed<37,17,5,3,0>,4u>,config2> ...
Execute         set_default_model compute_output_buffer_2d<array,array<ap_fixed<37,17,5,3,0>,4u>,config2> 
Execute         cdfg_preprocess -model compute_output_buffer_2d<array,array<ap_fixed<37,17,5,3,0>,4u>,config2> 
Execute         rtl_gen_preprocess compute_output_buffer_2d<array,array<ap_fixed<37,17,5,3,0>,4u>,config2> 
INFO-FLOW: Preprocessing Module: conv_2d_cl<array<ap_fixed,1u>,array<ap_fixed<37,17,5,3,0>,4u>,config2> ...
Execute         set_default_model conv_2d_cl<array<ap_fixed,1u>,array<ap_fixed<37,17,5,3,0>,4u>,config2> 
Execute         cdfg_preprocess -model conv_2d_cl<array<ap_fixed,1u>,array<ap_fixed<37,17,5,3,0>,4u>,config2> 
Execute         rtl_gen_preprocess conv_2d_cl<array<ap_fixed,1u>,array<ap_fixed<37,17,5,3,0>,4u>,config2> 
INFO-FLOW: Preprocessing Module: relu<array<ap_fixed,4u>,array<ap_fixed<16,6,5,3,0>,4u>,relu_config3> ...
Execute         set_default_model relu<array<ap_fixed,4u>,array<ap_fixed<16,6,5,3,0>,4u>,relu_config3> 
Execute         cdfg_preprocess -model relu<array<ap_fixed,4u>,array<ap_fixed<16,6,5,3,0>,4u>,relu_config3> 
Execute         rtl_gen_preprocess relu<array<ap_fixed,4u>,array<ap_fixed<16,6,5,3,0>,4u>,relu_config3> 
INFO-FLOW: Preprocessing Module: shift_line_buffer<array<ap_fixed<16, 6, 5, 3, 0>, 4u>, config4> ...
Execute         set_default_model shift_line_buffer<array<ap_fixed<16, 6, 5, 3, 0>, 4u>, config4> 
Execute         cdfg_preprocess -model shift_line_buffer<array<ap_fixed<16, 6, 5, 3, 0>, 4u>, config4> 
Execute         rtl_gen_preprocess shift_line_buffer<array<ap_fixed<16, 6, 5, 3, 0>, 4u>, config4> 
INFO-FLOW: Preprocessing Module: pooling2d_cl<array<ap_fixed,4u>,array<ap_fixed<16,6,5,3,0>,4u>,config4> ...
Execute         set_default_model pooling2d_cl<array<ap_fixed,4u>,array<ap_fixed<16,6,5,3,0>,4u>,config4> 
Execute         cdfg_preprocess -model pooling2d_cl<array<ap_fixed,4u>,array<ap_fixed<16,6,5,3,0>,4u>,config4> 
Execute         rtl_gen_preprocess pooling2d_cl<array<ap_fixed,4u>,array<ap_fixed<16,6,5,3,0>,4u>,config4> 
INFO-FLOW: Preprocessing Module: dense<array,array<ap_fixed<39,19,5,3,0>,8u>,config6>_Pipeline_DataPrepare ...
Execute         set_default_model dense<array,array<ap_fixed<39,19,5,3,0>,8u>,config6>_Pipeline_DataPrepare 
Execute         cdfg_preprocess -model dense<array,array<ap_fixed<39,19,5,3,0>,8u>,config6>_Pipeline_DataPrepare 
Execute         rtl_gen_preprocess dense<array,array<ap_fixed<39,19,5,3,0>,8u>,config6>_Pipeline_DataPrepare 
INFO-FLOW: Preprocessing Module: dense_latency_wrapper<ap_fixed,ap_fixed<39,19,5,3,0>,config6> ...
Execute         set_default_model dense_latency_wrapper<ap_fixed,ap_fixed<39,19,5,3,0>,config6> 
Execute         cdfg_preprocess -model dense_latency_wrapper<ap_fixed,ap_fixed<39,19,5,3,0>,config6> 
Execute         rtl_gen_preprocess dense_latency_wrapper<ap_fixed,ap_fixed<39,19,5,3,0>,config6> 
INFO-FLOW: Preprocessing Module: dense<array<ap_fixed,4u>,array<ap_fixed<39,19,5,3,0>,8u>,config6> ...
Execute         set_default_model dense<array<ap_fixed,4u>,array<ap_fixed<39,19,5,3,0>,8u>,config6> 
Execute         cdfg_preprocess -model dense<array<ap_fixed,4u>,array<ap_fixed<39,19,5,3,0>,8u>,config6> 
Execute         rtl_gen_preprocess dense<array<ap_fixed,4u>,array<ap_fixed<39,19,5,3,0>,8u>,config6> 
INFO-FLOW: Preprocessing Module: relu<array<ap_fixed,8u>,array<ap_fixed<16,6,5,3,0>,8u>,relu_config7> ...
Execute         set_default_model relu<array<ap_fixed,8u>,array<ap_fixed<16,6,5,3,0>,8u>,relu_config7> 
Execute         cdfg_preprocess -model relu<array<ap_fixed,8u>,array<ap_fixed<16,6,5,3,0>,8u>,relu_config7> 
Execute         rtl_gen_preprocess relu<array<ap_fixed,8u>,array<ap_fixed<16,6,5,3,0>,8u>,relu_config7> 
INFO-FLOW: Preprocessing Module: dense_latency_wrapper<ap_fixed,ap_fixed<36,16,5,3,0>,config8> ...
Execute         set_default_model dense_latency_wrapper<ap_fixed,ap_fixed<36,16,5,3,0>,config8> 
Execute         cdfg_preprocess -model dense_latency_wrapper<ap_fixed,ap_fixed<36,16,5,3,0>,config8> 
Execute         rtl_gen_preprocess dense_latency_wrapper<ap_fixed,ap_fixed<36,16,5,3,0>,config8> 
INFO-FLOW: Preprocessing Module: dense<array<ap_fixed,8u>,array<ap_fixed<36,16,5,3,0>,2u>,config8> ...
Execute         set_default_model dense<array<ap_fixed,8u>,array<ap_fixed<36,16,5,3,0>,2u>,config8> 
Execute         cdfg_preprocess -model dense<array<ap_fixed,8u>,array<ap_fixed<36,16,5,3,0>,2u>,config8> 
Execute         rtl_gen_preprocess dense<array<ap_fixed,8u>,array<ap_fixed<36,16,5,3,0>,2u>,config8> 
INFO-FLOW: Preprocessing Module: init_exp_table<ap_ufixed<35, 15, 5, 3, 0>, softmax_config9> ...
Execute         set_default_model init_exp_table<ap_ufixed<35, 15, 5, 3, 0>, softmax_config9> 
Execute         cdfg_preprocess -model init_exp_table<ap_ufixed<35, 15, 5, 3, 0>, softmax_config9> 
Execute         rtl_gen_preprocess init_exp_table<ap_ufixed<35, 15, 5, 3, 0>, softmax_config9> 
INFO-FLOW: Preprocessing Module: softmax_stable<array,array<ap_fixed<16,6,5,3,0>,2u>,softmax_config9> ...
Execute         set_default_model softmax_stable<array,array<ap_fixed<16,6,5,3,0>,2u>,softmax_config9> 
Execute         cdfg_preprocess -model softmax_stable<array,array<ap_fixed<16,6,5,3,0>,2u>,softmax_config9> 
Execute         rtl_gen_preprocess softmax_stable<array,array<ap_fixed<16,6,5,3,0>,2u>,softmax_config9> 
INFO-FLOW: Preprocessing Module: softmax<array,array<ap_fixed<16,6,5,3,0>,2u>,softmax_config9> ...
Execute         set_default_model softmax<array,array<ap_fixed<16,6,5,3,0>,2u>,softmax_config9> 
Execute         cdfg_preprocess -model softmax<array,array<ap_fixed<16,6,5,3,0>,2u>,softmax_config9> 
Execute         rtl_gen_preprocess softmax<array,array<ap_fixed<16,6,5,3,0>,2u>,softmax_config9> 
INFO-FLOW: Preprocessing Module: myproject ...
Execute         set_default_model myproject 
Execute         cdfg_preprocess -model myproject 
Execute         rtl_gen_preprocess myproject 
INFO-FLOW: Model list for synthesis: {shift_line_buffer<array<ap_fixed<16, 6, 5, 3, 0>, 1u>, config2>} {dense_latency<ap_fixed<16, 6, 5, 3, 0>, ap_fixed<37, 17, 5, 3, 0>, config2_mult>} compute_output_buffer_2d<array,array<ap_fixed<37,17,5,3,0>,4u>,config2> conv_2d_cl<array<ap_fixed,1u>,array<ap_fixed<37,17,5,3,0>,4u>,config2> relu<array<ap_fixed,4u>,array<ap_fixed<16,6,5,3,0>,4u>,relu_config3> {shift_line_buffer<array<ap_fixed<16, 6, 5, 3, 0>, 4u>, config4>} pooling2d_cl<array<ap_fixed,4u>,array<ap_fixed<16,6,5,3,0>,4u>,config4> dense<array,array<ap_fixed<39,19,5,3,0>,8u>,config6>_Pipeline_DataPrepare dense_latency_wrapper<ap_fixed,ap_fixed<39,19,5,3,0>,config6> dense<array<ap_fixed,4u>,array<ap_fixed<39,19,5,3,0>,8u>,config6> relu<array<ap_fixed,8u>,array<ap_fixed<16,6,5,3,0>,8u>,relu_config7> dense_latency_wrapper<ap_fixed,ap_fixed<36,16,5,3,0>,config8> dense<array<ap_fixed,8u>,array<ap_fixed<36,16,5,3,0>,2u>,config8> {init_exp_table<ap_ufixed<35, 15, 5, 3, 0>, softmax_config9>} softmax_stable<array,array<ap_fixed<16,6,5,3,0>,2u>,softmax_config9> softmax<array,array<ap_fixed<16,6,5,3,0>,2u>,softmax_config9> myproject
INFO: [HLS 200-10] ----------------------------------------------------------------
INFO: [HLS 200-42] -- Implementing module 'shift_line_buffer_array_ap_fixed_16_6_5_3_0_1u_config2_s' 
INFO: [HLS 200-10] ----------------------------------------------------------------
Execute         set_default_model shift_line_buffer<array<ap_fixed<16, 6, 5, 3, 0>, 1u>, config2> 
Execute         schedule -model shift_line_buffer<array<ap_fixed<16, 6, 5, 3, 0>, 1u>, config2> 
INFO: [SCHED 204-11] Starting scheduling ...
INFO: [SCHED 204-61] Pipelining function 'shift_line_buffer<array<ap_fixed<16, 6, 5, 3, 0>, 1u>, config2>'.
INFO: [HLS 200-1470] Pipelining result : Target II = 1, Final II = 1, Depth = 1, function 'shift_line_buffer<array<ap_fixed<16, 6, 5, 3, 0>, 1u>, config2>'
INFO: [SCHED 204-11] Finished scheduling.
Command         schedule done; 0.395 sec.
INFO: [HLS 200-111] Finished Scheduling: CPU user time: 0 seconds. CPU system time: 0 seconds. Elapsed time: 4.179 seconds; current allocated memory: 815.008 MB.
Execute         syn_report -verbosereport -o C:/Users/OmilosNeonTexn/Desktop/fpga_cnn_hls4ml/hls4ml_init/hls4ml_cnn_zcu106/myproject_prj/solution1/.autopilot/db/shift_line_buffer_array_ap_fixed_16_6_5_3_0_1u_config2_s.verbose.sched.rpt 
Execute           list_part -family xczu7ev-ffvc1156-2-e 
Execute             ap_family_info -name xczu7ev-ffvc1156-2-e -data names 
Execute             ap_part_info -quiet -name xczu7ev-ffvc1156-2-e -data family 
Execute         db_write -o C:/Users/OmilosNeonTexn/Desktop/fpga_cnn_hls4ml/hls4ml_init/hls4ml_cnn_zcu106/myproject_prj/solution1/.autopilot/db/shift_line_buffer_array_ap_fixed_16_6_5_3_0_1u_config2_s.sched.adb -f 
Command         db_write done; 0.519 sec.
INFO-FLOW: Finish scheduling shift_line_buffer<array<ap_fixed<16, 6, 5, 3, 0>, 1u>, config2>.
Execute         set_default_model shift_line_buffer<array<ap_fixed<16, 6, 5, 3, 0>, 1u>, config2> 
Execute         bind -model shift_line_buffer<array<ap_fixed<16, 6, 5, 3, 0>, 1u>, config2> 
INFO: [BIND 205-100] Starting micro-architecture generation ...
INFO: [BIND 205-101] Performing variable lifetime analysis.
INFO: [BIND 205-101] Exploring resource sharing.
INFO: [BIND 205-101] Binding ...
INFO: [BIND 205-100] Finished micro-architecture generation.
Command         bind done; 0.652 sec.
INFO: [HLS 200-111] Finished Binding: CPU user time: 0 seconds. CPU system time: 0 seconds. Elapsed time: 1.255 seconds; current allocated memory: 816.223 MB.
Execute         syn_report -verbosereport -o C:/Users/OmilosNeonTexn/Desktop/fpga_cnn_hls4ml/hls4ml_init/hls4ml_cnn_zcu106/myproject_prj/solution1/.autopilot/db/shift_line_buffer_array_ap_fixed_16_6_5_3_0_1u_config2_s.verbose.bind.rpt 
Execute           list_part -family xczu7ev-ffvc1156-2-e 
Execute             ap_family_info -name xczu7ev-ffvc1156-2-e -data names 
Execute             ap_part_info -quiet -name xczu7ev-ffvc1156-2-e -data family 
Execute         db_write -o C:/Users/OmilosNeonTexn/Desktop/fpga_cnn_hls4ml/hls4ml_init/hls4ml_cnn_zcu106/myproject_prj/solution1/.autopilot/db/shift_line_buffer_array_ap_fixed_16_6_5_3_0_1u_config2_s.bind.adb -f 
INFO-FLOW: Finish binding shift_line_buffer<array<ap_fixed<16, 6, 5, 3, 0>, 1u>, config2>.
INFO: [HLS 200-10] ----------------------------------------------------------------
INFO: [HLS 200-42] -- Implementing module 'dense_latency_ap_fixed_16_6_5_3_0_ap_fixed_37_17_5_3_0_config2_mult_s' 
INFO: [HLS 200-10] ----------------------------------------------------------------
Execute         set_default_model dense_latency<ap_fixed<16, 6, 5, 3, 0>, ap_fixed<37, 17, 5, 3, 0>, config2_mult> 
Execute         schedule -model dense_latency<ap_fixed<16, 6, 5, 3, 0>, ap_fixed<37, 17, 5, 3, 0>, config2_mult> 
INFO: [SCHED 204-11] Starting scheduling ...
INFO: [SCHED 204-61] Pipelining function 'dense_latency<ap_fixed<16, 6, 5, 3, 0>, ap_fixed<37, 17, 5, 3, 0>, config2_mult>'.
INFO: [HLS 200-1470] Pipelining result : Target II = 1, Final II = 1, Depth = 2, function 'dense_latency<ap_fixed<16, 6, 5, 3, 0>, ap_fixed<37, 17, 5, 3, 0>, config2_mult>'
INFO: [SCHED 204-11] Finished scheduling.
Command         schedule done; 0.463 sec.
INFO: [HLS 200-111] Finished Scheduling: CPU user time: 0 seconds. CPU system time: 0 seconds. Elapsed time: 0.672 seconds; current allocated memory: 818.125 MB.
Execute         syn_report -verbosereport -o C:/Users/OmilosNeonTexn/Desktop/fpga_cnn_hls4ml/hls4ml_init/hls4ml_cnn_zcu106/myproject_prj/solution1/.autopilot/db/dense_latency_ap_fixed_16_6_5_3_0_ap_fixed_37_17_5_3_0_config2_mult_s.verbose.sched.rpt 
Execute           list_part -family xczu7ev-ffvc1156-2-e 
Execute             ap_family_info -name xczu7ev-ffvc1156-2-e -data names 
Execute             ap_part_info -quiet -name xczu7ev-ffvc1156-2-e -data family 
Execute         db_write -o C:/Users/OmilosNeonTexn/Desktop/fpga_cnn_hls4ml/hls4ml_init/hls4ml_cnn_zcu106/myproject_prj/solution1/.autopilot/db/dense_latency_ap_fixed_16_6_5_3_0_ap_fixed_37_17_5_3_0_config2_mult_s.sched.adb -f 
INFO-FLOW: Finish scheduling dense_latency<ap_fixed<16, 6, 5, 3, 0>, ap_fixed<37, 17, 5, 3, 0>, config2_mult>.
Execute         set_default_model dense_latency<ap_fixed<16, 6, 5, 3, 0>, ap_fixed<37, 17, 5, 3, 0>, config2_mult> 
Execute         bind -model dense_latency<ap_fixed<16, 6, 5, 3, 0>, ap_fixed<37, 17, 5, 3, 0>, config2_mult> 
INFO: [BIND 205-100] Starting micro-architecture generation ...
INFO: [BIND 205-101] Performing variable lifetime analysis.
INFO: [BIND 205-101] Exploring resource sharing.
INFO: [BIND 205-101] Binding ...
INFO: [BIND 205-100] Starting global binding ...
INFO: [BIND 205-100] Finished micro-architecture generation.
Command         bind done; 0.148 sec.
INFO: [HLS 200-111] Finished Binding: CPU user time: 0 seconds. CPU system time: 0 seconds. Elapsed time: 0.262 seconds; current allocated memory: 818.629 MB.
Execute         syn_report -verbosereport -o C:/Users/OmilosNeonTexn/Desktop/fpga_cnn_hls4ml/hls4ml_init/hls4ml_cnn_zcu106/myproject_prj/solution1/.autopilot/db/dense_latency_ap_fixed_16_6_5_3_0_ap_fixed_37_17_5_3_0_config2_mult_s.verbose.bind.rpt 
Execute           list_part -family xczu7ev-ffvc1156-2-e 
Execute             ap_family_info -name xczu7ev-ffvc1156-2-e -data names 
Execute             ap_part_info -quiet -name xczu7ev-ffvc1156-2-e -data family 
Execute         db_write -o C:/Users/OmilosNeonTexn/Desktop/fpga_cnn_hls4ml/hls4ml_init/hls4ml_cnn_zcu106/myproject_prj/solution1/.autopilot/db/dense_latency_ap_fixed_16_6_5_3_0_ap_fixed_37_17_5_3_0_config2_mult_s.bind.adb -f 
INFO-FLOW: Finish binding dense_latency<ap_fixed<16, 6, 5, 3, 0>, ap_fixed<37, 17, 5, 3, 0>, config2_mult>.
INFO: [HLS 200-10] ----------------------------------------------------------------
INFO: [HLS 200-42] -- Implementing module 'compute_output_buffer_2d_array_array_ap_fixed_37_17_5_3_0_4u_config2_s' 
INFO: [HLS 200-10] ----------------------------------------------------------------
Execute         set_default_model compute_output_buffer_2d<array,array<ap_fixed<37,17,5,3,0>,4u>,config2> 
Execute         schedule -model compute_output_buffer_2d<array,array<ap_fixed<37,17,5,3,0>,4u>,config2> 
INFO: [SCHED 204-11] Starting scheduling ...
INFO: [SCHED 204-61] Pipelining function 'compute_output_buffer_2d<array,array<ap_fixed<37,17,5,3,0>,4u>,config2>'.
WARNING: [HLS 200-880] The II Violation in module 'compute_output_buffer_2d_array_array_ap_fixed_37_17_5_3_0_4u_config2_s' (function 'compute_output_buffer_2d<array,array<ap_fixed<37,17,5,3,0>,4u>,config2>'): Unable to enforce a carried dependence constraint (II = 1, distance = 1, offset = 1) between 'call' operation 148 bit ('tmp', firmware/nnet_utils/nnet_dense.h:54->firmware/nnet_utils/nnet_conv_stream.h:288) to 'dense_latency<ap_fixed<16, 6, 5, 3, 0>, ap_fixed<37, 17, 5, 3, 0>, config2_mult>' and 'call' operation 0 bit ('_ln281', firmware/nnet_utils/nnet_conv_stream.h:281) to 'shift_line_buffer<array<ap_fixed<16, 6, 5, 3, 0>, 1u>, config2>'.
WARNING: [HLS 200-880] The II Violation in module 'compute_output_buffer_2d_array_array_ap_fixed_37_17_5_3_0_4u_config2_s' (function 'compute_output_buffer_2d<array,array<ap_fixed<37,17,5,3,0>,4u>,config2>'): Unable to enforce a carried dependence constraint (II = 2, distance = 1, offset = 1) between 'call' operation 148 bit ('tmp', firmware/nnet_utils/nnet_dense.h:54->firmware/nnet_utils/nnet_conv_stream.h:288) to 'dense_latency<ap_fixed<16, 6, 5, 3, 0>, ap_fixed<37, 17, 5, 3, 0>, config2_mult>' and 'call' operation 0 bit ('_ln281', firmware/nnet_utils/nnet_conv_stream.h:281) to 'shift_line_buffer<array<ap_fixed<16, 6, 5, 3, 0>, 1u>, config2>'.
INFO: [HLS 200-1470] Pipelining result : Target II = 1, Final II = 3, Depth = 3, function 'compute_output_buffer_2d<array,array<ap_fixed<37,17,5,3,0>,4u>,config2>'
INFO: [SCHED 204-11] Finished scheduling.
Command         schedule done; 0.188 sec.
INFO: [HLS 200-111] Finished Scheduling: CPU user time: 1 seconds. CPU system time: 0 seconds. Elapsed time: 0.349 seconds; current allocated memory: 819.113 MB.
Execute         syn_report -verbosereport -o C:/Users/OmilosNeonTexn/Desktop/fpga_cnn_hls4ml/hls4ml_init/hls4ml_cnn_zcu106/myproject_prj/solution1/.autopilot/db/compute_output_buffer_2d_array_array_ap_fixed_37_17_5_3_0_4u_config2_s.verbose.sched.rpt 
Execute           list_part -family xczu7ev-ffvc1156-2-e 
Execute             ap_family_info -name xczu7ev-ffvc1156-2-e -data names 
Execute             ap_part_info -quiet -name xczu7ev-ffvc1156-2-e -data family 
Command         syn_report done; 0.143 sec.
Execute         db_write -o C:/Users/OmilosNeonTexn/Desktop/fpga_cnn_hls4ml/hls4ml_init/hls4ml_cnn_zcu106/myproject_prj/solution1/.autopilot/db/compute_output_buffer_2d_array_array_ap_fixed_37_17_5_3_0_4u_config2_s.sched.adb -f 
INFO-FLOW: Finish scheduling compute_output_buffer_2d<array,array<ap_fixed<37,17,5,3,0>,4u>,config2>.
Execute         set_default_model compute_output_buffer_2d<array,array<ap_fixed<37,17,5,3,0>,4u>,config2> 
Execute         bind -model compute_output_buffer_2d<array,array<ap_fixed<37,17,5,3,0>,4u>,config2> 
INFO: [BIND 205-100] Starting micro-architecture generation ...
INFO: [BIND 205-101] Performing variable lifetime analysis.
INFO: [BIND 205-101] Exploring resource sharing.
INFO: [BIND 205-101] Binding ...
INFO: [BIND 205-100] Finished micro-architecture generation.
Command         bind done; 0.115 sec.
INFO: [HLS 200-111] Finished Binding: CPU user time: 0 seconds. CPU system time: 0 seconds. Elapsed time: 0.321 seconds; current allocated memory: 819.246 MB.
Execute         syn_report -verbosereport -o C:/Users/OmilosNeonTexn/Desktop/fpga_cnn_hls4ml/hls4ml_init/hls4ml_cnn_zcu106/myproject_prj/solution1/.autopilot/db/compute_output_buffer_2d_array_array_ap_fixed_37_17_5_3_0_4u_config2_s.verbose.bind.rpt 
Execute           list_part -family xczu7ev-ffvc1156-2-e 
Execute             ap_family_info -name xczu7ev-ffvc1156-2-e -data names 
Execute             ap_part_info -quiet -name xczu7ev-ffvc1156-2-e -data family 
Execute         db_write -o C:/Users/OmilosNeonTexn/Desktop/fpga_cnn_hls4ml/hls4ml_init/hls4ml_cnn_zcu106/myproject_prj/solution1/.autopilot/db/compute_output_buffer_2d_array_array_ap_fixed_37_17_5_3_0_4u_config2_s.bind.adb -f 
INFO-FLOW: Finish binding compute_output_buffer_2d<array,array<ap_fixed<37,17,5,3,0>,4u>,config2>.
INFO: [HLS 200-10] ----------------------------------------------------------------
INFO: [HLS 200-42] -- Implementing module 'conv_2d_cl_array_ap_fixed_1u_array_ap_fixed_37_17_5_3_0_4u_config2_s' 
INFO: [HLS 200-10] ----------------------------------------------------------------
Execute         set_default_model conv_2d_cl<array<ap_fixed,1u>,array<ap_fixed<37,17,5,3,0>,4u>,config2> 
Execute         schedule -model conv_2d_cl<array<ap_fixed,1u>,array<ap_fixed<37,17,5,3,0>,4u>,config2> 
INFO: [SCHED 204-11] Starting scheduling ...
INFO: [SCHED 204-61] Pipelining loop 'ReadInputHeight_ReadInputWidth'.
INFO: [HLS 200-1470] Pipelining result : Target II = 1, Final II = 3, Depth = 4, loop 'ReadInputHeight_ReadInputWidth'
INFO: [SCHED 204-11] Finished scheduling.
Command         schedule done; 0.108 sec.
INFO: [HLS 200-111] Finished Scheduling: CPU user time: 0 seconds. CPU system time: 0 seconds. Elapsed time: 0.246 seconds; current allocated memory: 819.562 MB.
Execute         syn_report -verbosereport -o C:/Users/OmilosNeonTexn/Desktop/fpga_cnn_hls4ml/hls4ml_init/hls4ml_cnn_zcu106/myproject_prj/solution1/.autopilot/db/conv_2d_cl_array_ap_fixed_1u_array_ap_fixed_37_17_5_3_0_4u_config2_s.verbose.sched.rpt 
Execute           list_part -family xczu7ev-ffvc1156-2-e 
Execute             ap_family_info -name xczu7ev-ffvc1156-2-e -data names 
Execute             ap_part_info -quiet -name xczu7ev-ffvc1156-2-e -data family 
Execute         db_write -o C:/Users/OmilosNeonTexn/Desktop/fpga_cnn_hls4ml/hls4ml_init/hls4ml_cnn_zcu106/myproject_prj/solution1/.autopilot/db/conv_2d_cl_array_ap_fixed_1u_array_ap_fixed_37_17_5_3_0_4u_config2_s.sched.adb -f 
INFO-FLOW: Finish scheduling conv_2d_cl<array<ap_fixed,1u>,array<ap_fixed<37,17,5,3,0>,4u>,config2>.
Execute         set_default_model conv_2d_cl<array<ap_fixed,1u>,array<ap_fixed<37,17,5,3,0>,4u>,config2> 
Execute         bind -model conv_2d_cl<array<ap_fixed,1u>,array<ap_fixed<37,17,5,3,0>,4u>,config2> 
INFO: [BIND 205-100] Starting micro-architecture generation ...
INFO: [BIND 205-101] Performing variable lifetime analysis.
INFO: [BIND 205-101] Exploring resource sharing.
INFO: [BIND 205-101] Binding ...
INFO: [BIND 205-100] Finished micro-architecture generation.
Command         bind done; 0.104 sec.
INFO: [HLS 200-111] Finished Binding: CPU user time: 0 seconds. CPU system time: 0 seconds. Elapsed time: 0.164 seconds; current allocated memory: 819.641 MB.
Execute         syn_report -verbosereport -o C:/Users/OmilosNeonTexn/Desktop/fpga_cnn_hls4ml/hls4ml_init/hls4ml_cnn_zcu106/myproject_prj/solution1/.autopilot/db/conv_2d_cl_array_ap_fixed_1u_array_ap_fixed_37_17_5_3_0_4u_config2_s.verbose.bind.rpt 
Execute           list_part -family xczu7ev-ffvc1156-2-e 
Execute             ap_family_info -name xczu7ev-ffvc1156-2-e -data names 
Execute             ap_part_info -quiet -name xczu7ev-ffvc1156-2-e -data family 
Execute         db_write -o C:/Users/OmilosNeonTexn/Desktop/fpga_cnn_hls4ml/hls4ml_init/hls4ml_cnn_zcu106/myproject_prj/solution1/.autopilot/db/conv_2d_cl_array_ap_fixed_1u_array_ap_fixed_37_17_5_3_0_4u_config2_s.bind.adb -f 
INFO-FLOW: Finish binding conv_2d_cl<array<ap_fixed,1u>,array<ap_fixed<37,17,5,3,0>,4u>,config2>.
INFO: [HLS 200-10] ----------------------------------------------------------------
INFO: [HLS 200-42] -- Implementing module 'relu_array_ap_fixed_4u_array_ap_fixed_16_6_5_3_0_4u_relu_config3_s' 
INFO: [HLS 200-10] ----------------------------------------------------------------
Execute         set_default_model relu<array<ap_fixed,4u>,array<ap_fixed<16,6,5,3,0>,4u>,relu_config3> 
Execute         schedule -model relu<array<ap_fixed,4u>,array<ap_fixed<16,6,5,3,0>,4u>,relu_config3> 
INFO: [SCHED 204-11] Starting scheduling ...
INFO: [SCHED 204-61] Pipelining loop 'ReLUActLoop'.
INFO: [HLS 200-1470] Pipelining result : Target II = NA, Final II = 1, Depth = 2, loop 'ReLUActLoop'
INFO: [SCHED 204-11] Finished scheduling.
Command         schedule done; 0.115 sec.
INFO: [HLS 200-111] Finished Scheduling: CPU user time: 0 seconds. CPU system time: 0 seconds. Elapsed time: 0.213 seconds; current allocated memory: 819.918 MB.
Execute         syn_report -verbosereport -o C:/Users/OmilosNeonTexn/Desktop/fpga_cnn_hls4ml/hls4ml_init/hls4ml_cnn_zcu106/myproject_prj/solution1/.autopilot/db/relu_array_ap_fixed_4u_array_ap_fixed_16_6_5_3_0_4u_relu_config3_s.verbose.sched.rpt 
Execute           list_part -family xczu7ev-ffvc1156-2-e 
Execute             ap_family_info -name xczu7ev-ffvc1156-2-e -data names 
Execute             ap_part_info -quiet -name xczu7ev-ffvc1156-2-e -data family 
Execute         db_write -o C:/Users/OmilosNeonTexn/Desktop/fpga_cnn_hls4ml/hls4ml_init/hls4ml_cnn_zcu106/myproject_prj/solution1/.autopilot/db/relu_array_ap_fixed_4u_array_ap_fixed_16_6_5_3_0_4u_relu_config3_s.sched.adb -f 
INFO-FLOW: Finish scheduling relu<array<ap_fixed,4u>,array<ap_fixed<16,6,5,3,0>,4u>,relu_config3>.
Execute         set_default_model relu<array<ap_fixed,4u>,array<ap_fixed<16,6,5,3,0>,4u>,relu_config3> 
Execute         bind -model relu<array<ap_fixed,4u>,array<ap_fixed<16,6,5,3,0>,4u>,relu_config3> 
INFO: [BIND 205-100] Starting micro-architecture generation ...
INFO: [BIND 205-101] Performing variable lifetime analysis.
INFO: [BIND 205-101] Exploring resource sharing.
INFO: [BIND 205-101] Binding ...
INFO: [BIND 205-100] Finished micro-architecture generation.
INFO: [HLS 200-111] Finished Binding: CPU user time: 0 seconds. CPU system time: 0 seconds. Elapsed time: 0.14 seconds; current allocated memory: 820.148 MB.
Execute         syn_report -verbosereport -o C:/Users/OmilosNeonTexn/Desktop/fpga_cnn_hls4ml/hls4ml_init/hls4ml_cnn_zcu106/myproject_prj/solution1/.autopilot/db/relu_array_ap_fixed_4u_array_ap_fixed_16_6_5_3_0_4u_relu_config3_s.verbose.bind.rpt 
Execute           list_part -family xczu7ev-ffvc1156-2-e 
Execute             ap_family_info -name xczu7ev-ffvc1156-2-e -data names 
Execute             ap_part_info -quiet -name xczu7ev-ffvc1156-2-e -data family 
Execute         db_write -o C:/Users/OmilosNeonTexn/Desktop/fpga_cnn_hls4ml/hls4ml_init/hls4ml_cnn_zcu106/myproject_prj/solution1/.autopilot/db/relu_array_ap_fixed_4u_array_ap_fixed_16_6_5_3_0_4u_relu_config3_s.bind.adb -f 
INFO-FLOW: Finish binding relu<array<ap_fixed,4u>,array<ap_fixed<16,6,5,3,0>,4u>,relu_config3>.
INFO: [HLS 200-10] ----------------------------------------------------------------
INFO: [HLS 200-42] -- Implementing module 'shift_line_buffer_array_ap_fixed_16_6_5_3_0_4u_config4_s' 
INFO: [HLS 200-10] ----------------------------------------------------------------
Execute         set_default_model shift_line_buffer<array<ap_fixed<16, 6, 5, 3, 0>, 4u>, config4> 
Execute         schedule -model shift_line_buffer<array<ap_fixed<16, 6, 5, 3, 0>, 4u>, config4> 
INFO: [SCHED 204-11] Starting scheduling ...
INFO: [SCHED 204-61] Pipelining function 'shift_line_buffer<array<ap_fixed<16, 6, 5, 3, 0>, 4u>, config4>'.
INFO: [HLS 200-1470] Pipelining result : Target II = NA, Final II = 1, Depth = 1, function 'shift_line_buffer<array<ap_fixed<16, 6, 5, 3, 0>, 4u>, config4>'
INFO: [SCHED 204-11] Finished scheduling.
INFO: [HLS 200-111] Finished Scheduling: CPU user time: 0 seconds. CPU system time: 0 seconds. Elapsed time: 0.193 seconds; current allocated memory: 820.293 MB.
Execute         syn_report -verbosereport -o C:/Users/OmilosNeonTexn/Desktop/fpga_cnn_hls4ml/hls4ml_init/hls4ml_cnn_zcu106/myproject_prj/solution1/.autopilot/db/shift_line_buffer_array_ap_fixed_16_6_5_3_0_4u_config4_s.verbose.sched.rpt 
Execute           list_part -family xczu7ev-ffvc1156-2-e 
Execute             ap_family_info -name xczu7ev-ffvc1156-2-e -data names 
Execute             ap_part_info -quiet -name xczu7ev-ffvc1156-2-e -data family 
Execute         db_write -o C:/Users/OmilosNeonTexn/Desktop/fpga_cnn_hls4ml/hls4ml_init/hls4ml_cnn_zcu106/myproject_prj/solution1/.autopilot/db/shift_line_buffer_array_ap_fixed_16_6_5_3_0_4u_config4_s.sched.adb -f 
INFO-FLOW: Finish scheduling shift_line_buffer<array<ap_fixed<16, 6, 5, 3, 0>, 4u>, config4>.
Execute         set_default_model shift_line_buffer<array<ap_fixed<16, 6, 5, 3, 0>, 4u>, config4> 
Execute         bind -model shift_line_buffer<array<ap_fixed<16, 6, 5, 3, 0>, 4u>, config4> 
INFO: [BIND 205-100] Starting micro-architecture generation ...
INFO: [BIND 205-101] Performing variable lifetime analysis.
INFO: [BIND 205-101] Exploring resource sharing.
INFO: [BIND 205-101] Binding ...
INFO: [BIND 205-100] Finished micro-architecture generation.
INFO: [HLS 200-111] Finished Binding: CPU user time: 0 seconds. CPU system time: 0 seconds. Elapsed time: 0.143 seconds; current allocated memory: 820.336 MB.
Execute         syn_report -verbosereport -o C:/Users/OmilosNeonTexn/Desktop/fpga_cnn_hls4ml/hls4ml_init/hls4ml_cnn_zcu106/myproject_prj/solution1/.autopilot/db/shift_line_buffer_array_ap_fixed_16_6_5_3_0_4u_config4_s.verbose.bind.rpt 
Execute           list_part -family xczu7ev-ffvc1156-2-e 
Execute             ap_family_info -name xczu7ev-ffvc1156-2-e -data names 
Execute             ap_part_info -quiet -name xczu7ev-ffvc1156-2-e -data family 
Execute         db_write -o C:/Users/OmilosNeonTexn/Desktop/fpga_cnn_hls4ml/hls4ml_init/hls4ml_cnn_zcu106/myproject_prj/solution1/.autopilot/db/shift_line_buffer_array_ap_fixed_16_6_5_3_0_4u_config4_s.bind.adb -f 
INFO-FLOW: Finish binding shift_line_buffer<array<ap_fixed<16, 6, 5, 3, 0>, 4u>, config4>.
INFO: [HLS 200-10] ----------------------------------------------------------------
INFO: [HLS 200-42] -- Implementing module 'pooling2d_cl_array_ap_fixed_4u_array_ap_fixed_16_6_5_3_0_4u_config4_s' 
INFO: [HLS 200-10] ----------------------------------------------------------------
Execute         set_default_model pooling2d_cl<array<ap_fixed,4u>,array<ap_fixed<16,6,5,3,0>,4u>,config4> 
Execute         schedule -model pooling2d_cl<array<ap_fixed,4u>,array<ap_fixed<16,6,5,3,0>,4u>,config4> 
INFO: [SCHED 204-11] Starting scheduling ...
INFO: [SCHED 204-61] Pipelining loop 'ReadInputHeight_ReadInputWidth'.
WARNING: [HLS 200-880] The II Violation in module 'pooling2d_cl_array_ap_fixed_4u_array_ap_fixed_16_6_5_3_0_4u_config4_s' (loop 'ReadInputHeight_ReadInputWidth'): Unable to enforce a carried dependence constraint (II = 1, distance = 1, offset = 1) between 'load' operation 16 bit ('void_compute_pool_buffer_2d_array_const_ap_shift_reg_n_filt_stream_kernel_14', firmware/nnet_utils/nnet_pooling_stream.h:63->firmware/nnet_utils/nnet_pooling_stream.h:115) on static variable 'void_compute_pool_buffer_2d_array_const_ap_shift_reg_n_filt_stream_kernel_9' and 'call' operation 0 bit ('_ln52', firmware/nnet_utils/nnet_pooling_stream.h:52->firmware/nnet_utils/nnet_pooling_stream.h:115) to 'shift_line_buffer<array<ap_fixed<16, 6, 5, 3, 0>, 4u>, config4>'.
INFO: [HLS 200-1470] Pipelining result : Target II = NA, Final II = 2, Depth = 4, loop 'ReadInputHeight_ReadInputWidth'
INFO: [SCHED 204-11] Finished scheduling.
Command         schedule done; 0.182 sec.
INFO: [HLS 200-111] Finished Scheduling: CPU user time: 1 seconds. CPU system time: 0 seconds. Elapsed time: 0.637 seconds; current allocated memory: 821.305 MB.
Execute         syn_report -verbosereport -o C:/Users/OmilosNeonTexn/Desktop/fpga_cnn_hls4ml/hls4ml_init/hls4ml_cnn_zcu106/myproject_prj/solution1/.autopilot/db/pooling2d_cl_array_ap_fixed_4u_array_ap_fixed_16_6_5_3_0_4u_config4_s.verbose.sched.rpt 
Execute           list_part -family xczu7ev-ffvc1156-2-e 
Execute             ap_family_info -name xczu7ev-ffvc1156-2-e -data names 
Execute             ap_part_info -quiet -name xczu7ev-ffvc1156-2-e -data family 
Execute         db_write -o C:/Users/OmilosNeonTexn/Desktop/fpga_cnn_hls4ml/hls4ml_init/hls4ml_cnn_zcu106/myproject_prj/solution1/.autopilot/db/pooling2d_cl_array_ap_fixed_4u_array_ap_fixed_16_6_5_3_0_4u_config4_s.sched.adb -f 
INFO-FLOW: Finish scheduling pooling2d_cl<array<ap_fixed,4u>,array<ap_fixed<16,6,5,3,0>,4u>,config4>.
Execute         set_default_model pooling2d_cl<array<ap_fixed,4u>,array<ap_fixed<16,6,5,3,0>,4u>,config4> 
Execute         bind -model pooling2d_cl<array<ap_fixed,4u>,array<ap_fixed<16,6,5,3,0>,4u>,config4> 
INFO: [BIND 205-100] Starting micro-architecture generation ...
INFO: [BIND 205-101] Performing variable lifetime analysis.
INFO: [BIND 205-101] Exploring resource sharing.
INFO: [BIND 205-101] Binding ...
INFO: [BIND 205-100] Finished micro-architecture generation.
Command         bind done; 0.101 sec.
INFO: [HLS 200-111] Finished Binding: CPU user time: 0 seconds. CPU system time: 0 seconds. Elapsed time: 0.183 seconds; current allocated memory: 821.742 MB.
Execute         syn_report -verbosereport -o C:/Users/OmilosNeonTexn/Desktop/fpga_cnn_hls4ml/hls4ml_init/hls4ml_cnn_zcu106/myproject_prj/solution1/.autopilot/db/pooling2d_cl_array_ap_fixed_4u_array_ap_fixed_16_6_5_3_0_4u_config4_s.verbose.bind.rpt 
Execute           list_part -family xczu7ev-ffvc1156-2-e 
Execute             ap_family_info -name xczu7ev-ffvc1156-2-e -data names 
Execute             ap_part_info -quiet -name xczu7ev-ffvc1156-2-e -data family 
Execute         db_write -o C:/Users/OmilosNeonTexn/Desktop/fpga_cnn_hls4ml/hls4ml_init/hls4ml_cnn_zcu106/myproject_prj/solution1/.autopilot/db/pooling2d_cl_array_ap_fixed_4u_array_ap_fixed_16_6_5_3_0_4u_config4_s.bind.adb -f 
INFO-FLOW: Finish binding pooling2d_cl<array<ap_fixed,4u>,array<ap_fixed<16,6,5,3,0>,4u>,config4>.
INFO: [HLS 200-10] ----------------------------------------------------------------
INFO: [HLS 200-42] -- Implementing module 'dense_array_array_ap_fixed_39_19_5_3_0_8u_config6_Pipeline_DataPrepare' 
INFO: [HLS 200-10] ----------------------------------------------------------------
Execute         set_default_model dense<array,array<ap_fixed<39,19,5,3,0>,8u>,config6>_Pipeline_DataPrepare 
Execute         schedule -model dense<array,array<ap_fixed<39,19,5,3,0>,8u>,config6>_Pipeline_DataPrepare 
INFO: [SCHED 204-11] Starting scheduling ...
INFO: [SCHED 204-61] Pipelining loop 'DataPrepare'.
INFO: [HLS 200-1470] Pipelining result : Target II = NA, Final II = 1, Depth = 1, loop 'DataPrepare'
INFO: [SCHED 204-11] Finished scheduling.
Command         schedule done; 0.182 sec.
INFO: [HLS 200-111] Finished Scheduling: CPU user time: 0 seconds. CPU system time: 0 seconds. Elapsed time: 0.33 seconds; current allocated memory: 822.410 MB.
Execute         syn_report -verbosereport -o C:/Users/OmilosNeonTexn/Desktop/fpga_cnn_hls4ml/hls4ml_init/hls4ml_cnn_zcu106/myproject_prj/solution1/.autopilot/db/dense_array_array_ap_fixed_39_19_5_3_0_8u_config6_Pipeline_DataPrepare.verbose.sched.rpt 
Execute           list_part -family xczu7ev-ffvc1156-2-e 
Execute             ap_family_info -name xczu7ev-ffvc1156-2-e -data names 
Execute             ap_part_info -quiet -name xczu7ev-ffvc1156-2-e -data family 
Execute         db_write -o C:/Users/OmilosNeonTexn/Desktop/fpga_cnn_hls4ml/hls4ml_init/hls4ml_cnn_zcu106/myproject_prj/solution1/.autopilot/db/dense_array_array_ap_fixed_39_19_5_3_0_8u_config6_Pipeline_DataPrepare.sched.adb -f 
INFO-FLOW: Finish scheduling dense<array,array<ap_fixed<39,19,5,3,0>,8u>,config6>_Pipeline_DataPrepare.
Execute         set_default_model dense<array,array<ap_fixed<39,19,5,3,0>,8u>,config6>_Pipeline_DataPrepare 
Execute         bind -model dense<array,array<ap_fixed<39,19,5,3,0>,8u>,config6>_Pipeline_DataPrepare 
INFO: [BIND 205-100] Starting micro-architecture generation ...
INFO: [BIND 205-101] Performing variable lifetime analysis.
INFO: [BIND 205-101] Exploring resource sharing.
INFO: [BIND 205-101] Binding ...
INFO: [BIND 205-100] Finished micro-architecture generation.
Command         bind done; 0.108 sec.
INFO: [HLS 200-111] Finished Binding: CPU user time: 0 seconds. CPU system time: 0 seconds. Elapsed time: 0.201 seconds; current allocated memory: 822.727 MB.
Execute         syn_report -verbosereport -o C:/Users/OmilosNeonTexn/Desktop/fpga_cnn_hls4ml/hls4ml_init/hls4ml_cnn_zcu106/myproject_prj/solution1/.autopilot/db/dense_array_array_ap_fixed_39_19_5_3_0_8u_config6_Pipeline_DataPrepare.verbose.bind.rpt 
Execute           list_part -family xczu7ev-ffvc1156-2-e 
Execute             ap_family_info -name xczu7ev-ffvc1156-2-e -data names 
Execute             ap_part_info -quiet -name xczu7ev-ffvc1156-2-e -data family 
Execute         db_write -o C:/Users/OmilosNeonTexn/Desktop/fpga_cnn_hls4ml/hls4ml_init/hls4ml_cnn_zcu106/myproject_prj/solution1/.autopilot/db/dense_array_array_ap_fixed_39_19_5_3_0_8u_config6_Pipeline_DataPrepare.bind.adb -f 
INFO-FLOW: Finish binding dense<array,array<ap_fixed<39,19,5,3,0>,8u>,config6>_Pipeline_DataPrepare.
INFO: [HLS 200-10] ----------------------------------------------------------------
INFO: [HLS 200-42] -- Implementing module 'dense_latency_wrapper_ap_fixed_ap_fixed_39_19_5_3_0_config6_s' 
INFO: [HLS 200-10] ----------------------------------------------------------------
Execute         set_default_model dense_latency_wrapper<ap_fixed,ap_fixed<39,19,5,3,0>,config6> 
Execute         schedule -model dense_latency_wrapper<ap_fixed,ap_fixed<39,19,5,3,0>,config6> 
INFO: [SCHED 204-11] Starting scheduling ...
INFO: [SCHED 204-61] Pipelining function 'dense_latency_wrapper<ap_fixed,ap_fixed<39,19,5,3,0>,config6>'.
INFO: [HLS 200-1470] Pipelining result : Target II = 1, Final II = 1, Depth = 3, function 'dense_latency_wrapper<ap_fixed,ap_fixed<39,19,5,3,0>,config6>'
INFO: [SCHED 204-11] Finished scheduling.
Command         schedule done; 2.153 sec.
INFO: [HLS 200-111] Finished Scheduling: CPU user time: 2 seconds. CPU system time: 0 seconds. Elapsed time: 2.299 seconds; current allocated memory: 833.516 MB.
Execute         syn_report -verbosereport -o C:/Users/OmilosNeonTexn/Desktop/fpga_cnn_hls4ml/hls4ml_init/hls4ml_cnn_zcu106/myproject_prj/solution1/.autopilot/db/dense_latency_wrapper_ap_fixed_ap_fixed_39_19_5_3_0_config6_s.verbose.sched.rpt 
Execute           list_part -family xczu7ev-ffvc1156-2-e 
Execute             ap_family_info -name xczu7ev-ffvc1156-2-e -data names 
Execute             ap_part_info -quiet -name xczu7ev-ffvc1156-2-e -data family 
Execute         db_write -o C:/Users/OmilosNeonTexn/Desktop/fpga_cnn_hls4ml/hls4ml_init/hls4ml_cnn_zcu106/myproject_prj/solution1/.autopilot/db/dense_latency_wrapper_ap_fixed_ap_fixed_39_19_5_3_0_config6_s.sched.adb -f 
Command         db_write done; 0.538 sec.
INFO-FLOW: Finish scheduling dense_latency_wrapper<ap_fixed,ap_fixed<39,19,5,3,0>,config6>.
Execute         set_default_model dense_latency_wrapper<ap_fixed,ap_fixed<39,19,5,3,0>,config6> 
Execute         bind -model dense_latency_wrapper<ap_fixed,ap_fixed<39,19,5,3,0>,config6> 
INFO: [BIND 205-100] Starting micro-architecture generation ...
INFO: [BIND 205-101] Performing variable lifetime analysis.
INFO: [BIND 205-101] Exploring resource sharing.
INFO: [BIND 205-101] Binding ...
INFO: [BIND 205-100] Starting global binding ...
INFO: [BIND 205-100] Finished micro-architecture generation.
Command         bind done; 1.235 sec.
INFO: [HLS 200-111] Finished Binding: CPU user time: 2 seconds. CPU system time: 0 seconds. Elapsed time: 1.874 seconds; current allocated memory: 858.613 MB.
Execute         syn_report -verbosereport -o C:/Users/OmilosNeonTexn/Desktop/fpga_cnn_hls4ml/hls4ml_init/hls4ml_cnn_zcu106/myproject_prj/solution1/.autopilot/db/dense_latency_wrapper_ap_fixed_ap_fixed_39_19_5_3_0_config6_s.verbose.bind.rpt 
Execute           list_part -family xczu7ev-ffvc1156-2-e 
Execute             ap_family_info -name xczu7ev-ffvc1156-2-e -data names 
Execute             ap_part_info -quiet -name xczu7ev-ffvc1156-2-e -data family 
Command         syn_report done; 0.18 sec.
Execute         db_write -o C:/Users/OmilosNeonTexn/Desktop/fpga_cnn_hls4ml/hls4ml_init/hls4ml_cnn_zcu106/myproject_prj/solution1/.autopilot/db/dense_latency_wrapper_ap_fixed_ap_fixed_39_19_5_3_0_config6_s.bind.adb -f 
Command         db_write done; 0.604 sec.
INFO-FLOW: Finish binding dense_latency_wrapper<ap_fixed,ap_fixed<39,19,5,3,0>,config6>.
INFO: [HLS 200-10] ----------------------------------------------------------------
INFO: [HLS 200-42] -- Implementing module 'dense_array_ap_fixed_4u_array_ap_fixed_39_19_5_3_0_8u_config6_s' 
INFO: [HLS 200-10] ----------------------------------------------------------------
Execute         set_default_model dense<array<ap_fixed,4u>,array<ap_fixed<39,19,5,3,0>,8u>,config6> 
Execute         schedule -model dense<array<ap_fixed,4u>,array<ap_fixed<39,19,5,3,0>,8u>,config6> 
INFO: [SCHED 204-11] Starting scheduling ...
INFO: [SCHED 204-11] Finished scheduling.
Command         schedule done; 0.124 sec.
INFO: [HLS 200-111] Finished Scheduling: CPU user time: 1 seconds. CPU system time: 0 seconds. Elapsed time: 0.98 seconds; current allocated memory: 858.613 MB.
Execute         syn_report -verbosereport -o C:/Users/OmilosNeonTexn/Desktop/fpga_cnn_hls4ml/hls4ml_init/hls4ml_cnn_zcu106/myproject_prj/solution1/.autopilot/db/dense_array_ap_fixed_4u_array_ap_fixed_39_19_5_3_0_8u_config6_s.verbose.sched.rpt 
Execute           list_part -family xczu7ev-ffvc1156-2-e 
Execute             ap_family_info -name xczu7ev-ffvc1156-2-e -data names 
Execute             ap_part_info -quiet -name xczu7ev-ffvc1156-2-e -data family 
Execute         db_write -o C:/Users/OmilosNeonTexn/Desktop/fpga_cnn_hls4ml/hls4ml_init/hls4ml_cnn_zcu106/myproject_prj/solution1/.autopilot/db/dense_array_ap_fixed_4u_array_ap_fixed_39_19_5_3_0_8u_config6_s.sched.adb -f 
INFO-FLOW: Finish scheduling dense<array<ap_fixed,4u>,array<ap_fixed<39,19,5,3,0>,8u>,config6>.
Execute         set_default_model dense<array<ap_fixed,4u>,array<ap_fixed<39,19,5,3,0>,8u>,config6> 
Execute         bind -model dense<array<ap_fixed,4u>,array<ap_fixed<39,19,5,3,0>,8u>,config6> 
INFO: [BIND 205-100] Starting micro-architecture generation ...
INFO: [BIND 205-101] Performing variable lifetime analysis.
INFO: [BIND 205-101] Exploring resource sharing.
INFO: [BIND 205-101] Binding ...
INFO: [BIND 205-100] Finished micro-architecture generation.
Command         bind done; 0.129 sec.
INFO: [HLS 200-111] Finished Binding: CPU user time: 0 seconds. CPU system time: 0 seconds. Elapsed time: 0.187 seconds; current allocated memory: 858.613 MB.
Execute         syn_report -verbosereport -o C:/Users/OmilosNeonTexn/Desktop/fpga_cnn_hls4ml/hls4ml_init/hls4ml_cnn_zcu106/myproject_prj/solution1/.autopilot/db/dense_array_ap_fixed_4u_array_ap_fixed_39_19_5_3_0_8u_config6_s.verbose.bind.rpt 
Execute           list_part -family xczu7ev-ffvc1156-2-e 
Execute             ap_family_info -name xczu7ev-ffvc1156-2-e -data names 
Execute             ap_part_info -quiet -name xczu7ev-ffvc1156-2-e -data family 
Execute         db_write -o C:/Users/OmilosNeonTexn/Desktop/fpga_cnn_hls4ml/hls4ml_init/hls4ml_cnn_zcu106/myproject_prj/solution1/.autopilot/db/dense_array_ap_fixed_4u_array_ap_fixed_39_19_5_3_0_8u_config6_s.bind.adb -f 
INFO-FLOW: Finish binding dense<array<ap_fixed,4u>,array<ap_fixed<39,19,5,3,0>,8u>,config6>.
INFO: [HLS 200-10] ----------------------------------------------------------------
INFO: [HLS 200-42] -- Implementing module 'relu_array_ap_fixed_8u_array_ap_fixed_16_6_5_3_0_8u_relu_config7_s' 
INFO: [HLS 200-10] ----------------------------------------------------------------
Execute         set_default_model relu<array<ap_fixed,8u>,array<ap_fixed<16,6,5,3,0>,8u>,relu_config7> 
Execute         schedule -model relu<array<ap_fixed,8u>,array<ap_fixed<16,6,5,3,0>,8u>,relu_config7> 
INFO: [SCHED 204-11] Starting scheduling ...
INFO: [SCHED 204-11] Finished scheduling.
INFO: [HLS 200-111] Finished Scheduling: CPU user time: 0 seconds. CPU system time: 0 seconds. Elapsed time: 0.212 seconds; current allocated memory: 858.613 MB.
Execute         syn_report -verbosereport -o C:/Users/OmilosNeonTexn/Desktop/fpga_cnn_hls4ml/hls4ml_init/hls4ml_cnn_zcu106/myproject_prj/solution1/.autopilot/db/relu_array_ap_fixed_8u_array_ap_fixed_16_6_5_3_0_8u_relu_config7_s.verbose.sched.rpt 
Execute           list_part -family xczu7ev-ffvc1156-2-e 
Execute             ap_family_info -name xczu7ev-ffvc1156-2-e -data names 
Execute             ap_part_info -quiet -name xczu7ev-ffvc1156-2-e -data family 
Execute         db_write -o C:/Users/OmilosNeonTexn/Desktop/fpga_cnn_hls4ml/hls4ml_init/hls4ml_cnn_zcu106/myproject_prj/solution1/.autopilot/db/relu_array_ap_fixed_8u_array_ap_fixed_16_6_5_3_0_8u_relu_config7_s.sched.adb -f 
INFO-FLOW: Finish scheduling relu<array<ap_fixed,8u>,array<ap_fixed<16,6,5,3,0>,8u>,relu_config7>.
Execute         set_default_model relu<array<ap_fixed,8u>,array<ap_fixed<16,6,5,3,0>,8u>,relu_config7> 
Execute         bind -model relu<array<ap_fixed,8u>,array<ap_fixed<16,6,5,3,0>,8u>,relu_config7> 
INFO: [BIND 205-100] Starting micro-architecture generation ...
INFO: [BIND 205-101] Performing variable lifetime analysis.
INFO: [BIND 205-101] Exploring resource sharing.
INFO: [BIND 205-101] Binding ...
INFO: [BIND 205-100] Finished micro-architecture generation.
Command         bind done; 0.118 sec.
INFO: [HLS 200-111] Finished Binding: CPU user time: 0 seconds. CPU system time: 0 seconds. Elapsed time: 0.166 seconds; current allocated memory: 858.613 MB.
Execute         syn_report -verbosereport -o C:/Users/OmilosNeonTexn/Desktop/fpga_cnn_hls4ml/hls4ml_init/hls4ml_cnn_zcu106/myproject_prj/solution1/.autopilot/db/relu_array_ap_fixed_8u_array_ap_fixed_16_6_5_3_0_8u_relu_config7_s.verbose.bind.rpt 
Execute           list_part -family xczu7ev-ffvc1156-2-e 
Execute             ap_family_info -name xczu7ev-ffvc1156-2-e -data names 
Execute             ap_part_info -quiet -name xczu7ev-ffvc1156-2-e -data family 
Execute         db_write -o C:/Users/OmilosNeonTexn/Desktop/fpga_cnn_hls4ml/hls4ml_init/hls4ml_cnn_zcu106/myproject_prj/solution1/.autopilot/db/relu_array_ap_fixed_8u_array_ap_fixed_16_6_5_3_0_8u_relu_config7_s.bind.adb -f 
INFO-FLOW: Finish binding relu<array<ap_fixed,8u>,array<ap_fixed<16,6,5,3,0>,8u>,relu_config7>.
INFO: [HLS 200-10] ----------------------------------------------------------------
INFO: [HLS 200-42] -- Implementing module 'dense_latency_wrapper_ap_fixed_ap_fixed_36_16_5_3_0_config8_s' 
INFO: [HLS 200-10] ----------------------------------------------------------------
Execute         set_default_model dense_latency_wrapper<ap_fixed,ap_fixed<36,16,5,3,0>,config8> 
Execute         schedule -model dense_latency_wrapper<ap_fixed,ap_fixed<36,16,5,3,0>,config8> 
INFO: [SCHED 204-11] Starting scheduling ...
INFO: [SCHED 204-61] Pipelining function 'dense_latency_wrapper<ap_fixed,ap_fixed<36,16,5,3,0>,config8>'.
INFO: [HLS 200-1470] Pipelining result : Target II = 1, Final II = 1, Depth = 2, function 'dense_latency_wrapper<ap_fixed,ap_fixed<36,16,5,3,0>,config8>'
INFO: [SCHED 204-11] Finished scheduling.
Command         schedule done; 0.213 sec.
INFO: [HLS 200-111] Finished Scheduling: CPU user time: 0 seconds. CPU system time: 0 seconds. Elapsed time: 0.319 seconds; current allocated memory: 858.613 MB.
Execute         syn_report -verbosereport -o C:/Users/OmilosNeonTexn/Desktop/fpga_cnn_hls4ml/hls4ml_init/hls4ml_cnn_zcu106/myproject_prj/solution1/.autopilot/db/dense_latency_wrapper_ap_fixed_ap_fixed_36_16_5_3_0_config8_s.verbose.sched.rpt 
Execute           list_part -family xczu7ev-ffvc1156-2-e 
Execute             ap_family_info -name xczu7ev-ffvc1156-2-e -data names 
Execute             ap_part_info -quiet -name xczu7ev-ffvc1156-2-e -data family 
Execute         db_write -o C:/Users/OmilosNeonTexn/Desktop/fpga_cnn_hls4ml/hls4ml_init/hls4ml_cnn_zcu106/myproject_prj/solution1/.autopilot/db/dense_latency_wrapper_ap_fixed_ap_fixed_36_16_5_3_0_config8_s.sched.adb -f 
INFO-FLOW: Finish scheduling dense_latency_wrapper<ap_fixed,ap_fixed<36,16,5,3,0>,config8>.
Execute         set_default_model dense_latency_wrapper<ap_fixed,ap_fixed<36,16,5,3,0>,config8> 
Execute         bind -model dense_latency_wrapper<ap_fixed,ap_fixed<36,16,5,3,0>,config8> 
INFO: [BIND 205-100] Starting micro-architecture generation ...
INFO: [BIND 205-101] Performing variable lifetime analysis.
INFO: [BIND 205-101] Exploring resource sharing.
INFO: [BIND 205-101] Binding ...
INFO: [BIND 205-100] Starting global binding ...
INFO: [BIND 205-100] Finished micro-architecture generation.
Command         bind done; 0.159 sec.
INFO: [HLS 200-111] Finished Binding: CPU user time: 1 seconds. CPU system time: 0 seconds. Elapsed time: 0.227 seconds; current allocated memory: 858.613 MB.
Execute         syn_report -verbosereport -o C:/Users/OmilosNeonTexn/Desktop/fpga_cnn_hls4ml/hls4ml_init/hls4ml_cnn_zcu106/myproject_prj/solution1/.autopilot/db/dense_latency_wrapper_ap_fixed_ap_fixed_36_16_5_3_0_config8_s.verbose.bind.rpt 
Execute           list_part -family xczu7ev-ffvc1156-2-e 
Execute             ap_family_info -name xczu7ev-ffvc1156-2-e -data names 
Execute             ap_part_info -quiet -name xczu7ev-ffvc1156-2-e -data family 
Execute         db_write -o C:/Users/OmilosNeonTexn/Desktop/fpga_cnn_hls4ml/hls4ml_init/hls4ml_cnn_zcu106/myproject_prj/solution1/.autopilot/db/dense_latency_wrapper_ap_fixed_ap_fixed_36_16_5_3_0_config8_s.bind.adb -f 
INFO-FLOW: Finish binding dense_latency_wrapper<ap_fixed,ap_fixed<36,16,5,3,0>,config8>.
INFO: [HLS 200-10] ----------------------------------------------------------------
INFO: [HLS 200-42] -- Implementing module 'dense_array_ap_fixed_8u_array_ap_fixed_36_16_5_3_0_2u_config8_s' 
INFO: [HLS 200-10] ----------------------------------------------------------------
Execute         set_default_model dense<array<ap_fixed,8u>,array<ap_fixed<36,16,5,3,0>,2u>,config8> 
Execute         schedule -model dense<array<ap_fixed,8u>,array<ap_fixed<36,16,5,3,0>,2u>,config8> 
INFO: [SCHED 204-11] Starting scheduling ...
INFO: [SCHED 204-11] Finished scheduling.
INFO: [HLS 200-111] Finished Scheduling: CPU user time: 0 seconds. CPU system time: 0 seconds. Elapsed time: 0.193 seconds; current allocated memory: 858.613 MB.
Execute         syn_report -verbosereport -o C:/Users/OmilosNeonTexn/Desktop/fpga_cnn_hls4ml/hls4ml_init/hls4ml_cnn_zcu106/myproject_prj/solution1/.autopilot/db/dense_array_ap_fixed_8u_array_ap_fixed_36_16_5_3_0_2u_config8_s.verbose.sched.rpt 
Execute           list_part -family xczu7ev-ffvc1156-2-e 
Execute             ap_family_info -name xczu7ev-ffvc1156-2-e -data names 
Execute             ap_part_info -quiet -name xczu7ev-ffvc1156-2-e -data family 
Execute         db_write -o C:/Users/OmilosNeonTexn/Desktop/fpga_cnn_hls4ml/hls4ml_init/hls4ml_cnn_zcu106/myproject_prj/solution1/.autopilot/db/dense_array_ap_fixed_8u_array_ap_fixed_36_16_5_3_0_2u_config8_s.sched.adb -f 
INFO-FLOW: Finish scheduling dense<array<ap_fixed,8u>,array<ap_fixed<36,16,5,3,0>,2u>,config8>.
Execute         set_default_model dense<array<ap_fixed,8u>,array<ap_fixed<36,16,5,3,0>,2u>,config8> 
Execute         bind -model dense<array<ap_fixed,8u>,array<ap_fixed<36,16,5,3,0>,2u>,config8> 
INFO: [BIND 205-100] Starting micro-architecture generation ...
INFO: [BIND 205-101] Performing variable lifetime analysis.
INFO: [BIND 205-101] Exploring resource sharing.
INFO: [BIND 205-101] Binding ...
INFO: [BIND 205-100] Finished micro-architecture generation.
Command         bind done; 0.117 sec.
INFO: [HLS 200-111] Finished Binding: CPU user time: 0 seconds. CPU system time: 0 seconds. Elapsed time: 0.173 seconds; current allocated memory: 858.613 MB.
Execute         syn_report -verbosereport -o C:/Users/OmilosNeonTexn/Desktop/fpga_cnn_hls4ml/hls4ml_init/hls4ml_cnn_zcu106/myproject_prj/solution1/.autopilot/db/dense_array_ap_fixed_8u_array_ap_fixed_36_16_5_3_0_2u_config8_s.verbose.bind.rpt 
Execute           list_part -family xczu7ev-ffvc1156-2-e 
Execute             ap_family_info -name xczu7ev-ffvc1156-2-e -data names 
Execute             ap_part_info -quiet -name xczu7ev-ffvc1156-2-e -data family 
Execute         db_write -o C:/Users/OmilosNeonTexn/Desktop/fpga_cnn_hls4ml/hls4ml_init/hls4ml_cnn_zcu106/myproject_prj/solution1/.autopilot/db/dense_array_ap_fixed_8u_array_ap_fixed_36_16_5_3_0_2u_config8_s.bind.adb -f 
INFO-FLOW: Finish binding dense<array<ap_fixed,8u>,array<ap_fixed<36,16,5,3,0>,2u>,config8>.
INFO: [HLS 200-10] ----------------------------------------------------------------
INFO: [HLS 200-42] -- Implementing module 'init_exp_table_ap_ufixed_35_15_5_3_0_softmax_config9_s' 
INFO: [HLS 200-10] ----------------------------------------------------------------
Execute         set_default_model init_exp_table<ap_ufixed<35, 15, 5, 3, 0>, softmax_config9> 
Execute         schedule -model init_exp_table<ap_ufixed<35, 15, 5, 3, 0>, softmax_config9> 
INFO: [SCHED 204-11] Starting scheduling ...
INFO: [SCHED 204-61] Pipelining loop 'VITIS_LOOP_151_1'.
INFO: [HLS 200-1470] Pipelining result : Target II = NA, Final II = 1, Depth = 21, loop 'VITIS_LOOP_151_1'
INFO: [SCHED 204-11] Finished scheduling.
Command         schedule done; 0.343 sec.
INFO: [HLS 200-111] Finished Scheduling: CPU user time: 0 seconds. CPU system time: 0 seconds. Elapsed time: 0.566 seconds; current allocated memory: 858.613 MB.
Execute         syn_report -verbosereport -o C:/Users/OmilosNeonTexn/Desktop/fpga_cnn_hls4ml/hls4ml_init/hls4ml_cnn_zcu106/myproject_prj/solution1/.autopilot/db/init_exp_table_ap_ufixed_35_15_5_3_0_softmax_config9_s.verbose.sched.rpt 
Execute           list_part -family xczu7ev-ffvc1156-2-e 
Execute             ap_family_info -name xczu7ev-ffvc1156-2-e -data names 
Execute             ap_part_info -quiet -name xczu7ev-ffvc1156-2-e -data family 
Execute         db_write -o C:/Users/OmilosNeonTexn/Desktop/fpga_cnn_hls4ml/hls4ml_init/hls4ml_cnn_zcu106/myproject_prj/solution1/.autopilot/db/init_exp_table_ap_ufixed_35_15_5_3_0_softmax_config9_s.sched.adb -f 
INFO-FLOW: Finish scheduling init_exp_table<ap_ufixed<35, 15, 5, 3, 0>, softmax_config9>.
Execute         set_default_model init_exp_table<ap_ufixed<35, 15, 5, 3, 0>, softmax_config9> 
Execute         bind -model init_exp_table<ap_ufixed<35, 15, 5, 3, 0>, softmax_config9> 
INFO: [BIND 205-100] Starting micro-architecture generation ...
INFO: [BIND 205-101] Performing variable lifetime analysis.
INFO: [BIND 205-101] Exploring resource sharing.
INFO: [BIND 205-101] Binding ...
INFO: [BIND 205-100] Finished micro-architecture generation.
Command         bind done; 0.11 sec.
INFO: [HLS 200-111] Finished Binding: CPU user time: 0 seconds. CPU system time: 0 seconds. Elapsed time: 0.199 seconds; current allocated memory: 858.613 MB.
Execute         syn_report -verbosereport -o C:/Users/OmilosNeonTexn/Desktop/fpga_cnn_hls4ml/hls4ml_init/hls4ml_cnn_zcu106/myproject_prj/solution1/.autopilot/db/init_exp_table_ap_ufixed_35_15_5_3_0_softmax_config9_s.verbose.bind.rpt 
Execute           list_part -family xczu7ev-ffvc1156-2-e 
Execute             ap_family_info -name xczu7ev-ffvc1156-2-e -data names 
Execute             ap_part_info -quiet -name xczu7ev-ffvc1156-2-e -data family 
Execute         db_write -o C:/Users/OmilosNeonTexn/Desktop/fpga_cnn_hls4ml/hls4ml_init/hls4ml_cnn_zcu106/myproject_prj/solution1/.autopilot/db/init_exp_table_ap_ufixed_35_15_5_3_0_softmax_config9_s.bind.adb -f 
INFO-FLOW: Finish binding init_exp_table<ap_ufixed<35, 15, 5, 3, 0>, softmax_config9>.
INFO: [HLS 200-10] ----------------------------------------------------------------
INFO: [HLS 200-42] -- Implementing module 'softmax_stable_array_array_ap_fixed_16_6_5_3_0_2u_softmax_config9_s' 
INFO: [HLS 200-10] ----------------------------------------------------------------
Execute         set_default_model softmax_stable<array,array<ap_fixed<16,6,5,3,0>,2u>,softmax_config9> 
Execute         schedule -model softmax_stable<array,array<ap_fixed<16,6,5,3,0>,2u>,softmax_config9> 
INFO: [SCHED 204-11] Starting scheduling ...
INFO: [SCHED 204-11] Finished scheduling.
INFO: [HLS 200-111] Finished Scheduling: CPU user time: 0 seconds. CPU system time: 1 seconds. Elapsed time: 0.254 seconds; current allocated memory: 858.613 MB.
Execute         syn_report -verbosereport -o C:/Users/OmilosNeonTexn/Desktop/fpga_cnn_hls4ml/hls4ml_init/hls4ml_cnn_zcu106/myproject_prj/solution1/.autopilot/db/softmax_stable_array_array_ap_fixed_16_6_5_3_0_2u_softmax_config9_s.verbose.sched.rpt 
Execute           list_part -family xczu7ev-ffvc1156-2-e 
Execute             ap_family_info -name xczu7ev-ffvc1156-2-e -data names 
Execute             ap_part_info -quiet -name xczu7ev-ffvc1156-2-e -data family 
Execute         db_write -o C:/Users/OmilosNeonTexn/Desktop/fpga_cnn_hls4ml/hls4ml_init/hls4ml_cnn_zcu106/myproject_prj/solution1/.autopilot/db/softmax_stable_array_array_ap_fixed_16_6_5_3_0_2u_softmax_config9_s.sched.adb -f 
INFO-FLOW: Finish scheduling softmax_stable<array,array<ap_fixed<16,6,5,3,0>,2u>,softmax_config9>.
Execute         set_default_model softmax_stable<array,array<ap_fixed<16,6,5,3,0>,2u>,softmax_config9> 
Execute         bind -model softmax_stable<array,array<ap_fixed<16,6,5,3,0>,2u>,softmax_config9> 
INFO: [BIND 205-100] Starting micro-architecture generation ...
INFO: [BIND 205-101] Performing variable lifetime analysis.
INFO: [BIND 205-101] Exploring resource sharing.
INFO: [BIND 205-101] Binding ...
INFO: [BIND 205-100] Starting global binding ...
INFO: [BIND 205-100] Finished micro-architecture generation.
Command         bind done; 0.138 sec.
INFO: [HLS 200-111] Finished Binding: CPU user time: 1 seconds. CPU system time: 0 seconds. Elapsed time: 0.177 seconds; current allocated memory: 858.613 MB.
Execute         syn_report -verbosereport -o C:/Users/OmilosNeonTexn/Desktop/fpga_cnn_hls4ml/hls4ml_init/hls4ml_cnn_zcu106/myproject_prj/solution1/.autopilot/db/softmax_stable_array_array_ap_fixed_16_6_5_3_0_2u_softmax_config9_s.verbose.bind.rpt 
Execute           list_part -family xczu7ev-ffvc1156-2-e 
Execute             ap_family_info -name xczu7ev-ffvc1156-2-e -data names 
Execute             ap_part_info -quiet -name xczu7ev-ffvc1156-2-e -data family 
Execute         db_write -o C:/Users/OmilosNeonTexn/Desktop/fpga_cnn_hls4ml/hls4ml_init/hls4ml_cnn_zcu106/myproject_prj/solution1/.autopilot/db/softmax_stable_array_array_ap_fixed_16_6_5_3_0_2u_softmax_config9_s.bind.adb -f 
INFO-FLOW: Finish binding softmax_stable<array,array<ap_fixed<16,6,5,3,0>,2u>,softmax_config9>.
INFO: [HLS 200-10] ----------------------------------------------------------------
INFO: [HLS 200-42] -- Implementing module 'softmax_array_array_ap_fixed_16_6_5_3_0_2u_softmax_config9_s' 
INFO: [HLS 200-10] ----------------------------------------------------------------
Execute         set_default_model softmax<array,array<ap_fixed<16,6,5,3,0>,2u>,softmax_config9> 
Execute         schedule -model softmax<array,array<ap_fixed<16,6,5,3,0>,2u>,softmax_config9> 
INFO: [SCHED 204-11] Starting scheduling ...
INFO: [SCHED 204-11] Finished scheduling.
INFO: [HLS 200-111] Finished Scheduling: CPU user time: 0 seconds. CPU system time: 0 seconds. Elapsed time: 0.167 seconds; current allocated memory: 858.613 MB.
Execute         syn_report -verbosereport -o C:/Users/OmilosNeonTexn/Desktop/fpga_cnn_hls4ml/hls4ml_init/hls4ml_cnn_zcu106/myproject_prj/solution1/.autopilot/db/softmax_array_array_ap_fixed_16_6_5_3_0_2u_softmax_config9_s.verbose.sched.rpt 
Execute           list_part -family xczu7ev-ffvc1156-2-e 
Execute             ap_family_info -name xczu7ev-ffvc1156-2-e -data names 
Execute             ap_part_info -quiet -name xczu7ev-ffvc1156-2-e -data family 
Execute         db_write -o C:/Users/OmilosNeonTexn/Desktop/fpga_cnn_hls4ml/hls4ml_init/hls4ml_cnn_zcu106/myproject_prj/solution1/.autopilot/db/softmax_array_array_ap_fixed_16_6_5_3_0_2u_softmax_config9_s.sched.adb -f 
INFO-FLOW: Finish scheduling softmax<array,array<ap_fixed<16,6,5,3,0>,2u>,softmax_config9>.
Execute         set_default_model softmax<array,array<ap_fixed<16,6,5,3,0>,2u>,softmax_config9> 
Execute         bind -model softmax<array,array<ap_fixed<16,6,5,3,0>,2u>,softmax_config9> 
INFO: [BIND 205-100] Starting micro-architecture generation ...
INFO: [BIND 205-101] Performing variable lifetime analysis.
INFO: [BIND 205-101] Exploring resource sharing.
INFO: [BIND 205-101] Binding ...
INFO: [BIND 205-100] Finished micro-architecture generation.
Command         bind done; 0.133 sec.
INFO: [HLS 200-111] Finished Binding: CPU user time: 0 seconds. CPU system time: 0 seconds. Elapsed time: 0.161 seconds; current allocated memory: 858.613 MB.
Execute         syn_report -verbosereport -o C:/Users/OmilosNeonTexn/Desktop/fpga_cnn_hls4ml/hls4ml_init/hls4ml_cnn_zcu106/myproject_prj/solution1/.autopilot/db/softmax_array_array_ap_fixed_16_6_5_3_0_2u_softmax_config9_s.verbose.bind.rpt 
Execute           list_part -family xczu7ev-ffvc1156-2-e 
Execute             ap_family_info -name xczu7ev-ffvc1156-2-e -data names 
Execute             ap_part_info -quiet -name xczu7ev-ffvc1156-2-e -data family 
Execute         db_write -o C:/Users/OmilosNeonTexn/Desktop/fpga_cnn_hls4ml/hls4ml_init/hls4ml_cnn_zcu106/myproject_prj/solution1/.autopilot/db/softmax_array_array_ap_fixed_16_6_5_3_0_2u_softmax_config9_s.bind.adb -f 
INFO-FLOW: Finish binding softmax<array,array<ap_fixed<16,6,5,3,0>,2u>,softmax_config9>.
INFO: [HLS 200-10] ----------------------------------------------------------------
INFO: [HLS 200-42] -- Implementing module 'myproject' 
INFO: [HLS 200-10] ----------------------------------------------------------------
Execute         set_default_model myproject 
Execute         schedule -model myproject 
INFO: [SCHED 204-11] Starting scheduling ...
INFO: [SCHED 204-11] Finished scheduling.
WARNING: [HLS 200-1018] Consider increasing the depth of FIFO layer6_out (from dense_array_ap_fixed_4u_array_ap_fixed_39_19_5_3_0_8u_config6_U0 to relu_array_ap_fixed_8u_array_ap_fixed_16_6_5_3_0_8u_relu_config7_U0) to 2 to improve performance and/or avoid deadlocks.
WARNING: [HLS 200-1018] Consider increasing the depth of FIFO layer7_out (from relu_array_ap_fixed_8u_array_ap_fixed_16_6_5_3_0_8u_relu_config7_U0 to dense_array_ap_fixed_8u_array_ap_fixed_36_16_5_3_0_2u_config8_U0) to 2 to improve performance and/or avoid deadlocks.
WARNING: [HLS 200-1018] Consider increasing the depth of FIFO layer8_out (from dense_array_ap_fixed_8u_array_ap_fixed_36_16_5_3_0_2u_config8_U0 to softmax_array_array_ap_fixed_16_6_5_3_0_2u_softmax_config9_U0) to 2 to improve performance and/or avoid deadlocks.
Command         schedule done; 0.138 sec.
INFO: [HLS 200-111] Finished Scheduling: CPU user time: 0 seconds. CPU system time: 0 seconds. Elapsed time: 0.234 seconds; current allocated memory: 858.613 MB.
Execute         syn_report -verbosereport -o C:/Users/OmilosNeonTexn/Desktop/fpga_cnn_hls4ml/hls4ml_init/hls4ml_cnn_zcu106/myproject_prj/solution1/.autopilot/db/myproject.verbose.sched.rpt 
Execute           list_part -family xczu7ev-ffvc1156-2-e 
Execute             ap_family_info -name xczu7ev-ffvc1156-2-e -data names 
Execute             ap_part_info -quiet -name xczu7ev-ffvc1156-2-e -data family 
Execute         db_write -o C:/Users/OmilosNeonTexn/Desktop/fpga_cnn_hls4ml/hls4ml_init/hls4ml_cnn_zcu106/myproject_prj/solution1/.autopilot/db/myproject.sched.adb -f 
INFO-FLOW: Finish scheduling myproject.
Execute         set_default_model myproject 
Execute         bind -model myproject 
INFO: [BIND 205-100] Starting micro-architecture generation ...
INFO: [BIND 205-101] Performing variable lifetime analysis.
INFO: [BIND 205-101] Exploring resource sharing.
INFO: [BIND 205-101] Binding ...
INFO: [BIND 205-100] Finished micro-architecture generation.
Command         bind done; 0.397 sec.
INFO: [HLS 200-111] Finished Binding: CPU user time: 0 seconds. CPU system time: 0 seconds. Elapsed time: 0.437 seconds; current allocated memory: 858.613 MB.
Execute         syn_report -verbosereport -o C:/Users/OmilosNeonTexn/Desktop/fpga_cnn_hls4ml/hls4ml_init/hls4ml_cnn_zcu106/myproject_prj/solution1/.autopilot/db/myproject.verbose.bind.rpt 
Execute           list_part -family xczu7ev-ffvc1156-2-e 
Execute             ap_family_info -name xczu7ev-ffvc1156-2-e -data names 
Execute             ap_part_info -quiet -name xczu7ev-ffvc1156-2-e -data family 
Execute         db_write -o C:/Users/OmilosNeonTexn/Desktop/fpga_cnn_hls4ml/hls4ml_init/hls4ml_cnn_zcu106/myproject_prj/solution1/.autopilot/db/myproject.bind.adb -f 
INFO-FLOW: Finish binding myproject.
Execute         get_model_list myproject -filter all-wo-channel 
INFO-FLOW: Preprocessing for RTLGen ...
Execute         rtl_gen_preprocess shift_line_buffer<array<ap_fixed<16, 6, 5, 3, 0>, 1u>, config2> 
Execute         rtl_gen_preprocess dense_latency<ap_fixed<16, 6, 5, 3, 0>, ap_fixed<37, 17, 5, 3, 0>, config2_mult> 
Execute         rtl_gen_preprocess compute_output_buffer_2d<array,array<ap_fixed<37,17,5,3,0>,4u>,config2> 
Execute         rtl_gen_preprocess conv_2d_cl<array<ap_fixed,1u>,array<ap_fixed<37,17,5,3,0>,4u>,config2> 
Execute         rtl_gen_preprocess relu<array<ap_fixed,4u>,array<ap_fixed<16,6,5,3,0>,4u>,relu_config3> 
Execute         rtl_gen_preprocess shift_line_buffer<array<ap_fixed<16, 6, 5, 3, 0>, 4u>, config4> 
Execute         rtl_gen_preprocess pooling2d_cl<array<ap_fixed,4u>,array<ap_fixed<16,6,5,3,0>,4u>,config4> 
Execute         rtl_gen_preprocess dense<array,array<ap_fixed<39,19,5,3,0>,8u>,config6>_Pipeline_DataPrepare 
Execute         rtl_gen_preprocess dense_latency_wrapper<ap_fixed,ap_fixed<39,19,5,3,0>,config6> 
Execute         rtl_gen_preprocess dense<array<ap_fixed,4u>,array<ap_fixed<39,19,5,3,0>,8u>,config6> 
Execute         rtl_gen_preprocess relu<array<ap_fixed,8u>,array<ap_fixed<16,6,5,3,0>,8u>,relu_config7> 
Execute         rtl_gen_preprocess dense_latency_wrapper<ap_fixed,ap_fixed<36,16,5,3,0>,config8> 
Execute         rtl_gen_preprocess dense<array<ap_fixed,8u>,array<ap_fixed<36,16,5,3,0>,2u>,config8> 
Execute         rtl_gen_preprocess init_exp_table<ap_ufixed<35, 15, 5, 3, 0>, softmax_config9> 
Execute         rtl_gen_preprocess softmax_stable<array,array<ap_fixed<16,6,5,3,0>,2u>,softmax_config9> 
Execute         rtl_gen_preprocess softmax<array,array<ap_fixed<16,6,5,3,0>,2u>,softmax_config9> 
Execute         rtl_gen_preprocess myproject 
INFO-FLOW: Model list for RTL generation: {shift_line_buffer<array<ap_fixed<16, 6, 5, 3, 0>, 1u>, config2>} {dense_latency<ap_fixed<16, 6, 5, 3, 0>, ap_fixed<37, 17, 5, 3, 0>, config2_mult>} compute_output_buffer_2d<array,array<ap_fixed<37,17,5,3,0>,4u>,config2> conv_2d_cl<array<ap_fixed,1u>,array<ap_fixed<37,17,5,3,0>,4u>,config2> relu<array<ap_fixed,4u>,array<ap_fixed<16,6,5,3,0>,4u>,relu_config3> {shift_line_buffer<array<ap_fixed<16, 6, 5, 3, 0>, 4u>, config4>} pooling2d_cl<array<ap_fixed,4u>,array<ap_fixed<16,6,5,3,0>,4u>,config4> dense<array,array<ap_fixed<39,19,5,3,0>,8u>,config6>_Pipeline_DataPrepare dense_latency_wrapper<ap_fixed,ap_fixed<39,19,5,3,0>,config6> dense<array<ap_fixed,4u>,array<ap_fixed<39,19,5,3,0>,8u>,config6> relu<array<ap_fixed,8u>,array<ap_fixed<16,6,5,3,0>,8u>,relu_config7> dense_latency_wrapper<ap_fixed,ap_fixed<36,16,5,3,0>,config8> dense<array<ap_fixed,8u>,array<ap_fixed<36,16,5,3,0>,2u>,config8> {init_exp_table<ap_ufixed<35, 15, 5, 3, 0>, softmax_config9>} softmax_stable<array,array<ap_fixed<16,6,5,3,0>,2u>,softmax_config9> softmax<array,array<ap_fixed<16,6,5,3,0>,2u>,softmax_config9> myproject
INFO: [HLS 200-10] ----------------------------------------------------------------
INFO: [HLS 200-10] -- Generating RTL for module 'shift_line_buffer_array_ap_fixed_16_6_5_3_0_1u_config2_s' 
INFO: [HLS 200-10] ----------------------------------------------------------------
Execute         create_rtl_model shift_line_buffer<array<ap_fixed<16, 6, 5, 3, 0>, 1u>, config2> -top_prefix myproject_ -sub_prefix myproject_ -mg_file C:/Users/OmilosNeonTexn/Desktop/fpga_cnn_hls4ml/hls4ml_init/hls4ml_cnn_zcu106/myproject_prj/solution1/.autopilot/db/shift_line_buffer_array_ap_fixed_16_6_5_3_0_1u_config2_s.compgen.tcl 
INFO: [SYN 201-210] Renamed object name 'shift_line_buffer_array_ap_fixed_16_6_5_3_0_1u_config2_s_void_conv_2d_buffer_latency_cl_stream_stream_weight_t_bias_t_line_buffer_1_SHIFTREG_AUTO_0R0W' to 'shift_line_buffer_array_ap_fixed_16_6_5_3_0_1u_config2_s_void_conv_2d_buffer_bkb' due to the length limit 80
INFO: [SYN 201-210] Renamed object name 'shift_line_buffer_array_ap_fixed_16_6_5_3_0_1u_config2_s_void_conv_2d_buffer_latency_cl_stream_stream_weight_t_bias_t_line_buffer_SHIFTREG_AUTO_0R0W' to 'shift_line_buffer_array_ap_fixed_16_6_5_3_0_1u_config2_s_void_conv_2d_buffer_cud' due to the length limit 80
INFO: [RTGEN 206-100] Finished creating RTL model for 'shift_line_buffer_array_ap_fixed_16_6_5_3_0_1u_config2_s'.
Command         create_rtl_model done; 0.491 sec.
INFO: [HLS 200-111] Finished Creating RTL model: CPU user time: 0 seconds. CPU system time: 0 seconds. Elapsed time: 0.683 seconds; current allocated memory: 858.613 MB.
Execute         source C:/Users/OmilosNeonTexn/Desktop/fpga_cnn_hls4ml/hls4ml_init/hls4ml_cnn_zcu106/myproject_prj/solution1/.autopilot/db/myproject.rtl_wrap.cfg.tcl 
Execute         gen_rtl shift_line_buffer<array<ap_fixed<16, 6, 5, 3, 0>, 1u>, config2> -style xilinx -f -lang vhdl -o C:/Users/OmilosNeonTexn/Desktop/fpga_cnn_hls4ml/hls4ml_init/hls4ml_cnn_zcu106/myproject_prj/solution1/syn/vhdl/myproject_shift_line_buffer_array_ap_fixed_16_6_5_3_0_1u_config2_s 
Execute         gen_rtl shift_line_buffer<array<ap_fixed<16, 6, 5, 3, 0>, 1u>, config2> -style xilinx -f -lang vlog -o C:/Users/OmilosNeonTexn/Desktop/fpga_cnn_hls4ml/hls4ml_init/hls4ml_cnn_zcu106/myproject_prj/solution1/syn/verilog/myproject_shift_line_buffer_array_ap_fixed_16_6_5_3_0_1u_config2_s 
Command         gen_rtl done; 0.158 sec.
Execute         syn_report -csynth -model shift_line_buffer<array<ap_fixed<16, 6, 5, 3, 0>, 1u>, config2> -o C:/Users/OmilosNeonTexn/Desktop/fpga_cnn_hls4ml/hls4ml_init/hls4ml_cnn_zcu106/myproject_prj/solution1/syn/report/shift_line_buffer_array_ap_fixed_16_6_5_3_0_1u_config2_s_csynth.rpt 
Execute           list_part -family xczu7ev-ffvc1156-2-e 
Execute             ap_family_info -name xczu7ev-ffvc1156-2-e -data names 
Execute             ap_part_info -quiet -name xczu7ev-ffvc1156-2-e -data family 
Execute         syn_report -rtlxml -model shift_line_buffer<array<ap_fixed<16, 6, 5, 3, 0>, 1u>, config2> -o C:/Users/OmilosNeonTexn/Desktop/fpga_cnn_hls4ml/hls4ml_init/hls4ml_cnn_zcu106/myproject_prj/solution1/syn/report/shift_line_buffer_array_ap_fixed_16_6_5_3_0_1u_config2_s_csynth.xml 
Execute           list_part -family xczu7ev-ffvc1156-2-e 
Execute             ap_family_info -name xczu7ev-ffvc1156-2-e -data names 
Execute             ap_part_info -quiet -name xczu7ev-ffvc1156-2-e -data family 
Execute         syn_report -verbosereport -model shift_line_buffer<array<ap_fixed<16, 6, 5, 3, 0>, 1u>, config2> -o C:/Users/OmilosNeonTexn/Desktop/fpga_cnn_hls4ml/hls4ml_init/hls4ml_cnn_zcu106/myproject_prj/solution1/.autopilot/db/shift_line_buffer_array_ap_fixed_16_6_5_3_0_1u_config2_s.verbose.rpt 
Execute           list_part -family xczu7ev-ffvc1156-2-e 
Execute             ap_family_info -name xczu7ev-ffvc1156-2-e -data names 
Execute             ap_part_info -quiet -name xczu7ev-ffvc1156-2-e -data family 
Execute         db_write -model shift_line_buffer<array<ap_fixed<16, 6, 5, 3, 0>, 1u>, config2> -f -o C:/Users/OmilosNeonTexn/Desktop/fpga_cnn_hls4ml/hls4ml_init/hls4ml_cnn_zcu106/myproject_prj/solution1/.autopilot/db/shift_line_buffer_array_ap_fixed_16_6_5_3_0_1u_config2_s.adb 
Execute         db_write -model shift_line_buffer<array<ap_fixed<16, 6, 5, 3, 0>, 1u>, config2> -bindview -o C:/Users/OmilosNeonTexn/Desktop/fpga_cnn_hls4ml/hls4ml_init/hls4ml_cnn_zcu106/myproject_prj/solution1/.autopilot/db/design.bindinfo.xml 
Command         db_write done; 0.112 sec.
Execute         gen_tb_info shift_line_buffer<array<ap_fixed<16, 6, 5, 3, 0>, 1u>, config2> -p C:/Users/OmilosNeonTexn/Desktop/fpga_cnn_hls4ml/hls4ml_init/hls4ml_cnn_zcu106/myproject_prj/solution1/.autopilot/db -o C:/Users/OmilosNeonTexn/Desktop/fpga_cnn_hls4ml/hls4ml_init/hls4ml_cnn_zcu106/myproject_prj/solution1/.autopilot/db/shift_line_buffer_array_ap_fixed_16_6_5_3_0_1u_config2_s 
INFO: [HLS 200-10] ----------------------------------------------------------------
INFO: [HLS 200-10] -- Generating RTL for module 'dense_latency_ap_fixed_16_6_5_3_0_ap_fixed_37_17_5_3_0_config2_mult_s' 
INFO: [HLS 200-10] ----------------------------------------------------------------
Execute         create_rtl_model dense_latency<ap_fixed<16, 6, 5, 3, 0>, ap_fixed<37, 17, 5, 3, 0>, config2_mult> -top_prefix myproject_ -sub_prefix myproject_ -mg_file C:/Users/OmilosNeonTexn/Desktop/fpga_cnn_hls4ml/hls4ml_init/hls4ml_cnn_zcu106/myproject_prj/solution1/.autopilot/db/dense_latency_ap_fixed_16_6_5_3_0_ap_fixed_37_17_5_3_0_config2_mult_s.compgen.tcl 
INFO: [HLS 200-1030] Apply Unified Pipeline Control on module 'dense_latency_ap_fixed_16_6_5_3_0_ap_fixed_37_17_5_3_0_config2_mult_s' pipeline 'dense_latency<ap_fixed<16, 6, 5, 3, 0>, ap_fixed<37, 17, 5, 3, 0>, config2_mult>' pipeline type 'function pipeline'
INFO: [RTGEN 206-100] Generating core module 'mul_16s_10ns_26_1_1': 7 instance(s).
INFO: [RTGEN 206-100] Generating core module 'mul_16s_10s_26_1_1': 8 instance(s).
INFO: [RTGEN 206-100] Generating core module 'mul_16s_7s_23_1_1': 2 instance(s).
INFO: [RTGEN 206-100] Generating core module 'mul_16s_8ns_24_1_1': 5 instance(s).
INFO: [RTGEN 206-100] Generating core module 'mul_16s_8s_24_1_1': 1 instance(s).
INFO: [RTGEN 206-100] Generating core module 'mul_16s_9ns_25_1_1': 3 instance(s).
INFO: [RTGEN 206-100] Generating core module 'mul_16s_9s_25_1_1': 5 instance(s).
INFO: [RTGEN 206-100] Finished creating RTL model for 'dense_latency_ap_fixed_16_6_5_3_0_ap_fixed_37_17_5_3_0_config2_mult_s'.
Command         create_rtl_model done; 0.762 sec.
INFO: [HLS 200-111] Finished Creating RTL model: CPU user time: 1 seconds. CPU system time: 0 seconds. Elapsed time: 1.543 seconds; current allocated memory: 858.613 MB.
Execute         source C:/Users/OmilosNeonTexn/Desktop/fpga_cnn_hls4ml/hls4ml_init/hls4ml_cnn_zcu106/myproject_prj/solution1/.autopilot/db/myproject.rtl_wrap.cfg.tcl 
Execute         gen_rtl dense_latency<ap_fixed<16, 6, 5, 3, 0>, ap_fixed<37, 17, 5, 3, 0>, config2_mult> -style xilinx -f -lang vhdl -o C:/Users/OmilosNeonTexn/Desktop/fpga_cnn_hls4ml/hls4ml_init/hls4ml_cnn_zcu106/myproject_prj/solution1/syn/vhdl/myproject_dense_latency_ap_fixed_16_6_5_3_0_ap_fixed_37_17_5_3_0_config2_mult_s 
Execute         gen_rtl dense_latency<ap_fixed<16, 6, 5, 3, 0>, ap_fixed<37, 17, 5, 3, 0>, config2_mult> -style xilinx -f -lang vlog -o C:/Users/OmilosNeonTexn/Desktop/fpga_cnn_hls4ml/hls4ml_init/hls4ml_cnn_zcu106/myproject_prj/solution1/syn/verilog/myproject_dense_latency_ap_fixed_16_6_5_3_0_ap_fixed_37_17_5_3_0_config2_mult_s 
Execute         syn_report -csynth -model dense_latency<ap_fixed<16, 6, 5, 3, 0>, ap_fixed<37, 17, 5, 3, 0>, config2_mult> -o C:/Users/OmilosNeonTexn/Desktop/fpga_cnn_hls4ml/hls4ml_init/hls4ml_cnn_zcu106/myproject_prj/solution1/syn/report/dense_latency_ap_fixed_16_6_5_3_0_ap_fixed_37_17_5_3_0_config2_mult_s_csynth.rpt 
Execute           list_part -family xczu7ev-ffvc1156-2-e 
Execute             ap_family_info -name xczu7ev-ffvc1156-2-e -data names 
Execute             ap_part_info -quiet -name xczu7ev-ffvc1156-2-e -data family 
Execute         syn_report -rtlxml -model dense_latency<ap_fixed<16, 6, 5, 3, 0>, ap_fixed<37, 17, 5, 3, 0>, config2_mult> -o C:/Users/OmilosNeonTexn/Desktop/fpga_cnn_hls4ml/hls4ml_init/hls4ml_cnn_zcu106/myproject_prj/solution1/syn/report/dense_latency_ap_fixed_16_6_5_3_0_ap_fixed_37_17_5_3_0_config2_mult_s_csynth.xml 
Execute           list_part -family xczu7ev-ffvc1156-2-e 
Execute             ap_family_info -name xczu7ev-ffvc1156-2-e -data names 
Execute             ap_part_info -quiet -name xczu7ev-ffvc1156-2-e -data family 
Execute         syn_report -verbosereport -model dense_latency<ap_fixed<16, 6, 5, 3, 0>, ap_fixed<37, 17, 5, 3, 0>, config2_mult> -o C:/Users/OmilosNeonTexn/Desktop/fpga_cnn_hls4ml/hls4ml_init/hls4ml_cnn_zcu106/myproject_prj/solution1/.autopilot/db/dense_latency_ap_fixed_16_6_5_3_0_ap_fixed_37_17_5_3_0_config2_mult_s.verbose.rpt 
Execute           list_part -family xczu7ev-ffvc1156-2-e 
Execute             ap_family_info -name xczu7ev-ffvc1156-2-e -data names 
Execute             ap_part_info -quiet -name xczu7ev-ffvc1156-2-e -data family 
Execute         db_write -model dense_latency<ap_fixed<16, 6, 5, 3, 0>, ap_fixed<37, 17, 5, 3, 0>, config2_mult> -f -o C:/Users/OmilosNeonTexn/Desktop/fpga_cnn_hls4ml/hls4ml_init/hls4ml_cnn_zcu106/myproject_prj/solution1/.autopilot/db/dense_latency_ap_fixed_16_6_5_3_0_ap_fixed_37_17_5_3_0_config2_mult_s.adb 
Execute         db_write -model dense_latency<ap_fixed<16, 6, 5, 3, 0>, ap_fixed<37, 17, 5, 3, 0>, config2_mult> -bindview -o C:/Users/OmilosNeonTexn/Desktop/fpga_cnn_hls4ml/hls4ml_init/hls4ml_cnn_zcu106/myproject_prj/solution1/.autopilot/db/design.bindinfo.xml 
Execute         gen_tb_info dense_latency<ap_fixed<16, 6, 5, 3, 0>, ap_fixed<37, 17, 5, 3, 0>, config2_mult> -p C:/Users/OmilosNeonTexn/Desktop/fpga_cnn_hls4ml/hls4ml_init/hls4ml_cnn_zcu106/myproject_prj/solution1/.autopilot/db -o C:/Users/OmilosNeonTexn/Desktop/fpga_cnn_hls4ml/hls4ml_init/hls4ml_cnn_zcu106/myproject_prj/solution1/.autopilot/db/dense_latency_ap_fixed_16_6_5_3_0_ap_fixed_37_17_5_3_0_config2_mult_s 
INFO: [HLS 200-10] ----------------------------------------------------------------
INFO: [HLS 200-10] -- Generating RTL for module 'compute_output_buffer_2d_array_array_ap_fixed_37_17_5_3_0_4u_config2_s' 
INFO: [HLS 200-10] ----------------------------------------------------------------
Execute         create_rtl_model compute_output_buffer_2d<array,array<ap_fixed<37,17,5,3,0>,4u>,config2> -top_prefix myproject_ -sub_prefix myproject_ -mg_file C:/Users/OmilosNeonTexn/Desktop/fpga_cnn_hls4ml/hls4ml_init/hls4ml_cnn_zcu106/myproject_prj/solution1/.autopilot/db/compute_output_buffer_2d_array_array_ap_fixed_37_17_5_3_0_4u_config2_s.compgen.tcl 
WARNING: [RTGEN 206-101] Register 'void_compute_output_buffer_2d_array_const_ap_shift_reg_n_chan_stream_weig_7' is power-on initialization.
WARNING: [RTGEN 206-101] Register 'void_compute_output_buffer_2d_array_const_ap_shift_reg_n_chan_stream_weig_8' is power-on initialization.
WARNING: [RTGEN 206-101] Register 'void_compute_output_buffer_2d_array_const_ap_shift_reg_n_chan_stream_weig_4' is power-on initialization.
WARNING: [RTGEN 206-101] Register 'void_compute_output_buffer_2d_array_const_ap_shift_reg_n_chan_stream_weig_5' is power-on initialization.
WARNING: [RTGEN 206-101] Register 'void_compute_output_buffer_2d_array_const_ap_shift_reg_n_chan_stream_weig_1' is power-on initialization.
WARNING: [RTGEN 206-101] Register 'void_compute_output_buffer_2d_array_const_ap_shift_reg_n_chan_stream_weig_2' is power-on initialization.
WARNING: [RTGEN 206-101] Register 'void_compute_output_buffer_2d_array_const_ap_shift_reg_n_chan_stream_weig_6' is power-on initialization.
WARNING: [RTGEN 206-101] Register 'void_compute_output_buffer_2d_array_const_ap_shift_reg_n_chan_stream_weig_3' is power-on initialization.
WARNING: [RTGEN 206-101] Register 'void_compute_output_buffer_2d_array_const_ap_shift_reg_n_chan_stream_weig' is power-on initialization.
WARNING: [RTGEN 206-101] Register 'sX_1' is power-on initialization.
WARNING: [RTGEN 206-101] Register 'sY_1' is power-on initialization.
WARNING: [RTGEN 206-101] Register 'pY_1' is power-on initialization.
WARNING: [RTGEN 206-101] Register 'pX_1' is power-on initialization.
INFO: [RTGEN 206-100] Finished creating RTL model for 'compute_output_buffer_2d_array_array_ap_fixed_37_17_5_3_0_4u_config2_s'.
Command         create_rtl_model done; 0.393 sec.
INFO: [HLS 200-111] Finished Creating RTL model: CPU user time: 0 seconds. CPU system time: 0 seconds. Elapsed time: 1.215 seconds; current allocated memory: 858.613 MB.
Execute         source C:/Users/OmilosNeonTexn/Desktop/fpga_cnn_hls4ml/hls4ml_init/hls4ml_cnn_zcu106/myproject_prj/solution1/.autopilot/db/myproject.rtl_wrap.cfg.tcl 
Execute         gen_rtl compute_output_buffer_2d<array,array<ap_fixed<37,17,5,3,0>,4u>,config2> -style xilinx -f -lang vhdl -o C:/Users/OmilosNeonTexn/Desktop/fpga_cnn_hls4ml/hls4ml_init/hls4ml_cnn_zcu106/myproject_prj/solution1/syn/vhdl/myproject_compute_output_buffer_2d_array_array_ap_fixed_37_17_5_3_0_4u_config2_s 
Execute         gen_rtl compute_output_buffer_2d<array,array<ap_fixed<37,17,5,3,0>,4u>,config2> -style xilinx -f -lang vlog -o C:/Users/OmilosNeonTexn/Desktop/fpga_cnn_hls4ml/hls4ml_init/hls4ml_cnn_zcu106/myproject_prj/solution1/syn/verilog/myproject_compute_output_buffer_2d_array_array_ap_fixed_37_17_5_3_0_4u_config2_s 
Execute         syn_report -csynth -model compute_output_buffer_2d<array,array<ap_fixed<37,17,5,3,0>,4u>,config2> -o C:/Users/OmilosNeonTexn/Desktop/fpga_cnn_hls4ml/hls4ml_init/hls4ml_cnn_zcu106/myproject_prj/solution1/syn/report/compute_output_buffer_2d_array_array_ap_fixed_37_17_5_3_0_4u_config2_s_csynth.rpt 
Execute           list_part -family xczu7ev-ffvc1156-2-e 
Execute             ap_family_info -name xczu7ev-ffvc1156-2-e -data names 
Execute             ap_part_info -quiet -name xczu7ev-ffvc1156-2-e -data family 
Execute         syn_report -rtlxml -model compute_output_buffer_2d<array,array<ap_fixed<37,17,5,3,0>,4u>,config2> -o C:/Users/OmilosNeonTexn/Desktop/fpga_cnn_hls4ml/hls4ml_init/hls4ml_cnn_zcu106/myproject_prj/solution1/syn/report/compute_output_buffer_2d_array_array_ap_fixed_37_17_5_3_0_4u_config2_s_csynth.xml 
Execute           list_part -family xczu7ev-ffvc1156-2-e 
Execute             ap_family_info -name xczu7ev-ffvc1156-2-e -data names 
Execute             ap_part_info -quiet -name xczu7ev-ffvc1156-2-e -data family 
Execute         syn_report -verbosereport -model compute_output_buffer_2d<array,array<ap_fixed<37,17,5,3,0>,4u>,config2> -o C:/Users/OmilosNeonTexn/Desktop/fpga_cnn_hls4ml/hls4ml_init/hls4ml_cnn_zcu106/myproject_prj/solution1/.autopilot/db/compute_output_buffer_2d_array_array_ap_fixed_37_17_5_3_0_4u_config2_s.verbose.rpt 
Execute           list_part -family xczu7ev-ffvc1156-2-e 
Execute             ap_family_info -name xczu7ev-ffvc1156-2-e -data names 
Execute             ap_part_info -quiet -name xczu7ev-ffvc1156-2-e -data family 
Execute         db_write -model compute_output_buffer_2d<array,array<ap_fixed<37,17,5,3,0>,4u>,config2> -f -o C:/Users/OmilosNeonTexn/Desktop/fpga_cnn_hls4ml/hls4ml_init/hls4ml_cnn_zcu106/myproject_prj/solution1/.autopilot/db/compute_output_buffer_2d_array_array_ap_fixed_37_17_5_3_0_4u_config2_s.adb 
Execute         db_write -model compute_output_buffer_2d<array,array<ap_fixed<37,17,5,3,0>,4u>,config2> -bindview -o C:/Users/OmilosNeonTexn/Desktop/fpga_cnn_hls4ml/hls4ml_init/hls4ml_cnn_zcu106/myproject_prj/solution1/.autopilot/db/design.bindinfo.xml 
Execute         gen_tb_info compute_output_buffer_2d<array,array<ap_fixed<37,17,5,3,0>,4u>,config2> -p C:/Users/OmilosNeonTexn/Desktop/fpga_cnn_hls4ml/hls4ml_init/hls4ml_cnn_zcu106/myproject_prj/solution1/.autopilot/db -o C:/Users/OmilosNeonTexn/Desktop/fpga_cnn_hls4ml/hls4ml_init/hls4ml_cnn_zcu106/myproject_prj/solution1/.autopilot/db/compute_output_buffer_2d_array_array_ap_fixed_37_17_5_3_0_4u_config2_s 
INFO: [HLS 200-10] ----------------------------------------------------------------
INFO: [HLS 200-10] -- Generating RTL for module 'conv_2d_cl_array_ap_fixed_1u_array_ap_fixed_37_17_5_3_0_4u_config2_s' 
INFO: [HLS 200-10] ----------------------------------------------------------------
Execute         create_rtl_model conv_2d_cl<array<ap_fixed,1u>,array<ap_fixed<37,17,5,3,0>,4u>,config2> -top_prefix myproject_ -sub_prefix myproject_ -mg_file C:/Users/OmilosNeonTexn/Desktop/fpga_cnn_hls4ml/hls4ml_init/hls4ml_cnn_zcu106/myproject_prj/solution1/.autopilot/db/conv_2d_cl_array_ap_fixed_1u_array_ap_fixed_37_17_5_3_0_4u_config2_s.compgen.tcl 
INFO: [HLS 200-1030] Apply Unified Pipeline Control on module 'conv_2d_cl_array_ap_fixed_1u_array_ap_fixed_37_17_5_3_0_4u_config2_s' pipeline 'ReadInputHeight_ReadInputWidth' pipeline type 'loop pipeline'
INFO: [RTGEN 206-100] Finished creating RTL model for 'conv_2d_cl_array_ap_fixed_1u_array_ap_fixed_37_17_5_3_0_4u_config2_s'.
Command         create_rtl_model done; 0.177 sec.
INFO: [HLS 200-111] Finished Creating RTL model: CPU user time: 0 seconds. CPU system time: 0 seconds. Elapsed time: 0.523 seconds; current allocated memory: 858.613 MB.
Execute         source C:/Users/OmilosNeonTexn/Desktop/fpga_cnn_hls4ml/hls4ml_init/hls4ml_cnn_zcu106/myproject_prj/solution1/.autopilot/db/myproject.rtl_wrap.cfg.tcl 
Execute         gen_rtl conv_2d_cl<array<ap_fixed,1u>,array<ap_fixed<37,17,5,3,0>,4u>,config2> -style xilinx -f -lang vhdl -o C:/Users/OmilosNeonTexn/Desktop/fpga_cnn_hls4ml/hls4ml_init/hls4ml_cnn_zcu106/myproject_prj/solution1/syn/vhdl/myproject_conv_2d_cl_array_ap_fixed_1u_array_ap_fixed_37_17_5_3_0_4u_config2_s 
Execute         gen_rtl conv_2d_cl<array<ap_fixed,1u>,array<ap_fixed<37,17,5,3,0>,4u>,config2> -style xilinx -f -lang vlog -o C:/Users/OmilosNeonTexn/Desktop/fpga_cnn_hls4ml/hls4ml_init/hls4ml_cnn_zcu106/myproject_prj/solution1/syn/verilog/myproject_conv_2d_cl_array_ap_fixed_1u_array_ap_fixed_37_17_5_3_0_4u_config2_s 
Execute         syn_report -csynth -model conv_2d_cl<array<ap_fixed,1u>,array<ap_fixed<37,17,5,3,0>,4u>,config2> -o C:/Users/OmilosNeonTexn/Desktop/fpga_cnn_hls4ml/hls4ml_init/hls4ml_cnn_zcu106/myproject_prj/solution1/syn/report/conv_2d_cl_array_ap_fixed_1u_array_ap_fixed_37_17_5_3_0_4u_config2_s_csynth.rpt 
Execute           list_part -family xczu7ev-ffvc1156-2-e 
Execute             ap_family_info -name xczu7ev-ffvc1156-2-e -data names 
Execute             ap_part_info -quiet -name xczu7ev-ffvc1156-2-e -data family 
Execute         syn_report -rtlxml -model conv_2d_cl<array<ap_fixed,1u>,array<ap_fixed<37,17,5,3,0>,4u>,config2> -o C:/Users/OmilosNeonTexn/Desktop/fpga_cnn_hls4ml/hls4ml_init/hls4ml_cnn_zcu106/myproject_prj/solution1/syn/report/conv_2d_cl_array_ap_fixed_1u_array_ap_fixed_37_17_5_3_0_4u_config2_s_csynth.xml 
Execute           list_part -family xczu7ev-ffvc1156-2-e 
Execute             ap_family_info -name xczu7ev-ffvc1156-2-e -data names 
Execute             ap_part_info -quiet -name xczu7ev-ffvc1156-2-e -data family 
Execute         syn_report -verbosereport -model conv_2d_cl<array<ap_fixed,1u>,array<ap_fixed<37,17,5,3,0>,4u>,config2> -o C:/Users/OmilosNeonTexn/Desktop/fpga_cnn_hls4ml/hls4ml_init/hls4ml_cnn_zcu106/myproject_prj/solution1/.autopilot/db/conv_2d_cl_array_ap_fixed_1u_array_ap_fixed_37_17_5_3_0_4u_config2_s.verbose.rpt 
Execute           list_part -family xczu7ev-ffvc1156-2-e 
Execute             ap_family_info -name xczu7ev-ffvc1156-2-e -data names 
Execute             ap_part_info -quiet -name xczu7ev-ffvc1156-2-e -data family 
Execute         db_write -model conv_2d_cl<array<ap_fixed,1u>,array<ap_fixed<37,17,5,3,0>,4u>,config2> -f -o C:/Users/OmilosNeonTexn/Desktop/fpga_cnn_hls4ml/hls4ml_init/hls4ml_cnn_zcu106/myproject_prj/solution1/.autopilot/db/conv_2d_cl_array_ap_fixed_1u_array_ap_fixed_37_17_5_3_0_4u_config2_s.adb 
Execute         db_write -model conv_2d_cl<array<ap_fixed,1u>,array<ap_fixed<37,17,5,3,0>,4u>,config2> -bindview -o C:/Users/OmilosNeonTexn/Desktop/fpga_cnn_hls4ml/hls4ml_init/hls4ml_cnn_zcu106/myproject_prj/solution1/.autopilot/db/design.bindinfo.xml 
Execute         gen_tb_info conv_2d_cl<array<ap_fixed,1u>,array<ap_fixed<37,17,5,3,0>,4u>,config2> -p C:/Users/OmilosNeonTexn/Desktop/fpga_cnn_hls4ml/hls4ml_init/hls4ml_cnn_zcu106/myproject_prj/solution1/.autopilot/db -o C:/Users/OmilosNeonTexn/Desktop/fpga_cnn_hls4ml/hls4ml_init/hls4ml_cnn_zcu106/myproject_prj/solution1/.autopilot/db/conv_2d_cl_array_ap_fixed_1u_array_ap_fixed_37_17_5_3_0_4u_config2_s 
INFO: [HLS 200-10] ----------------------------------------------------------------
INFO: [HLS 200-10] -- Generating RTL for module 'relu_array_ap_fixed_4u_array_ap_fixed_16_6_5_3_0_4u_relu_config3_s' 
INFO: [HLS 200-10] ----------------------------------------------------------------
Execute         create_rtl_model relu<array<ap_fixed,4u>,array<ap_fixed<16,6,5,3,0>,4u>,relu_config3> -top_prefix myproject_ -sub_prefix myproject_ -mg_file C:/Users/OmilosNeonTexn/Desktop/fpga_cnn_hls4ml/hls4ml_init/hls4ml_cnn_zcu106/myproject_prj/solution1/.autopilot/db/relu_array_ap_fixed_4u_array_ap_fixed_16_6_5_3_0_4u_relu_config3_s.compgen.tcl 
INFO: [HLS 200-1030] Apply Unified Pipeline Control on module 'relu_array_ap_fixed_4u_array_ap_fixed_16_6_5_3_0_4u_relu_config3_s' pipeline 'ReLUActLoop' pipeline type 'loop pipeline'
INFO: [RTGEN 206-100] Finished creating RTL model for 'relu_array_ap_fixed_4u_array_ap_fixed_16_6_5_3_0_4u_relu_config3_s'.
INFO: [HLS 200-111] Finished Creating RTL model: CPU user time: 1 seconds. CPU system time: 0 seconds. Elapsed time: 0.357 seconds; current allocated memory: 858.613 MB.
Execute         source C:/Users/OmilosNeonTexn/Desktop/fpga_cnn_hls4ml/hls4ml_init/hls4ml_cnn_zcu106/myproject_prj/solution1/.autopilot/db/myproject.rtl_wrap.cfg.tcl 
Execute         gen_rtl relu<array<ap_fixed,4u>,array<ap_fixed<16,6,5,3,0>,4u>,relu_config3> -style xilinx -f -lang vhdl -o C:/Users/OmilosNeonTexn/Desktop/fpga_cnn_hls4ml/hls4ml_init/hls4ml_cnn_zcu106/myproject_prj/solution1/syn/vhdl/myproject_relu_array_ap_fixed_4u_array_ap_fixed_16_6_5_3_0_4u_relu_config3_s 
Execute         gen_rtl relu<array<ap_fixed,4u>,array<ap_fixed<16,6,5,3,0>,4u>,relu_config3> -style xilinx -f -lang vlog -o C:/Users/OmilosNeonTexn/Desktop/fpga_cnn_hls4ml/hls4ml_init/hls4ml_cnn_zcu106/myproject_prj/solution1/syn/verilog/myproject_relu_array_ap_fixed_4u_array_ap_fixed_16_6_5_3_0_4u_relu_config3_s 
Execute         syn_report -csynth -model relu<array<ap_fixed,4u>,array<ap_fixed<16,6,5,3,0>,4u>,relu_config3> -o C:/Users/OmilosNeonTexn/Desktop/fpga_cnn_hls4ml/hls4ml_init/hls4ml_cnn_zcu106/myproject_prj/solution1/syn/report/relu_array_ap_fixed_4u_array_ap_fixed_16_6_5_3_0_4u_relu_config3_s_csynth.rpt 
Execute           list_part -family xczu7ev-ffvc1156-2-e 
Execute             ap_family_info -name xczu7ev-ffvc1156-2-e -data names 
Execute             ap_part_info -quiet -name xczu7ev-ffvc1156-2-e -data family 
Execute         syn_report -rtlxml -model relu<array<ap_fixed,4u>,array<ap_fixed<16,6,5,3,0>,4u>,relu_config3> -o C:/Users/OmilosNeonTexn/Desktop/fpga_cnn_hls4ml/hls4ml_init/hls4ml_cnn_zcu106/myproject_prj/solution1/syn/report/relu_array_ap_fixed_4u_array_ap_fixed_16_6_5_3_0_4u_relu_config3_s_csynth.xml 
Execute           list_part -family xczu7ev-ffvc1156-2-e 
Execute             ap_family_info -name xczu7ev-ffvc1156-2-e -data names 
Execute             ap_part_info -quiet -name xczu7ev-ffvc1156-2-e -data family 
Execute         syn_report -verbosereport -model relu<array<ap_fixed,4u>,array<ap_fixed<16,6,5,3,0>,4u>,relu_config3> -o C:/Users/OmilosNeonTexn/Desktop/fpga_cnn_hls4ml/hls4ml_init/hls4ml_cnn_zcu106/myproject_prj/solution1/.autopilot/db/relu_array_ap_fixed_4u_array_ap_fixed_16_6_5_3_0_4u_relu_config3_s.verbose.rpt 
Execute           list_part -family xczu7ev-ffvc1156-2-e 
Execute             ap_family_info -name xczu7ev-ffvc1156-2-e -data names 
Execute             ap_part_info -quiet -name xczu7ev-ffvc1156-2-e -data family 
Execute         db_write -model relu<array<ap_fixed,4u>,array<ap_fixed<16,6,5,3,0>,4u>,relu_config3> -f -o C:/Users/OmilosNeonTexn/Desktop/fpga_cnn_hls4ml/hls4ml_init/hls4ml_cnn_zcu106/myproject_prj/solution1/.autopilot/db/relu_array_ap_fixed_4u_array_ap_fixed_16_6_5_3_0_4u_relu_config3_s.adb 
Execute         db_write -model relu<array<ap_fixed,4u>,array<ap_fixed<16,6,5,3,0>,4u>,relu_config3> -bindview -o C:/Users/OmilosNeonTexn/Desktop/fpga_cnn_hls4ml/hls4ml_init/hls4ml_cnn_zcu106/myproject_prj/solution1/.autopilot/db/design.bindinfo.xml 
Execute         gen_tb_info relu<array<ap_fixed,4u>,array<ap_fixed<16,6,5,3,0>,4u>,relu_config3> -p C:/Users/OmilosNeonTexn/Desktop/fpga_cnn_hls4ml/hls4ml_init/hls4ml_cnn_zcu106/myproject_prj/solution1/.autopilot/db -o C:/Users/OmilosNeonTexn/Desktop/fpga_cnn_hls4ml/hls4ml_init/hls4ml_cnn_zcu106/myproject_prj/solution1/.autopilot/db/relu_array_ap_fixed_4u_array_ap_fixed_16_6_5_3_0_4u_relu_config3_s 
INFO: [HLS 200-10] ----------------------------------------------------------------
INFO: [HLS 200-10] -- Generating RTL for module 'shift_line_buffer_array_ap_fixed_16_6_5_3_0_4u_config4_s' 
INFO: [HLS 200-10] ----------------------------------------------------------------
Execute         create_rtl_model shift_line_buffer<array<ap_fixed<16, 6, 5, 3, 0>, 4u>, config4> -top_prefix myproject_ -sub_prefix myproject_ -mg_file C:/Users/OmilosNeonTexn/Desktop/fpga_cnn_hls4ml/hls4ml_init/hls4ml_cnn_zcu106/myproject_prj/solution1/.autopilot/db/shift_line_buffer_array_ap_fixed_16_6_5_3_0_4u_config4_s.compgen.tcl 
INFO: [SYN 201-210] Renamed object name 'shift_line_buffer_array_ap_fixed_16_6_5_3_0_4u_config4_s_void_pooling2d_cl_stream_stream_array_ap_fixed_4u_0_line_buffer_3_SHIFTREG_AUTO_0R0W' to 'shift_line_buffer_array_ap_fixed_16_6_5_3_0_4u_config4_s_void_pooling2d_cl_stdEe' due to the length limit 80
INFO: [SYN 201-210] Renamed object name 'shift_line_buffer_array_ap_fixed_16_6_5_3_0_4u_config4_s_void_pooling2d_cl_stream_stream_array_ap_fixed_4u_0_line_buffer_2_SHIFTREG_AUTO_0R0W' to 'shift_line_buffer_array_ap_fixed_16_6_5_3_0_4u_config4_s_void_pooling2d_cl_steOg' due to the length limit 80
INFO: [SYN 201-210] Renamed object name 'shift_line_buffer_array_ap_fixed_16_6_5_3_0_4u_config4_s_void_pooling2d_cl_stream_stream_array_ap_fixed_4u_0_line_buffer_1_SHIFTREG_AUTO_0R0W' to 'shift_line_buffer_array_ap_fixed_16_6_5_3_0_4u_config4_s_void_pooling2d_cl_stfYi' due to the length limit 80
INFO: [SYN 201-210] Renamed object name 'shift_line_buffer_array_ap_fixed_16_6_5_3_0_4u_config4_s_void_pooling2d_cl_stream_stream_array_ap_fixed_4u_0_line_buffer_SHIFTREG_AUTO_0R0W' to 'shift_line_buffer_array_ap_fixed_16_6_5_3_0_4u_config4_s_void_pooling2d_cl_stg8j' due to the length limit 80
INFO: [RTGEN 206-100] Finished creating RTL model for 'shift_line_buffer_array_ap_fixed_16_6_5_3_0_4u_config4_s'.
Command         create_rtl_model done; 0.147 sec.
INFO: [HLS 200-111] Finished Creating RTL model: CPU user time: 0 seconds. CPU system time: 0 seconds. Elapsed time: 0.458 seconds; current allocated memory: 858.613 MB.
Execute         source C:/Users/OmilosNeonTexn/Desktop/fpga_cnn_hls4ml/hls4ml_init/hls4ml_cnn_zcu106/myproject_prj/solution1/.autopilot/db/myproject.rtl_wrap.cfg.tcl 
Execute         gen_rtl shift_line_buffer<array<ap_fixed<16, 6, 5, 3, 0>, 4u>, config4> -style xilinx -f -lang vhdl -o C:/Users/OmilosNeonTexn/Desktop/fpga_cnn_hls4ml/hls4ml_init/hls4ml_cnn_zcu106/myproject_prj/solution1/syn/vhdl/myproject_shift_line_buffer_array_ap_fixed_16_6_5_3_0_4u_config4_s 
Execute         gen_rtl shift_line_buffer<array<ap_fixed<16, 6, 5, 3, 0>, 4u>, config4> -style xilinx -f -lang vlog -o C:/Users/OmilosNeonTexn/Desktop/fpga_cnn_hls4ml/hls4ml_init/hls4ml_cnn_zcu106/myproject_prj/solution1/syn/verilog/myproject_shift_line_buffer_array_ap_fixed_16_6_5_3_0_4u_config4_s 
Execute         syn_report -csynth -model shift_line_buffer<array<ap_fixed<16, 6, 5, 3, 0>, 4u>, config4> -o C:/Users/OmilosNeonTexn/Desktop/fpga_cnn_hls4ml/hls4ml_init/hls4ml_cnn_zcu106/myproject_prj/solution1/syn/report/shift_line_buffer_array_ap_fixed_16_6_5_3_0_4u_config4_s_csynth.rpt 
Execute           list_part -family xczu7ev-ffvc1156-2-e 
Execute             ap_family_info -name xczu7ev-ffvc1156-2-e -data names 
Execute             ap_part_info -quiet -name xczu7ev-ffvc1156-2-e -data family 
Execute         syn_report -rtlxml -model shift_line_buffer<array<ap_fixed<16, 6, 5, 3, 0>, 4u>, config4> -o C:/Users/OmilosNeonTexn/Desktop/fpga_cnn_hls4ml/hls4ml_init/hls4ml_cnn_zcu106/myproject_prj/solution1/syn/report/shift_line_buffer_array_ap_fixed_16_6_5_3_0_4u_config4_s_csynth.xml 
Execute           list_part -family xczu7ev-ffvc1156-2-e 
Execute             ap_family_info -name xczu7ev-ffvc1156-2-e -data names 
Execute             ap_part_info -quiet -name xczu7ev-ffvc1156-2-e -data family 
Execute         syn_report -verbosereport -model shift_line_buffer<array<ap_fixed<16, 6, 5, 3, 0>, 4u>, config4> -o C:/Users/OmilosNeonTexn/Desktop/fpga_cnn_hls4ml/hls4ml_init/hls4ml_cnn_zcu106/myproject_prj/solution1/.autopilot/db/shift_line_buffer_array_ap_fixed_16_6_5_3_0_4u_config4_s.verbose.rpt 
Execute           list_part -family xczu7ev-ffvc1156-2-e 
Execute             ap_family_info -name xczu7ev-ffvc1156-2-e -data names 
Execute             ap_part_info -quiet -name xczu7ev-ffvc1156-2-e -data family 
Execute         db_write -model shift_line_buffer<array<ap_fixed<16, 6, 5, 3, 0>, 4u>, config4> -f -o C:/Users/OmilosNeonTexn/Desktop/fpga_cnn_hls4ml/hls4ml_init/hls4ml_cnn_zcu106/myproject_prj/solution1/.autopilot/db/shift_line_buffer_array_ap_fixed_16_6_5_3_0_4u_config4_s.adb 
Execute         db_write -model shift_line_buffer<array<ap_fixed<16, 6, 5, 3, 0>, 4u>, config4> -bindview -o C:/Users/OmilosNeonTexn/Desktop/fpga_cnn_hls4ml/hls4ml_init/hls4ml_cnn_zcu106/myproject_prj/solution1/.autopilot/db/design.bindinfo.xml 
Execute         gen_tb_info shift_line_buffer<array<ap_fixed<16, 6, 5, 3, 0>, 4u>, config4> -p C:/Users/OmilosNeonTexn/Desktop/fpga_cnn_hls4ml/hls4ml_init/hls4ml_cnn_zcu106/myproject_prj/solution1/.autopilot/db -o C:/Users/OmilosNeonTexn/Desktop/fpga_cnn_hls4ml/hls4ml_init/hls4ml_cnn_zcu106/myproject_prj/solution1/.autopilot/db/shift_line_buffer_array_ap_fixed_16_6_5_3_0_4u_config4_s 
INFO: [HLS 200-10] ----------------------------------------------------------------
INFO: [HLS 200-10] -- Generating RTL for module 'pooling2d_cl_array_ap_fixed_4u_array_ap_fixed_16_6_5_3_0_4u_config4_s' 
INFO: [HLS 200-10] ----------------------------------------------------------------
Execute         create_rtl_model pooling2d_cl<array<ap_fixed,4u>,array<ap_fixed<16,6,5,3,0>,4u>,config4> -top_prefix myproject_ -sub_prefix myproject_ -mg_file C:/Users/OmilosNeonTexn/Desktop/fpga_cnn_hls4ml/hls4ml_init/hls4ml_cnn_zcu106/myproject_prj/solution1/.autopilot/db/pooling2d_cl_array_ap_fixed_4u_array_ap_fixed_16_6_5_3_0_4u_config4_s.compgen.tcl 
WARNING: [RTGEN 206-101] Register 'sY' is power-on initialization.
WARNING: [RTGEN 206-101] Register 'pY' is power-on initialization.
WARNING: [RTGEN 206-101] Register 'void_compute_pool_buffer_2d_array_const_ap_shift_reg_n_filt_stream_kernel_9' is power-on initialization.
WARNING: [RTGEN 206-101] Register 'void_compute_pool_buffer_2d_array_const_ap_shift_reg_n_filt_stream_kernel_2' is power-on initialization.
WARNING: [RTGEN 206-101] Register 'void_compute_pool_buffer_2d_array_const_ap_shift_reg_n_filt_stream_kernel_7' is power-on initialization.
WARNING: [RTGEN 206-101] Register 'p_ZZN4nnet22compute_pool_buffer_2dINS_5arrayI8ap_fixedILi16ELi6EL9ap_q_mode5EL9ap_3' is power-on initialization.
WARNING: [RTGEN 206-101] Register 'void_compute_pool_buffer_2d_array_const_ap_shift_reg_n_filt_stream_kernel_5' is power-on initialization.
WARNING: [RTGEN 206-101] Register 'void_compute_pool_buffer_2d_array_const_ap_shift_reg_n_filt_stream_kernel_1' is power-on initialization.
WARNING: [RTGEN 206-101] Register 'void_compute_pool_buffer_2d_array_const_ap_shift_reg_n_filt_stream_kernel_6' is power-on initialization.
WARNING: [RTGEN 206-101] Register 'p_ZZN4nnet22compute_pool_buffer_2dINS_5arrayI8ap_fixedILi16ELi6EL9ap_q_mode5EL9ap_2' is power-on initialization.
WARNING: [RTGEN 206-101] Register 'void_compute_pool_buffer_2d_array_const_ap_shift_reg_n_filt_stream_kernel_4' is power-on initialization.
WARNING: [RTGEN 206-101] Register 'void_compute_pool_buffer_2d_array_const_ap_shift_reg_n_filt_stream_kernel' is power-on initialization.
WARNING: [RTGEN 206-101] Register 'p_ZZN4nnet22compute_pool_buffer_2dINS_5arrayI8ap_fixedILi16ELi6EL9ap_q_mode5EL9ap_5' is power-on initialization.
WARNING: [RTGEN 206-101] Register 'p_ZZN4nnet22compute_pool_buffer_2dINS_5arrayI8ap_fixedILi16ELi6EL9ap_q_mode5EL9ap_1' is power-on initialization.
WARNING: [RTGEN 206-101] Register 'void_compute_pool_buffer_2d_array_const_ap_shift_reg_n_filt_stream_kernel_3' is power-on initialization.
WARNING: [RTGEN 206-101] Register 'void_compute_pool_buffer_2d_array_const_ap_shift_reg_n_filt_stream_kernel_8' is power-on initialization.
WARNING: [RTGEN 206-101] Register 'p_ZZN4nnet22compute_pool_buffer_2dINS_5arrayI8ap_fixedILi16ELi6EL9ap_q_mode5EL9ap_4' is power-on initialization.
WARNING: [RTGEN 206-101] Register 'p_ZZN4nnet22compute_pool_buffer_2dINS_5arrayI8ap_fixedILi16ELi6EL9ap_q_mode5EL9ap' is power-on initialization.
WARNING: [RTGEN 206-101] Register 'pX' is power-on initialization.
WARNING: [RTGEN 206-101] Register 'sX' is power-on initialization.
INFO: [HLS 200-1030] Apply Unified Pipeline Control on module 'pooling2d_cl_array_ap_fixed_4u_array_ap_fixed_16_6_5_3_0_4u_config4_s' pipeline 'ReadInputHeight_ReadInputWidth' pipeline type 'loop pipeline'
INFO: [RTGEN 206-100] Finished creating RTL model for 'pooling2d_cl_array_ap_fixed_4u_array_ap_fixed_16_6_5_3_0_4u_config4_s'.
Command         create_rtl_model done; 1.132 sec.
INFO: [HLS 200-111] Finished Creating RTL model: CPU user time: 0 seconds. CPU system time: 1 seconds. Elapsed time: 1.47 seconds; current allocated memory: 858.613 MB.
Execute         source C:/Users/OmilosNeonTexn/Desktop/fpga_cnn_hls4ml/hls4ml_init/hls4ml_cnn_zcu106/myproject_prj/solution1/.autopilot/db/myproject.rtl_wrap.cfg.tcl 
Execute         gen_rtl pooling2d_cl<array<ap_fixed,4u>,array<ap_fixed<16,6,5,3,0>,4u>,config4> -style xilinx -f -lang vhdl -o C:/Users/OmilosNeonTexn/Desktop/fpga_cnn_hls4ml/hls4ml_init/hls4ml_cnn_zcu106/myproject_prj/solution1/syn/vhdl/myproject_pooling2d_cl_array_ap_fixed_4u_array_ap_fixed_16_6_5_3_0_4u_config4_s 
Execute         gen_rtl pooling2d_cl<array<ap_fixed,4u>,array<ap_fixed<16,6,5,3,0>,4u>,config4> -style xilinx -f -lang vlog -o C:/Users/OmilosNeonTexn/Desktop/fpga_cnn_hls4ml/hls4ml_init/hls4ml_cnn_zcu106/myproject_prj/solution1/syn/verilog/myproject_pooling2d_cl_array_ap_fixed_4u_array_ap_fixed_16_6_5_3_0_4u_config4_s 
Execute         syn_report -csynth -model pooling2d_cl<array<ap_fixed,4u>,array<ap_fixed<16,6,5,3,0>,4u>,config4> -o C:/Users/OmilosNeonTexn/Desktop/fpga_cnn_hls4ml/hls4ml_init/hls4ml_cnn_zcu106/myproject_prj/solution1/syn/report/pooling2d_cl_array_ap_fixed_4u_array_ap_fixed_16_6_5_3_0_4u_config4_s_csynth.rpt 
Execute           list_part -family xczu7ev-ffvc1156-2-e 
Execute             ap_family_info -name xczu7ev-ffvc1156-2-e -data names 
Execute             ap_part_info -quiet -name xczu7ev-ffvc1156-2-e -data family 
Execute         syn_report -rtlxml -model pooling2d_cl<array<ap_fixed,4u>,array<ap_fixed<16,6,5,3,0>,4u>,config4> -o C:/Users/OmilosNeonTexn/Desktop/fpga_cnn_hls4ml/hls4ml_init/hls4ml_cnn_zcu106/myproject_prj/solution1/syn/report/pooling2d_cl_array_ap_fixed_4u_array_ap_fixed_16_6_5_3_0_4u_config4_s_csynth.xml 
Execute           list_part -family xczu7ev-ffvc1156-2-e 
Execute             ap_family_info -name xczu7ev-ffvc1156-2-e -data names 
Execute             ap_part_info -quiet -name xczu7ev-ffvc1156-2-e -data family 
Execute         syn_report -verbosereport -model pooling2d_cl<array<ap_fixed,4u>,array<ap_fixed<16,6,5,3,0>,4u>,config4> -o C:/Users/OmilosNeonTexn/Desktop/fpga_cnn_hls4ml/hls4ml_init/hls4ml_cnn_zcu106/myproject_prj/solution1/.autopilot/db/pooling2d_cl_array_ap_fixed_4u_array_ap_fixed_16_6_5_3_0_4u_config4_s.verbose.rpt 
Execute           list_part -family xczu7ev-ffvc1156-2-e 
Execute             ap_family_info -name xczu7ev-ffvc1156-2-e -data names 
Execute             ap_part_info -quiet -name xczu7ev-ffvc1156-2-e -data family 
Execute         db_write -model pooling2d_cl<array<ap_fixed,4u>,array<ap_fixed<16,6,5,3,0>,4u>,config4> -f -o C:/Users/OmilosNeonTexn/Desktop/fpga_cnn_hls4ml/hls4ml_init/hls4ml_cnn_zcu106/myproject_prj/solution1/.autopilot/db/pooling2d_cl_array_ap_fixed_4u_array_ap_fixed_16_6_5_3_0_4u_config4_s.adb 
Execute         db_write -model pooling2d_cl<array<ap_fixed,4u>,array<ap_fixed<16,6,5,3,0>,4u>,config4> -bindview -o C:/Users/OmilosNeonTexn/Desktop/fpga_cnn_hls4ml/hls4ml_init/hls4ml_cnn_zcu106/myproject_prj/solution1/.autopilot/db/design.bindinfo.xml 
Execute         gen_tb_info pooling2d_cl<array<ap_fixed,4u>,array<ap_fixed<16,6,5,3,0>,4u>,config4> -p C:/Users/OmilosNeonTexn/Desktop/fpga_cnn_hls4ml/hls4ml_init/hls4ml_cnn_zcu106/myproject_prj/solution1/.autopilot/db -o C:/Users/OmilosNeonTexn/Desktop/fpga_cnn_hls4ml/hls4ml_init/hls4ml_cnn_zcu106/myproject_prj/solution1/.autopilot/db/pooling2d_cl_array_ap_fixed_4u_array_ap_fixed_16_6_5_3_0_4u_config4_s 
INFO: [HLS 200-10] ----------------------------------------------------------------
INFO: [HLS 200-10] -- Generating RTL for module 'dense_array_array_ap_fixed_39_19_5_3_0_8u_config6_Pipeline_DataPrepare' 
INFO: [HLS 200-10] ----------------------------------------------------------------
Execute         create_rtl_model dense<array,array<ap_fixed<39,19,5,3,0>,8u>,config6>_Pipeline_DataPrepare -top_prefix myproject_ -sub_prefix myproject_ -mg_file C:/Users/OmilosNeonTexn/Desktop/fpga_cnn_hls4ml/hls4ml_init/hls4ml_cnn_zcu106/myproject_prj/solution1/.autopilot/db/dense_array_array_ap_fixed_39_19_5_3_0_8u_config6_Pipeline_DataPrepare.compgen.tcl 
INFO: [RTGEN 206-100] Finished creating RTL model for 'dense_array_array_ap_fixed_39_19_5_3_0_8u_config6_Pipeline_DataPrepare'.
INFO: [HLS 200-111] Finished Creating RTL model: CPU user time: 1 seconds. CPU system time: 0 seconds. Elapsed time: 0.635 seconds; current allocated memory: 860.668 MB.
Execute         source C:/Users/OmilosNeonTexn/Desktop/fpga_cnn_hls4ml/hls4ml_init/hls4ml_cnn_zcu106/myproject_prj/solution1/.autopilot/db/myproject.rtl_wrap.cfg.tcl 
Execute         gen_rtl dense<array,array<ap_fixed<39,19,5,3,0>,8u>,config6>_Pipeline_DataPrepare -style xilinx -f -lang vhdl -o C:/Users/OmilosNeonTexn/Desktop/fpga_cnn_hls4ml/hls4ml_init/hls4ml_cnn_zcu106/myproject_prj/solution1/syn/vhdl/myproject_dense_array_array_ap_fixed_39_19_5_3_0_8u_config6_Pipeline_DataPrepare 
Execute         gen_rtl dense<array,array<ap_fixed<39,19,5,3,0>,8u>,config6>_Pipeline_DataPrepare -style xilinx -f -lang vlog -o C:/Users/OmilosNeonTexn/Desktop/fpga_cnn_hls4ml/hls4ml_init/hls4ml_cnn_zcu106/myproject_prj/solution1/syn/verilog/myproject_dense_array_array_ap_fixed_39_19_5_3_0_8u_config6_Pipeline_DataPrepare 
Execute         syn_report -csynth -model dense<array,array<ap_fixed<39,19,5,3,0>,8u>,config6>_Pipeline_DataPrepare -o C:/Users/OmilosNeonTexn/Desktop/fpga_cnn_hls4ml/hls4ml_init/hls4ml_cnn_zcu106/myproject_prj/solution1/syn/report/dense_array_array_ap_fixed_39_19_5_3_0_8u_config6_Pipeline_DataPrepare_csynth.rpt 
Execute           list_part -family xczu7ev-ffvc1156-2-e 
Execute             ap_family_info -name xczu7ev-ffvc1156-2-e -data names 
Execute             ap_part_info -quiet -name xczu7ev-ffvc1156-2-e -data family 
Execute         syn_report -rtlxml -model dense<array,array<ap_fixed<39,19,5,3,0>,8u>,config6>_Pipeline_DataPrepare -o C:/Users/OmilosNeonTexn/Desktop/fpga_cnn_hls4ml/hls4ml_init/hls4ml_cnn_zcu106/myproject_prj/solution1/syn/report/dense_array_array_ap_fixed_39_19_5_3_0_8u_config6_Pipeline_DataPrepare_csynth.xml 
Execute           list_part -family xczu7ev-ffvc1156-2-e 
Execute             ap_family_info -name xczu7ev-ffvc1156-2-e -data names 
Execute             ap_part_info -quiet -name xczu7ev-ffvc1156-2-e -data family 
Execute         syn_report -verbosereport -model dense<array,array<ap_fixed<39,19,5,3,0>,8u>,config6>_Pipeline_DataPrepare -o C:/Users/OmilosNeonTexn/Desktop/fpga_cnn_hls4ml/hls4ml_init/hls4ml_cnn_zcu106/myproject_prj/solution1/.autopilot/db/dense_array_array_ap_fixed_39_19_5_3_0_8u_config6_Pipeline_DataPrepare.verbose.rpt 
Execute           list_part -family xczu7ev-ffvc1156-2-e 
Execute             ap_family_info -name xczu7ev-ffvc1156-2-e -data names 
Execute             ap_part_info -quiet -name xczu7ev-ffvc1156-2-e -data family 
Command         syn_report done; 0.188 sec.
Execute         db_write -model dense<array,array<ap_fixed<39,19,5,3,0>,8u>,config6>_Pipeline_DataPrepare -f -o C:/Users/OmilosNeonTexn/Desktop/fpga_cnn_hls4ml/hls4ml_init/hls4ml_cnn_zcu106/myproject_prj/solution1/.autopilot/db/dense_array_array_ap_fixed_39_19_5_3_0_8u_config6_Pipeline_DataPrepare.adb 
Execute         db_write -model dense<array,array<ap_fixed<39,19,5,3,0>,8u>,config6>_Pipeline_DataPrepare -bindview -o C:/Users/OmilosNeonTexn/Desktop/fpga_cnn_hls4ml/hls4ml_init/hls4ml_cnn_zcu106/myproject_prj/solution1/.autopilot/db/design.bindinfo.xml 
Execute         gen_tb_info dense<array,array<ap_fixed<39,19,5,3,0>,8u>,config6>_Pipeline_DataPrepare -p C:/Users/OmilosNeonTexn/Desktop/fpga_cnn_hls4ml/hls4ml_init/hls4ml_cnn_zcu106/myproject_prj/solution1/.autopilot/db -o C:/Users/OmilosNeonTexn/Desktop/fpga_cnn_hls4ml/hls4ml_init/hls4ml_cnn_zcu106/myproject_prj/solution1/.autopilot/db/dense_array_array_ap_fixed_39_19_5_3_0_8u_config6_Pipeline_DataPrepare 
INFO: [HLS 200-10] ----------------------------------------------------------------
INFO: [HLS 200-10] -- Generating RTL for module 'dense_latency_wrapper_ap_fixed_ap_fixed_39_19_5_3_0_config6_s' 
INFO: [HLS 200-10] ----------------------------------------------------------------
Execute         create_rtl_model dense_latency_wrapper<ap_fixed,ap_fixed<39,19,5,3,0>,config6> -top_prefix myproject_ -sub_prefix myproject_ -mg_file C:/Users/OmilosNeonTexn/Desktop/fpga_cnn_hls4ml/hls4ml_init/hls4ml_cnn_zcu106/myproject_prj/solution1/.autopilot/db/dense_latency_wrapper_ap_fixed_ap_fixed_39_19_5_3_0_config6_s.compgen.tcl 
INFO: [HLS 200-1030] Apply Unified Pipeline Control on module 'dense_latency_wrapper_ap_fixed_ap_fixed_39_19_5_3_0_config6_s' pipeline 'dense_latency_wrapper<ap_fixed,ap_fixed<39,19,5,3,0>,config6>' pipeline type 'function pipeline'
INFO: [RTGEN 206-104] Estimated max fanout for 'dense_latency_wrapper_ap_fixed_ap_fixed_39_19_5_3_0_config6_s' is 8378 from HDL expression: ((1'b0 == ap_block_pp0_stage0) & (ap_enable_reg_pp0_iter0 == 1'b1) & (1'b1 == ap_CS_fsm_pp0_stage0))
INFO: [RTGEN 206-100] Generating core module 'mul_16s_10ns_26_1_1': 42 instance(s).
INFO: [RTGEN 206-100] Generating core module 'mul_16s_10s_26_1_1': 44 instance(s).
INFO: [RTGEN 206-100] Generating core module 'mul_16s_5s_21_1_1': 2 instance(s).
INFO: [RTGEN 206-100] Generating core module 'mul_16s_6ns_22_1_1': 2 instance(s).
INFO: [RTGEN 206-100] Generating core module 'mul_16s_6s_22_1_1': 3 instance(s).
INFO: [RTGEN 206-100] Generating core module 'mul_16s_7ns_23_1_1': 8 instance(s).
INFO: [RTGEN 206-100] Generating core module 'mul_16s_7s_23_1_1': 9 instance(s).
INFO: [RTGEN 206-100] Generating core module 'mul_16s_8ns_24_1_1': 18 instance(s).
INFO: [RTGEN 206-100] Generating core module 'mul_16s_8s_24_1_1': 15 instance(s).
INFO: [RTGEN 206-100] Generating core module 'mul_16s_9ns_25_1_1': 48 instance(s).
INFO: [RTGEN 206-100] Generating core module 'mul_16s_9s_25_1_1': 47 instance(s).
INFO: [RTGEN 206-100] Finished creating RTL model for 'dense_latency_wrapper_ap_fixed_ap_fixed_39_19_5_3_0_config6_s'.
Command         create_rtl_model done; 1.256 sec.
INFO: [HLS 200-111] Finished Creating RTL model: CPU user time: 1 seconds. CPU system time: 0 seconds. Elapsed time: 1.923 seconds; current allocated memory: 877.273 MB.
Execute         source C:/Users/OmilosNeonTexn/Desktop/fpga_cnn_hls4ml/hls4ml_init/hls4ml_cnn_zcu106/myproject_prj/solution1/.autopilot/db/myproject.rtl_wrap.cfg.tcl 
Execute         gen_rtl dense_latency_wrapper<ap_fixed,ap_fixed<39,19,5,3,0>,config6> -style xilinx -f -lang vhdl -o C:/Users/OmilosNeonTexn/Desktop/fpga_cnn_hls4ml/hls4ml_init/hls4ml_cnn_zcu106/myproject_prj/solution1/syn/vhdl/myproject_dense_latency_wrapper_ap_fixed_ap_fixed_39_19_5_3_0_config6_s 
Execute         gen_rtl dense_latency_wrapper<ap_fixed,ap_fixed<39,19,5,3,0>,config6> -style xilinx -f -lang vlog -o C:/Users/OmilosNeonTexn/Desktop/fpga_cnn_hls4ml/hls4ml_init/hls4ml_cnn_zcu106/myproject_prj/solution1/syn/verilog/myproject_dense_latency_wrapper_ap_fixed_ap_fixed_39_19_5_3_0_config6_s 
Execute         syn_report -csynth -model dense_latency_wrapper<ap_fixed,ap_fixed<39,19,5,3,0>,config6> -o C:/Users/OmilosNeonTexn/Desktop/fpga_cnn_hls4ml/hls4ml_init/hls4ml_cnn_zcu106/myproject_prj/solution1/syn/report/dense_latency_wrapper_ap_fixed_ap_fixed_39_19_5_3_0_config6_s_csynth.rpt 
Execute           list_part -family xczu7ev-ffvc1156-2-e 
Execute             ap_family_info -name xczu7ev-ffvc1156-2-e -data names 
Execute             ap_part_info -quiet -name xczu7ev-ffvc1156-2-e -data family 
Command         syn_report done; 0.147 sec.
Execute         syn_report -rtlxml -model dense_latency_wrapper<ap_fixed,ap_fixed<39,19,5,3,0>,config6> -o C:/Users/OmilosNeonTexn/Desktop/fpga_cnn_hls4ml/hls4ml_init/hls4ml_cnn_zcu106/myproject_prj/solution1/syn/report/dense_latency_wrapper_ap_fixed_ap_fixed_39_19_5_3_0_config6_s_csynth.xml 
Execute           list_part -family xczu7ev-ffvc1156-2-e 
Execute             ap_family_info -name xczu7ev-ffvc1156-2-e -data names 
Execute             ap_part_info -quiet -name xczu7ev-ffvc1156-2-e -data family 
Execute         syn_report -verbosereport -model dense_latency_wrapper<ap_fixed,ap_fixed<39,19,5,3,0>,config6> -o C:/Users/OmilosNeonTexn/Desktop/fpga_cnn_hls4ml/hls4ml_init/hls4ml_cnn_zcu106/myproject_prj/solution1/.autopilot/db/dense_latency_wrapper_ap_fixed_ap_fixed_39_19_5_3_0_config6_s.verbose.rpt 
Execute           list_part -family xczu7ev-ffvc1156-2-e 
Execute             ap_family_info -name xczu7ev-ffvc1156-2-e -data names 
Execute             ap_part_info -quiet -name xczu7ev-ffvc1156-2-e -data family 
Command         syn_report done; 0.25 sec.
Execute         db_write -model dense_latency_wrapper<ap_fixed,ap_fixed<39,19,5,3,0>,config6> -f -o C:/Users/OmilosNeonTexn/Desktop/fpga_cnn_hls4ml/hls4ml_init/hls4ml_cnn_zcu106/myproject_prj/solution1/.autopilot/db/dense_latency_wrapper_ap_fixed_ap_fixed_39_19_5_3_0_config6_s.adb 
Command         db_write done; 0.687 sec.
Execute         db_write -model dense_latency_wrapper<ap_fixed,ap_fixed<39,19,5,3,0>,config6> -bindview -o C:/Users/OmilosNeonTexn/Desktop/fpga_cnn_hls4ml/hls4ml_init/hls4ml_cnn_zcu106/myproject_prj/solution1/.autopilot/db/design.bindinfo.xml 
Command         db_write done; 0.147 sec.
Execute         gen_tb_info dense_latency_wrapper<ap_fixed,ap_fixed<39,19,5,3,0>,config6> -p C:/Users/OmilosNeonTexn/Desktop/fpga_cnn_hls4ml/hls4ml_init/hls4ml_cnn_zcu106/myproject_prj/solution1/.autopilot/db -o C:/Users/OmilosNeonTexn/Desktop/fpga_cnn_hls4ml/hls4ml_init/hls4ml_cnn_zcu106/myproject_prj/solution1/.autopilot/db/dense_latency_wrapper_ap_fixed_ap_fixed_39_19_5_3_0_config6_s 
INFO: [HLS 200-10] ----------------------------------------------------------------
INFO: [HLS 200-10] -- Generating RTL for module 'dense_array_ap_fixed_4u_array_ap_fixed_39_19_5_3_0_8u_config6_s' 
INFO: [HLS 200-10] ----------------------------------------------------------------
Execute         create_rtl_model dense<array<ap_fixed,4u>,array<ap_fixed<39,19,5,3,0>,8u>,config6> -top_prefix myproject_ -sub_prefix myproject_ -mg_file C:/Users/OmilosNeonTexn/Desktop/fpga_cnn_hls4ml/hls4ml_init/hls4ml_cnn_zcu106/myproject_prj/solution1/.autopilot/db/dense_array_ap_fixed_4u_array_ap_fixed_39_19_5_3_0_8u_config6_s.compgen.tcl 
INFO: [RTGEN 206-100] Finished creating RTL model for 'dense_array_ap_fixed_4u_array_ap_fixed_39_19_5_3_0_8u_config6_s'.
INFO: [HLS 200-111] Finished Creating RTL model: CPU user time: 2 seconds. CPU system time: 3 seconds. Elapsed time: 4.999 seconds; current allocated memory: 903.715 MB.
Execute         source C:/Users/OmilosNeonTexn/Desktop/fpga_cnn_hls4ml/hls4ml_init/hls4ml_cnn_zcu106/myproject_prj/solution1/.autopilot/db/myproject.rtl_wrap.cfg.tcl 
Execute         gen_rtl dense<array<ap_fixed,4u>,array<ap_fixed<39,19,5,3,0>,8u>,config6> -style xilinx -f -lang vhdl -o C:/Users/OmilosNeonTexn/Desktop/fpga_cnn_hls4ml/hls4ml_init/hls4ml_cnn_zcu106/myproject_prj/solution1/syn/vhdl/myproject_dense_array_ap_fixed_4u_array_ap_fixed_39_19_5_3_0_8u_config6_s 
Execute         gen_rtl dense<array<ap_fixed,4u>,array<ap_fixed<39,19,5,3,0>,8u>,config6> -style xilinx -f -lang vlog -o C:/Users/OmilosNeonTexn/Desktop/fpga_cnn_hls4ml/hls4ml_init/hls4ml_cnn_zcu106/myproject_prj/solution1/syn/verilog/myproject_dense_array_ap_fixed_4u_array_ap_fixed_39_19_5_3_0_8u_config6_s 
Execute         syn_report -csynth -model dense<array<ap_fixed,4u>,array<ap_fixed<39,19,5,3,0>,8u>,config6> -o C:/Users/OmilosNeonTexn/Desktop/fpga_cnn_hls4ml/hls4ml_init/hls4ml_cnn_zcu106/myproject_prj/solution1/syn/report/dense_array_ap_fixed_4u_array_ap_fixed_39_19_5_3_0_8u_config6_s_csynth.rpt 
Execute           list_part -family xczu7ev-ffvc1156-2-e 
Execute             ap_family_info -name xczu7ev-ffvc1156-2-e -data names 
Execute             ap_part_info -quiet -name xczu7ev-ffvc1156-2-e -data family 
Execute         syn_report -rtlxml -model dense<array<ap_fixed,4u>,array<ap_fixed<39,19,5,3,0>,8u>,config6> -o C:/Users/OmilosNeonTexn/Desktop/fpga_cnn_hls4ml/hls4ml_init/hls4ml_cnn_zcu106/myproject_prj/solution1/syn/report/dense_array_ap_fixed_4u_array_ap_fixed_39_19_5_3_0_8u_config6_s_csynth.xml 
Execute           list_part -family xczu7ev-ffvc1156-2-e 
Execute             ap_family_info -name xczu7ev-ffvc1156-2-e -data names 
Execute             ap_part_info -quiet -name xczu7ev-ffvc1156-2-e -data family 
Execute         syn_report -verbosereport -model dense<array<ap_fixed,4u>,array<ap_fixed<39,19,5,3,0>,8u>,config6> -o C:/Users/OmilosNeonTexn/Desktop/fpga_cnn_hls4ml/hls4ml_init/hls4ml_cnn_zcu106/myproject_prj/solution1/.autopilot/db/dense_array_ap_fixed_4u_array_ap_fixed_39_19_5_3_0_8u_config6_s.verbose.rpt 
Execute           list_part -family xczu7ev-ffvc1156-2-e 
Execute             ap_family_info -name xczu7ev-ffvc1156-2-e -data names 
Execute             ap_part_info -quiet -name xczu7ev-ffvc1156-2-e -data family 
Command         syn_report done; 0.216 sec.
Execute         db_write -model dense<array<ap_fixed,4u>,array<ap_fixed<39,19,5,3,0>,8u>,config6> -f -o C:/Users/OmilosNeonTexn/Desktop/fpga_cnn_hls4ml/hls4ml_init/hls4ml_cnn_zcu106/myproject_prj/solution1/.autopilot/db/dense_array_ap_fixed_4u_array_ap_fixed_39_19_5_3_0_8u_config6_s.adb 
Execute         db_write -model dense<array<ap_fixed,4u>,array<ap_fixed<39,19,5,3,0>,8u>,config6> -bindview -o C:/Users/OmilosNeonTexn/Desktop/fpga_cnn_hls4ml/hls4ml_init/hls4ml_cnn_zcu106/myproject_prj/solution1/.autopilot/db/design.bindinfo.xml 
Execute         gen_tb_info dense<array<ap_fixed,4u>,array<ap_fixed<39,19,5,3,0>,8u>,config6> -p C:/Users/OmilosNeonTexn/Desktop/fpga_cnn_hls4ml/hls4ml_init/hls4ml_cnn_zcu106/myproject_prj/solution1/.autopilot/db -o C:/Users/OmilosNeonTexn/Desktop/fpga_cnn_hls4ml/hls4ml_init/hls4ml_cnn_zcu106/myproject_prj/solution1/.autopilot/db/dense_array_ap_fixed_4u_array_ap_fixed_39_19_5_3_0_8u_config6_s 
INFO: [HLS 200-10] ----------------------------------------------------------------
INFO: [HLS 200-10] -- Generating RTL for module 'relu_array_ap_fixed_8u_array_ap_fixed_16_6_5_3_0_8u_relu_config7_s' 
INFO: [HLS 200-10] ----------------------------------------------------------------
Execute         create_rtl_model relu<array<ap_fixed,8u>,array<ap_fixed<16,6,5,3,0>,8u>,relu_config7> -top_prefix myproject_ -sub_prefix myproject_ -mg_file C:/Users/OmilosNeonTexn/Desktop/fpga_cnn_hls4ml/hls4ml_init/hls4ml_cnn_zcu106/myproject_prj/solution1/.autopilot/db/relu_array_ap_fixed_8u_array_ap_fixed_16_6_5_3_0_8u_relu_config7_s.compgen.tcl 
INFO: [RTGEN 206-100] Finished creating RTL model for 'relu_array_ap_fixed_8u_array_ap_fixed_16_6_5_3_0_8u_relu_config7_s'.
INFO: [HLS 200-111] Finished Creating RTL model: CPU user time: 1 seconds. CPU system time: 0 seconds. Elapsed time: 0.6 seconds; current allocated memory: 903.715 MB.
Execute         source C:/Users/OmilosNeonTexn/Desktop/fpga_cnn_hls4ml/hls4ml_init/hls4ml_cnn_zcu106/myproject_prj/solution1/.autopilot/db/myproject.rtl_wrap.cfg.tcl 
Execute         gen_rtl relu<array<ap_fixed,8u>,array<ap_fixed<16,6,5,3,0>,8u>,relu_config7> -style xilinx -f -lang vhdl -o C:/Users/OmilosNeonTexn/Desktop/fpga_cnn_hls4ml/hls4ml_init/hls4ml_cnn_zcu106/myproject_prj/solution1/syn/vhdl/myproject_relu_array_ap_fixed_8u_array_ap_fixed_16_6_5_3_0_8u_relu_config7_s 
Execute         gen_rtl relu<array<ap_fixed,8u>,array<ap_fixed<16,6,5,3,0>,8u>,relu_config7> -style xilinx -f -lang vlog -o C:/Users/OmilosNeonTexn/Desktop/fpga_cnn_hls4ml/hls4ml_init/hls4ml_cnn_zcu106/myproject_prj/solution1/syn/verilog/myproject_relu_array_ap_fixed_8u_array_ap_fixed_16_6_5_3_0_8u_relu_config7_s 
Execute         syn_report -csynth -model relu<array<ap_fixed,8u>,array<ap_fixed<16,6,5,3,0>,8u>,relu_config7> -o C:/Users/OmilosNeonTexn/Desktop/fpga_cnn_hls4ml/hls4ml_init/hls4ml_cnn_zcu106/myproject_prj/solution1/syn/report/relu_array_ap_fixed_8u_array_ap_fixed_16_6_5_3_0_8u_relu_config7_s_csynth.rpt 
Execute           list_part -family xczu7ev-ffvc1156-2-e 
Execute             ap_family_info -name xczu7ev-ffvc1156-2-e -data names 
Execute             ap_part_info -quiet -name xczu7ev-ffvc1156-2-e -data family 
Execute         syn_report -rtlxml -model relu<array<ap_fixed,8u>,array<ap_fixed<16,6,5,3,0>,8u>,relu_config7> -o C:/Users/OmilosNeonTexn/Desktop/fpga_cnn_hls4ml/hls4ml_init/hls4ml_cnn_zcu106/myproject_prj/solution1/syn/report/relu_array_ap_fixed_8u_array_ap_fixed_16_6_5_3_0_8u_relu_config7_s_csynth.xml 
Execute           list_part -family xczu7ev-ffvc1156-2-e 
Execute             ap_family_info -name xczu7ev-ffvc1156-2-e -data names 
Execute             ap_part_info -quiet -name xczu7ev-ffvc1156-2-e -data family 
Execute         syn_report -verbosereport -model relu<array<ap_fixed,8u>,array<ap_fixed<16,6,5,3,0>,8u>,relu_config7> -o C:/Users/OmilosNeonTexn/Desktop/fpga_cnn_hls4ml/hls4ml_init/hls4ml_cnn_zcu106/myproject_prj/solution1/.autopilot/db/relu_array_ap_fixed_8u_array_ap_fixed_16_6_5_3_0_8u_relu_config7_s.verbose.rpt 
Execute           list_part -family xczu7ev-ffvc1156-2-e 
Execute             ap_family_info -name xczu7ev-ffvc1156-2-e -data names 
Execute             ap_part_info -quiet -name xczu7ev-ffvc1156-2-e -data family 
Execute         db_write -model relu<array<ap_fixed,8u>,array<ap_fixed<16,6,5,3,0>,8u>,relu_config7> -f -o C:/Users/OmilosNeonTexn/Desktop/fpga_cnn_hls4ml/hls4ml_init/hls4ml_cnn_zcu106/myproject_prj/solution1/.autopilot/db/relu_array_ap_fixed_8u_array_ap_fixed_16_6_5_3_0_8u_relu_config7_s.adb 
Execute         db_write -model relu<array<ap_fixed,8u>,array<ap_fixed<16,6,5,3,0>,8u>,relu_config7> -bindview -o C:/Users/OmilosNeonTexn/Desktop/fpga_cnn_hls4ml/hls4ml_init/hls4ml_cnn_zcu106/myproject_prj/solution1/.autopilot/db/design.bindinfo.xml 
Execute         gen_tb_info relu<array<ap_fixed,8u>,array<ap_fixed<16,6,5,3,0>,8u>,relu_config7> -p C:/Users/OmilosNeonTexn/Desktop/fpga_cnn_hls4ml/hls4ml_init/hls4ml_cnn_zcu106/myproject_prj/solution1/.autopilot/db -o C:/Users/OmilosNeonTexn/Desktop/fpga_cnn_hls4ml/hls4ml_init/hls4ml_cnn_zcu106/myproject_prj/solution1/.autopilot/db/relu_array_ap_fixed_8u_array_ap_fixed_16_6_5_3_0_8u_relu_config7_s 
INFO: [HLS 200-10] ----------------------------------------------------------------
INFO: [HLS 200-10] -- Generating RTL for module 'dense_latency_wrapper_ap_fixed_ap_fixed_36_16_5_3_0_config8_s' 
INFO: [HLS 200-10] ----------------------------------------------------------------
Execute         create_rtl_model dense_latency_wrapper<ap_fixed,ap_fixed<36,16,5,3,0>,config8> -top_prefix myproject_ -sub_prefix myproject_ -mg_file C:/Users/OmilosNeonTexn/Desktop/fpga_cnn_hls4ml/hls4ml_init/hls4ml_cnn_zcu106/myproject_prj/solution1/.autopilot/db/dense_latency_wrapper_ap_fixed_ap_fixed_36_16_5_3_0_config8_s.compgen.tcl 
INFO: [HLS 200-1030] Apply Unified Pipeline Control on module 'dense_latency_wrapper_ap_fixed_ap_fixed_36_16_5_3_0_config8_s' pipeline 'dense_latency_wrapper<ap_fixed,ap_fixed<36,16,5,3,0>,config8>' pipeline type 'function pipeline'
INFO: [RTGEN 206-100] Generating core module 'mul_16s_10ns_26_1_1': 2 instance(s).
INFO: [RTGEN 206-100] Generating core module 'mul_16s_11ns_26_1_1': 5 instance(s).
INFO: [RTGEN 206-100] Generating core module 'mul_16s_11s_26_1_1': 5 instance(s).
INFO: [RTGEN 206-100] Generating core module 'mul_16s_8ns_24_1_1': 1 instance(s).
INFO: [RTGEN 206-100] Generating core module 'mul_16s_9ns_25_1_1': 3 instance(s).
INFO: [RTGEN 206-100] Finished creating RTL model for 'dense_latency_wrapper_ap_fixed_ap_fixed_36_16_5_3_0_config8_s'.
Command         create_rtl_model done; 0.274 sec.
INFO: [HLS 200-111] Finished Creating RTL model: CPU user time: 0 seconds. CPU system time: 0 seconds. Elapsed time: 0.69 seconds; current allocated memory: 903.715 MB.
Execute         source C:/Users/OmilosNeonTexn/Desktop/fpga_cnn_hls4ml/hls4ml_init/hls4ml_cnn_zcu106/myproject_prj/solution1/.autopilot/db/myproject.rtl_wrap.cfg.tcl 
Execute         gen_rtl dense_latency_wrapper<ap_fixed,ap_fixed<36,16,5,3,0>,config8> -style xilinx -f -lang vhdl -o C:/Users/OmilosNeonTexn/Desktop/fpga_cnn_hls4ml/hls4ml_init/hls4ml_cnn_zcu106/myproject_prj/solution1/syn/vhdl/myproject_dense_latency_wrapper_ap_fixed_ap_fixed_36_16_5_3_0_config8_s 
Execute         gen_rtl dense_latency_wrapper<ap_fixed,ap_fixed<36,16,5,3,0>,config8> -style xilinx -f -lang vlog -o C:/Users/OmilosNeonTexn/Desktop/fpga_cnn_hls4ml/hls4ml_init/hls4ml_cnn_zcu106/myproject_prj/solution1/syn/verilog/myproject_dense_latency_wrapper_ap_fixed_ap_fixed_36_16_5_3_0_config8_s 
Execute         syn_report -csynth -model dense_latency_wrapper<ap_fixed,ap_fixed<36,16,5,3,0>,config8> -o C:/Users/OmilosNeonTexn/Desktop/fpga_cnn_hls4ml/hls4ml_init/hls4ml_cnn_zcu106/myproject_prj/solution1/syn/report/dense_latency_wrapper_ap_fixed_ap_fixed_36_16_5_3_0_config8_s_csynth.rpt 
Execute           list_part -family xczu7ev-ffvc1156-2-e 
Execute             ap_family_info -name xczu7ev-ffvc1156-2-e -data names 
Execute             ap_part_info -quiet -name xczu7ev-ffvc1156-2-e -data family 
Execute         syn_report -rtlxml -model dense_latency_wrapper<ap_fixed,ap_fixed<36,16,5,3,0>,config8> -o C:/Users/OmilosNeonTexn/Desktop/fpga_cnn_hls4ml/hls4ml_init/hls4ml_cnn_zcu106/myproject_prj/solution1/syn/report/dense_latency_wrapper_ap_fixed_ap_fixed_36_16_5_3_0_config8_s_csynth.xml 
Execute           list_part -family xczu7ev-ffvc1156-2-e 
Execute             ap_family_info -name xczu7ev-ffvc1156-2-e -data names 
Execute             ap_part_info -quiet -name xczu7ev-ffvc1156-2-e -data family 
Execute         syn_report -verbosereport -model dense_latency_wrapper<ap_fixed,ap_fixed<36,16,5,3,0>,config8> -o C:/Users/OmilosNeonTexn/Desktop/fpga_cnn_hls4ml/hls4ml_init/hls4ml_cnn_zcu106/myproject_prj/solution1/.autopilot/db/dense_latency_wrapper_ap_fixed_ap_fixed_36_16_5_3_0_config8_s.verbose.rpt 
Execute           list_part -family xczu7ev-ffvc1156-2-e 
Execute             ap_family_info -name xczu7ev-ffvc1156-2-e -data names 
Execute             ap_part_info -quiet -name xczu7ev-ffvc1156-2-e -data family 
Execute         db_write -model dense_latency_wrapper<ap_fixed,ap_fixed<36,16,5,3,0>,config8> -f -o C:/Users/OmilosNeonTexn/Desktop/fpga_cnn_hls4ml/hls4ml_init/hls4ml_cnn_zcu106/myproject_prj/solution1/.autopilot/db/dense_latency_wrapper_ap_fixed_ap_fixed_36_16_5_3_0_config8_s.adb 
Execute         db_write -model dense_latency_wrapper<ap_fixed,ap_fixed<36,16,5,3,0>,config8> -bindview -o C:/Users/OmilosNeonTexn/Desktop/fpga_cnn_hls4ml/hls4ml_init/hls4ml_cnn_zcu106/myproject_prj/solution1/.autopilot/db/design.bindinfo.xml 
Execute         gen_tb_info dense_latency_wrapper<ap_fixed,ap_fixed<36,16,5,3,0>,config8> -p C:/Users/OmilosNeonTexn/Desktop/fpga_cnn_hls4ml/hls4ml_init/hls4ml_cnn_zcu106/myproject_prj/solution1/.autopilot/db -o C:/Users/OmilosNeonTexn/Desktop/fpga_cnn_hls4ml/hls4ml_init/hls4ml_cnn_zcu106/myproject_prj/solution1/.autopilot/db/dense_latency_wrapper_ap_fixed_ap_fixed_36_16_5_3_0_config8_s 
INFO: [HLS 200-10] ----------------------------------------------------------------
INFO: [HLS 200-10] -- Generating RTL for module 'dense_array_ap_fixed_8u_array_ap_fixed_36_16_5_3_0_2u_config8_s' 
INFO: [HLS 200-10] ----------------------------------------------------------------
Execute         create_rtl_model dense<array<ap_fixed,8u>,array<ap_fixed<36,16,5,3,0>,2u>,config8> -top_prefix myproject_ -sub_prefix myproject_ -mg_file C:/Users/OmilosNeonTexn/Desktop/fpga_cnn_hls4ml/hls4ml_init/hls4ml_cnn_zcu106/myproject_prj/solution1/.autopilot/db/dense_array_ap_fixed_8u_array_ap_fixed_36_16_5_3_0_2u_config8_s.compgen.tcl 
INFO: [RTGEN 206-100] Finished creating RTL model for 'dense_array_ap_fixed_8u_array_ap_fixed_36_16_5_3_0_2u_config8_s'.
INFO: [HLS 200-111] Finished Creating RTL model: CPU user time: 0 seconds. CPU system time: 0 seconds. Elapsed time: 0.502 seconds; current allocated memory: 904.973 MB.
Execute         source C:/Users/OmilosNeonTexn/Desktop/fpga_cnn_hls4ml/hls4ml_init/hls4ml_cnn_zcu106/myproject_prj/solution1/.autopilot/db/myproject.rtl_wrap.cfg.tcl 
Execute         gen_rtl dense<array<ap_fixed,8u>,array<ap_fixed<36,16,5,3,0>,2u>,config8> -style xilinx -f -lang vhdl -o C:/Users/OmilosNeonTexn/Desktop/fpga_cnn_hls4ml/hls4ml_init/hls4ml_cnn_zcu106/myproject_prj/solution1/syn/vhdl/myproject_dense_array_ap_fixed_8u_array_ap_fixed_36_16_5_3_0_2u_config8_s 
Execute         gen_rtl dense<array<ap_fixed,8u>,array<ap_fixed<36,16,5,3,0>,2u>,config8> -style xilinx -f -lang vlog -o C:/Users/OmilosNeonTexn/Desktop/fpga_cnn_hls4ml/hls4ml_init/hls4ml_cnn_zcu106/myproject_prj/solution1/syn/verilog/myproject_dense_array_ap_fixed_8u_array_ap_fixed_36_16_5_3_0_2u_config8_s 
Execute         syn_report -csynth -model dense<array<ap_fixed,8u>,array<ap_fixed<36,16,5,3,0>,2u>,config8> -o C:/Users/OmilosNeonTexn/Desktop/fpga_cnn_hls4ml/hls4ml_init/hls4ml_cnn_zcu106/myproject_prj/solution1/syn/report/dense_array_ap_fixed_8u_array_ap_fixed_36_16_5_3_0_2u_config8_s_csynth.rpt 
Execute           list_part -family xczu7ev-ffvc1156-2-e 
Execute             ap_family_info -name xczu7ev-ffvc1156-2-e -data names 
Execute             ap_part_info -quiet -name xczu7ev-ffvc1156-2-e -data family 
Execute         syn_report -rtlxml -model dense<array<ap_fixed,8u>,array<ap_fixed<36,16,5,3,0>,2u>,config8> -o C:/Users/OmilosNeonTexn/Desktop/fpga_cnn_hls4ml/hls4ml_init/hls4ml_cnn_zcu106/myproject_prj/solution1/syn/report/dense_array_ap_fixed_8u_array_ap_fixed_36_16_5_3_0_2u_config8_s_csynth.xml 
Execute           list_part -family xczu7ev-ffvc1156-2-e 
Execute             ap_family_info -name xczu7ev-ffvc1156-2-e -data names 
Execute             ap_part_info -quiet -name xczu7ev-ffvc1156-2-e -data family 
Execute         syn_report -verbosereport -model dense<array<ap_fixed,8u>,array<ap_fixed<36,16,5,3,0>,2u>,config8> -o C:/Users/OmilosNeonTexn/Desktop/fpga_cnn_hls4ml/hls4ml_init/hls4ml_cnn_zcu106/myproject_prj/solution1/.autopilot/db/dense_array_ap_fixed_8u_array_ap_fixed_36_16_5_3_0_2u_config8_s.verbose.rpt 
Execute           list_part -family xczu7ev-ffvc1156-2-e 
Execute             ap_family_info -name xczu7ev-ffvc1156-2-e -data names 
Execute             ap_part_info -quiet -name xczu7ev-ffvc1156-2-e -data family 
Execute         db_write -model dense<array<ap_fixed,8u>,array<ap_fixed<36,16,5,3,0>,2u>,config8> -f -o C:/Users/OmilosNeonTexn/Desktop/fpga_cnn_hls4ml/hls4ml_init/hls4ml_cnn_zcu106/myproject_prj/solution1/.autopilot/db/dense_array_ap_fixed_8u_array_ap_fixed_36_16_5_3_0_2u_config8_s.adb 
Execute         db_write -model dense<array<ap_fixed,8u>,array<ap_fixed<36,16,5,3,0>,2u>,config8> -bindview -o C:/Users/OmilosNeonTexn/Desktop/fpga_cnn_hls4ml/hls4ml_init/hls4ml_cnn_zcu106/myproject_prj/solution1/.autopilot/db/design.bindinfo.xml 
Execute         gen_tb_info dense<array<ap_fixed,8u>,array<ap_fixed<36,16,5,3,0>,2u>,config8> -p C:/Users/OmilosNeonTexn/Desktop/fpga_cnn_hls4ml/hls4ml_init/hls4ml_cnn_zcu106/myproject_prj/solution1/.autopilot/db -o C:/Users/OmilosNeonTexn/Desktop/fpga_cnn_hls4ml/hls4ml_init/hls4ml_cnn_zcu106/myproject_prj/solution1/.autopilot/db/dense_array_ap_fixed_8u_array_ap_fixed_36_16_5_3_0_2u_config8_s 
INFO: [HLS 200-10] ----------------------------------------------------------------
INFO: [HLS 200-10] -- Generating RTL for module 'init_exp_table_ap_ufixed_35_15_5_3_0_softmax_config9_s' 
INFO: [HLS 200-10] ----------------------------------------------------------------
Execute         create_rtl_model init_exp_table<ap_ufixed<35, 15, 5, 3, 0>, softmax_config9> -top_prefix myproject_ -sub_prefix myproject_ -mg_file C:/Users/OmilosNeonTexn/Desktop/fpga_cnn_hls4ml/hls4ml_init/hls4ml_cnn_zcu106/myproject_prj/solution1/.autopilot/db/init_exp_table_ap_ufixed_35_15_5_3_0_softmax_config9_s.compgen.tcl 
INFO: [HLS 200-1030] Apply Unified Pipeline Control on module 'init_exp_table_ap_ufixed_35_15_5_3_0_softmax_config9_s' pipeline 'VITIS_LOOP_151_1' pipeline type 'loop pipeline'
INFO: [RTGEN 206-100] Generating core module 'bitselect_1ns_35ns_32s_1_1_1': 1 instance(s).
INFO: [RTGEN 206-100] Generating core module 'bitselect_1ns_54ns_32ns_1_1_1': 1 instance(s).
INFO: [RTGEN 206-100] Generating core module 'bitselect_1ns_54ns_32s_1_1_1': 1 instance(s).
INFO: [RTGEN 206-100] Generating core module 'ctlz_35_35_1_1': 1 instance(s).
INFO: [RTGEN 206-100] Generating core module 'fexp_32ns_32ns_32_13_full_dsp_1': 1 instance(s).
INFO: [RTGEN 206-100] Generating core module 'fpext_32ns_64_2_no_dsp_1': 1 instance(s).
INFO: [RTGEN 206-100] Generating core module 'sparsemux_7_2_16_1_1': 1 instance(s).
INFO: [RTGEN 206-100] Generating core module 'sparsemux_7_2_18_1_1': 1 instance(s).
INFO: [RTGEN 206-100] Generating core module 'sparsemux_7_2_1_1_1': 3 instance(s).
INFO: [RTGEN 206-100] Finished creating RTL model for 'init_exp_table_ap_ufixed_35_15_5_3_0_softmax_config9_s'.
Command         create_rtl_model done; 1.845 sec.
INFO: [HLS 200-111] Finished Creating RTL model: CPU user time: 1 seconds. CPU system time: 1 seconds. Elapsed time: 2.169 seconds; current allocated memory: 906.039 MB.
Execute         source C:/Users/OmilosNeonTexn/Desktop/fpga_cnn_hls4ml/hls4ml_init/hls4ml_cnn_zcu106/myproject_prj/solution1/.autopilot/db/myproject.rtl_wrap.cfg.tcl 
Execute         gen_rtl init_exp_table<ap_ufixed<35, 15, 5, 3, 0>, softmax_config9> -style xilinx -f -lang vhdl -o C:/Users/OmilosNeonTexn/Desktop/fpga_cnn_hls4ml/hls4ml_init/hls4ml_cnn_zcu106/myproject_prj/solution1/syn/vhdl/myproject_init_exp_table_ap_ufixed_35_15_5_3_0_softmax_config9_s 
Execute         gen_rtl init_exp_table<ap_ufixed<35, 15, 5, 3, 0>, softmax_config9> -style xilinx -f -lang vlog -o C:/Users/OmilosNeonTexn/Desktop/fpga_cnn_hls4ml/hls4ml_init/hls4ml_cnn_zcu106/myproject_prj/solution1/syn/verilog/myproject_init_exp_table_ap_ufixed_35_15_5_3_0_softmax_config9_s 
Execute         syn_report -csynth -model init_exp_table<ap_ufixed<35, 15, 5, 3, 0>, softmax_config9> -o C:/Users/OmilosNeonTexn/Desktop/fpga_cnn_hls4ml/hls4ml_init/hls4ml_cnn_zcu106/myproject_prj/solution1/syn/report/init_exp_table_ap_ufixed_35_15_5_3_0_softmax_config9_s_csynth.rpt 
Execute           list_part -family xczu7ev-ffvc1156-2-e 
Execute             ap_family_info -name xczu7ev-ffvc1156-2-e -data names 
Execute             ap_part_info -quiet -name xczu7ev-ffvc1156-2-e -data family 
Execute         syn_report -rtlxml -model init_exp_table<ap_ufixed<35, 15, 5, 3, 0>, softmax_config9> -o C:/Users/OmilosNeonTexn/Desktop/fpga_cnn_hls4ml/hls4ml_init/hls4ml_cnn_zcu106/myproject_prj/solution1/syn/report/init_exp_table_ap_ufixed_35_15_5_3_0_softmax_config9_s_csynth.xml 
Execute           list_part -family xczu7ev-ffvc1156-2-e 
Execute             ap_family_info -name xczu7ev-ffvc1156-2-e -data names 
Execute             ap_part_info -quiet -name xczu7ev-ffvc1156-2-e -data family 
Command         syn_report done; 0.11 sec.
Execute         syn_report -verbosereport -model init_exp_table<ap_ufixed<35, 15, 5, 3, 0>, softmax_config9> -o C:/Users/OmilosNeonTexn/Desktop/fpga_cnn_hls4ml/hls4ml_init/hls4ml_cnn_zcu106/myproject_prj/solution1/.autopilot/db/init_exp_table_ap_ufixed_35_15_5_3_0_softmax_config9_s.verbose.rpt 
Execute           list_part -family xczu7ev-ffvc1156-2-e 
Execute             ap_family_info -name xczu7ev-ffvc1156-2-e -data names 
Execute             ap_part_info -quiet -name xczu7ev-ffvc1156-2-e -data family 
Execute         db_write -model init_exp_table<ap_ufixed<35, 15, 5, 3, 0>, softmax_config9> -f -o C:/Users/OmilosNeonTexn/Desktop/fpga_cnn_hls4ml/hls4ml_init/hls4ml_cnn_zcu106/myproject_prj/solution1/.autopilot/db/init_exp_table_ap_ufixed_35_15_5_3_0_softmax_config9_s.adb 
Execute         db_write -model init_exp_table<ap_ufixed<35, 15, 5, 3, 0>, softmax_config9> -bindview -o C:/Users/OmilosNeonTexn/Desktop/fpga_cnn_hls4ml/hls4ml_init/hls4ml_cnn_zcu106/myproject_prj/solution1/.autopilot/db/design.bindinfo.xml 
Execute         gen_tb_info init_exp_table<ap_ufixed<35, 15, 5, 3, 0>, softmax_config9> -p C:/Users/OmilosNeonTexn/Desktop/fpga_cnn_hls4ml/hls4ml_init/hls4ml_cnn_zcu106/myproject_prj/solution1/.autopilot/db -o C:/Users/OmilosNeonTexn/Desktop/fpga_cnn_hls4ml/hls4ml_init/hls4ml_cnn_zcu106/myproject_prj/solution1/.autopilot/db/init_exp_table_ap_ufixed_35_15_5_3_0_softmax_config9_s 
INFO: [HLS 200-10] ----------------------------------------------------------------
INFO: [HLS 200-10] -- Generating RTL for module 'softmax_stable_array_array_ap_fixed_16_6_5_3_0_2u_softmax_config9_s' 
INFO: [HLS 200-10] ----------------------------------------------------------------
Execute         create_rtl_model softmax_stable<array,array<ap_fixed<16,6,5,3,0>,2u>,softmax_config9> -top_prefix myproject_ -sub_prefix myproject_ -mg_file C:/Users/OmilosNeonTexn/Desktop/fpga_cnn_hls4ml/hls4ml_init/hls4ml_cnn_zcu106/myproject_prj/solution1/.autopilot/db/softmax_stable_array_array_ap_fixed_16_6_5_3_0_2u_softmax_config9_s.compgen.tcl 
INFO: [SYN 201-210] Renamed object name 'softmax_stable_array_array_ap_fixed_16_6_5_3_0_2u_softmax_config9_s_invert_table_ROM_AUTO_1R' to 'softmax_stable_array_array_ap_fixed_16_6_5_3_0_2u_softmax_config9_s_invert_tahbi' due to the length limit 80
INFO: [SYN 201-210] Renamed object name 'softmax_stable_array_array_ap_fixed_16_6_5_3_0_2u_softmax_config9_s_exp_table_RAM_AUTO_1R1W' to 'softmax_stable_array_array_ap_fixed_16_6_5_3_0_2u_softmax_config9_s_exp_tableibs' due to the length limit 80
INFO: [RTGEN 206-100] Generating core module 'mul_18s_16s_26_1_1': 2 instance(s).
INFO: [RTGEN 206-100] Finished creating RTL model for 'softmax_stable_array_array_ap_fixed_16_6_5_3_0_2u_softmax_config9_s'.
INFO: [RTMG 210-279] Implementing memory 'myproject_softmax_stable_array_array_ap_fixed_16_6_5_3_0_2u_softmax_config9_s_invert_tahbi' using auto ROMs.
INFO: [RTMG 210-278] Implementing memory 'myproject_softmax_stable_array_array_ap_fixed_16_6_5_3_0_2u_softmax_config9_s_exp_tableibs' using auto RAMs.
Command         create_rtl_model done; 0.399 sec.
INFO: [HLS 200-111] Finished Creating RTL model: CPU user time: 0 seconds. CPU system time: 0 seconds. Elapsed time: 1.357 seconds; current allocated memory: 910.016 MB.
Execute         source C:/Users/OmilosNeonTexn/Desktop/fpga_cnn_hls4ml/hls4ml_init/hls4ml_cnn_zcu106/myproject_prj/solution1/.autopilot/db/myproject.rtl_wrap.cfg.tcl 
Execute         gen_rtl softmax_stable<array,array<ap_fixed<16,6,5,3,0>,2u>,softmax_config9> -style xilinx -f -lang vhdl -o C:/Users/OmilosNeonTexn/Desktop/fpga_cnn_hls4ml/hls4ml_init/hls4ml_cnn_zcu106/myproject_prj/solution1/syn/vhdl/myproject_softmax_stable_array_array_ap_fixed_16_6_5_3_0_2u_softmax_config9_s 
Execute         gen_rtl softmax_stable<array,array<ap_fixed<16,6,5,3,0>,2u>,softmax_config9> -style xilinx -f -lang vlog -o C:/Users/OmilosNeonTexn/Desktop/fpga_cnn_hls4ml/hls4ml_init/hls4ml_cnn_zcu106/myproject_prj/solution1/syn/verilog/myproject_softmax_stable_array_array_ap_fixed_16_6_5_3_0_2u_softmax_config9_s 
Execute         syn_report -csynth -model softmax_stable<array,array<ap_fixed<16,6,5,3,0>,2u>,softmax_config9> -o C:/Users/OmilosNeonTexn/Desktop/fpga_cnn_hls4ml/hls4ml_init/hls4ml_cnn_zcu106/myproject_prj/solution1/syn/report/softmax_stable_array_array_ap_fixed_16_6_5_3_0_2u_softmax_config9_s_csynth.rpt 
Execute           list_part -family xczu7ev-ffvc1156-2-e 
Execute             ap_family_info -name xczu7ev-ffvc1156-2-e -data names 
Execute             ap_part_info -quiet -name xczu7ev-ffvc1156-2-e -data family 
Execute         syn_report -rtlxml -model softmax_stable<array,array<ap_fixed<16,6,5,3,0>,2u>,softmax_config9> -o C:/Users/OmilosNeonTexn/Desktop/fpga_cnn_hls4ml/hls4ml_init/hls4ml_cnn_zcu106/myproject_prj/solution1/syn/report/softmax_stable_array_array_ap_fixed_16_6_5_3_0_2u_softmax_config9_s_csynth.xml 
Execute           list_part -family xczu7ev-ffvc1156-2-e 
Execute             ap_family_info -name xczu7ev-ffvc1156-2-e -data names 
Execute             ap_part_info -quiet -name xczu7ev-ffvc1156-2-e -data family 
Execute         syn_report -verbosereport -model softmax_stable<array,array<ap_fixed<16,6,5,3,0>,2u>,softmax_config9> -o C:/Users/OmilosNeonTexn/Desktop/fpga_cnn_hls4ml/hls4ml_init/hls4ml_cnn_zcu106/myproject_prj/solution1/.autopilot/db/softmax_stable_array_array_ap_fixed_16_6_5_3_0_2u_softmax_config9_s.verbose.rpt 
Execute           list_part -family xczu7ev-ffvc1156-2-e 
Execute             ap_family_info -name xczu7ev-ffvc1156-2-e -data names 
Execute             ap_part_info -quiet -name xczu7ev-ffvc1156-2-e -data family 
Execute         db_write -model softmax_stable<array,array<ap_fixed<16,6,5,3,0>,2u>,softmax_config9> -f -o C:/Users/OmilosNeonTexn/Desktop/fpga_cnn_hls4ml/hls4ml_init/hls4ml_cnn_zcu106/myproject_prj/solution1/.autopilot/db/softmax_stable_array_array_ap_fixed_16_6_5_3_0_2u_softmax_config9_s.adb 
Execute         db_write -model softmax_stable<array,array<ap_fixed<16,6,5,3,0>,2u>,softmax_config9> -bindview -o C:/Users/OmilosNeonTexn/Desktop/fpga_cnn_hls4ml/hls4ml_init/hls4ml_cnn_zcu106/myproject_prj/solution1/.autopilot/db/design.bindinfo.xml 
Execute         gen_tb_info softmax_stable<array,array<ap_fixed<16,6,5,3,0>,2u>,softmax_config9> -p C:/Users/OmilosNeonTexn/Desktop/fpga_cnn_hls4ml/hls4ml_init/hls4ml_cnn_zcu106/myproject_prj/solution1/.autopilot/db -o C:/Users/OmilosNeonTexn/Desktop/fpga_cnn_hls4ml/hls4ml_init/hls4ml_cnn_zcu106/myproject_prj/solution1/.autopilot/db/softmax_stable_array_array_ap_fixed_16_6_5_3_0_2u_softmax_config9_s 
INFO: [HLS 200-10] ----------------------------------------------------------------
INFO: [HLS 200-10] -- Generating RTL for module 'softmax_array_array_ap_fixed_16_6_5_3_0_2u_softmax_config9_s' 
INFO: [HLS 200-10] ----------------------------------------------------------------
Execute         create_rtl_model softmax<array,array<ap_fixed<16,6,5,3,0>,2u>,softmax_config9> -top_prefix myproject_ -sub_prefix myproject_ -mg_file C:/Users/OmilosNeonTexn/Desktop/fpga_cnn_hls4ml/hls4ml_init/hls4ml_cnn_zcu106/myproject_prj/solution1/.autopilot/db/softmax_array_array_ap_fixed_16_6_5_3_0_2u_softmax_config9_s.compgen.tcl 
INFO: [RTGEN 206-100] Finished creating RTL model for 'softmax_array_array_ap_fixed_16_6_5_3_0_2u_softmax_config9_s'.
INFO: [HLS 200-111] Finished Creating RTL model: CPU user time: 0 seconds. CPU system time: 0 seconds. Elapsed time: 0.417 seconds; current allocated memory: 911.355 MB.
Execute         source C:/Users/OmilosNeonTexn/Desktop/fpga_cnn_hls4ml/hls4ml_init/hls4ml_cnn_zcu106/myproject_prj/solution1/.autopilot/db/myproject.rtl_wrap.cfg.tcl 
Execute         gen_rtl softmax<array,array<ap_fixed<16,6,5,3,0>,2u>,softmax_config9> -style xilinx -f -lang vhdl -o C:/Users/OmilosNeonTexn/Desktop/fpga_cnn_hls4ml/hls4ml_init/hls4ml_cnn_zcu106/myproject_prj/solution1/syn/vhdl/myproject_softmax_array_array_ap_fixed_16_6_5_3_0_2u_softmax_config9_s 
Execute         gen_rtl softmax<array,array<ap_fixed<16,6,5,3,0>,2u>,softmax_config9> -style xilinx -f -lang vlog -o C:/Users/OmilosNeonTexn/Desktop/fpga_cnn_hls4ml/hls4ml_init/hls4ml_cnn_zcu106/myproject_prj/solution1/syn/verilog/myproject_softmax_array_array_ap_fixed_16_6_5_3_0_2u_softmax_config9_s 
Execute         syn_report -csynth -model softmax<array,array<ap_fixed<16,6,5,3,0>,2u>,softmax_config9> -o C:/Users/OmilosNeonTexn/Desktop/fpga_cnn_hls4ml/hls4ml_init/hls4ml_cnn_zcu106/myproject_prj/solution1/syn/report/softmax_array_array_ap_fixed_16_6_5_3_0_2u_softmax_config9_s_csynth.rpt 
Execute           list_part -family xczu7ev-ffvc1156-2-e 
Execute             ap_family_info -name xczu7ev-ffvc1156-2-e -data names 
Execute             ap_part_info -quiet -name xczu7ev-ffvc1156-2-e -data family 
Execute         syn_report -rtlxml -model softmax<array,array<ap_fixed<16,6,5,3,0>,2u>,softmax_config9> -o C:/Users/OmilosNeonTexn/Desktop/fpga_cnn_hls4ml/hls4ml_init/hls4ml_cnn_zcu106/myproject_prj/solution1/syn/report/softmax_array_array_ap_fixed_16_6_5_3_0_2u_softmax_config9_s_csynth.xml 
Execute           list_part -family xczu7ev-ffvc1156-2-e 
Execute             ap_family_info -name xczu7ev-ffvc1156-2-e -data names 
Execute             ap_part_info -quiet -name xczu7ev-ffvc1156-2-e -data family 
Execute         syn_report -verbosereport -model softmax<array,array<ap_fixed<16,6,5,3,0>,2u>,softmax_config9> -o C:/Users/OmilosNeonTexn/Desktop/fpga_cnn_hls4ml/hls4ml_init/hls4ml_cnn_zcu106/myproject_prj/solution1/.autopilot/db/softmax_array_array_ap_fixed_16_6_5_3_0_2u_softmax_config9_s.verbose.rpt 
Execute           list_part -family xczu7ev-ffvc1156-2-e 
Execute             ap_family_info -name xczu7ev-ffvc1156-2-e -data names 
Execute             ap_part_info -quiet -name xczu7ev-ffvc1156-2-e -data family 
Execute         db_write -model softmax<array,array<ap_fixed<16,6,5,3,0>,2u>,softmax_config9> -f -o C:/Users/OmilosNeonTexn/Desktop/fpga_cnn_hls4ml/hls4ml_init/hls4ml_cnn_zcu106/myproject_prj/solution1/.autopilot/db/softmax_array_array_ap_fixed_16_6_5_3_0_2u_softmax_config9_s.adb 
Execute         db_write -model softmax<array,array<ap_fixed<16,6,5,3,0>,2u>,softmax_config9> -bindview -o C:/Users/OmilosNeonTexn/Desktop/fpga_cnn_hls4ml/hls4ml_init/hls4ml_cnn_zcu106/myproject_prj/solution1/.autopilot/db/design.bindinfo.xml 
Execute         gen_tb_info softmax<array,array<ap_fixed<16,6,5,3,0>,2u>,softmax_config9> -p C:/Users/OmilosNeonTexn/Desktop/fpga_cnn_hls4ml/hls4ml_init/hls4ml_cnn_zcu106/myproject_prj/solution1/.autopilot/db -o C:/Users/OmilosNeonTexn/Desktop/fpga_cnn_hls4ml/hls4ml_init/hls4ml_cnn_zcu106/myproject_prj/solution1/.autopilot/db/softmax_array_array_ap_fixed_16_6_5_3_0_2u_softmax_config9_s 
INFO: [HLS 200-10] ----------------------------------------------------------------
INFO: [HLS 200-10] -- Generating RTL for module 'myproject' 
INFO: [HLS 200-10] ----------------------------------------------------------------
Execute         create_rtl_model myproject -top_prefix  -sub_prefix myproject_ -mg_file C:/Users/OmilosNeonTexn/Desktop/fpga_cnn_hls4ml/hls4ml_init/hls4ml_cnn_zcu106/myproject_prj/solution1/.autopilot/db/myproject.compgen.tcl 
WARNING: [RTGEN 206-101] Design contains AXI ports. Reset is fixed to synchronous and active low.
INFO: [RTGEN 206-500] Setting interface mode on port 'myproject/inp' to 'axis' (register, both mode).
INFO: [RTGEN 206-500] Setting interface mode on port 'myproject/layer9_out' to 'axis' (register, both mode).
INFO: [RTGEN 206-500] Setting interface mode on function 'myproject' to 'ap_ctrl_hs'.
WARNING: [HLS 200-656] Deadlocks can occur since process conv_2d_cl<array<ap_fixed,1u>,array<ap_fixed<37,17,5,3,0>,4u>,config2> is instantiated in a dataflow region with ap_ctrl_none or without start propagation and contains an auto-rewind pipeline.
INFO: [SYN 201-210] Renamed object name 'start_for_pooling2d_cl_array_ap_fixed_4u_array_ap_fixed_16_6_5_3_0_4u_config4_U0' to 'start_for_pooling2d_cl_array_ap_fixed_4u_array_ap_fixed_16_6_5_3_0_4u_config4jbC' due to the length limit 80
INFO: [RTGEN 206-100] Finished creating RTL model for 'myproject'.
INFO: [RTMG 210-285] Implementing FIFO 'layer2_out_U(myproject_fifo_w148_d36_A)' using Vivado Default RAMs.
INFO: [RTMG 210-285] Implementing FIFO 'layer3_out_U(myproject_fifo_w64_d36_A)' using Vivado Default RAMs.
INFO: [RTMG 210-285] Implementing FIFO 'layer4_out_U(myproject_fifo_w64_d9_S)' using Shift Registers.
INFO: [RTMG 210-285] Implementing FIFO 'layer6_out_U(myproject_fifo_w312_d1_S)' using Shift Registers.
INFO: [RTMG 210-285] Implementing FIFO 'layer7_out_U(myproject_fifo_w128_d1_S)' using Shift Registers.
INFO: [RTMG 210-285] Implementing FIFO 'layer8_out_U(myproject_fifo_w72_d1_S)' using Shift Registers.
INFO: [RTMG 210-285] Implementing FIFO 'start_for_relu_array_ap_fixed_4u_array_ap_fixed_16_6_5_3_0_4u_relu_config3_U0_U(myproject_start_for_relu_array_ap_fixed_4u_array_ap_fixed_16_6_5_3_0_4u_relu_config3_U0)' using Shift Registers.
INFO: [RTMG 210-285] Implementing FIFO 'start_for_pooling2d_cl_array_ap_fixed_4u_array_ap_fixed_16_6_5_3_0_4u_config4jbC_U(myproject_start_for_pooling2d_cl_array_ap_fixed_4u_array_ap_fixed_16_6_5_3_0_4u_config4jbC)' using Shift Registers.
INFO: [RTMG 210-285] Implementing FIFO 'start_for_dense_array_ap_fixed_4u_array_ap_fixed_39_19_5_3_0_8u_config6_U0_U(myproject_start_for_dense_array_ap_fixed_4u_array_ap_fixed_39_19_5_3_0_8u_config6_U0)' using Shift Registers.
INFO: [RTMG 210-285] Implementing FIFO 'start_for_relu_array_ap_fixed_8u_array_ap_fixed_16_6_5_3_0_8u_relu_config7_U0_U(myproject_start_for_relu_array_ap_fixed_8u_array_ap_fixed_16_6_5_3_0_8u_relu_config7_U0)' using Shift Registers.
INFO: [RTMG 210-285] Implementing FIFO 'start_for_dense_array_ap_fixed_8u_array_ap_fixed_36_16_5_3_0_2u_config8_U0_U(myproject_start_for_dense_array_ap_fixed_8u_array_ap_fixed_36_16_5_3_0_2u_config8_U0)' using Shift Registers.
INFO: [RTMG 210-285] Implementing FIFO 'start_for_softmax_array_array_ap_fixed_16_6_5_3_0_2u_softmax_config9_U0_U(myproject_start_for_softmax_array_array_ap_fixed_16_6_5_3_0_2u_softmax_config9_U0)' using Shift Registers.
Command         create_rtl_model done; 1.226 sec.
INFO: [HLS 200-111] Finished Creating RTL model: CPU user time: 1 seconds. CPU system time: 0 seconds. Elapsed time: 1.523 seconds; current allocated memory: 912.637 MB.
Execute         source C:/Users/OmilosNeonTexn/Desktop/fpga_cnn_hls4ml/hls4ml_init/hls4ml_cnn_zcu106/myproject_prj/solution1/.autopilot/db/myproject.rtl_wrap.cfg.tcl 
Execute         gen_rtl myproject -istop -style xilinx -f -lang vhdl -o C:/Users/OmilosNeonTexn/Desktop/fpga_cnn_hls4ml/hls4ml_init/hls4ml_cnn_zcu106/myproject_prj/solution1/syn/vhdl/myproject 
Execute         gen_rtl myproject -istop -style xilinx -f -lang vlog -o C:/Users/OmilosNeonTexn/Desktop/fpga_cnn_hls4ml/hls4ml_init/hls4ml_cnn_zcu106/myproject_prj/solution1/syn/verilog/myproject 
Execute         syn_report -csynth -model myproject -o C:/Users/OmilosNeonTexn/Desktop/fpga_cnn_hls4ml/hls4ml_init/hls4ml_cnn_zcu106/myproject_prj/solution1/syn/report/myproject_csynth.rpt 
Execute           list_part -family xczu7ev-ffvc1156-2-e 
Execute             ap_family_info -name xczu7ev-ffvc1156-2-e -data names 
Execute             ap_part_info -quiet -name xczu7ev-ffvc1156-2-e -data family 
Execute         syn_report -rtlxml -model myproject -o C:/Users/OmilosNeonTexn/Desktop/fpga_cnn_hls4ml/hls4ml_init/hls4ml_cnn_zcu106/myproject_prj/solution1/syn/report/myproject_csynth.xml 
Execute           list_part -family xczu7ev-ffvc1156-2-e 
Execute             ap_family_info -name xczu7ev-ffvc1156-2-e -data names 
Execute             ap_part_info -quiet -name xczu7ev-ffvc1156-2-e -data family 
Execute         syn_report -verbosereport -model myproject -o C:/Users/OmilosNeonTexn/Desktop/fpga_cnn_hls4ml/hls4ml_init/hls4ml_cnn_zcu106/myproject_prj/solution1/.autopilot/db/myproject.verbose.rpt 
Execute           list_part -family xczu7ev-ffvc1156-2-e 
Execute             ap_family_info -name xczu7ev-ffvc1156-2-e -data names 
Execute             ap_part_info -quiet -name xczu7ev-ffvc1156-2-e -data family 
Execute         db_write -model myproject -f -o C:/Users/OmilosNeonTexn/Desktop/fpga_cnn_hls4ml/hls4ml_init/hls4ml_cnn_zcu106/myproject_prj/solution1/.autopilot/db/myproject.adb 
Execute         db_write -model myproject -bindview -o C:/Users/OmilosNeonTexn/Desktop/fpga_cnn_hls4ml/hls4ml_init/hls4ml_cnn_zcu106/myproject_prj/solution1/.autopilot/db/design.bindinfo.xml 
Execute         gen_tb_info myproject -p C:/Users/OmilosNeonTexn/Desktop/fpga_cnn_hls4ml/hls4ml_init/hls4ml_cnn_zcu106/myproject_prj/solution1/.autopilot/db -o C:/Users/OmilosNeonTexn/Desktop/fpga_cnn_hls4ml/hls4ml_init/hls4ml_cnn_zcu106/myproject_prj/solution1/.autopilot/db/myproject 
Execute         export_constraint_db -f -tool general -o C:/Users/OmilosNeonTexn/Desktop/fpga_cnn_hls4ml/hls4ml_init/hls4ml_cnn_zcu106/myproject_prj/solution1/.autopilot/db/myproject.constraint.tcl 
Execute         syn_report -designview -model myproject -o C:/Users/OmilosNeonTexn/Desktop/fpga_cnn_hls4ml/hls4ml_init/hls4ml_cnn_zcu106/myproject_prj/solution1/.autopilot/db/myproject.design.xml 
Command         syn_report done; 0.184 sec.
Execute         syn_report -csynthDesign -model myproject -o C:/Users/OmilosNeonTexn/Desktop/fpga_cnn_hls4ml/hls4ml_init/hls4ml_cnn_zcu106/myproject_prj/solution1/syn/report/csynth.rpt -MHOut C:/Users/OmilosNeonTexn/Desktop/fpga_cnn_hls4ml/hls4ml_init/hls4ml_cnn_zcu106/myproject_prj/solution1/.autopilot/db/kernel_module_hierarchy.tcl 
Execute           list_part -family xczu7ev-ffvc1156-2-e 
Execute             ap_family_info -name xczu7ev-ffvc1156-2-e -data names 
Execute             ap_part_info -quiet -name xczu7ev-ffvc1156-2-e -data family 
Execute         syn_report -wcfg -model myproject -o C:/Users/OmilosNeonTexn/Desktop/fpga_cnn_hls4ml/hls4ml_init/hls4ml_cnn_zcu106/myproject_prj/solution1/.autopilot/db/myproject_dataflow_ana.wcfg 
Execute         syn_report -protoinst -model myproject -o C:/Users/OmilosNeonTexn/Desktop/fpga_cnn_hls4ml/hls4ml_init/hls4ml_cnn_zcu106/myproject_prj/solution1/.autopilot/db/myproject.protoinst 
Command         syn_report done; 0.124 sec.
Execute         sc_get_clocks myproject 
Execute         sc_get_portdomain myproject 
INFO-FLOW: Model list for RTL component generation: {shift_line_buffer<array<ap_fixed<16, 6, 5, 3, 0>, 1u>, config2>} {dense_latency<ap_fixed<16, 6, 5, 3, 0>, ap_fixed<37, 17, 5, 3, 0>, config2_mult>} compute_output_buffer_2d<array,array<ap_fixed<37,17,5,3,0>,4u>,config2> conv_2d_cl<array<ap_fixed,1u>,array<ap_fixed<37,17,5,3,0>,4u>,config2> relu<array<ap_fixed,4u>,array<ap_fixed<16,6,5,3,0>,4u>,relu_config3> {shift_line_buffer<array<ap_fixed<16, 6, 5, 3, 0>, 4u>, config4>} pooling2d_cl<array<ap_fixed,4u>,array<ap_fixed<16,6,5,3,0>,4u>,config4> dense<array,array<ap_fixed<39,19,5,3,0>,8u>,config6>_Pipeline_DataPrepare dense_latency_wrapper<ap_fixed,ap_fixed<39,19,5,3,0>,config6> dense<array<ap_fixed,4u>,array<ap_fixed<39,19,5,3,0>,8u>,config6> relu<array<ap_fixed,8u>,array<ap_fixed<16,6,5,3,0>,8u>,relu_config7> dense_latency_wrapper<ap_fixed,ap_fixed<36,16,5,3,0>,config8> dense<array<ap_fixed,8u>,array<ap_fixed<36,16,5,3,0>,2u>,config8> {init_exp_table<ap_ufixed<35, 15, 5, 3, 0>, softmax_config9>} softmax_stable<array,array<ap_fixed<16,6,5,3,0>,2u>,softmax_config9> softmax<array,array<ap_fixed<16,6,5,3,0>,2u>,softmax_config9> myproject
INFO-FLOW: Handling components in module [shift_line_buffer_array_ap_fixed_16_6_5_3_0_1u_config2_s] ... 
Execute         source C:/Users/OmilosNeonTexn/Desktop/fpga_cnn_hls4ml/hls4ml_init/hls4ml_cnn_zcu106/myproject_prj/solution1/.autopilot/db/shift_line_buffer_array_ap_fixed_16_6_5_3_0_1u_config2_s.compgen.tcl 
INFO-FLOW: Found component myproject_shift_line_buffer_array_ap_fixed_16_6_5_3_0_1u_config2_s_void_conv_2d_buffer_bkb.
INFO-FLOW: Append model myproject_shift_line_buffer_array_ap_fixed_16_6_5_3_0_1u_config2_s_void_conv_2d_buffer_bkb
INFO-FLOW: Handling components in module [dense_latency_ap_fixed_16_6_5_3_0_ap_fixed_37_17_5_3_0_config2_mult_s] ... 
Execute         source C:/Users/OmilosNeonTexn/Desktop/fpga_cnn_hls4ml/hls4ml_init/hls4ml_cnn_zcu106/myproject_prj/solution1/.autopilot/db/dense_latency_ap_fixed_16_6_5_3_0_ap_fixed_37_17_5_3_0_config2_mult_s.compgen.tcl 
INFO-FLOW: Found component myproject_mul_16s_9s_25_1_1.
INFO-FLOW: Append model myproject_mul_16s_9s_25_1_1
INFO-FLOW: Found component myproject_mul_16s_8ns_24_1_1.
INFO-FLOW: Append model myproject_mul_16s_8ns_24_1_1
INFO-FLOW: Found component myproject_mul_16s_10s_26_1_1.
INFO-FLOW: Append model myproject_mul_16s_10s_26_1_1
INFO-FLOW: Found component myproject_mul_16s_10ns_26_1_1.
INFO-FLOW: Append model myproject_mul_16s_10ns_26_1_1
INFO-FLOW: Found component myproject_mul_16s_9ns_25_1_1.
INFO-FLOW: Append model myproject_mul_16s_9ns_25_1_1
INFO-FLOW: Found component myproject_mul_16s_8s_24_1_1.
INFO-FLOW: Append model myproject_mul_16s_8s_24_1_1
INFO-FLOW: Found component myproject_mul_16s_7s_23_1_1.
INFO-FLOW: Append model myproject_mul_16s_7s_23_1_1
INFO-FLOW: Handling components in module [compute_output_buffer_2d_array_array_ap_fixed_37_17_5_3_0_4u_config2_s] ... 
Execute         source C:/Users/OmilosNeonTexn/Desktop/fpga_cnn_hls4ml/hls4ml_init/hls4ml_cnn_zcu106/myproject_prj/solution1/.autopilot/db/compute_output_buffer_2d_array_array_ap_fixed_37_17_5_3_0_4u_config2_s.compgen.tcl 
INFO-FLOW: Handling components in module [conv_2d_cl_array_ap_fixed_1u_array_ap_fixed_37_17_5_3_0_4u_config2_s] ... 
Execute         source C:/Users/OmilosNeonTexn/Desktop/fpga_cnn_hls4ml/hls4ml_init/hls4ml_cnn_zcu106/myproject_prj/solution1/.autopilot/db/conv_2d_cl_array_ap_fixed_1u_array_ap_fixed_37_17_5_3_0_4u_config2_s.compgen.tcl 
INFO-FLOW: Found component myproject_regslice_both.
INFO-FLOW: Append model myproject_regslice_both
INFO-FLOW: Found component myproject_flow_control_loop_pipe.
INFO-FLOW: Append model myproject_flow_control_loop_pipe
INFO-FLOW: Handling components in module [relu_array_ap_fixed_4u_array_ap_fixed_16_6_5_3_0_4u_relu_config3_s] ... 
Execute         source C:/Users/OmilosNeonTexn/Desktop/fpga_cnn_hls4ml/hls4ml_init/hls4ml_cnn_zcu106/myproject_prj/solution1/.autopilot/db/relu_array_ap_fixed_4u_array_ap_fixed_16_6_5_3_0_4u_relu_config3_s.compgen.tcl 
INFO-FLOW: Found component myproject_flow_control_loop_pipe.
INFO-FLOW: Append model myproject_flow_control_loop_pipe
INFO-FLOW: Handling components in module [shift_line_buffer_array_ap_fixed_16_6_5_3_0_4u_config4_s] ... 
Execute         source C:/Users/OmilosNeonTexn/Desktop/fpga_cnn_hls4ml/hls4ml_init/hls4ml_cnn_zcu106/myproject_prj/solution1/.autopilot/db/shift_line_buffer_array_ap_fixed_16_6_5_3_0_4u_config4_s.compgen.tcl 
INFO-FLOW: Found component myproject_shift_line_buffer_array_ap_fixed_16_6_5_3_0_4u_config4_s_void_pooling2d_cl_stdEe.
INFO-FLOW: Append model myproject_shift_line_buffer_array_ap_fixed_16_6_5_3_0_4u_config4_s_void_pooling2d_cl_stdEe
INFO-FLOW: Handling components in module [pooling2d_cl_array_ap_fixed_4u_array_ap_fixed_16_6_5_3_0_4u_config4_s] ... 
Execute         source C:/Users/OmilosNeonTexn/Desktop/fpga_cnn_hls4ml/hls4ml_init/hls4ml_cnn_zcu106/myproject_prj/solution1/.autopilot/db/pooling2d_cl_array_ap_fixed_4u_array_ap_fixed_16_6_5_3_0_4u_config4_s.compgen.tcl 
INFO-FLOW: Found component myproject_flow_control_loop_pipe.
INFO-FLOW: Append model myproject_flow_control_loop_pipe
INFO-FLOW: Handling components in module [dense_array_array_ap_fixed_39_19_5_3_0_8u_config6_Pipeline_DataPrepare] ... 
Execute         source C:/Users/OmilosNeonTexn/Desktop/fpga_cnn_hls4ml/hls4ml_init/hls4ml_cnn_zcu106/myproject_prj/solution1/.autopilot/db/dense_array_array_ap_fixed_39_19_5_3_0_8u_config6_Pipeline_DataPrepare.compgen.tcl 
INFO-FLOW: Found component myproject_flow_control_loop_pipe_sequential_init.
INFO-FLOW: Append model myproject_flow_control_loop_pipe_sequential_init
INFO-FLOW: Handling components in module [dense_latency_wrapper_ap_fixed_ap_fixed_39_19_5_3_0_config6_s] ... 
Execute         source C:/Users/OmilosNeonTexn/Desktop/fpga_cnn_hls4ml/hls4ml_init/hls4ml_cnn_zcu106/myproject_prj/solution1/.autopilot/db/dense_latency_wrapper_ap_fixed_ap_fixed_39_19_5_3_0_config6_s.compgen.tcl 
INFO-FLOW: Found component myproject_mul_16s_6s_22_1_1.
INFO-FLOW: Append model myproject_mul_16s_6s_22_1_1
INFO-FLOW: Found component myproject_mul_16s_7ns_23_1_1.
INFO-FLOW: Append model myproject_mul_16s_7ns_23_1_1
INFO-FLOW: Found component myproject_mul_16s_6ns_22_1_1.
INFO-FLOW: Append model myproject_mul_16s_6ns_22_1_1
INFO-FLOW: Found component myproject_mul_16s_5s_21_1_1.
INFO-FLOW: Append model myproject_mul_16s_5s_21_1_1
INFO-FLOW: Handling components in module [dense_array_ap_fixed_4u_array_ap_fixed_39_19_5_3_0_8u_config6_s] ... 
Execute         source C:/Users/OmilosNeonTexn/Desktop/fpga_cnn_hls4ml/hls4ml_init/hls4ml_cnn_zcu106/myproject_prj/solution1/.autopilot/db/dense_array_ap_fixed_4u_array_ap_fixed_39_19_5_3_0_8u_config6_s.compgen.tcl 
INFO-FLOW: Handling components in module [relu_array_ap_fixed_8u_array_ap_fixed_16_6_5_3_0_8u_relu_config7_s] ... 
Execute         source C:/Users/OmilosNeonTexn/Desktop/fpga_cnn_hls4ml/hls4ml_init/hls4ml_cnn_zcu106/myproject_prj/solution1/.autopilot/db/relu_array_ap_fixed_8u_array_ap_fixed_16_6_5_3_0_8u_relu_config7_s.compgen.tcl 
INFO-FLOW: Handling components in module [dense_latency_wrapper_ap_fixed_ap_fixed_36_16_5_3_0_config8_s] ... 
Execute         source C:/Users/OmilosNeonTexn/Desktop/fpga_cnn_hls4ml/hls4ml_init/hls4ml_cnn_zcu106/myproject_prj/solution1/.autopilot/db/dense_latency_wrapper_ap_fixed_ap_fixed_36_16_5_3_0_config8_s.compgen.tcl 
INFO-FLOW: Found component myproject_mul_16s_11ns_26_1_1.
INFO-FLOW: Append model myproject_mul_16s_11ns_26_1_1
INFO-FLOW: Found component myproject_mul_16s_11s_26_1_1.
INFO-FLOW: Append model myproject_mul_16s_11s_26_1_1
INFO-FLOW: Handling components in module [dense_array_ap_fixed_8u_array_ap_fixed_36_16_5_3_0_2u_config8_s] ... 
Execute         source C:/Users/OmilosNeonTexn/Desktop/fpga_cnn_hls4ml/hls4ml_init/hls4ml_cnn_zcu106/myproject_prj/solution1/.autopilot/db/dense_array_ap_fixed_8u_array_ap_fixed_36_16_5_3_0_2u_config8_s.compgen.tcl 
INFO-FLOW: Handling components in module [init_exp_table_ap_ufixed_35_15_5_3_0_softmax_config9_s] ... 
Execute         source C:/Users/OmilosNeonTexn/Desktop/fpga_cnn_hls4ml/hls4ml_init/hls4ml_cnn_zcu106/myproject_prj/solution1/.autopilot/db/init_exp_table_ap_ufixed_35_15_5_3_0_softmax_config9_s.compgen.tcl 
INFO-FLOW: Found component myproject_fpext_32ns_64_2_no_dsp_1.
INFO-FLOW: Append model myproject_fpext_32ns_64_2_no_dsp_1
INFO-FLOW: Found component myproject_fexp_32ns_32ns_32_13_full_dsp_1.
INFO-FLOW: Append model myproject_fexp_32ns_32ns_32_13_full_dsp_1
INFO-FLOW: Found component myproject_ctlz_35_35_1_1.
INFO-FLOW: Append model myproject_ctlz_35_35_1_1
INFO-FLOW: Found component myproject_bitselect_1ns_35ns_32s_1_1_1.
INFO-FLOW: Append model myproject_bitselect_1ns_35ns_32s_1_1_1
INFO-FLOW: Found component myproject_bitselect_1ns_54ns_32ns_1_1_1.
INFO-FLOW: Append model myproject_bitselect_1ns_54ns_32ns_1_1_1
INFO-FLOW: Found component myproject_bitselect_1ns_54ns_32s_1_1_1.
INFO-FLOW: Append model myproject_bitselect_1ns_54ns_32s_1_1_1
INFO-FLOW: Found component myproject_sparsemux_7_2_1_1_1.
INFO-FLOW: Append model myproject_sparsemux_7_2_1_1_1
INFO-FLOW: Found component myproject_sparsemux_7_2_18_1_1.
INFO-FLOW: Append model myproject_sparsemux_7_2_18_1_1
INFO-FLOW: Found component myproject_sparsemux_7_2_16_1_1.
INFO-FLOW: Append model myproject_sparsemux_7_2_16_1_1
INFO-FLOW: Found component myproject_flow_control_loop_pipe_sequential_init.
INFO-FLOW: Append model myproject_flow_control_loop_pipe_sequential_init
INFO-FLOW: Handling components in module [softmax_stable_array_array_ap_fixed_16_6_5_3_0_2u_softmax_config9_s] ... 
Execute         source C:/Users/OmilosNeonTexn/Desktop/fpga_cnn_hls4ml/hls4ml_init/hls4ml_cnn_zcu106/myproject_prj/solution1/.autopilot/db/softmax_stable_array_array_ap_fixed_16_6_5_3_0_2u_softmax_config9_s.compgen.tcl 
INFO-FLOW: Found component myproject_mul_18s_16s_26_1_1.
INFO-FLOW: Append model myproject_mul_18s_16s_26_1_1
INFO-FLOW: Found component myproject_softmax_stable_array_array_ap_fixed_16_6_5_3_0_2u_softmax_config9_s_invert_tahbi.
INFO-FLOW: Append model myproject_softmax_stable_array_array_ap_fixed_16_6_5_3_0_2u_softmax_config9_s_invert_tahbi
INFO-FLOW: Found component myproject_softmax_stable_array_array_ap_fixed_16_6_5_3_0_2u_softmax_config9_s_exp_tableibs.
INFO-FLOW: Append model myproject_softmax_stable_array_array_ap_fixed_16_6_5_3_0_2u_softmax_config9_s_exp_tableibs
INFO-FLOW: Handling components in module [softmax_array_array_ap_fixed_16_6_5_3_0_2u_softmax_config9_s] ... 
Execute         source C:/Users/OmilosNeonTexn/Desktop/fpga_cnn_hls4ml/hls4ml_init/hls4ml_cnn_zcu106/myproject_prj/solution1/.autopilot/db/softmax_array_array_ap_fixed_16_6_5_3_0_2u_softmax_config9_s.compgen.tcl 
INFO-FLOW: Found component myproject_regslice_both.
INFO-FLOW: Append model myproject_regslice_both
INFO-FLOW: Handling components in module [myproject] ... 
Execute         source C:/Users/OmilosNeonTexn/Desktop/fpga_cnn_hls4ml/hls4ml_init/hls4ml_cnn_zcu106/myproject_prj/solution1/.autopilot/db/myproject.compgen.tcl 
INFO-FLOW: Found component myproject_fifo_w148_d36_A.
INFO-FLOW: Append model myproject_fifo_w148_d36_A
INFO-FLOW: Found component myproject_fifo_w64_d36_A.
INFO-FLOW: Append model myproject_fifo_w64_d36_A
INFO-FLOW: Found component myproject_fifo_w64_d9_S.
INFO-FLOW: Append model myproject_fifo_w64_d9_S
INFO-FLOW: Found component myproject_fifo_w312_d1_S.
INFO-FLOW: Append model myproject_fifo_w312_d1_S
INFO-FLOW: Found component myproject_fifo_w128_d1_S.
INFO-FLOW: Append model myproject_fifo_w128_d1_S
INFO-FLOW: Found component myproject_fifo_w72_d1_S.
INFO-FLOW: Append model myproject_fifo_w72_d1_S
INFO-FLOW: Found component myproject_start_for_relu_array_ap_fixed_4u_array_ap_fixed_16_6_5_3_0_4u_relu_config3_U0.
INFO-FLOW: Append model myproject_start_for_relu_array_ap_fixed_4u_array_ap_fixed_16_6_5_3_0_4u_relu_config3_U0
INFO-FLOW: Found component myproject_start_for_pooling2d_cl_array_ap_fixed_4u_array_ap_fixed_16_6_5_3_0_4u_config4jbC.
INFO-FLOW: Append model myproject_start_for_pooling2d_cl_array_ap_fixed_4u_array_ap_fixed_16_6_5_3_0_4u_config4jbC
INFO-FLOW: Found component myproject_start_for_dense_array_ap_fixed_4u_array_ap_fixed_39_19_5_3_0_8u_config6_U0.
INFO-FLOW: Append model myproject_start_for_dense_array_ap_fixed_4u_array_ap_fixed_39_19_5_3_0_8u_config6_U0
INFO-FLOW: Found component myproject_start_for_relu_array_ap_fixed_8u_array_ap_fixed_16_6_5_3_0_8u_relu_config7_U0.
INFO-FLOW: Append model myproject_start_for_relu_array_ap_fixed_8u_array_ap_fixed_16_6_5_3_0_8u_relu_config7_U0
INFO-FLOW: Found component myproject_start_for_dense_array_ap_fixed_8u_array_ap_fixed_36_16_5_3_0_2u_config8_U0.
INFO-FLOW: Append model myproject_start_for_dense_array_ap_fixed_8u_array_ap_fixed_36_16_5_3_0_2u_config8_U0
INFO-FLOW: Found component myproject_start_for_softmax_array_array_ap_fixed_16_6_5_3_0_2u_softmax_config9_U0.
INFO-FLOW: Append model myproject_start_for_softmax_array_array_ap_fixed_16_6_5_3_0_2u_softmax_config9_U0
INFO-FLOW: Append model shift_line_buffer_array_ap_fixed_16_6_5_3_0_1u_config2_s
INFO-FLOW: Append model dense_latency_ap_fixed_16_6_5_3_0_ap_fixed_37_17_5_3_0_config2_mult_s
INFO-FLOW: Append model compute_output_buffer_2d_array_array_ap_fixed_37_17_5_3_0_4u_config2_s
INFO-FLOW: Append model conv_2d_cl_array_ap_fixed_1u_array_ap_fixed_37_17_5_3_0_4u_config2_s
INFO-FLOW: Append model relu_array_ap_fixed_4u_array_ap_fixed_16_6_5_3_0_4u_relu_config3_s
INFO-FLOW: Append model shift_line_buffer_array_ap_fixed_16_6_5_3_0_4u_config4_s
INFO-FLOW: Append model pooling2d_cl_array_ap_fixed_4u_array_ap_fixed_16_6_5_3_0_4u_config4_s
INFO-FLOW: Append model dense_array_array_ap_fixed_39_19_5_3_0_8u_config6_Pipeline_DataPrepare
INFO-FLOW: Append model dense_latency_wrapper_ap_fixed_ap_fixed_39_19_5_3_0_config6_s
INFO-FLOW: Append model dense_array_ap_fixed_4u_array_ap_fixed_39_19_5_3_0_8u_config6_s
INFO-FLOW: Append model relu_array_ap_fixed_8u_array_ap_fixed_16_6_5_3_0_8u_relu_config7_s
INFO-FLOW: Append model dense_latency_wrapper_ap_fixed_ap_fixed_36_16_5_3_0_config8_s
INFO-FLOW: Append model dense_array_ap_fixed_8u_array_ap_fixed_36_16_5_3_0_2u_config8_s
INFO-FLOW: Append model init_exp_table_ap_ufixed_35_15_5_3_0_softmax_config9_s
INFO-FLOW: Append model softmax_stable_array_array_ap_fixed_16_6_5_3_0_2u_softmax_config9_s
INFO-FLOW: Append model softmax_array_array_ap_fixed_16_6_5_3_0_2u_softmax_config9_s
INFO-FLOW: Append model myproject
INFO-FLOW: Generating RTL model list ...
INFO-FLOW: All models in this session: myproject_shift_line_buffer_array_ap_fixed_16_6_5_3_0_1u_config2_s_void_conv_2d_buffer_bkb myproject_mul_16s_9s_25_1_1 myproject_mul_16s_8ns_24_1_1 myproject_mul_16s_10s_26_1_1 myproject_mul_16s_10ns_26_1_1 myproject_mul_16s_9ns_25_1_1 myproject_mul_16s_8s_24_1_1 myproject_mul_16s_7s_23_1_1 myproject_regslice_both myproject_flow_control_loop_pipe myproject_flow_control_loop_pipe myproject_shift_line_buffer_array_ap_fixed_16_6_5_3_0_4u_config4_s_void_pooling2d_cl_stdEe myproject_flow_control_loop_pipe myproject_flow_control_loop_pipe_sequential_init myproject_mul_16s_6s_22_1_1 myproject_mul_16s_7ns_23_1_1 myproject_mul_16s_6ns_22_1_1 myproject_mul_16s_5s_21_1_1 myproject_mul_16s_11ns_26_1_1 myproject_mul_16s_11s_26_1_1 myproject_fpext_32ns_64_2_no_dsp_1 myproject_fexp_32ns_32ns_32_13_full_dsp_1 myproject_ctlz_35_35_1_1 myproject_bitselect_1ns_35ns_32s_1_1_1 myproject_bitselect_1ns_54ns_32ns_1_1_1 myproject_bitselect_1ns_54ns_32s_1_1_1 myproject_sparsemux_7_2_1_1_1 myproject_sparsemux_7_2_18_1_1 myproject_sparsemux_7_2_16_1_1 myproject_flow_control_loop_pipe_sequential_init myproject_mul_18s_16s_26_1_1 myproject_softmax_stable_array_array_ap_fixed_16_6_5_3_0_2u_softmax_config9_s_invert_tahbi myproject_softmax_stable_array_array_ap_fixed_16_6_5_3_0_2u_softmax_config9_s_exp_tableibs myproject_regslice_both myproject_fifo_w148_d36_A myproject_fifo_w64_d36_A myproject_fifo_w64_d9_S myproject_fifo_w312_d1_S myproject_fifo_w128_d1_S myproject_fifo_w72_d1_S myproject_start_for_relu_array_ap_fixed_4u_array_ap_fixed_16_6_5_3_0_4u_relu_config3_U0 myproject_start_for_pooling2d_cl_array_ap_fixed_4u_array_ap_fixed_16_6_5_3_0_4u_config4jbC myproject_start_for_dense_array_ap_fixed_4u_array_ap_fixed_39_19_5_3_0_8u_config6_U0 myproject_start_for_relu_array_ap_fixed_8u_array_ap_fixed_16_6_5_3_0_8u_relu_config7_U0 myproject_start_for_dense_array_ap_fixed_8u_array_ap_fixed_36_16_5_3_0_2u_config8_U0 myproject_start_for_softmax_array_array_ap_fixed_16_6_5_3_0_2u_softmax_config9_U0 shift_line_buffer_array_ap_fixed_16_6_5_3_0_1u_config2_s dense_latency_ap_fixed_16_6_5_3_0_ap_fixed_37_17_5_3_0_config2_mult_s compute_output_buffer_2d_array_array_ap_fixed_37_17_5_3_0_4u_config2_s conv_2d_cl_array_ap_fixed_1u_array_ap_fixed_37_17_5_3_0_4u_config2_s relu_array_ap_fixed_4u_array_ap_fixed_16_6_5_3_0_4u_relu_config3_s shift_line_buffer_array_ap_fixed_16_6_5_3_0_4u_config4_s pooling2d_cl_array_ap_fixed_4u_array_ap_fixed_16_6_5_3_0_4u_config4_s dense_array_array_ap_fixed_39_19_5_3_0_8u_config6_Pipeline_DataPrepare dense_latency_wrapper_ap_fixed_ap_fixed_39_19_5_3_0_config6_s dense_array_ap_fixed_4u_array_ap_fixed_39_19_5_3_0_8u_config6_s relu_array_ap_fixed_8u_array_ap_fixed_16_6_5_3_0_8u_relu_config7_s dense_latency_wrapper_ap_fixed_ap_fixed_36_16_5_3_0_config8_s dense_array_ap_fixed_8u_array_ap_fixed_36_16_5_3_0_2u_config8_s init_exp_table_ap_ufixed_35_15_5_3_0_softmax_config9_s softmax_stable_array_array_ap_fixed_16_6_5_3_0_2u_softmax_config9_s softmax_array_array_ap_fixed_16_6_5_3_0_2u_softmax_config9_s myproject
INFO-FLOW: Generating C:/Users/OmilosNeonTexn/Desktop/fpga_cnn_hls4ml/hls4ml_init/hls4ml_cnn_zcu106/myproject_prj/solution1/.autopilot/db/autopilot.rtl.models.txt file...
INFO-FLOW: To file: write model myproject_shift_line_buffer_array_ap_fixed_16_6_5_3_0_1u_config2_s_void_conv_2d_buffer_bkb
INFO-FLOW: To file: write model myproject_mul_16s_9s_25_1_1
INFO-FLOW: To file: write model myproject_mul_16s_8ns_24_1_1
INFO-FLOW: To file: write model myproject_mul_16s_10s_26_1_1
INFO-FLOW: To file: write model myproject_mul_16s_10ns_26_1_1
INFO-FLOW: To file: write model myproject_mul_16s_9ns_25_1_1
INFO-FLOW: To file: write model myproject_mul_16s_8s_24_1_1
INFO-FLOW: To file: write model myproject_mul_16s_7s_23_1_1
INFO-FLOW: To file: write model myproject_regslice_both
INFO-FLOW: To file: write model myproject_flow_control_loop_pipe
INFO-FLOW: To file: write model myproject_flow_control_loop_pipe
INFO-FLOW: To file: write model myproject_shift_line_buffer_array_ap_fixed_16_6_5_3_0_4u_config4_s_void_pooling2d_cl_stdEe
INFO-FLOW: To file: write model myproject_flow_control_loop_pipe
INFO-FLOW: To file: write model myproject_flow_control_loop_pipe_sequential_init
INFO-FLOW: To file: write model myproject_mul_16s_6s_22_1_1
INFO-FLOW: To file: write model myproject_mul_16s_7ns_23_1_1
INFO-FLOW: To file: write model myproject_mul_16s_6ns_22_1_1
INFO-FLOW: To file: write model myproject_mul_16s_5s_21_1_1
INFO-FLOW: To file: write model myproject_mul_16s_11ns_26_1_1
INFO-FLOW: To file: write model myproject_mul_16s_11s_26_1_1
INFO-FLOW: To file: write model myproject_fpext_32ns_64_2_no_dsp_1
INFO-FLOW: To file: write model myproject_fexp_32ns_32ns_32_13_full_dsp_1
INFO-FLOW: To file: write model myproject_ctlz_35_35_1_1
INFO-FLOW: To file: write model myproject_bitselect_1ns_35ns_32s_1_1_1
INFO-FLOW: To file: write model myproject_bitselect_1ns_54ns_32ns_1_1_1
INFO-FLOW: To file: write model myproject_bitselect_1ns_54ns_32s_1_1_1
INFO-FLOW: To file: write model myproject_sparsemux_7_2_1_1_1
INFO-FLOW: To file: write model myproject_sparsemux_7_2_18_1_1
INFO-FLOW: To file: write model myproject_sparsemux_7_2_16_1_1
INFO-FLOW: To file: write model myproject_flow_control_loop_pipe_sequential_init
INFO-FLOW: To file: write model myproject_mul_18s_16s_26_1_1
INFO-FLOW: To file: write model myproject_softmax_stable_array_array_ap_fixed_16_6_5_3_0_2u_softmax_config9_s_invert_tahbi
INFO-FLOW: To file: write model myproject_softmax_stable_array_array_ap_fixed_16_6_5_3_0_2u_softmax_config9_s_exp_tableibs
INFO-FLOW: To file: write model myproject_regslice_both
INFO-FLOW: To file: write model myproject_fifo_w148_d36_A
INFO-FLOW: To file: write model myproject_fifo_w64_d36_A
INFO-FLOW: To file: write model myproject_fifo_w64_d9_S
INFO-FLOW: To file: write model myproject_fifo_w312_d1_S
INFO-FLOW: To file: write model myproject_fifo_w128_d1_S
INFO-FLOW: To file: write model myproject_fifo_w72_d1_S
INFO-FLOW: To file: write model myproject_start_for_relu_array_ap_fixed_4u_array_ap_fixed_16_6_5_3_0_4u_relu_config3_U0
INFO-FLOW: To file: write model myproject_start_for_pooling2d_cl_array_ap_fixed_4u_array_ap_fixed_16_6_5_3_0_4u_config4jbC
INFO-FLOW: To file: write model myproject_start_for_dense_array_ap_fixed_4u_array_ap_fixed_39_19_5_3_0_8u_config6_U0
INFO-FLOW: To file: write model myproject_start_for_relu_array_ap_fixed_8u_array_ap_fixed_16_6_5_3_0_8u_relu_config7_U0
INFO-FLOW: To file: write model myproject_start_for_dense_array_ap_fixed_8u_array_ap_fixed_36_16_5_3_0_2u_config8_U0
INFO-FLOW: To file: write model myproject_start_for_softmax_array_array_ap_fixed_16_6_5_3_0_2u_softmax_config9_U0
INFO-FLOW: To file: write model shift_line_buffer_array_ap_fixed_16_6_5_3_0_1u_config2_s
INFO-FLOW: To file: write model dense_latency_ap_fixed_16_6_5_3_0_ap_fixed_37_17_5_3_0_config2_mult_s
INFO-FLOW: To file: write model compute_output_buffer_2d_array_array_ap_fixed_37_17_5_3_0_4u_config2_s
INFO-FLOW: To file: write model conv_2d_cl_array_ap_fixed_1u_array_ap_fixed_37_17_5_3_0_4u_config2_s
INFO-FLOW: To file: write model relu_array_ap_fixed_4u_array_ap_fixed_16_6_5_3_0_4u_relu_config3_s
INFO-FLOW: To file: write model shift_line_buffer_array_ap_fixed_16_6_5_3_0_4u_config4_s
INFO-FLOW: To file: write model pooling2d_cl_array_ap_fixed_4u_array_ap_fixed_16_6_5_3_0_4u_config4_s
INFO-FLOW: To file: write model dense_array_array_ap_fixed_39_19_5_3_0_8u_config6_Pipeline_DataPrepare
INFO-FLOW: To file: write model dense_latency_wrapper_ap_fixed_ap_fixed_39_19_5_3_0_config6_s
INFO-FLOW: To file: write model dense_array_ap_fixed_4u_array_ap_fixed_39_19_5_3_0_8u_config6_s
INFO-FLOW: To file: write model relu_array_ap_fixed_8u_array_ap_fixed_16_6_5_3_0_8u_relu_config7_s
INFO-FLOW: To file: write model dense_latency_wrapper_ap_fixed_ap_fixed_36_16_5_3_0_config8_s
INFO-FLOW: To file: write model dense_array_ap_fixed_8u_array_ap_fixed_36_16_5_3_0_2u_config8_s
INFO-FLOW: To file: write model init_exp_table_ap_ufixed_35_15_5_3_0_softmax_config9_s
INFO-FLOW: To file: write model softmax_stable_array_array_ap_fixed_16_6_5_3_0_2u_softmax_config9_s
INFO-FLOW: To file: write model softmax_array_array_ap_fixed_16_6_5_3_0_2u_softmax_config9_s
INFO-FLOW: To file: write model myproject
INFO-FLOW: Generating C:/Users/OmilosNeonTexn/Desktop/fpga_cnn_hls4ml/hls4ml_init/hls4ml_cnn_zcu106/myproject_prj/solution1/.autopilot/db/autopilot.rtl.models.tcl file...
INFO-FLOW: Finished generating RTL model list.


INFO-FLOW: RTL Generation done.
INFO-FLOW: CAS Generation done.
INFO-FLOW: CBC Generation done.
INFO-FLOW: DBG:PROC: ::AESL_AUTOMG::auto_generate_csynth_design
INFO-FLOW: DBG:PUTS: read_platform_lib C:/Users/OmilosNeonTexn/Desktop/fpga_cnn_hls4ml/hls4ml_init/hls4ml_cnn_zcu106/myproject_prj/solution1/.autopilot/db/global.setting.tcl
Execute         source C:/Xilinx/Vitis/2024.2/common/technology/generic/autopilot/common.gen 
Execute           source C:/Xilinx/Vitis/2024.2/common/technology/generic/autopilot/APCoreGen.gen 
Execute         source C:/Xilinx/Vitis/2024.2/common/technology/generic/autopilot/op.gen 
Execute         source C:/Xilinx/Vitis/2024.2/common/technology/generic/autopilot/op_simcore.gen 
Execute         source C:/Xilinx/Vitis/2024.2/common/technology/generic/autopilot/interface.gen 
Execute         source C:/Users/OmilosNeonTexn/Desktop/fpga_cnn_hls4ml/hls4ml_init/hls4ml_cnn_zcu106/myproject_prj/solution1/.autopilot/db/global.setting.tcl 
Execute         source C:/Xilinx/Vitis/2024.2/common/technology/xilinx/common/xilinx.gen 
Execute           source C:/Xilinx/Vitis/2024.2/common/technology/xilinx/interface/plb46.gen 
Execute           source C:/Xilinx/Vitis/2024.2/common/technology/xilinx/interface/axi4.gen 
Execute           source C:/Xilinx/Vitis/2024.2/common/technology/xilinx/interface/nativeAXI4.gen 
Execute             source C:/Xilinx/Vitis/2024.2/common/technology/xilinx/interface/saxilite.gen 
Execute           source C:/Xilinx/Vitis/2024.2/common/technology/xilinx/scripts/xilinxcoregen.gen 
Execute           source C:/Xilinx/Vitis/2024.2/common/technology/xilinx/interface/XilEDKCoreGen.gen 
Execute           source C:/Xilinx/Vitis/2024.2/common/technology/xilinx/ip/dds_compiler.gen 
Execute           source C:/Xilinx/Vitis/2024.2/common/technology/xilinx/ip/util.gen 
Execute           source C:/Xilinx/Vitis/2024.2/common/technology/xilinx/ip/xfft.gen 
Command           ap_source done; 0.134 sec.
Execute           source C:/Xilinx/Vitis/2024.2/common/technology/xilinx/ip/xfir.gen 
Execute           source C:/Xilinx/Vitis/2024.2/common/technology/xilinx/DSP48/dsp48.gen 
Command         ap_source done; 0.336 sec.
INFO-FLOW: DBG:PUTS:   using AESL_AUTOCG::g_clock_period=5.000 (was NA)
INFO-FLOW: DBG:PROC: ::AESL_AUTOMG::generate_ip_cores gen_sim_model='1' gen_fp_models='0' gen_for_export='0' dstSCDir='' dstVhdlDir='C:/Users/OmilosNeonTexn/Desktop/fpga_cnn_hls4ml/hls4ml_init/hls4ml_cnn_zcu106/myproject_prj/solution1/.autopilot/db/vhdl' dstVlogDir='C:/Users/OmilosNeonTexn/Desktop/fpga_cnn_hls4ml/hls4ml_init/hls4ml_cnn_zcu106/myproject_prj/solution1/.autopilot/db/vlog' tclDir='C:/Users/OmilosNeonTexn/Desktop/fpga_cnn_hls4ml/hls4ml_init/hls4ml_cnn_zcu106/myproject_prj/solution1/.autopilot/db' modelList='myproject_shift_line_buffer_array_ap_fixed_16_6_5_3_0_1u_config2_s_void_conv_2d_buffer_bkb
myproject_mul_16s_9s_25_1_1
myproject_mul_16s_8ns_24_1_1
myproject_mul_16s_10s_26_1_1
myproject_mul_16s_10ns_26_1_1
myproject_mul_16s_9ns_25_1_1
myproject_mul_16s_8s_24_1_1
myproject_mul_16s_7s_23_1_1
myproject_regslice_both
myproject_flow_control_loop_pipe
myproject_flow_control_loop_pipe
myproject_shift_line_buffer_array_ap_fixed_16_6_5_3_0_4u_config4_s_void_pooling2d_cl_stdEe
myproject_flow_control_loop_pipe
myproject_flow_control_loop_pipe_sequential_init
myproject_mul_16s_6s_22_1_1
myproject_mul_16s_7ns_23_1_1
myproject_mul_16s_6ns_22_1_1
myproject_mul_16s_5s_21_1_1
myproject_mul_16s_11ns_26_1_1
myproject_mul_16s_11s_26_1_1
myproject_fpext_32ns_64_2_no_dsp_1
myproject_fexp_32ns_32ns_32_13_full_dsp_1
myproject_ctlz_35_35_1_1
myproject_bitselect_1ns_35ns_32s_1_1_1
myproject_bitselect_1ns_54ns_32ns_1_1_1
myproject_bitselect_1ns_54ns_32s_1_1_1
myproject_sparsemux_7_2_1_1_1
myproject_sparsemux_7_2_18_1_1
myproject_sparsemux_7_2_16_1_1
myproject_flow_control_loop_pipe_sequential_init
myproject_mul_18s_16s_26_1_1
myproject_softmax_stable_array_array_ap_fixed_16_6_5_3_0_2u_softmax_config9_s_invert_tahbi
myproject_softmax_stable_array_array_ap_fixed_16_6_5_3_0_2u_softmax_config9_s_exp_tableibs
myproject_regslice_both
myproject_fifo_w148_d36_A
myproject_fifo_w64_d36_A
myproject_fifo_w64_d9_S
myproject_fifo_w312_d1_S
myproject_fifo_w128_d1_S
myproject_fifo_w72_d1_S
myproject_start_for_relu_array_ap_fixed_4u_array_ap_fixed_16_6_5_3_0_4u_relu_config3_U0
myproject_start_for_pooling2d_cl_array_ap_fixed_4u_array_ap_fixed_16_6_5_3_0_4u_config4jbC
myproject_start_for_dense_array_ap_fixed_4u_array_ap_fixed_39_19_5_3_0_8u_config6_U0
myproject_start_for_relu_array_ap_fixed_8u_array_ap_fixed_16_6_5_3_0_8u_relu_config7_U0
myproject_start_for_dense_array_ap_fixed_8u_array_ap_fixed_36_16_5_3_0_2u_config8_U0
myproject_start_for_softmax_array_array_ap_fixed_16_6_5_3_0_2u_softmax_config9_U0
shift_line_buffer_array_ap_fixed_16_6_5_3_0_1u_config2_s
dense_latency_ap_fixed_16_6_5_3_0_ap_fixed_37_17_5_3_0_config2_mult_s
compute_output_buffer_2d_array_array_ap_fixed_37_17_5_3_0_4u_config2_s
conv_2d_cl_array_ap_fixed_1u_array_ap_fixed_37_17_5_3_0_4u_config2_s
relu_array_ap_fixed_4u_array_ap_fixed_16_6_5_3_0_4u_relu_config3_s
shift_line_buffer_array_ap_fixed_16_6_5_3_0_4u_config4_s
pooling2d_cl_array_ap_fixed_4u_array_ap_fixed_16_6_5_3_0_4u_config4_s
dense_array_array_ap_fixed_39_19_5_3_0_8u_config6_Pipeline_DataPrepare
dense_latency_wrapper_ap_fixed_ap_fixed_39_19_5_3_0_config6_s
dense_array_ap_fixed_4u_array_ap_fixed_39_19_5_3_0_8u_config6_s
relu_array_ap_fixed_8u_array_ap_fixed_16_6_5_3_0_8u_relu_config7_s
dense_latency_wrapper_ap_fixed_ap_fixed_36_16_5_3_0_config8_s
dense_array_ap_fixed_8u_array_ap_fixed_36_16_5_3_0_2u_config8_s
init_exp_table_ap_ufixed_35_15_5_3_0_softmax_config9_s
softmax_stable_array_array_ap_fixed_16_6_5_3_0_2u_softmax_config9_s
softmax_array_array_ap_fixed_16_6_5_3_0_2u_softmax_config9_s
myproject
' expOnly='0'
Execute         source C:/Users/OmilosNeonTexn/Desktop/fpga_cnn_hls4ml/hls4ml_init/hls4ml_cnn_zcu106/myproject_prj/solution1/.autopilot/db/global.setting.tcl 
Execute         ap_part_info -name xczu7ev-ffvc1156-2-e -data names -quiet 
Execute         ap_part_info -name xczu7ev-ffvc1156-2-e -data info -quiet 
Execute         source C:/Users/OmilosNeonTexn/Desktop/fpga_cnn_hls4ml/hls4ml_init/hls4ml_cnn_zcu106/myproject_prj/solution1/.autopilot/db/global.setting.tcl 
Execute         source C:/Users/OmilosNeonTexn/Desktop/fpga_cnn_hls4ml/hls4ml_init/hls4ml_cnn_zcu106/myproject_prj/solution1/.autopilot/db/global.setting.tcl 
Execute         source C:/Users/OmilosNeonTexn/Desktop/fpga_cnn_hls4ml/hls4ml_init/hls4ml_cnn_zcu106/myproject_prj/solution1/.autopilot/db/shift_line_buffer_array_ap_fixed_16_6_5_3_0_1u_config2_s.compgen.tcl 
Execute         source C:/Users/OmilosNeonTexn/Desktop/fpga_cnn_hls4ml/hls4ml_init/hls4ml_cnn_zcu106/myproject_prj/solution1/.autopilot/db/dense_latency_ap_fixed_16_6_5_3_0_ap_fixed_37_17_5_3_0_config2_mult_s.compgen.tcl 
Execute         source C:/Users/OmilosNeonTexn/Desktop/fpga_cnn_hls4ml/hls4ml_init/hls4ml_cnn_zcu106/myproject_prj/solution1/.autopilot/db/compute_output_buffer_2d_array_array_ap_fixed_37_17_5_3_0_4u_config2_s.compgen.tcl 
Execute         source C:/Users/OmilosNeonTexn/Desktop/fpga_cnn_hls4ml/hls4ml_init/hls4ml_cnn_zcu106/myproject_prj/solution1/.autopilot/db/conv_2d_cl_array_ap_fixed_1u_array_ap_fixed_37_17_5_3_0_4u_config2_s.compgen.tcl 
Execute         source C:/Users/OmilosNeonTexn/Desktop/fpga_cnn_hls4ml/hls4ml_init/hls4ml_cnn_zcu106/myproject_prj/solution1/.autopilot/db/relu_array_ap_fixed_4u_array_ap_fixed_16_6_5_3_0_4u_relu_config3_s.compgen.tcl 
Execute         source C:/Users/OmilosNeonTexn/Desktop/fpga_cnn_hls4ml/hls4ml_init/hls4ml_cnn_zcu106/myproject_prj/solution1/.autopilot/db/shift_line_buffer_array_ap_fixed_16_6_5_3_0_4u_config4_s.compgen.tcl 
Execute         source C:/Users/OmilosNeonTexn/Desktop/fpga_cnn_hls4ml/hls4ml_init/hls4ml_cnn_zcu106/myproject_prj/solution1/.autopilot/db/pooling2d_cl_array_ap_fixed_4u_array_ap_fixed_16_6_5_3_0_4u_config4_s.compgen.tcl 
Execute         source C:/Users/OmilosNeonTexn/Desktop/fpga_cnn_hls4ml/hls4ml_init/hls4ml_cnn_zcu106/myproject_prj/solution1/.autopilot/db/dense_array_array_ap_fixed_39_19_5_3_0_8u_config6_Pipeline_DataPrepare.compgen.tcl 
Execute         source C:/Users/OmilosNeonTexn/Desktop/fpga_cnn_hls4ml/hls4ml_init/hls4ml_cnn_zcu106/myproject_prj/solution1/.autopilot/db/dense_latency_wrapper_ap_fixed_ap_fixed_39_19_5_3_0_config6_s.compgen.tcl 
Execute         source C:/Users/OmilosNeonTexn/Desktop/fpga_cnn_hls4ml/hls4ml_init/hls4ml_cnn_zcu106/myproject_prj/solution1/.autopilot/db/dense_array_ap_fixed_4u_array_ap_fixed_39_19_5_3_0_8u_config6_s.compgen.tcl 
Execute         source C:/Users/OmilosNeonTexn/Desktop/fpga_cnn_hls4ml/hls4ml_init/hls4ml_cnn_zcu106/myproject_prj/solution1/.autopilot/db/relu_array_ap_fixed_8u_array_ap_fixed_16_6_5_3_0_8u_relu_config7_s.compgen.tcl 
Execute         source C:/Users/OmilosNeonTexn/Desktop/fpga_cnn_hls4ml/hls4ml_init/hls4ml_cnn_zcu106/myproject_prj/solution1/.autopilot/db/dense_latency_wrapper_ap_fixed_ap_fixed_36_16_5_3_0_config8_s.compgen.tcl 
Execute         source C:/Users/OmilosNeonTexn/Desktop/fpga_cnn_hls4ml/hls4ml_init/hls4ml_cnn_zcu106/myproject_prj/solution1/.autopilot/db/dense_array_ap_fixed_8u_array_ap_fixed_36_16_5_3_0_2u_config8_s.compgen.tcl 
Execute         source C:/Users/OmilosNeonTexn/Desktop/fpga_cnn_hls4ml/hls4ml_init/hls4ml_cnn_zcu106/myproject_prj/solution1/.autopilot/db/init_exp_table_ap_ufixed_35_15_5_3_0_softmax_config9_s.compgen.tcl 
Execute         source C:/Users/OmilosNeonTexn/Desktop/fpga_cnn_hls4ml/hls4ml_init/hls4ml_cnn_zcu106/myproject_prj/solution1/.autopilot/db/softmax_stable_array_array_ap_fixed_16_6_5_3_0_2u_softmax_config9_s.compgen.tcl 
Execute         source C:/Users/OmilosNeonTexn/Desktop/fpga_cnn_hls4ml/hls4ml_init/hls4ml_cnn_zcu106/myproject_prj/solution1/.autopilot/db/softmax_array_array_ap_fixed_16_6_5_3_0_2u_softmax_config9_s.compgen.tcl 
Execute         source C:/Users/OmilosNeonTexn/Desktop/fpga_cnn_hls4ml/hls4ml_init/hls4ml_cnn_zcu106/myproject_prj/solution1/.autopilot/db/myproject.compgen.tcl 
INFO: [HLS 200-111] Finished Generating all RTL models: CPU user time: 1 seconds. CPU system time: 1 seconds. Elapsed time: 3.887 seconds; current allocated memory: 916.223 MB.
INFO-FLOW: DBG:PROC: ::HLSREPORTS::create_csynth_xml bind_info_var='bind_info' RtlSubPrefix='myproject_' outfile=''
INFO-FLOW: Running: create_csynth_xml read xml data
INFO-FLOW: Done: create_csynth_xml read xml data time: 0 seconds per iteration
INFO-FLOW: Running: create_csynth_xml bind info
INFO-FLOW: No bind nodes found for module_name dense_array_ap_fixed_4u_array_ap_fixed_39_19_5_3_0_8u_config6_s
INFO-FLOW: No bind nodes found for module_name dense_array_ap_fixed_8u_array_ap_fixed_36_16_5_3_0_2u_config8_s
INFO-FLOW: No bind nodes found for module_name softmax_array_array_ap_fixed_16_6_5_3_0_2u_softmax_config9_s
INFO-FLOW: Done: create_csynth_xml bind info time: 0.2 seconds per iteration
INFO-FLOW: Running: create_csynth_xml config info
INFO-FLOW: Done: create_csynth_xml config info time: 0.6 seconds per iteration
INFO-FLOW: Running: create_csynth_xml write xml
INFO-FLOW: Done: create_csynth_xml write xml time: 0 seconds per iteration
INFO-FLOW: DBG:PUTS:      create_csynth_xml wrote csynth_xml=C:/Users/OmilosNeonTexn/Desktop/fpga_cnn_hls4ml/hls4ml_init/hls4ml_cnn_zcu106/myproject_prj/solution1/syn/report/csynth.xml
INFO-FLOW: DBG:PROC: ::AP::DESIGN_DATA::generate_json generate_bd_files='0' generate_xo_files='0' modelList='myproject_shift_line_buffer_array_ap_fixed_16_6_5_3_0_1u_config2_s_void_conv_2d_buffer_bkb
myproject_mul_16s_9s_25_1_1
myproject_mul_16s_8ns_24_1_1
myproject_mul_16s_10s_26_1_1
myproject_mul_16s_10ns_26_1_1
myproject_mul_16s_9ns_25_1_1
myproject_mul_16s_8s_24_1_1
myproject_mul_16s_7s_23_1_1
myproject_regslice_both
myproject_flow_control_loop_pipe
myproject_flow_control_loop_pipe
myproject_shift_line_buffer_array_ap_fixed_16_6_5_3_0_4u_config4_s_void_pooling2d_cl_stdEe
myproject_flow_control_loop_pipe
myproject_flow_control_loop_pipe_sequential_init
myproject_mul_16s_6s_22_1_1
myproject_mul_16s_7ns_23_1_1
myproject_mul_16s_6ns_22_1_1
myproject_mul_16s_5s_21_1_1
myproject_mul_16s_11ns_26_1_1
myproject_mul_16s_11s_26_1_1
myproject_fpext_32ns_64_2_no_dsp_1
myproject_fexp_32ns_32ns_32_13_full_dsp_1
myproject_ctlz_35_35_1_1
myproject_bitselect_1ns_35ns_32s_1_1_1
myproject_bitselect_1ns_54ns_32ns_1_1_1
myproject_bitselect_1ns_54ns_32s_1_1_1
myproject_sparsemux_7_2_1_1_1
myproject_sparsemux_7_2_18_1_1
myproject_sparsemux_7_2_16_1_1
myproject_flow_control_loop_pipe_sequential_init
myproject_mul_18s_16s_26_1_1
myproject_softmax_stable_array_array_ap_fixed_16_6_5_3_0_2u_softmax_config9_s_invert_tahbi
myproject_softmax_stable_array_array_ap_fixed_16_6_5_3_0_2u_softmax_config9_s_exp_tableibs
myproject_regslice_both
myproject_fifo_w148_d36_A
myproject_fifo_w64_d36_A
myproject_fifo_w64_d9_S
myproject_fifo_w312_d1_S
myproject_fifo_w128_d1_S
myproject_fifo_w72_d1_S
myproject_start_for_relu_array_ap_fixed_4u_array_ap_fixed_16_6_5_3_0_4u_relu_config3_U0
myproject_start_for_pooling2d_cl_array_ap_fixed_4u_array_ap_fixed_16_6_5_3_0_4u_config4jbC
myproject_start_for_dense_array_ap_fixed_4u_array_ap_fixed_39_19_5_3_0_8u_config6_U0
myproject_start_for_relu_array_ap_fixed_8u_array_ap_fixed_16_6_5_3_0_8u_relu_config7_U0
myproject_start_for_dense_array_ap_fixed_8u_array_ap_fixed_36_16_5_3_0_2u_config8_U0
myproject_start_for_softmax_array_array_ap_fixed_16_6_5_3_0_2u_softmax_config9_U0
shift_line_buffer_array_ap_fixed_16_6_5_3_0_1u_config2_s
dense_latency_ap_fixed_16_6_5_3_0_ap_fixed_37_17_5_3_0_config2_mult_s
compute_output_buffer_2d_array_array_ap_fixed_37_17_5_3_0_4u_config2_s
conv_2d_cl_array_ap_fixed_1u_array_ap_fixed_37_17_5_3_0_4u_config2_s
relu_array_ap_fixed_4u_array_ap_fixed_16_6_5_3_0_4u_relu_config3_s
shift_line_buffer_array_ap_fixed_16_6_5_3_0_4u_config4_s
pooling2d_cl_array_ap_fixed_4u_array_ap_fixed_16_6_5_3_0_4u_config4_s
dense_array_array_ap_fixed_39_19_5_3_0_8u_config6_Pipeline_DataPrepare
dense_latency_wrapper_ap_fixed_ap_fixed_39_19_5_3_0_config6_s
dense_array_ap_fixed_4u_array_ap_fixed_39_19_5_3_0_8u_config6_s
relu_array_ap_fixed_8u_array_ap_fixed_16_6_5_3_0_8u_relu_config7_s
dense_latency_wrapper_ap_fixed_ap_fixed_36_16_5_3_0_config8_s
dense_array_ap_fixed_8u_array_ap_fixed_36_16_5_3_0_2u_config8_s
init_exp_table_ap_ufixed_35_15_5_3_0_softmax_config9_s
softmax_stable_array_array_ap_fixed_16_6_5_3_0_2u_softmax_config9_s
softmax_array_array_ap_fixed_16_6_5_3_0_2u_softmax_config9_s
myproject
' rtl_lang='both' bootstrap_tcl='false' outdir='' outfilename=''
Execute         source C:/Users/OmilosNeonTexn/Desktop/fpga_cnn_hls4ml/hls4ml_init/hls4ml_cnn_zcu106/myproject_prj/solution1/.autopilot/db/global.setting.tcl 
Execute         source C:/Users/OmilosNeonTexn/Desktop/fpga_cnn_hls4ml/hls4ml_init/hls4ml_cnn_zcu106/myproject_prj/solution1/.autopilot/db/global.setting.tcl 
Execute         source C:/Users/OmilosNeonTexn/Desktop/fpga_cnn_hls4ml/hls4ml_init/hls4ml_cnn_zcu106/myproject_prj/solution1/.autopilot/db/top-io-be.tcl 
Execute         source C:/Users/OmilosNeonTexn/Desktop/fpga_cnn_hls4ml/hls4ml_init/hls4ml_cnn_zcu106/myproject_prj/solution1/.autopilot/db/myproject.tbgen.tcl 
Execute         source C:/Users/OmilosNeonTexn/Desktop/fpga_cnn_hls4ml/hls4ml_init/hls4ml_cnn_zcu106/myproject_prj/solution1/.autopilot/db/myproject.rtl_wrap.cfg.tcl 
Execute         source C:/Users/OmilosNeonTexn/Desktop/fpga_cnn_hls4ml/hls4ml_init/hls4ml_cnn_zcu106/myproject_prj/solution1/.autopilot/db/myproject.compgen.dataonly.tcl 
Execute         source C:/Users/OmilosNeonTexn/Desktop/fpga_cnn_hls4ml/hls4ml_init/hls4ml_cnn_zcu106/myproject_prj/solution1/.autopilot/db/shift_line_buffer_array_ap_fixed_16_6_5_3_0_1u_config2_s.tbgen.tcl 
Execute         source C:/Users/OmilosNeonTexn/Desktop/fpga_cnn_hls4ml/hls4ml_init/hls4ml_cnn_zcu106/myproject_prj/solution1/.autopilot/db/dense_latency_ap_fixed_16_6_5_3_0_ap_fixed_37_17_5_3_0_config2_mult_s.tbgen.tcl 
Execute         source C:/Users/OmilosNeonTexn/Desktop/fpga_cnn_hls4ml/hls4ml_init/hls4ml_cnn_zcu106/myproject_prj/solution1/.autopilot/db/compute_output_buffer_2d_array_array_ap_fixed_37_17_5_3_0_4u_config2_s.tbgen.tcl 
Execute         source C:/Users/OmilosNeonTexn/Desktop/fpga_cnn_hls4ml/hls4ml_init/hls4ml_cnn_zcu106/myproject_prj/solution1/.autopilot/db/conv_2d_cl_array_ap_fixed_1u_array_ap_fixed_37_17_5_3_0_4u_config2_s.tbgen.tcl 
Execute         source C:/Users/OmilosNeonTexn/Desktop/fpga_cnn_hls4ml/hls4ml_init/hls4ml_cnn_zcu106/myproject_prj/solution1/.autopilot/db/relu_array_ap_fixed_4u_array_ap_fixed_16_6_5_3_0_4u_relu_config3_s.tbgen.tcl 
Execute         source C:/Users/OmilosNeonTexn/Desktop/fpga_cnn_hls4ml/hls4ml_init/hls4ml_cnn_zcu106/myproject_prj/solution1/.autopilot/db/shift_line_buffer_array_ap_fixed_16_6_5_3_0_4u_config4_s.tbgen.tcl 
Execute         source C:/Users/OmilosNeonTexn/Desktop/fpga_cnn_hls4ml/hls4ml_init/hls4ml_cnn_zcu106/myproject_prj/solution1/.autopilot/db/pooling2d_cl_array_ap_fixed_4u_array_ap_fixed_16_6_5_3_0_4u_config4_s.tbgen.tcl 
Execute         source C:/Users/OmilosNeonTexn/Desktop/fpga_cnn_hls4ml/hls4ml_init/hls4ml_cnn_zcu106/myproject_prj/solution1/.autopilot/db/dense_array_array_ap_fixed_39_19_5_3_0_8u_config6_Pipeline_DataPrepare.tbgen.tcl 
Execute         source C:/Users/OmilosNeonTexn/Desktop/fpga_cnn_hls4ml/hls4ml_init/hls4ml_cnn_zcu106/myproject_prj/solution1/.autopilot/db/dense_latency_wrapper_ap_fixed_ap_fixed_39_19_5_3_0_config6_s.tbgen.tcl 
Execute         source C:/Users/OmilosNeonTexn/Desktop/fpga_cnn_hls4ml/hls4ml_init/hls4ml_cnn_zcu106/myproject_prj/solution1/.autopilot/db/dense_array_ap_fixed_4u_array_ap_fixed_39_19_5_3_0_8u_config6_s.tbgen.tcl 
Execute         source C:/Users/OmilosNeonTexn/Desktop/fpga_cnn_hls4ml/hls4ml_init/hls4ml_cnn_zcu106/myproject_prj/solution1/.autopilot/db/relu_array_ap_fixed_8u_array_ap_fixed_16_6_5_3_0_8u_relu_config7_s.tbgen.tcl 
Execute         source C:/Users/OmilosNeonTexn/Desktop/fpga_cnn_hls4ml/hls4ml_init/hls4ml_cnn_zcu106/myproject_prj/solution1/.autopilot/db/dense_latency_wrapper_ap_fixed_ap_fixed_36_16_5_3_0_config8_s.tbgen.tcl 
Execute         source C:/Users/OmilosNeonTexn/Desktop/fpga_cnn_hls4ml/hls4ml_init/hls4ml_cnn_zcu106/myproject_prj/solution1/.autopilot/db/dense_array_ap_fixed_8u_array_ap_fixed_36_16_5_3_0_2u_config8_s.tbgen.tcl 
Execute         source C:/Users/OmilosNeonTexn/Desktop/fpga_cnn_hls4ml/hls4ml_init/hls4ml_cnn_zcu106/myproject_prj/solution1/.autopilot/db/init_exp_table_ap_ufixed_35_15_5_3_0_softmax_config9_s.tbgen.tcl 
Execute         source C:/Users/OmilosNeonTexn/Desktop/fpga_cnn_hls4ml/hls4ml_init/hls4ml_cnn_zcu106/myproject_prj/solution1/.autopilot/db/softmax_stable_array_array_ap_fixed_16_6_5_3_0_2u_softmax_config9_s.tbgen.tcl 
Execute         source C:/Users/OmilosNeonTexn/Desktop/fpga_cnn_hls4ml/hls4ml_init/hls4ml_cnn_zcu106/myproject_prj/solution1/.autopilot/db/softmax_array_array_ap_fixed_16_6_5_3_0_2u_softmax_config9_s.tbgen.tcl 
Execute         source C:/Users/OmilosNeonTexn/Desktop/fpga_cnn_hls4ml/hls4ml_init/hls4ml_cnn_zcu106/myproject_prj/solution1/.autopilot/db/myproject.tbgen.tcl 
Execute         source C:/Users/OmilosNeonTexn/Desktop/fpga_cnn_hls4ml/hls4ml_init/hls4ml_cnn_zcu106/myproject_prj/solution1/.autopilot/db/global.setting.tcl 
Execute         ap_part_info -name xczu7ev-ffvc1156-2-e -data names -quiet 
Execute         ap_part_info -name xczu7ev-ffvc1156-2-e -data info -quiet 
Execute         source C:/Users/OmilosNeonTexn/Desktop/fpga_cnn_hls4ml/hls4ml_init/hls4ml_cnn_zcu106/myproject_prj/solution1/.autopilot/db/myproject.constraint.tcl 
Execute         sc_get_clocks myproject 
Execute         source C:/Users/OmilosNeonTexn/Desktop/fpga_cnn_hls4ml/hls4ml_init/hls4ml_cnn_zcu106/myproject_prj/solution1/.autopilot/db/global.setting.tcl 
Execute         source C:/Users/OmilosNeonTexn/Desktop/fpga_cnn_hls4ml/hls4ml_init/hls4ml_cnn_zcu106/myproject_prj/solution1/impl/misc/myproject_fexp_32ns_32ns_32_13_full_dsp_1_ip.tcl 
Execute         source C:/Users/OmilosNeonTexn/Desktop/fpga_cnn_hls4ml/hls4ml_init/hls4ml_cnn_zcu106/myproject_prj/solution1/impl/misc/myproject_fpext_32ns_64_2_no_dsp_1_ip.tcl 
INFO-FLOW: DBG:PROC: ::HLSREPORTS::add_csynth_report_sections bind_info_dict='adapter_nodes {} cache_nodes {} report_dict {TOPINST myproject MODULE2INSTS {myproject myproject conv_2d_cl_array_ap_fixed_1u_array_ap_fixed_37_17_5_3_0_4u_config2_s conv_2d_cl_array_ap_fixed_1u_array_ap_fixed_37_17_5_3_0_4u_config2_U0 compute_output_buffer_2d_array_array_ap_fixed_37_17_5_3_0_4u_config2_s grp_compute_output_buffer_2d_array_array_ap_fixed_37_17_5_3_0_4u_config2_s_fu_80 shift_line_buffer_array_ap_fixed_16_6_5_3_0_1u_config2_s call_ln281_shift_line_buffer_array_ap_fixed_16_6_5_3_0_1u_config2_s_fu_89 dense_latency_ap_fixed_16_6_5_3_0_ap_fixed_37_17_5_3_0_config2_mult_s grp_dense_latency_ap_fixed_16_6_5_3_0_ap_fixed_37_17_5_3_0_config2_mult_s_fu_117 relu_array_ap_fixed_4u_array_ap_fixed_16_6_5_3_0_4u_relu_config3_s relu_array_ap_fixed_4u_array_ap_fixed_16_6_5_3_0_4u_relu_config3_U0 pooling2d_cl_array_ap_fixed_4u_array_ap_fixed_16_6_5_3_0_4u_config4_s pooling2d_cl_array_ap_fixed_4u_array_ap_fixed_16_6_5_3_0_4u_config4_U0 shift_line_buffer_array_ap_fixed_16_6_5_3_0_4u_config4_s call_ln52_shift_line_buffer_array_ap_fixed_16_6_5_3_0_4u_config4_s_fu_134 dense_array_ap_fixed_4u_array_ap_fixed_39_19_5_3_0_8u_config6_s dense_array_ap_fixed_4u_array_ap_fixed_39_19_5_3_0_8u_config6_U0 dense_array_array_ap_fixed_39_19_5_3_0_8u_config6_Pipeline_DataPrepare grp_dense_array_array_ap_fixed_39_19_5_3_0_8u_config6_Pipeline_DataPrepare_fu_177 dense_latency_wrapper_ap_fixed_ap_fixed_39_19_5_3_0_config6_s grp_dense_latency_wrapper_ap_fixed_ap_fixed_39_19_5_3_0_config6_s_fu_219 relu_array_ap_fixed_8u_array_ap_fixed_16_6_5_3_0_8u_relu_config7_s relu_array_ap_fixed_8u_array_ap_fixed_16_6_5_3_0_8u_relu_config7_U0 dense_array_ap_fixed_8u_array_ap_fixed_36_16_5_3_0_2u_config8_s dense_array_ap_fixed_8u_array_ap_fixed_36_16_5_3_0_2u_config8_U0 dense_latency_wrapper_ap_fixed_ap_fixed_36_16_5_3_0_config8_s grp_dense_latency_wrapper_ap_fixed_ap_fixed_36_16_5_3_0_config8_s_fu_65 softmax_array_array_ap_fixed_16_6_5_3_0_2u_softmax_config9_s softmax_array_array_ap_fixed_16_6_5_3_0_2u_softmax_config9_U0 softmax_stable_array_array_ap_fixed_16_6_5_3_0_2u_softmax_config9_s grp_softmax_stable_array_array_ap_fixed_16_6_5_3_0_2u_softmax_config9_s_fu_24 init_exp_table_ap_ufixed_35_15_5_3_0_softmax_config9_s grp_init_exp_table_ap_ufixed_35_15_5_3_0_softmax_config9_s_fu_154} INST2MODULE {myproject myproject conv_2d_cl_array_ap_fixed_1u_array_ap_fixed_37_17_5_3_0_4u_config2_U0 conv_2d_cl_array_ap_fixed_1u_array_ap_fixed_37_17_5_3_0_4u_config2_s grp_compute_output_buffer_2d_array_array_ap_fixed_37_17_5_3_0_4u_config2_s_fu_80 compute_output_buffer_2d_array_array_ap_fixed_37_17_5_3_0_4u_config2_s call_ln281_shift_line_buffer_array_ap_fixed_16_6_5_3_0_1u_config2_s_fu_89 shift_line_buffer_array_ap_fixed_16_6_5_3_0_1u_config2_s grp_dense_latency_ap_fixed_16_6_5_3_0_ap_fixed_37_17_5_3_0_config2_mult_s_fu_117 dense_latency_ap_fixed_16_6_5_3_0_ap_fixed_37_17_5_3_0_config2_mult_s relu_array_ap_fixed_4u_array_ap_fixed_16_6_5_3_0_4u_relu_config3_U0 relu_array_ap_fixed_4u_array_ap_fixed_16_6_5_3_0_4u_relu_config3_s pooling2d_cl_array_ap_fixed_4u_array_ap_fixed_16_6_5_3_0_4u_config4_U0 pooling2d_cl_array_ap_fixed_4u_array_ap_fixed_16_6_5_3_0_4u_config4_s call_ln52_shift_line_buffer_array_ap_fixed_16_6_5_3_0_4u_config4_s_fu_134 shift_line_buffer_array_ap_fixed_16_6_5_3_0_4u_config4_s dense_array_ap_fixed_4u_array_ap_fixed_39_19_5_3_0_8u_config6_U0 dense_array_ap_fixed_4u_array_ap_fixed_39_19_5_3_0_8u_config6_s grp_dense_array_array_ap_fixed_39_19_5_3_0_8u_config6_Pipeline_DataPrepare_fu_177 dense_array_array_ap_fixed_39_19_5_3_0_8u_config6_Pipeline_DataPrepare grp_dense_latency_wrapper_ap_fixed_ap_fixed_39_19_5_3_0_config6_s_fu_219 dense_latency_wrapper_ap_fixed_ap_fixed_39_19_5_3_0_config6_s relu_array_ap_fixed_8u_array_ap_fixed_16_6_5_3_0_8u_relu_config7_U0 relu_array_ap_fixed_8u_array_ap_fixed_16_6_5_3_0_8u_relu_config7_s dense_array_ap_fixed_8u_array_ap_fixed_36_16_5_3_0_2u_config8_U0 dense_array_ap_fixed_8u_array_ap_fixed_36_16_5_3_0_2u_config8_s grp_dense_latency_wrapper_ap_fixed_ap_fixed_36_16_5_3_0_config8_s_fu_65 dense_latency_wrapper_ap_fixed_ap_fixed_36_16_5_3_0_config8_s softmax_array_array_ap_fixed_16_6_5_3_0_2u_softmax_config9_U0 softmax_array_array_ap_fixed_16_6_5_3_0_2u_softmax_config9_s grp_softmax_stable_array_array_ap_fixed_16_6_5_3_0_2u_softmax_config9_s_fu_24 softmax_stable_array_array_ap_fixed_16_6_5_3_0_2u_softmax_config9_s grp_init_exp_table_ap_ufixed_35_15_5_3_0_softmax_config9_s_fu_154 init_exp_table_ap_ufixed_35_15_5_3_0_softmax_config9_s} INSTDATA {myproject {DEPTH 1 CHILDREN {conv_2d_cl_array_ap_fixed_1u_array_ap_fixed_37_17_5_3_0_4u_config2_U0 relu_array_ap_fixed_4u_array_ap_fixed_16_6_5_3_0_4u_relu_config3_U0 pooling2d_cl_array_ap_fixed_4u_array_ap_fixed_16_6_5_3_0_4u_config4_U0 dense_array_ap_fixed_4u_array_ap_fixed_39_19_5_3_0_8u_config6_U0 relu_array_ap_fixed_8u_array_ap_fixed_16_6_5_3_0_8u_relu_config7_U0 dense_array_ap_fixed_8u_array_ap_fixed_36_16_5_3_0_2u_config8_U0 softmax_array_array_ap_fixed_16_6_5_3_0_2u_softmax_config9_U0}} conv_2d_cl_array_ap_fixed_1u_array_ap_fixed_37_17_5_3_0_4u_config2_U0 {DEPTH 2 CHILDREN grp_compute_output_buffer_2d_array_array_ap_fixed_37_17_5_3_0_4u_config2_s_fu_80} grp_compute_output_buffer_2d_array_array_ap_fixed_37_17_5_3_0_4u_config2_s_fu_80 {DEPTH 3 CHILDREN {call_ln281_shift_line_buffer_array_ap_fixed_16_6_5_3_0_1u_config2_s_fu_89 grp_dense_latency_ap_fixed_16_6_5_3_0_ap_fixed_37_17_5_3_0_config2_mult_s_fu_117}} call_ln281_shift_line_buffer_array_ap_fixed_16_6_5_3_0_1u_config2_s_fu_89 {DEPTH 4 CHILDREN {}} grp_dense_latency_ap_fixed_16_6_5_3_0_ap_fixed_37_17_5_3_0_config2_mult_s_fu_117 {DEPTH 4 CHILDREN {}} relu_array_ap_fixed_4u_array_ap_fixed_16_6_5_3_0_4u_relu_config3_U0 {DEPTH 2 CHILDREN {}} pooling2d_cl_array_ap_fixed_4u_array_ap_fixed_16_6_5_3_0_4u_config4_U0 {DEPTH 2 CHILDREN call_ln52_shift_line_buffer_array_ap_fixed_16_6_5_3_0_4u_config4_s_fu_134} call_ln52_shift_line_buffer_array_ap_fixed_16_6_5_3_0_4u_config4_s_fu_134 {DEPTH 3 CHILDREN {}} dense_array_ap_fixed_4u_array_ap_fixed_39_19_5_3_0_8u_config6_U0 {DEPTH 2 CHILDREN {grp_dense_array_array_ap_fixed_39_19_5_3_0_8u_config6_Pipeline_DataPrepare_fu_177 grp_dense_latency_wrapper_ap_fixed_ap_fixed_39_19_5_3_0_config6_s_fu_219}} grp_dense_array_array_ap_fixed_39_19_5_3_0_8u_config6_Pipeline_DataPrepare_fu_177 {DEPTH 3 CHILDREN {}} grp_dense_latency_wrapper_ap_fixed_ap_fixed_39_19_5_3_0_config6_s_fu_219 {DEPTH 3 CHILDREN {}} relu_array_ap_fixed_8u_array_ap_fixed_16_6_5_3_0_8u_relu_config7_U0 {DEPTH 2 CHILDREN {}} dense_array_ap_fixed_8u_array_ap_fixed_36_16_5_3_0_2u_config8_U0 {DEPTH 2 CHILDREN grp_dense_latency_wrapper_ap_fixed_ap_fixed_36_16_5_3_0_config8_s_fu_65} grp_dense_latency_wrapper_ap_fixed_ap_fixed_36_16_5_3_0_config8_s_fu_65 {DEPTH 3 CHILDREN {}} softmax_array_array_ap_fixed_16_6_5_3_0_2u_softmax_config9_U0 {DEPTH 2 CHILDREN grp_softmax_stable_array_array_ap_fixed_16_6_5_3_0_2u_softmax_config9_s_fu_24} grp_softmax_stable_array_array_ap_fixed_16_6_5_3_0_2u_softmax_config9_s_fu_24 {DEPTH 3 CHILDREN grp_init_exp_table_ap_ufixed_35_15_5_3_0_softmax_config9_s_fu_154} grp_init_exp_table_ap_ufixed_35_15_5_3_0_softmax_config9_s_fu_154 {DEPTH 4 CHILDREN {}}} MODULEDATA {shift_line_buffer_array_ap_fixed_16_6_5_3_0_1u_config2_s {BINDINFO {{BINDTYPE storage ID {} IMPL auto LATENCY 0 OPTYPE ram_1p PRAGMA {} RTLNAME void_conv_2d_buffer_latency_cl_stream_stream_weight_t_bias_t_line_buffer_1_U SOURCE {} VARIABLE void_conv_2d_buffer_latency_cl_stream_stream_weight_t_bias_t_line_buffer_1 LOOP {} BUNDLEDNAME {} DSP 0 BRAM 0 URAM 0 STORAGESUBTYPE {} STORAGESIZE {16 8 1} STORAGEUSAGE ram_1p DISPNAME {bind_storage ram_1p} VISIBLE true} {BINDTYPE storage ID {} IMPL auto LATENCY 0 OPTYPE ram_1p PRAGMA {} RTLNAME void_conv_2d_buffer_latency_cl_stream_stream_weight_t_bias_t_line_buffer_U SOURCE {} VARIABLE void_conv_2d_buffer_latency_cl_stream_stream_weight_t_bias_t_line_buffer LOOP {} BUNDLEDNAME {} DSP 0 BRAM 0 URAM 0 STORAGESUBTYPE {} STORAGESIZE {16 8 1} STORAGEUSAGE ram_1p DISPNAME {bind_storage ram_1p} VISIBLE true}} AREA {DSP 0 BRAM 0 URAM 0}} dense_latency_ap_fixed_16_6_5_3_0_ap_fixed_37_17_5_3_0_config2_mult_s {BINDINFO {{BINDTYPE op ID {} IMPL auto LATENCY 0 OPTYPE mul PRAGMA {} RTLNAME mul_16s_10s_26_1_1_U16 SOURCE firmware/nnet_utils/nnet_mult.h:73 VARIABLE mul_ln73 LOOP {} BUNDLEDNAME {} DSP 1 BRAM 0 URAM 0 STORAGESUBTYPE {} DISPNAME {bind_op mul} VISIBLE true} {BINDTYPE op ID {} IMPL auto LATENCY 0 OPTYPE mul PRAGMA {} RTLNAME mul_16s_8s_24_1_1_U26 SOURCE firmware/nnet_utils/nnet_mult.h:73 VARIABLE mul_ln73_243 LOOP {} BUNDLEDNAME {} DSP 1 BRAM 0 URAM 0 STORAGESUBTYPE {} DISPNAME {bind_op mul} VISIBLE true} {BINDTYPE op ID {} IMPL auto LATENCY 0 OPTYPE mul PRAGMA {} RTLNAME mul_16s_10ns_26_1_1_U15 SOURCE firmware/nnet_utils/nnet_mult.h:73 VARIABLE mul_ln73_244 LOOP {} BUNDLEDNAME {} DSP 1 BRAM 0 URAM 0 STORAGESUBTYPE {} DISPNAME {bind_op mul} VISIBLE true} {BINDTYPE op ID {} IMPL fabric LATENCY 0 OPTYPE add PRAGMA {} RTLNAME add_ln73_fu_4933_p2 SOURCE firmware/nnet_utils/nnet_mult.h:73 VARIABLE add_ln73 LOOP {} BUNDLEDNAME {} DSP 0 BRAM 0 URAM 0 STORAGESUBTYPE {} DISPNAME {bind_op add} VISIBLE true} {BINDTYPE op ID {} IMPL auto LATENCY 0 OPTYPE mul PRAGMA {} RTLNAME mul_16s_10ns_26_1_1_U27 SOURCE firmware/nnet_utils/nnet_mult.h:73 VARIABLE mul_ln73_245 LOOP {} BUNDLEDNAME {} DSP 1 BRAM 0 URAM 0 STORAGESUBTYPE {} DISPNAME {bind_op mul} VISIBLE true} {BINDTYPE op ID {} IMPL auto LATENCY 0 OPTYPE mul PRAGMA {} RTLNAME mul_16s_10ns_26_1_1_U40 SOURCE firmware/nnet_utils/nnet_mult.h:73 VARIABLE mul_ln73_246 LOOP {} BUNDLEDNAME {} DSP 1 BRAM 0 URAM 0 STORAGESUBTYPE {} DISPNAME {bind_op mul} VISIBLE true} {BINDTYPE op ID {} IMPL auto LATENCY 0 OPTYPE mul PRAGMA {} RTLNAME mul_16s_10s_26_1_1_U20 SOURCE firmware/nnet_utils/nnet_mult.h:73 VARIABLE mul_ln73_247 LOOP {} BUNDLEDNAME {} DSP 1 BRAM 0 URAM 0 STORAGESUBTYPE {} DISPNAME {bind_op mul} VISIBLE true} {BINDTYPE op ID {} IMPL auto LATENCY 0 OPTYPE mul PRAGMA {} RTLNAME mul_16s_8ns_24_1_1_U13 SOURCE firmware/nnet_utils/nnet_mult.h:73 VARIABLE mul_ln73_248 LOOP {} BUNDLEDNAME {} DSP 1 BRAM 0 URAM 0 STORAGESUBTYPE {} DISPNAME {bind_op mul} VISIBLE true} {BINDTYPE op ID {} IMPL auto LATENCY 0 OPTYPE mul PRAGMA {} RTLNAME mul_16s_10s_26_1_1_U14 SOURCE firmware/nnet_utils/nnet_mult.h:73 VARIABLE mul_ln73_249 LOOP {} BUNDLEDNAME {} DSP 1 BRAM 0 URAM 0 STORAGESUBTYPE {} DISPNAME {bind_op mul} VISIBLE true} {BINDTYPE op ID {} IMPL auto LATENCY 0 OPTYPE mul PRAGMA {} RTLNAME mul_16s_10s_26_1_1_U37 SOURCE firmware/nnet_utils/nnet_mult.h:73 VARIABLE mul_ln73_250 LOOP {} BUNDLEDNAME {} DSP 1 BRAM 0 URAM 0 STORAGESUBTYPE {} DISPNAME {bind_op mul} VISIBLE true} {BINDTYPE op ID {} IMPL auto LATENCY 0 OPTYPE mul PRAGMA {} RTLNAME mul_16s_9ns_25_1_1_U33 SOURCE firmware/nnet_utils/nnet_mult.h:73 VARIABLE mul_ln73_251 LOOP {} BUNDLEDNAME {} DSP 1 BRAM 0 URAM 0 STORAGESUBTYPE {} DISPNAME {bind_op mul} VISIBLE true} {BINDTYPE op ID {} IMPL auto LATENCY 0 OPTYPE mul PRAGMA {} RTLNAME mul_16s_9s_25_1_1_U19 SOURCE firmware/nnet_utils/nnet_mult.h:73 VARIABLE mul_ln73_252 LOOP {} BUNDLEDNAME {} DSP 1 BRAM 0 URAM 0 STORAGESUBTYPE {} DISPNAME {bind_op mul} VISIBLE true} {BINDTYPE op ID {} IMPL auto LATENCY 0 OPTYPE mul PRAGMA {} RTLNAME mul_16s_9ns_25_1_1_U31 SOURCE firmware/nnet_utils/nnet_mult.h:73 VARIABLE mul_ln73_253 LOOP {} BUNDLEDNAME {} DSP 1 BRAM 0 URAM 0 STORAGESUBTYPE {} DISPNAME {bind_op mul} VISIBLE true} {BINDTYPE op ID {} IMPL auto LATENCY 0 OPTYPE mul PRAGMA {} RTLNAME mul_16s_10s_26_1_1_U29 SOURCE firmware/nnet_utils/nnet_mult.h:73 VARIABLE mul_ln73_254 LOOP {} BUNDLEDNAME {} DSP 1 BRAM 0 URAM 0 STORAGESUBTYPE {} DISPNAME {bind_op mul} VISIBLE true} {BINDTYPE op ID {} IMPL auto LATENCY 0 OPTYPE mul PRAGMA {} RTLNAME mul_16s_9s_25_1_1_U42 SOURCE firmware/nnet_utils/nnet_mult.h:73 VARIABLE mul_ln73_255 LOOP {} BUNDLEDNAME {} DSP 1 BRAM 0 URAM 0 STORAGESUBTYPE {} DISPNAME {bind_op mul} VISIBLE true} {BINDTYPE op ID {} IMPL auto LATENCY 0 OPTYPE mul PRAGMA {} RTLNAME mul_16s_9s_25_1_1_U17 SOURCE firmware/nnet_utils/nnet_mult.h:73 VARIABLE mul_ln73_256 LOOP {} BUNDLEDNAME {} DSP 1 BRAM 0 URAM 0 STORAGESUBTYPE {} DISPNAME {bind_op mul} VISIBLE true} {BINDTYPE op ID {} IMPL auto LATENCY 0 OPTYPE mul PRAGMA {} RTLNAME mul_16s_10ns_26_1_1_U30 SOURCE firmware/nnet_utils/nnet_mult.h:73 VARIABLE mul_ln73_257 LOOP {} BUNDLEDNAME {} DSP 1 BRAM 0 URAM 0 STORAGESUBTYPE {} DISPNAME {bind_op mul} VISIBLE true} {BINDTYPE op ID {} IMPL auto LATENCY 0 OPTYPE mul PRAGMA {} RTLNAME mul_16s_10s_26_1_1_U39 SOURCE firmware/nnet_utils/nnet_mult.h:73 VARIABLE mul_ln73_258 LOOP {} BUNDLEDNAME {} DSP 1 BRAM 0 URAM 0 STORAGESUBTYPE {} DISPNAME {bind_op mul} VISIBLE true} {BINDTYPE op ID {} IMPL auto LATENCY 0 OPTYPE mul PRAGMA {} RTLNAME mul_16s_9s_25_1_1_U12 SOURCE firmware/nnet_utils/nnet_mult.h:73 VARIABLE mul_ln73_259 LOOP {} BUNDLEDNAME {} DSP 1 BRAM 0 URAM 0 STORAGESUBTYPE {} DISPNAME {bind_op mul} VISIBLE true} {BINDTYPE op ID {} IMPL auto LATENCY 0 OPTYPE mul PRAGMA {} RTLNAME mul_16s_10ns_26_1_1_U36 SOURCE firmware/nnet_utils/nnet_mult.h:73 VARIABLE mul_ln73_260 LOOP {} BUNDLEDNAME {} DSP 1 BRAM 0 URAM 0 STORAGESUBTYPE {} DISPNAME {bind_op mul} VISIBLE true} {BINDTYPE op ID {} IMPL auto LATENCY 0 OPTYPE mul PRAGMA {} RTLNAME mul_16s_7s_23_1_1_U32 SOURCE firmware/nnet_utils/nnet_mult.h:73 VARIABLE mul_ln73_261 LOOP {} BUNDLEDNAME {} DSP 1 BRAM 0 URAM 0 STORAGESUBTYPE {} DISPNAME {bind_op mul} VISIBLE true} {BINDTYPE op ID {} IMPL auto LATENCY 0 OPTYPE mul PRAGMA {} RTLNAME mul_16s_8ns_24_1_1_U25 SOURCE firmware/nnet_utils/nnet_mult.h:73 VARIABLE mul_ln73_262 LOOP {} BUNDLEDNAME {} DSP 1 BRAM 0 URAM 0 STORAGESUBTYPE {} DISPNAME {bind_op mul} VISIBLE true} {BINDTYPE op ID {} IMPL fabric LATENCY 0 OPTYPE sub PRAGMA {} RTLNAME sub_ln73_fu_5272_p2 SOURCE firmware/nnet_utils/nnet_mult.h:73 VARIABLE sub_ln73 LOOP {} BUNDLEDNAME {} DSP 0 BRAM 0 URAM 0 STORAGESUBTYPE {} DISPNAME {bind_op sub} VISIBLE true} {BINDTYPE op ID {} IMPL auto LATENCY 0 OPTYPE mul PRAGMA {} RTLNAME mul_16s_9ns_25_1_1_U24 SOURCE firmware/nnet_utils/nnet_mult.h:73 VARIABLE mul_ln73_263 LOOP {} BUNDLEDNAME {} DSP 1 BRAM 0 URAM 0 STORAGESUBTYPE {} DISPNAME {bind_op mul} VISIBLE true} {BINDTYPE op ID {} IMPL auto LATENCY 0 OPTYPE mul PRAGMA {} RTLNAME mul_16s_9s_25_1_1_U41 SOURCE firmware/nnet_utils/nnet_mult.h:73 VARIABLE mul_ln73_264 LOOP {} BUNDLEDNAME {} DSP 1 BRAM 0 URAM 0 STORAGESUBTYPE {} DISPNAME {bind_op mul} VISIBLE true} {BINDTYPE op ID {} IMPL auto LATENCY 0 OPTYPE mul PRAGMA {} RTLNAME mul_16s_10ns_26_1_1_U34 SOURCE firmware/nnet_utils/nnet_mult.h:73 VARIABLE mul_ln73_265 LOOP {} BUNDLEDNAME {} DSP 1 BRAM 0 URAM 0 STORAGESUBTYPE {} DISPNAME {bind_op mul} VISIBLE true} {BINDTYPE op ID {} IMPL auto LATENCY 0 OPTYPE mul PRAGMA {} RTLNAME mul_16s_8ns_24_1_1_U28 SOURCE firmware/nnet_utils/nnet_mult.h:73 VARIABLE mul_ln73_266 LOOP {} BUNDLEDNAME {} DSP 1 BRAM 0 URAM 0 STORAGESUBTYPE {} DISPNAME {bind_op mul} VISIBLE true} {BINDTYPE op ID {} IMPL auto LATENCY 0 OPTYPE mul PRAGMA {} RTLNAME mul_16s_10s_26_1_1_U18 SOURCE firmware/nnet_utils/nnet_mult.h:73 VARIABLE mul_ln73_267 LOOP {} BUNDLEDNAME {} DSP 1 BRAM 0 URAM 0 STORAGESUBTYPE {} DISPNAME {bind_op mul} VISIBLE true} {BINDTYPE op ID {} IMPL auto LATENCY 0 OPTYPE mul PRAGMA {} RTLNAME mul_16s_8ns_24_1_1_U21 SOURCE firmware/nnet_utils/nnet_mult.h:73 VARIABLE mul_ln73_268 LOOP {} BUNDLEDNAME {} DSP 1 BRAM 0 URAM 0 STORAGESUBTYPE {} DISPNAME {bind_op mul} VISIBLE true} {BINDTYPE op ID {} IMPL fabric LATENCY 0 OPTYPE add PRAGMA {} RTLNAME add_ln73_15_fu_5398_p2 SOURCE firmware/nnet_utils/nnet_mult.h:73 VARIABLE add_ln73_15 LOOP {} BUNDLEDNAME {} DSP 0 BRAM 0 URAM 0 STORAGESUBTYPE {} DISPNAME {bind_op add} VISIBLE true} {BINDTYPE op ID {} IMPL fabric LATENCY 0 OPTYPE sub PRAGMA {} RTLNAME sub_ln73_39_fu_5442_p2 SOURCE firmware/nnet_utils/nnet_mult.h:73 VARIABLE sub_ln73_39 LOOP {} BUNDLEDNAME {} DSP 0 BRAM 0 URAM 0 STORAGESUBTYPE {} DISPNAME {bind_op sub} VISIBLE true} {BINDTYPE op ID {} IMPL auto LATENCY 0 OPTYPE mul PRAGMA {} RTLNAME mul_16s_7s_23_1_1_U38 SOURCE firmware/nnet_utils/nnet_mult.h:73 VARIABLE mul_ln73_269 LOOP {} BUNDLEDNAME {} DSP 1 BRAM 0 URAM 0 STORAGESUBTYPE {} DISPNAME {bind_op mul} VISIBLE true} {BINDTYPE op ID {} IMPL fabric LATENCY 0 OPTYPE sub PRAGMA {} RTLNAME sub_ln73_40_fu_5503_p2 SOURCE firmware/nnet_utils/nnet_mult.h:73 VARIABLE sub_ln73_40 LOOP {} BUNDLEDNAME {} DSP 0 BRAM 0 URAM 0 STORAGESUBTYPE {} DISPNAME {bind_op sub} VISIBLE true} {BINDTYPE op ID {} IMPL auto LATENCY 0 OPTYPE mul PRAGMA {} RTLNAME mul_16s_10ns_26_1_1_U23 SOURCE firmware/nnet_utils/nnet_mult.h:73 VARIABLE mul_ln73_270 LOOP {} BUNDLEDNAME {} DSP 1 BRAM 0 URAM 0 STORAGESUBTYPE {} DISPNAME {bind_op mul} VISIBLE true} {BINDTYPE op ID {} IMPL auto LATENCY 0 OPTYPE mul PRAGMA {} RTLNAME mul_16s_8ns_24_1_1_U22 SOURCE firmware/nnet_utils/nnet_mult.h:73 VARIABLE mul_ln73_271 LOOP {} BUNDLEDNAME {} DSP 1 BRAM 0 URAM 0 STORAGESUBTYPE {} DISPNAME {bind_op mul} VISIBLE true} {BINDTYPE op ID {} IMPL auto LATENCY 0 OPTYPE mul PRAGMA {} RTLNAME mul_16s_10s_26_1_1_U35 SOURCE firmware/nnet_utils/nnet_mult.h:73 VARIABLE mul_ln73_272 LOOP {} BUNDLEDNAME {} DSP 1 BRAM 0 URAM 0 STORAGESUBTYPE {} DISPNAME {bind_op mul} VISIBLE true} {BINDTYPE op ID {} IMPL fabric LATENCY 0 OPTYPE add PRAGMA {} RTLNAME add_ln58_fu_5557_p2 SOURCE firmware/nnet_utils/nnet_dense_latency.h:58 VARIABLE add_ln58 LOOP {} BUNDLEDNAME {} DSP 0 BRAM 0 URAM 0 STORAGESUBTYPE {} DISPNAME {bind_op add} VISIBLE true} {BINDTYPE op ID {} IMPL fabric LATENCY 0 OPTYPE add PRAGMA {} RTLNAME add_ln58_307_fu_5575_p2 SOURCE firmware/nnet_utils/nnet_dense_latency.h:58 VARIABLE add_ln58_307 LOOP {} BUNDLEDNAME {} DSP 0 BRAM 0 URAM 0 STORAGESUBTYPE {} DISPNAME {bind_op add} VISIBLE true} {BINDTYPE op ID {} IMPL fabric LATENCY 0 OPTYPE add PRAGMA {} RTLNAME add_ln58_308_fu_5585_p2 SOURCE firmware/nnet_utils/nnet_dense_latency.h:58 VARIABLE add_ln58_308 LOOP {} BUNDLEDNAME {} DSP 0 BRAM 0 URAM 0 STORAGESUBTYPE {} DISPNAME {bind_op add} VISIBLE true} {BINDTYPE op ID {} IMPL fabric LATENCY 0 OPTYPE add PRAGMA {} RTLNAME add_ln58_311_fu_5591_p2 SOURCE firmware/nnet_utils/nnet_dense_latency.h:58 VARIABLE add_ln58_311 LOOP {} BUNDLEDNAME {} DSP 0 BRAM 0 URAM 0 STORAGESUBTYPE {} DISPNAME {bind_op add} VISIBLE true} {BINDTYPE op ID {} IMPL fabric LATENCY 0 OPTYPE add PRAGMA {} RTLNAME add_ln58_316_fu_5609_p2 SOURCE firmware/nnet_utils/nnet_dense_latency.h:58 VARIABLE add_ln58_316 LOOP {} BUNDLEDNAME {} DSP 0 BRAM 0 URAM 0 STORAGESUBTYPE {} DISPNAME {bind_op add} VISIBLE true} {BINDTYPE op ID {} IMPL fabric LATENCY 0 OPTYPE add PRAGMA {} RTLNAME add_ln58_317_fu_5619_p2 SOURCE firmware/nnet_utils/nnet_dense_latency.h:58 VARIABLE add_ln58_317 LOOP {} BUNDLEDNAME {} DSP 0 BRAM 0 URAM 0 STORAGESUBTYPE {} DISPNAME {bind_op add} VISIBLE true} {BINDTYPE op ID {} IMPL fabric LATENCY 0 OPTYPE add PRAGMA {} RTLNAME add_ln58_320_fu_5625_p2 SOURCE firmware/nnet_utils/nnet_dense_latency.h:58 VARIABLE add_ln58_320 LOOP {} BUNDLEDNAME {} DSP 0 BRAM 0 URAM 0 STORAGESUBTYPE {} DISPNAME {bind_op add} VISIBLE true} {BINDTYPE op ID {} IMPL fabric LATENCY 0 OPTYPE add PRAGMA {} RTLNAME add_ln58_325_fu_5643_p2 SOURCE firmware/nnet_utils/nnet_dense_latency.h:58 VARIABLE add_ln58_325 LOOP {} BUNDLEDNAME {} DSP 0 BRAM 0 URAM 0 STORAGESUBTYPE {} DISPNAME {bind_op add} VISIBLE true} {BINDTYPE op ID {} IMPL fabric LATENCY 0 OPTYPE add PRAGMA {} RTLNAME add_ln58_326_fu_5653_p2 SOURCE firmware/nnet_utils/nnet_dense_latency.h:58 VARIABLE add_ln58_326 LOOP {} BUNDLEDNAME {} DSP 0 BRAM 0 URAM 0 STORAGESUBTYPE {} DISPNAME {bind_op add} VISIBLE true} {BINDTYPE op ID {} IMPL fabric LATENCY 0 OPTYPE add PRAGMA {} RTLNAME add_ln58_329_fu_5659_p2 SOURCE firmware/nnet_utils/nnet_dense_latency.h:58 VARIABLE add_ln58_329 LOOP {} BUNDLEDNAME {} DSP 0 BRAM 0 URAM 0 STORAGESUBTYPE {} DISPNAME {bind_op add} VISIBLE true} {BINDTYPE op ID {} IMPL fabric LATENCY 0 OPTYPE add PRAGMA {} RTLNAME add_ln58_334_fu_5677_p2 SOURCE firmware/nnet_utils/nnet_dense_latency.h:58 VARIABLE add_ln58_334 LOOP {} BUNDLEDNAME {} DSP 0 BRAM 0 URAM 0 STORAGESUBTYPE {} DISPNAME {bind_op add} VISIBLE true} {BINDTYPE op ID {} IMPL fabric LATENCY 0 OPTYPE add PRAGMA {} RTLNAME add_ln58_335_fu_5687_p2 SOURCE firmware/nnet_utils/nnet_dense_latency.h:58 VARIABLE add_ln58_335 LOOP {} BUNDLEDNAME {} DSP 0 BRAM 0 URAM 0 STORAGESUBTYPE {} DISPNAME {bind_op add} VISIBLE true}} AREA {DSP 31 BRAM 0 URAM 0}} compute_output_buffer_2d_array_array_ap_fixed_37_17_5_3_0_4u_config2_s {BINDINFO {{BINDTYPE op ID {} IMPL auto LATENCY 0 OPTYPE seteq PRAGMA {} RTLNAME icmp_ln284_fu_143_p2 SOURCE firmware/nnet_utils/nnet_conv_stream.h:284 VARIABLE icmp_ln284 LOOP {} BUNDLEDNAME {} DSP 0 BRAM 0 URAM 0 STORAGESUBTYPE {} DISPNAME {bind_op seteq} VISIBLE false} {BINDTYPE op ID {} IMPL auto LATENCY 0 OPTYPE seteq PRAGMA {} RTLNAME icmp_ln284_1_fu_161_p2 SOURCE firmware/nnet_utils/nnet_conv_stream.h:284 VARIABLE icmp_ln284_1 LOOP {} BUNDLEDNAME {} DSP 0 BRAM 0 URAM 0 STORAGESUBTYPE {} DISPNAME {bind_op seteq} VISIBLE false} {BINDTYPE op ID {} IMPL auto LATENCY 0 OPTYPE setgt PRAGMA {} RTLNAME icmp_ln284_2_fu_177_p2 SOURCE firmware/nnet_utils/nnet_conv_stream.h:284 VARIABLE icmp_ln284_2 LOOP {} BUNDLEDNAME {} DSP 0 BRAM 0 URAM 0 STORAGESUBTYPE {} DISPNAME {bind_op setgt} VISIBLE false} {BINDTYPE op ID {} IMPL auto LATENCY 0 OPTYPE setgt PRAGMA {} RTLNAME icmp_ln284_3_fu_193_p2 SOURCE firmware/nnet_utils/nnet_conv_stream.h:284 VARIABLE icmp_ln284_3 LOOP {} BUNDLEDNAME {} DSP 0 BRAM 0 URAM 0 STORAGESUBTYPE {} DISPNAME {bind_op setgt} VISIBLE false} {BINDTYPE op ID {} IMPL auto LATENCY 0 OPTYPE and PRAGMA {} RTLNAME and_ln284_fu_199_p2 SOURCE firmware/nnet_utils/nnet_conv_stream.h:284 VARIABLE and_ln284 LOOP {} BUNDLEDNAME {} DSP 0 BRAM 0 URAM 0 STORAGESUBTYPE {} DISPNAME {bind_op and} VISIBLE false} {BINDTYPE op ID {} IMPL auto LATENCY 0 OPTYPE and PRAGMA {} RTLNAME and_ln284_1_fu_205_p2 SOURCE firmware/nnet_utils/nnet_conv_stream.h:284 VARIABLE and_ln284_1 LOOP {} BUNDLEDNAME {} DSP 0 BRAM 0 URAM 0 STORAGESUBTYPE {} DISPNAME {bind_op and} VISIBLE false} {BINDTYPE op ID {} IMPL fabric LATENCY 0 OPTYPE add PRAGMA {} RTLNAME add_ln303_fu_240_p2 SOURCE firmware/nnet_utils/nnet_conv_stream.h:303 VARIABLE add_ln303 LOOP {} BUNDLEDNAME {} DSP 0 BRAM 0 URAM 0 STORAGESUBTYPE {} DISPNAME {bind_op add} VISIBLE true} {BINDTYPE op ID {} IMPL auto LATENCY 0 OPTYPE seteq PRAGMA {} RTLNAME icmp_ln303_fu_245_p2 SOURCE firmware/nnet_utils/nnet_conv_stream.h:303 VARIABLE icmp_ln303 LOOP {} BUNDLEDNAME {} DSP 0 BRAM 0 URAM 0 STORAGESUBTYPE {} DISPNAME {bind_op seteq} VISIBLE false} {BINDTYPE op ID {} IMPL fabric LATENCY 0 OPTYPE add PRAGMA {} RTLNAME add_ln318_fu_257_p2 SOURCE firmware/nnet_utils/nnet_conv_stream.h:318 VARIABLE add_ln318 LOOP {} BUNDLEDNAME {} DSP 0 BRAM 0 URAM 0 STORAGESUBTYPE {} DISPNAME {bind_op add} VISIBLE true} {BINDTYPE op ID {} IMPL auto_sel LATENCY 0 OPTYPE select PRAGMA {} RTLNAME select_ln318_fu_262_p3 SOURCE firmware/nnet_utils/nnet_conv_stream.h:318 VARIABLE select_ln318 LOOP {} BUNDLEDNAME {} DSP 0 BRAM 0 URAM 0 STORAGESUBTYPE {} DISPNAME {bind_op select} VISIBLE false} {BINDTYPE op ID {} IMPL fabric LATENCY 0 OPTYPE add PRAGMA {} RTLNAME add_ln307_fu_287_p2 SOURCE firmware/nnet_utils/nnet_conv_stream.h:307 VARIABLE add_ln307 LOOP {} BUNDLEDNAME {} DSP 0 BRAM 0 URAM 0 STORAGESUBTYPE {} DISPNAME {bind_op add} VISIBLE true} {BINDTYPE op ID {} IMPL auto LATENCY 0 OPTYPE seteq PRAGMA {} RTLNAME icmp_ln307_fu_292_p2 SOURCE firmware/nnet_utils/nnet_conv_stream.h:307 VARIABLE icmp_ln307 LOOP {} BUNDLEDNAME {} DSP 0 BRAM 0 URAM 0 STORAGESUBTYPE {} DISPNAME {bind_op seteq} VISIBLE false} {BINDTYPE op ID {} IMPL auto LATENCY 0 OPTYPE seteq PRAGMA {} RTLNAME icmp_ln313_fu_304_p2 SOURCE firmware/nnet_utils/nnet_conv_stream.h:313 VARIABLE icmp_ln313 LOOP {} BUNDLEDNAME {} DSP 0 BRAM 0 URAM 0 STORAGESUBTYPE {} DISPNAME {bind_op seteq} VISIBLE false} {BINDTYPE op ID {} IMPL fabric LATENCY 0 OPTYPE add PRAGMA {} RTLNAME add_ln313_fu_309_p2 SOURCE firmware/nnet_utils/nnet_conv_stream.h:313 VARIABLE add_ln313 LOOP {} BUNDLEDNAME {} DSP 0 BRAM 0 URAM 0 STORAGESUBTYPE {} DISPNAME {bind_op add} VISIBLE true} {BINDTYPE op ID {} IMPL auto_sel LATENCY 0 OPTYPE select PRAGMA {} RTLNAME select_ln313_fu_314_p3 SOURCE firmware/nnet_utils/nnet_conv_stream.h:313 VARIABLE select_ln313 LOOP {} BUNDLEDNAME {} DSP 0 BRAM 0 URAM 0 STORAGESUBTYPE {} DISPNAME {bind_op select} VISIBLE false}} AREA {DSP 31 BRAM 0 URAM 0}} conv_2d_cl_array_ap_fixed_1u_array_ap_fixed_37_17_5_3_0_4u_config2_s {BINDINFO {{BINDTYPE op ID {} IMPL fabric LATENCY 0 OPTYPE add PRAGMA {} RTLNAME add_ln25_fu_126_p2 SOURCE firmware/nnet_utils/nnet_conv2d_stream.h:25 VARIABLE add_ln25 LOOP ReadInputHeight_ReadInputWidth BUNDLEDNAME {} DSP 0 BRAM 0 URAM 0 STORAGESUBTYPE {} DISPNAME {bind_op add} VISIBLE true} {BINDTYPE op ID {} IMPL auto LATENCY 0 OPTYPE seteq PRAGMA {} RTLNAME icmp_ln25_fu_132_p2 SOURCE firmware/nnet_utils/nnet_conv2d_stream.h:25 VARIABLE icmp_ln25 LOOP ReadInputHeight_ReadInputWidth BUNDLEDNAME {} DSP 0 BRAM 0 URAM 0 STORAGESUBTYPE {} DISPNAME {bind_op seteq} VISIBLE false}} AREA {DSP 31 BRAM 0 URAM 0}} relu_array_ap_fixed_4u_array_ap_fixed_16_6_5_3_0_4u_relu_config3_s {BINDINFO {{BINDTYPE op ID {} IMPL auto LATENCY 0 OPTYPE setgt PRAGMA {} RTLNAME icmp_ln51_fu_133_p2 SOURCE firmware/nnet_utils/nnet_activation_stream.h:51 VARIABLE icmp_ln51 LOOP ReLUActLoop BUNDLEDNAME {} DSP 0 BRAM 0 URAM 0 STORAGESUBTYPE {} DISPNAME {bind_op setgt} VISIBLE false} {BINDTYPE op ID {} IMPL auto_sel LATENCY 0 OPTYPE select PRAGMA {} RTLNAME select_ln51_fu_149_p3 SOURCE firmware/nnet_utils/nnet_activation_stream.h:51 VARIABLE select_ln51 LOOP ReLUActLoop BUNDLEDNAME {} DSP 0 BRAM 0 URAM 0 STORAGESUBTYPE {} DISPNAME {bind_op select} VISIBLE false} {BINDTYPE op ID {} IMPL auto LATENCY 0 OPTYPE setgt PRAGMA {} RTLNAME icmp_ln51_8_fu_157_p2 SOURCE firmware/nnet_utils/nnet_activation_stream.h:51 VARIABLE icmp_ln51_8 LOOP ReLUActLoop BUNDLEDNAME {} DSP 0 BRAM 0 URAM 0 STORAGESUBTYPE {} DISPNAME {bind_op setgt} VISIBLE false} {BINDTYPE op ID {} IMPL auto_sel LATENCY 0 OPTYPE select PRAGMA {} RTLNAME select_ln51_8_fu_173_p3 SOURCE firmware/nnet_utils/nnet_activation_stream.h:51 VARIABLE select_ln51_8 LOOP ReLUActLoop BUNDLEDNAME {} DSP 0 BRAM 0 URAM 0 STORAGESUBTYPE {} DISPNAME {bind_op select} VISIBLE false} {BINDTYPE op ID {} IMPL auto LATENCY 0 OPTYPE setgt PRAGMA {} RTLNAME icmp_ln51_9_fu_181_p2 SOURCE firmware/nnet_utils/nnet_activation_stream.h:51 VARIABLE icmp_ln51_9 LOOP ReLUActLoop BUNDLEDNAME {} DSP 0 BRAM 0 URAM 0 STORAGESUBTYPE {} DISPNAME {bind_op setgt} VISIBLE false} {BINDTYPE op ID {} IMPL auto_sel LATENCY 0 OPTYPE select PRAGMA {} RTLNAME select_ln51_9_fu_197_p3 SOURCE firmware/nnet_utils/nnet_activation_stream.h:51 VARIABLE select_ln51_9 LOOP ReLUActLoop BUNDLEDNAME {} DSP 0 BRAM 0 URAM 0 STORAGESUBTYPE {} DISPNAME {bind_op select} VISIBLE false} {BINDTYPE op ID {} IMPL auto LATENCY 0 OPTYPE setgt PRAGMA {} RTLNAME icmp_ln51_10_fu_205_p2 SOURCE firmware/nnet_utils/nnet_activation_stream.h:51 VARIABLE icmp_ln51_10 LOOP ReLUActLoop BUNDLEDNAME {} DSP 0 BRAM 0 URAM 0 STORAGESUBTYPE {} DISPNAME {bind_op setgt} VISIBLE false} {BINDTYPE op ID {} IMPL auto_sel LATENCY 0 OPTYPE select PRAGMA {} RTLNAME select_ln51_10_fu_221_p3 SOURCE firmware/nnet_utils/nnet_activation_stream.h:51 VARIABLE select_ln51_10 LOOP ReLUActLoop BUNDLEDNAME {} DSP 0 BRAM 0 URAM 0 STORAGESUBTYPE {} DISPNAME {bind_op select} VISIBLE false} {BINDTYPE op ID {} IMPL fabric LATENCY 0 OPTYPE add PRAGMA {} RTLNAME i_fu_229_p2 SOURCE firmware/nnet_utils/nnet_activation_stream.h:41 VARIABLE i LOOP ReLUActLoop BUNDLEDNAME {} DSP 0 BRAM 0 URAM 0 STORAGESUBTYPE {} DISPNAME {bind_op add} VISIBLE true} {BINDTYPE op ID {} IMPL auto LATENCY 0 OPTYPE seteq PRAGMA {} RTLNAME icmp_ln41_fu_235_p2 SOURCE firmware/nnet_utils/nnet_activation_stream.h:41 VARIABLE icmp_ln41 LOOP ReLUActLoop BUNDLEDNAME {} DSP 0 BRAM 0 URAM 0 STORAGESUBTYPE {} DISPNAME {bind_op seteq} VISIBLE false}} AREA {DSP 0 BRAM 0 URAM 0}} shift_line_buffer_array_ap_fixed_16_6_5_3_0_4u_config4_s {BINDINFO {{BINDTYPE storage ID {} IMPL auto LATENCY 0 OPTYPE ram_1p PRAGMA {} RTLNAME void_pooling2d_cl_stream_stream_array_ap_fixed_4u_0_line_buffer_3_U SOURCE {} VARIABLE void_pooling2d_cl_stream_stream_array_ap_fixed_4u_0_line_buffer_3 LOOP {} BUNDLEDNAME {} DSP 0 BRAM 0 URAM 0 STORAGESUBTYPE {} STORAGESIZE {16 6 1} STORAGEUSAGE ram_1p DISPNAME {bind_storage ram_1p} VISIBLE true} {BINDTYPE storage ID {} IMPL auto LATENCY 0 OPTYPE ram_1p PRAGMA {} RTLNAME void_pooling2d_cl_stream_stream_array_ap_fixed_4u_0_line_buffer_2_U SOURCE {} VARIABLE void_pooling2d_cl_stream_stream_array_ap_fixed_4u_0_line_buffer_2 LOOP {} BUNDLEDNAME {} DSP 0 BRAM 0 URAM 0 STORAGESUBTYPE {} STORAGESIZE {16 6 1} STORAGEUSAGE ram_1p DISPNAME {bind_storage ram_1p} VISIBLE true} {BINDTYPE storage ID {} IMPL auto LATENCY 0 OPTYPE ram_1p PRAGMA {} RTLNAME void_pooling2d_cl_stream_stream_array_ap_fixed_4u_0_line_buffer_1_U SOURCE {} VARIABLE void_pooling2d_cl_stream_stream_array_ap_fixed_4u_0_line_buffer_1 LOOP {} BUNDLEDNAME {} DSP 0 BRAM 0 URAM 0 STORAGESUBTYPE {} STORAGESIZE {16 6 1} STORAGEUSAGE ram_1p DISPNAME {bind_storage ram_1p} VISIBLE true} {BINDTYPE storage ID {} IMPL auto LATENCY 0 OPTYPE ram_1p PRAGMA {} RTLNAME void_pooling2d_cl_stream_stream_array_ap_fixed_4u_0_line_buffer_U SOURCE {} VARIABLE void_pooling2d_cl_stream_stream_array_ap_fixed_4u_0_line_buffer LOOP {} BUNDLEDNAME {} DSP 0 BRAM 0 URAM 0 STORAGESUBTYPE {} STORAGESIZE {16 6 1} STORAGEUSAGE ram_1p DISPNAME {bind_storage ram_1p} VISIBLE true}} AREA {DSP 0 BRAM 0 URAM 0}} pooling2d_cl_array_ap_fixed_4u_array_ap_fixed_16_6_5_3_0_4u_config4_s {BINDINFO {{BINDTYPE op ID {} IMPL auto LATENCY 0 OPTYPE seteq PRAGMA {} RTLNAME icmp_ln55_fu_249_p2 SOURCE firmware/nnet_utils/nnet_pooling_stream.h:55 VARIABLE icmp_ln55 LOOP ReadInputHeight_ReadInputWidth BUNDLEDNAME {} DSP 0 BRAM 0 URAM 0 STORAGESUBTYPE {} DISPNAME {bind_op seteq} VISIBLE false} {BINDTYPE op ID {} IMPL fabric LATENCY 0 OPTYPE add PRAGMA {} RTLNAME add_ln109_fu_190_p2 SOURCE firmware/nnet_utils/nnet_pooling_stream.h:109 VARIABLE add_ln109 LOOP ReadInputHeight_ReadInputWidth BUNDLEDNAME {} DSP 0 BRAM 0 URAM 0 STORAGESUBTYPE {} DISPNAME {bind_op add} VISIBLE true} {BINDTYPE op ID {} IMPL auto LATENCY 0 OPTYPE seteq PRAGMA {} RTLNAME icmp_ln55_1_fu_263_p2 SOURCE firmware/nnet_utils/nnet_pooling_stream.h:55 VARIABLE icmp_ln55_1 LOOP ReadInputHeight_ReadInputWidth BUNDLEDNAME {} DSP 0 BRAM 0 URAM 0 STORAGESUBTYPE {} DISPNAME {bind_op seteq} VISIBLE false} {BINDTYPE op ID {} IMPL auto LATENCY 0 OPTYPE setgt PRAGMA {} RTLNAME icmp_ln55_2_fu_273_p2 SOURCE firmware/nnet_utils/nnet_pooling_stream.h:55 VARIABLE icmp_ln55_2 LOOP ReadInputHeight_ReadInputWidth BUNDLEDNAME {} DSP 0 BRAM 0 URAM 0 STORAGESUBTYPE {} DISPNAME {bind_op setgt} VISIBLE false} {BINDTYPE op ID {} IMPL auto LATENCY 0 OPTYPE setgt PRAGMA {} RTLNAME icmp_ln55_3_fu_279_p2 SOURCE firmware/nnet_utils/nnet_pooling_stream.h:55 VARIABLE icmp_ln55_3 LOOP ReadInputHeight_ReadInputWidth BUNDLEDNAME {} DSP 0 BRAM 0 URAM 0 STORAGESUBTYPE {} DISPNAME {bind_op setgt} VISIBLE false} {BINDTYPE op ID {} IMPL auto LATENCY 0 OPTYPE and PRAGMA {} RTLNAME and_ln55_fu_285_p2 SOURCE firmware/nnet_utils/nnet_pooling_stream.h:55 VARIABLE and_ln55 LOOP ReadInputHeight_ReadInputWidth BUNDLEDNAME {} DSP 0 BRAM 0 URAM 0 STORAGESUBTYPE {} DISPNAME {bind_op and} VISIBLE false} {BINDTYPE op ID {} IMPL auto LATENCY 0 OPTYPE and PRAGMA {} RTLNAME and_ln55_1_fu_291_p2 SOURCE firmware/nnet_utils/nnet_pooling_stream.h:55 VARIABLE and_ln55_1 LOOP ReadInputHeight_ReadInputWidth BUNDLEDNAME {} DSP 0 BRAM 0 URAM 0 STORAGESUBTYPE {} DISPNAME {bind_op and} VISIBLE false} {BINDTYPE op ID {} IMPL auto LATENCY 0 OPTYPE setlt PRAGMA {} RTLNAME icmp_ln66_fu_313_p2 SOURCE firmware/nnet_utils/nnet_common.h:66 VARIABLE icmp_ln66 LOOP ReadInputHeight_ReadInputWidth BUNDLEDNAME {} DSP 0 BRAM 0 URAM 0 STORAGESUBTYPE {} DISPNAME {bind_op setlt} VISIBLE false} {BINDTYPE op ID {} IMPL auto LATENCY 0 OPTYPE xor PRAGMA {} RTLNAME xor_ln66_fu_319_p2 SOURCE firmware/nnet_utils/nnet_common.h:66 VARIABLE xor_ln66 LOOP ReadInputHeight_ReadInputWidth BUNDLEDNAME {} DSP 0 BRAM 0 URAM 0 STORAGESUBTYPE {} DISPNAME {bind_op xor} VISIBLE false} {BINDTYPE op ID {} IMPL auto_sel LATENCY 0 OPTYPE select PRAGMA {} RTLNAME select_ln0_fu_325_p3 SOURCE {} VARIABLE select_ln0 LOOP ReadInputHeight_ReadInputWidth BUNDLEDNAME {} DSP 0 BRAM 0 URAM 0 STORAGESUBTYPE {} DISPNAME {bind_op select} VISIBLE false} {BINDTYPE op ID {} IMPL auto LATENCY 0 OPTYPE setlt PRAGMA {} RTLNAME icmp_ln66_1_fu_333_p2 SOURCE firmware/nnet_utils/nnet_common.h:66 VARIABLE icmp_ln66_1 LOOP ReadInputHeight_ReadInputWidth BUNDLEDNAME {} DSP 0 BRAM 0 URAM 0 STORAGESUBTYPE {} DISPNAME {bind_op setlt} VISIBLE false} {BINDTYPE op ID {} IMPL auto LATENCY 0 OPTYPE xor PRAGMA {} RTLNAME xor_ln66_1_fu_339_p2 SOURCE firmware/nnet_utils/nnet_common.h:66 VARIABLE xor_ln66_1 LOOP ReadInputHeight_ReadInputWidth BUNDLEDNAME {} DSP 0 BRAM 0 URAM 0 STORAGESUBTYPE {} DISPNAME {bind_op xor} VISIBLE false} {BINDTYPE op ID {} IMPL auto_sel LATENCY 0 OPTYPE select PRAGMA {} RTLNAME select_ln0_1_fu_345_p3 SOURCE {} VARIABLE select_ln0_1 LOOP ReadInputHeight_ReadInputWidth BUNDLEDNAME {} DSP 0 BRAM 0 URAM 0 STORAGESUBTYPE {} DISPNAME {bind_op select} VISIBLE false} {BINDTYPE op ID {} IMPL auto LATENCY 0 OPTYPE setlt PRAGMA {} RTLNAME icmp_ln66_2_fu_353_p2 SOURCE firmware/nnet_utils/nnet_common.h:66 VARIABLE icmp_ln66_2 LOOP ReadInputHeight_ReadInputWidth BUNDLEDNAME {} DSP 0 BRAM 0 URAM 0 STORAGESUBTYPE {} DISPNAME {bind_op setlt} VISIBLE false} {BINDTYPE op ID {} IMPL auto LATENCY 0 OPTYPE xor PRAGMA {} RTLNAME xor_ln66_2_fu_359_p2 SOURCE firmware/nnet_utils/nnet_common.h:66 VARIABLE xor_ln66_2 LOOP ReadInputHeight_ReadInputWidth BUNDLEDNAME {} DSP 0 BRAM 0 URAM 0 STORAGESUBTYPE {} DISPNAME {bind_op xor} VISIBLE false} {BINDTYPE op ID {} IMPL auto_sel LATENCY 0 OPTYPE select PRAGMA {} RTLNAME res_pack_fu_365_p3 SOURCE firmware/nnet_utils/nnet_pooling_stream.h:67 VARIABLE res_pack LOOP ReadInputHeight_ReadInputWidth BUNDLEDNAME {} DSP 0 BRAM 0 URAM 0 STORAGESUBTYPE {} DISPNAME {bind_op select} VISIBLE false} {BINDTYPE op ID {} IMPL auto LATENCY 0 OPTYPE setlt PRAGMA {} RTLNAME icmp_ln66_3_fu_389_p2 SOURCE firmware/nnet_utils/nnet_common.h:66 VARIABLE icmp_ln66_3 LOOP ReadInputHeight_ReadInputWidth BUNDLEDNAME {} DSP 0 BRAM 0 URAM 0 STORAGESUBTYPE {} DISPNAME {bind_op setlt} VISIBLE false} {BINDTYPE op ID {} IMPL auto LATENCY 0 OPTYPE xor PRAGMA {} RTLNAME xor_ln66_3_fu_395_p2 SOURCE firmware/nnet_utils/nnet_common.h:66 VARIABLE xor_ln66_3 LOOP ReadInputHeight_ReadInputWidth BUNDLEDNAME {} DSP 0 BRAM 0 URAM 0 STORAGESUBTYPE {} DISPNAME {bind_op xor} VISIBLE false} {BINDTYPE op ID {} IMPL auto_sel LATENCY 0 OPTYPE select PRAGMA {} RTLNAME select_ln0_2_fu_401_p3 SOURCE {} VARIABLE select_ln0_2 LOOP ReadInputHeight_ReadInputWidth BUNDLEDNAME {} DSP 0 BRAM 0 URAM 0 STORAGESUBTYPE {} DISPNAME {bind_op select} VISIBLE false} {BINDTYPE op ID {} IMPL auto LATENCY 0 OPTYPE setlt PRAGMA {} RTLNAME icmp_ln66_4_fu_409_p2 SOURCE firmware/nnet_utils/nnet_common.h:66 VARIABLE icmp_ln66_4 LOOP ReadInputHeight_ReadInputWidth BUNDLEDNAME {} DSP 0 BRAM 0 URAM 0 STORAGESUBTYPE {} DISPNAME {bind_op setlt} VISIBLE false} {BINDTYPE op ID {} IMPL auto LATENCY 0 OPTYPE xor PRAGMA {} RTLNAME xor_ln66_4_fu_415_p2 SOURCE firmware/nnet_utils/nnet_common.h:66 VARIABLE xor_ln66_4 LOOP ReadInputHeight_ReadInputWidth BUNDLEDNAME {} DSP 0 BRAM 0 URAM 0 STORAGESUBTYPE {} DISPNAME {bind_op xor} VISIBLE false} {BINDTYPE op ID {} IMPL auto_sel LATENCY 0 OPTYPE select PRAGMA {} RTLNAME select_ln0_3_fu_421_p3 SOURCE {} VARIABLE select_ln0_3 LOOP ReadInputHeight_ReadInputWidth BUNDLEDNAME {} DSP 0 BRAM 0 URAM 0 STORAGESUBTYPE {} DISPNAME {bind_op select} VISIBLE false} {BINDTYPE op ID {} IMPL auto LATENCY 0 OPTYPE setlt PRAGMA {} RTLNAME icmp_ln66_5_fu_429_p2 SOURCE firmware/nnet_utils/nnet_common.h:66 VARIABLE icmp_ln66_5 LOOP ReadInputHeight_ReadInputWidth BUNDLEDNAME {} DSP 0 BRAM 0 URAM 0 STORAGESUBTYPE {} DISPNAME {bind_op setlt} VISIBLE false} {BINDTYPE op ID {} IMPL auto LATENCY 0 OPTYPE xor PRAGMA {} RTLNAME xor_ln66_5_fu_435_p2 SOURCE firmware/nnet_utils/nnet_common.h:66 VARIABLE xor_ln66_5 LOOP ReadInputHeight_ReadInputWidth BUNDLEDNAME {} DSP 0 BRAM 0 URAM 0 STORAGESUBTYPE {} DISPNAME {bind_op xor} VISIBLE false} {BINDTYPE op ID {} IMPL auto_sel LATENCY 0 OPTYPE select PRAGMA {} RTLNAME res_pack_1_fu_441_p3 SOURCE firmware/nnet_utils/nnet_pooling_stream.h:67 VARIABLE res_pack_1 LOOP ReadInputHeight_ReadInputWidth BUNDLEDNAME {} DSP 0 BRAM 0 URAM 0 STORAGESUBTYPE {} DISPNAME {bind_op select} VISIBLE false} {BINDTYPE op ID {} IMPL auto LATENCY 0 OPTYPE setlt PRAGMA {} RTLNAME icmp_ln66_6_fu_465_p2 SOURCE firmware/nnet_utils/nnet_common.h:66 VARIABLE icmp_ln66_6 LOOP ReadInputHeight_ReadInputWidth BUNDLEDNAME {} DSP 0 BRAM 0 URAM 0 STORAGESUBTYPE {} DISPNAME {bind_op setlt} VISIBLE false} {BINDTYPE op ID {} IMPL auto LATENCY 0 OPTYPE xor PRAGMA {} RTLNAME xor_ln66_6_fu_471_p2 SOURCE firmware/nnet_utils/nnet_common.h:66 VARIABLE xor_ln66_6 LOOP ReadInputHeight_ReadInputWidth BUNDLEDNAME {} DSP 0 BRAM 0 URAM 0 STORAGESUBTYPE {} DISPNAME {bind_op xor} VISIBLE false} {BINDTYPE op ID {} IMPL auto_sel LATENCY 0 OPTYPE select PRAGMA {} RTLNAME select_ln0_4_fu_477_p3 SOURCE {} VARIABLE select_ln0_4 LOOP ReadInputHeight_ReadInputWidth BUNDLEDNAME {} DSP 0 BRAM 0 URAM 0 STORAGESUBTYPE {} DISPNAME {bind_op select} VISIBLE false} {BINDTYPE op ID {} IMPL auto LATENCY 0 OPTYPE setlt PRAGMA {} RTLNAME icmp_ln66_7_fu_485_p2 SOURCE firmware/nnet_utils/nnet_common.h:66 VARIABLE icmp_ln66_7 LOOP ReadInputHeight_ReadInputWidth BUNDLEDNAME {} DSP 0 BRAM 0 URAM 0 STORAGESUBTYPE {} DISPNAME {bind_op setlt} VISIBLE false} {BINDTYPE op ID {} IMPL auto LATENCY 0 OPTYPE xor PRAGMA {} RTLNAME xor_ln66_7_fu_491_p2 SOURCE firmware/nnet_utils/nnet_common.h:66 VARIABLE xor_ln66_7 LOOP ReadInputHeight_ReadInputWidth BUNDLEDNAME {} DSP 0 BRAM 0 URAM 0 STORAGESUBTYPE {} DISPNAME {bind_op xor} VISIBLE false} {BINDTYPE op ID {} IMPL auto_sel LATENCY 0 OPTYPE select PRAGMA {} RTLNAME select_ln0_5_fu_497_p3 SOURCE {} VARIABLE select_ln0_5 LOOP ReadInputHeight_ReadInputWidth BUNDLEDNAME {} DSP 0 BRAM 0 URAM 0 STORAGESUBTYPE {} DISPNAME {bind_op select} VISIBLE false} {BINDTYPE op ID {} IMPL auto LATENCY 0 OPTYPE setlt PRAGMA {} RTLNAME icmp_ln66_8_fu_505_p2 SOURCE firmware/nnet_utils/nnet_common.h:66 VARIABLE icmp_ln66_8 LOOP ReadInputHeight_ReadInputWidth BUNDLEDNAME {} DSP 0 BRAM 0 URAM 0 STORAGESUBTYPE {} DISPNAME {bind_op setlt} VISIBLE false} {BINDTYPE op ID {} IMPL auto LATENCY 0 OPTYPE xor PRAGMA {} RTLNAME xor_ln66_8_fu_511_p2 SOURCE firmware/nnet_utils/nnet_common.h:66 VARIABLE xor_ln66_8 LOOP ReadInputHeight_ReadInputWidth BUNDLEDNAME {} DSP 0 BRAM 0 URAM 0 STORAGESUBTYPE {} DISPNAME {bind_op xor} VISIBLE false} {BINDTYPE op ID {} IMPL auto_sel LATENCY 0 OPTYPE select PRAGMA {} RTLNAME res_pack_2_fu_517_p3 SOURCE firmware/nnet_utils/nnet_pooling_stream.h:67 VARIABLE res_pack_2 LOOP ReadInputHeight_ReadInputWidth BUNDLEDNAME {} DSP 0 BRAM 0 URAM 0 STORAGESUBTYPE {} DISPNAME {bind_op select} VISIBLE false} {BINDTYPE op ID {} IMPL auto LATENCY 0 OPTYPE setlt PRAGMA {} RTLNAME icmp_ln66_9_fu_541_p2 SOURCE firmware/nnet_utils/nnet_common.h:66 VARIABLE icmp_ln66_9 LOOP ReadInputHeight_ReadInputWidth BUNDLEDNAME {} DSP 0 BRAM 0 URAM 0 STORAGESUBTYPE {} DISPNAME {bind_op setlt} VISIBLE false} {BINDTYPE op ID {} IMPL auto LATENCY 0 OPTYPE xor PRAGMA {} RTLNAME xor_ln66_9_fu_547_p2 SOURCE firmware/nnet_utils/nnet_common.h:66 VARIABLE xor_ln66_9 LOOP ReadInputHeight_ReadInputWidth BUNDLEDNAME {} DSP 0 BRAM 0 URAM 0 STORAGESUBTYPE {} DISPNAME {bind_op xor} VISIBLE false} {BINDTYPE op ID {} IMPL auto_sel LATENCY 0 OPTYPE select PRAGMA {} RTLNAME select_ln0_6_fu_553_p3 SOURCE {} VARIABLE select_ln0_6 LOOP ReadInputHeight_ReadInputWidth BUNDLEDNAME {} DSP 0 BRAM 0 URAM 0 STORAGESUBTYPE {} DISPNAME {bind_op select} VISIBLE false} {BINDTYPE op ID {} IMPL auto LATENCY 0 OPTYPE setlt PRAGMA {} RTLNAME icmp_ln66_10_fu_561_p2 SOURCE firmware/nnet_utils/nnet_common.h:66 VARIABLE icmp_ln66_10 LOOP ReadInputHeight_ReadInputWidth BUNDLEDNAME {} DSP 0 BRAM 0 URAM 0 STORAGESUBTYPE {} DISPNAME {bind_op setlt} VISIBLE false} {BINDTYPE op ID {} IMPL auto LATENCY 0 OPTYPE xor PRAGMA {} RTLNAME xor_ln66_10_fu_567_p2 SOURCE firmware/nnet_utils/nnet_common.h:66 VARIABLE xor_ln66_10 LOOP ReadInputHeight_ReadInputWidth BUNDLEDNAME {} DSP 0 BRAM 0 URAM 0 STORAGESUBTYPE {} DISPNAME {bind_op xor} VISIBLE false} {BINDTYPE op ID {} IMPL auto_sel LATENCY 0 OPTYPE select PRAGMA {} RTLNAME select_ln0_7_fu_573_p3 SOURCE {} VARIABLE select_ln0_7 LOOP ReadInputHeight_ReadInputWidth BUNDLEDNAME {} DSP 0 BRAM 0 URAM 0 STORAGESUBTYPE {} DISPNAME {bind_op select} VISIBLE false} {BINDTYPE op ID {} IMPL auto LATENCY 0 OPTYPE setlt PRAGMA {} RTLNAME icmp_ln66_11_fu_581_p2 SOURCE firmware/nnet_utils/nnet_common.h:66 VARIABLE icmp_ln66_11 LOOP ReadInputHeight_ReadInputWidth BUNDLEDNAME {} DSP 0 BRAM 0 URAM 0 STORAGESUBTYPE {} DISPNAME {bind_op setlt} VISIBLE false} {BINDTYPE op ID {} IMPL auto LATENCY 0 OPTYPE xor PRAGMA {} RTLNAME xor_ln66_11_fu_587_p2 SOURCE firmware/nnet_utils/nnet_common.h:66 VARIABLE xor_ln66_11 LOOP ReadInputHeight_ReadInputWidth BUNDLEDNAME {} DSP 0 BRAM 0 URAM 0 STORAGESUBTYPE {} DISPNAME {bind_op xor} VISIBLE false} {BINDTYPE op ID {} IMPL auto_sel LATENCY 0 OPTYPE select PRAGMA {} RTLNAME res_pack_3_fu_593_p3 SOURCE firmware/nnet_utils/nnet_pooling_stream.h:67 VARIABLE res_pack_3 LOOP ReadInputHeight_ReadInputWidth BUNDLEDNAME {} DSP 0 BRAM 0 URAM 0 STORAGESUBTYPE {} DISPNAME {bind_op select} VISIBLE false} {BINDTYPE op ID {} IMPL fabric LATENCY 0 OPTYPE add PRAGMA {} RTLNAME add_ln76_fu_601_p2 SOURCE firmware/nnet_utils/nnet_pooling_stream.h:76 VARIABLE add_ln76 LOOP ReadInputHeight_ReadInputWidth BUNDLEDNAME {} DSP 0 BRAM 0 URAM 0 STORAGESUBTYPE {} DISPNAME {bind_op add} VISIBLE true} {BINDTYPE op ID {} IMPL auto LATENCY 0 OPTYPE seteq PRAGMA {} RTLNAME icmp_ln76_fu_607_p2 SOURCE firmware/nnet_utils/nnet_pooling_stream.h:76 VARIABLE icmp_ln76 LOOP ReadInputHeight_ReadInputWidth BUNDLEDNAME {} DSP 0 BRAM 0 URAM 0 STORAGESUBTYPE {} DISPNAME {bind_op seteq} VISIBLE false} {BINDTYPE op ID {} IMPL fabric LATENCY 0 OPTYPE add PRAGMA {} RTLNAME add_ln91_fu_619_p2 SOURCE firmware/nnet_utils/nnet_pooling_stream.h:91 VARIABLE add_ln91 LOOP ReadInputHeight_ReadInputWidth BUNDLEDNAME {} DSP 0 BRAM 0 URAM 0 STORAGESUBTYPE {} DISPNAME {bind_op add} VISIBLE true} {BINDTYPE op ID {} IMPL auto_sel LATENCY 0 OPTYPE select PRAGMA {} RTLNAME select_ln91_fu_625_p3 SOURCE firmware/nnet_utils/nnet_pooling_stream.h:91 VARIABLE select_ln91 LOOP ReadInputHeight_ReadInputWidth BUNDLEDNAME {} DSP 0 BRAM 0 URAM 0 STORAGESUBTYPE {} DISPNAME {bind_op select} VISIBLE false} {BINDTYPE op ID {} IMPL fabric LATENCY 0 OPTYPE add PRAGMA {} RTLNAME add_ln80_fu_655_p2 SOURCE firmware/nnet_utils/nnet_pooling_stream.h:80 VARIABLE add_ln80 LOOP ReadInputHeight_ReadInputWidth BUNDLEDNAME {} DSP 0 BRAM 0 URAM 0 STORAGESUBTYPE {} DISPNAME {bind_op add} VISIBLE true} {BINDTYPE op ID {} IMPL auto LATENCY 0 OPTYPE seteq PRAGMA {} RTLNAME icmp_ln80_fu_661_p2 SOURCE firmware/nnet_utils/nnet_pooling_stream.h:80 VARIABLE icmp_ln80 LOOP ReadInputHeight_ReadInputWidth BUNDLEDNAME {} DSP 0 BRAM 0 URAM 0 STORAGESUBTYPE {} DISPNAME {bind_op seteq} VISIBLE false} {BINDTYPE op ID {} IMPL auto LATENCY 0 OPTYPE seteq PRAGMA {} RTLNAME icmp_ln86_fu_677_p2 SOURCE firmware/nnet_utils/nnet_pooling_stream.h:86 VARIABLE icmp_ln86 LOOP ReadInputHeight_ReadInputWidth BUNDLEDNAME {} DSP 0 BRAM 0 URAM 0 STORAGESUBTYPE {} DISPNAME {bind_op seteq} VISIBLE false} {BINDTYPE op ID {} IMPL fabric LATENCY 0 OPTYPE add PRAGMA {} RTLNAME add_ln86_fu_683_p2 SOURCE firmware/nnet_utils/nnet_pooling_stream.h:86 VARIABLE add_ln86 LOOP ReadInputHeight_ReadInputWidth BUNDLEDNAME {} DSP 0 BRAM 0 URAM 0 STORAGESUBTYPE {} DISPNAME {bind_op add} VISIBLE true} {BINDTYPE op ID {} IMPL auto_sel LATENCY 0 OPTYPE select PRAGMA {} RTLNAME select_ln86_fu_689_p3 SOURCE firmware/nnet_utils/nnet_pooling_stream.h:86 VARIABLE select_ln86 LOOP ReadInputHeight_ReadInputWidth BUNDLEDNAME {} DSP 0 BRAM 0 URAM 0 STORAGESUBTYPE {} DISPNAME {bind_op select} VISIBLE false} {BINDTYPE op ID {} IMPL auto LATENCY 0 OPTYPE seteq PRAGMA {} RTLNAME icmp_ln109_fu_196_p2 SOURCE firmware/nnet_utils/nnet_pooling_stream.h:109 VARIABLE icmp_ln109 LOOP ReadInputHeight_ReadInputWidth BUNDLEDNAME {} DSP 0 BRAM 0 URAM 0 STORAGESUBTYPE {} DISPNAME {bind_op seteq} VISIBLE false}} AREA {DSP 0 BRAM 0 URAM 0}} dense_array_array_ap_fixed_39_19_5_3_0_8u_config6_Pipeline_DataPrepare {BINDINFO {{BINDTYPE op ID {} IMPL fabric LATENCY 0 OPTYPE add PRAGMA {} RTLNAME i_in_fu_580_p2 SOURCE firmware/nnet_utils/nnet_dense_stream.h:33 VARIABLE i_in LOOP DataPrepare BUNDLEDNAME {} DSP 0 BRAM 0 URAM 0 STORAGESUBTYPE {} DISPNAME {bind_op add} VISIBLE true} {BINDTYPE op ID {} IMPL auto LATENCY 0 OPTYPE seteq PRAGMA {} RTLNAME icmp_ln33_fu_766_p2 SOURCE firmware/nnet_utils/nnet_dense_stream.h:33 VARIABLE icmp_ln33 LOOP DataPrepare BUNDLEDNAME {} DSP 0 BRAM 0 URAM 0 STORAGESUBTYPE {} DISPNAME {bind_op seteq} VISIBLE false}} AREA {DSP 0 BRAM 0 URAM 0}} dense_latency_wrapper_ap_fixed_ap_fixed_39_19_5_3_0_config6_s {BINDINFO {{BINDTYPE op ID {} IMPL auto LATENCY 0 OPTYPE mul PRAGMA {} RTLNAME mul_16s_8ns_24_1_1_U298 SOURCE firmware/nnet_utils/nnet_mult.h:73 VARIABLE mul_ln73 LOOP {} BUNDLEDNAME {} DSP 1 BRAM 0 URAM 0 STORAGESUBTYPE {} DISPNAME {bind_op mul} VISIBLE true} {BINDTYPE op ID {} IMPL auto LATENCY 0 OPTYPE mul PRAGMA {} RTLNAME mul_16s_10s_26_1_1_U267 SOURCE firmware/nnet_utils/nnet_mult.h:73 VARIABLE mul_ln73_1 LOOP {} BUNDLEDNAME {} DSP 1 BRAM 0 URAM 0 STORAGESUBTYPE {} DISPNAME {bind_op mul} VISIBLE true} {BINDTYPE op ID {} IMPL fabric LATENCY 0 OPTYPE add PRAGMA {} RTLNAME add_ln73_fu_277040_p2 SOURCE firmware/nnet_utils/nnet_mult.h:73 VARIABLE add_ln73 LOOP {} BUNDLEDNAME {} DSP 0 BRAM 0 URAM 0 STORAGESUBTYPE {} DISPNAME {bind_op add} VISIBLE true} {BINDTYPE op ID {} IMPL auto LATENCY 0 OPTYPE mul PRAGMA {} RTLNAME mul_16s_9ns_25_1_1_U300 SOURCE firmware/nnet_utils/nnet_mult.h:73 VARIABLE mul_ln73_2 LOOP {} BUNDLEDNAME {} DSP 1 BRAM 0 URAM 0 STORAGESUBTYPE {} DISPNAME {bind_op mul} VISIBLE true} {BINDTYPE op ID {} IMPL auto LATENCY 0 OPTYPE mul PRAGMA {} RTLNAME mul_16s_9ns_25_1_1_U242 SOURCE firmware/nnet_utils/nnet_mult.h:73 VARIABLE mul_ln73_3 LOOP {} BUNDLEDNAME {} DSP 1 BRAM 0 URAM 0 STORAGESUBTYPE {} DISPNAME {bind_op mul} VISIBLE true} {BINDTYPE op ID {} IMPL auto LATENCY 0 OPTYPE mul PRAGMA {} RTLNAME mul_16s_8ns_24_1_1_U304 SOURCE firmware/nnet_utils/nnet_mult.h:73 VARIABLE mul_ln73_4 LOOP {} BUNDLEDNAME {} DSP 1 BRAM 0 URAM 0 STORAGESUBTYPE {} DISPNAME {bind_op mul} VISIBLE true} {BINDTYPE op ID {} IMPL auto LATENCY 0 OPTYPE mul PRAGMA {} RTLNAME mul_16s_9s_25_1_1_U223 SOURCE firmware/nnet_utils/nnet_mult.h:73 VARIABLE mul_ln73_5 LOOP {} BUNDLEDNAME {} DSP 1 BRAM 0 URAM 0 STORAGESUBTYPE {} DISPNAME {bind_op mul} VISIBLE true} {BINDTYPE op ID {} IMPL auto LATENCY 0 OPTYPE mul PRAGMA {} RTLNAME mul_16s_10s_26_1_1_U255 SOURCE firmware/nnet_utils/nnet_mult.h:73 VARIABLE mul_ln73_6 LOOP {} BUNDLEDNAME {} DSP 1 BRAM 0 URAM 0 STORAGESUBTYPE {} DISPNAME {bind_op mul} VISIBLE true} {BINDTYPE op ID {} IMPL auto LATENCY 0 OPTYPE mul PRAGMA {} RTLNAME mul_16s_7s_23_1_1_U347 SOURCE firmware/nnet_utils/nnet_mult.h:73 VARIABLE mul_ln73_7 LOOP {} BUNDLEDNAME {} DSP 1 BRAM 0 URAM 0 STORAGESUBTYPE {} DISPNAME {bind_op mul} VISIBLE true} {BINDTYPE op ID {} IMPL fabric LATENCY 0 OPTYPE add PRAGMA {} RTLNAME add_ln73_1_fu_277217_p2 SOURCE firmware/nnet_utils/nnet_mult.h:73 VARIABLE add_ln73_1 LOOP {} BUNDLEDNAME {} DSP 0 BRAM 0 URAM 0 STORAGESUBTYPE {} DISPNAME {bind_op add} VISIBLE true} {BINDTYPE op ID {} IMPL auto LATENCY 0 OPTYPE mul PRAGMA {} RTLNAME mul_16s_9s_25_1_1_U145 SOURCE firmware/nnet_utils/nnet_mult.h:73 VARIABLE mul_ln73_8 LOOP {} BUNDLEDNAME {} DSP 1 BRAM 0 URAM 0 STORAGESUBTYPE {} DISPNAME {bind_op mul} VISIBLE true} {BINDTYPE op ID {} IMPL auto LATENCY 0 OPTYPE mul PRAGMA {} RTLNAME mul_16s_9ns_25_1_1_U222 SOURCE firmware/nnet_utils/nnet_mult.h:73 VARIABLE mul_ln73_9 LOOP {} BUNDLEDNAME {} DSP 1 BRAM 0 URAM 0 STORAGESUBTYPE {} DISPNAME {bind_op mul} VISIBLE true} {BINDTYPE op ID {} IMPL auto LATENCY 0 OPTYPE mul PRAGMA {} RTLNAME mul_16s_9s_25_1_1_U303 SOURCE firmware/nnet_utils/nnet_mult.h:73 VARIABLE mul_ln73_10 LOOP {} BUNDLEDNAME {} DSP 1 BRAM 0 URAM 0 STORAGESUBTYPE {} DISPNAME {bind_op mul} VISIBLE true} {BINDTYPE op ID {} IMPL auto LATENCY 0 OPTYPE mul PRAGMA {} RTLNAME mul_16s_9s_25_1_1_U216 SOURCE firmware/nnet_utils/nnet_mult.h:73 VARIABLE mul_ln73_11 LOOP {} BUNDLEDNAME {} DSP 1 BRAM 0 URAM 0 STORAGESUBTYPE {} DISPNAME {bind_op mul} VISIBLE true} {BINDTYPE op ID {} IMPL auto LATENCY 0 OPTYPE mul PRAGMA {} RTLNAME mul_16s_10s_26_1_1_U194 SOURCE firmware/nnet_utils/nnet_mult.h:73 VARIABLE mul_ln73_12 LOOP {} BUNDLEDNAME {} DSP 1 BRAM 0 URAM 0 STORAGESUBTYPE {} DISPNAME {bind_op mul} VISIBLE true} {BINDTYPE op ID {} IMPL auto LATENCY 0 OPTYPE mul PRAGMA {} RTLNAME mul_16s_10s_26_1_1_U195 SOURCE firmware/nnet_utils/nnet_mult.h:73 VARIABLE mul_ln73_13 LOOP {} BUNDLEDNAME {} DSP 1 BRAM 0 URAM 0 STORAGESUBTYPE {} DISPNAME {bind_op mul} VISIBLE true} {BINDTYPE op ID {} IMPL auto LATENCY 0 OPTYPE mul PRAGMA {} RTLNAME mul_16s_10ns_26_1_1_U149 SOURCE firmware/nnet_utils/nnet_mult.h:73 VARIABLE mul_ln73_14 LOOP {} BUNDLEDNAME {} DSP 1 BRAM 0 URAM 0 STORAGESUBTYPE {} DISPNAME {bind_op mul} VISIBLE true} {BINDTYPE op ID {} IMPL fabric LATENCY 0 OPTYPE add PRAGMA {} RTLNAME add_ln73_2_fu_277365_p2 SOURCE firmware/nnet_utils/nnet_mult.h:73 VARIABLE add_ln73_2 LOOP {} BUNDLEDNAME {} DSP 0 BRAM 0 URAM 0 STORAGESUBTYPE {} DISPNAME {bind_op add} VISIBLE true} {BINDTYPE op ID {} IMPL auto LATENCY 0 OPTYPE mul PRAGMA {} RTLNAME mul_16s_8s_24_1_1_U308 SOURCE firmware/nnet_utils/nnet_mult.h:73 VARIABLE mul_ln73_15 LOOP {} BUNDLEDNAME {} DSP 1 BRAM 0 URAM 0 STORAGESUBTYPE {} DISPNAME {bind_op mul} VISIBLE true} {BINDTYPE op ID {} IMPL fabric LATENCY 0 OPTYPE add PRAGMA {} RTLNAME add_ln73_3_fu_277411_p2 SOURCE firmware/nnet_utils/nnet_mult.h:73 VARIABLE add_ln73_3 LOOP {} BUNDLEDNAME {} DSP 0 BRAM 0 URAM 0 STORAGESUBTYPE {} DISPNAME {bind_op add} VISIBLE true} {BINDTYPE op ID {} IMPL auto LATENCY 0 OPTYPE mul PRAGMA {} RTLNAME mul_16s_8s_24_1_1_U198 SOURCE firmware/nnet_utils/nnet_mult.h:73 VARIABLE mul_ln73_16 LOOP {} BUNDLEDNAME {} DSP 1 BRAM 0 URAM 0 STORAGESUBTYPE {} DISPNAME {bind_op mul} VISIBLE true} {BINDTYPE op ID {} IMPL auto LATENCY 0 OPTYPE mul PRAGMA {} RTLNAME mul_16s_8ns_24_1_1_U269 SOURCE firmware/nnet_utils/nnet_mult.h:73 VARIABLE mul_ln73_17 LOOP {} BUNDLEDNAME {} DSP 1 BRAM 0 URAM 0 STORAGESUBTYPE {} DISPNAME {bind_op mul} VISIBLE true} {BINDTYPE op ID {} IMPL auto LATENCY 0 OPTYPE mul PRAGMA {} RTLNAME mul_16s_9s_25_1_1_U324 SOURCE firmware/nnet_utils/nnet_mult.h:73 VARIABLE mul_ln73_18 LOOP {} BUNDLEDNAME {} DSP 1 BRAM 0 URAM 0 STORAGESUBTYPE {} DISPNAME {bind_op mul} VISIBLE true} {BINDTYPE op ID {} IMPL auto LATENCY 0 OPTYPE mul PRAGMA {} RTLNAME mul_16s_9s_25_1_1_U357 SOURCE firmware/nnet_utils/nnet_mult.h:73 VARIABLE mul_ln73_19 LOOP {} BUNDLEDNAME {} DSP 1 BRAM 0 URAM 0 STORAGESUBTYPE {} DISPNAME {bind_op mul} VISIBLE true} {BINDTYPE op ID {} IMPL fabric LATENCY 0 OPTYPE sub PRAGMA {} RTLNAME sub_ln73_6_fu_277571_p2 SOURCE firmware/nnet_utils/nnet_mult.h:73 VARIABLE sub_ln73_6 LOOP {} BUNDLEDNAME {} DSP 0 BRAM 0 URAM 0 STORAGESUBTYPE {} DISPNAME {bind_op sub} VISIBLE true} {BINDTYPE op ID {} IMPL auto LATENCY 0 OPTYPE mul PRAGMA {} RTLNAME mul_16s_10s_26_1_1_U155 SOURCE firmware/nnet_utils/nnet_mult.h:73 VARIABLE mul_ln73_20 LOOP {} BUNDLEDNAME {} DSP 1 BRAM 0 URAM 0 STORAGESUBTYPE {} DISPNAME {bind_op mul} VISIBLE true} {BINDTYPE op ID {} IMPL auto LATENCY 0 OPTYPE mul PRAGMA {} RTLNAME mul_16s_8s_24_1_1_U151 SOURCE firmware/nnet_utils/nnet_mult.h:73 VARIABLE mul_ln73_21 LOOP {} BUNDLEDNAME {} DSP 1 BRAM 0 URAM 0 STORAGESUBTYPE {} DISPNAME {bind_op mul} VISIBLE true} {BINDTYPE op ID {} IMPL auto LATENCY 0 OPTYPE mul PRAGMA {} RTLNAME mul_16s_10s_26_1_1_U310 SOURCE firmware/nnet_utils/nnet_mult.h:73 VARIABLE mul_ln73_22 LOOP {} BUNDLEDNAME {} DSP 1 BRAM 0 URAM 0 STORAGESUBTYPE {} DISPNAME {bind_op mul} VISIBLE true} {BINDTYPE op ID {} IMPL auto LATENCY 0 OPTYPE mul PRAGMA {} RTLNAME mul_16s_9ns_25_1_1_U311 SOURCE firmware/nnet_utils/nnet_mult.h:73 VARIABLE mul_ln73_23 LOOP {} BUNDLEDNAME {} DSP 1 BRAM 0 URAM 0 STORAGESUBTYPE {} DISPNAME {bind_op mul} VISIBLE true} {BINDTYPE op ID {} IMPL auto LATENCY 0 OPTYPE mul PRAGMA {} RTLNAME mul_16s_8ns_24_1_1_U201 SOURCE firmware/nnet_utils/nnet_mult.h:73 VARIABLE mul_ln73_24 LOOP {} BUNDLEDNAME {} DSP 1 BRAM 0 URAM 0 STORAGESUBTYPE {} DISPNAME {bind_op mul} VISIBLE true} {BINDTYPE op ID {} IMPL auto LATENCY 0 OPTYPE mul PRAGMA {} RTLNAME mul_16s_9ns_25_1_1_U154 SOURCE firmware/nnet_utils/nnet_mult.h:73 VARIABLE mul_ln73_25 LOOP {} BUNDLEDNAME {} DSP 1 BRAM 0 URAM 0 STORAGESUBTYPE {} DISPNAME {bind_op mul} VISIBLE true} {BINDTYPE op ID {} IMPL fabric LATENCY 0 OPTYPE sub PRAGMA {} RTLNAME sub_ln73_7_fu_277704_p2 SOURCE firmware/nnet_utils/nnet_mult.h:73 VARIABLE sub_ln73_7 LOOP {} BUNDLEDNAME {} DSP 0 BRAM 0 URAM 0 STORAGESUBTYPE {} DISPNAME {bind_op sub} VISIBLE true} {BINDTYPE op ID {} IMPL fabric LATENCY 0 OPTYPE sub PRAGMA {} RTLNAME sub_ln73_8_fu_277744_p2 SOURCE firmware/nnet_utils/nnet_mult.h:73 VARIABLE sub_ln73_8 LOOP {} BUNDLEDNAME {} DSP 0 BRAM 0 URAM 0 STORAGESUBTYPE {} DISPNAME {bind_op sub} VISIBLE true} {BINDTYPE op ID {} IMPL auto LATENCY 0 OPTYPE mul PRAGMA {} RTLNAME mul_16s_10s_26_1_1_U314 SOURCE firmware/nnet_utils/nnet_mult.h:73 VARIABLE mul_ln73_26 LOOP {} BUNDLEDNAME {} DSP 1 BRAM 0 URAM 0 STORAGESUBTYPE {} DISPNAME {bind_op mul} VISIBLE true} {BINDTYPE op ID {} IMPL auto LATENCY 0 OPTYPE mul PRAGMA {} RTLNAME mul_16s_10ns_26_1_1_U315 SOURCE firmware/nnet_utils/nnet_mult.h:73 VARIABLE mul_ln73_27 LOOP {} BUNDLEDNAME {} DSP 1 BRAM 0 URAM 0 STORAGESUBTYPE {} DISPNAME {bind_op mul} VISIBLE true} {BINDTYPE op ID {} IMPL auto LATENCY 0 OPTYPE mul PRAGMA {} RTLNAME mul_16s_10ns_26_1_1_U178 SOURCE firmware/nnet_utils/nnet_mult.h:73 VARIABLE mul_ln73_28 LOOP {} BUNDLEDNAME {} DSP 1 BRAM 0 URAM 0 STORAGESUBTYPE {} DISPNAME {bind_op mul} VISIBLE true} {BINDTYPE op ID {} IMPL fabric LATENCY 0 OPTYPE add PRAGMA {} RTLNAME add_ln73_4_fu_277858_p2 SOURCE firmware/nnet_utils/nnet_mult.h:73 VARIABLE add_ln73_4 LOOP {} BUNDLEDNAME {} DSP 0 BRAM 0 URAM 0 STORAGESUBTYPE {} DISPNAME {bind_op add} VISIBLE true} {BINDTYPE op ID {} IMPL auto LATENCY 0 OPTYPE mul PRAGMA {} RTLNAME mul_16s_10ns_26_1_1_U279 SOURCE firmware/nnet_utils/nnet_mult.h:73 VARIABLE mul_ln73_29 LOOP {} BUNDLEDNAME {} DSP 1 BRAM 0 URAM 0 STORAGESUBTYPE {} DISPNAME {bind_op mul} VISIBLE true} {BINDTYPE op ID {} IMPL auto LATENCY 0 OPTYPE mul PRAGMA {} RTLNAME mul_16s_9s_25_1_1_U136 SOURCE firmware/nnet_utils/nnet_mult.h:73 VARIABLE mul_ln73_30 LOOP {} BUNDLEDNAME {} DSP 1 BRAM 0 URAM 0 STORAGESUBTYPE {} DISPNAME {bind_op mul} VISIBLE true} {BINDTYPE op ID {} IMPL auto LATENCY 0 OPTYPE mul PRAGMA {} RTLNAME mul_16s_7s_23_1_1_U132 SOURCE firmware/nnet_utils/nnet_mult.h:73 VARIABLE mul_ln73_31 LOOP {} BUNDLEDNAME {} DSP 1 BRAM 0 URAM 0 STORAGESUBTYPE {} DISPNAME {bind_op mul} VISIBLE true} {BINDTYPE op ID {} IMPL auto LATENCY 0 OPTYPE mul PRAGMA {} RTLNAME mul_16s_8s_24_1_1_U243 SOURCE firmware/nnet_utils/nnet_mult.h:73 VARIABLE mul_ln73_32 LOOP {} BUNDLEDNAME {} DSP 1 BRAM 0 URAM 0 STORAGESUBTYPE {} DISPNAME {bind_op mul} VISIBLE true} {BINDTYPE op ID {} IMPL auto LATENCY 0 OPTYPE mul PRAGMA {} RTLNAME mul_16s_8s_24_1_1_U320 SOURCE firmware/nnet_utils/nnet_mult.h:73 VARIABLE mul_ln73_33 LOOP {} BUNDLEDNAME {} DSP 1 BRAM 0 URAM 0 STORAGESUBTYPE {} DISPNAME {bind_op mul} VISIBLE true} {BINDTYPE op ID {} IMPL auto LATENCY 0 OPTYPE mul PRAGMA {} RTLNAME mul_16s_10s_26_1_1_U274 SOURCE firmware/nnet_utils/nnet_mult.h:73 VARIABLE mul_ln73_34 LOOP {} BUNDLEDNAME {} DSP 1 BRAM 0 URAM 0 STORAGESUBTYPE {} DISPNAME {bind_op mul} VISIBLE true} {BINDTYPE op ID {} IMPL fabric LATENCY 0 OPTYPE sub PRAGMA {} RTLNAME sub_ln73_9_fu_277954_p2 SOURCE firmware/nnet_utils/nnet_mult.h:73 VARIABLE sub_ln73_9 LOOP {} BUNDLEDNAME {} DSP 0 BRAM 0 URAM 0 STORAGESUBTYPE {} DISPNAME {bind_op sub} VISIBLE true} {BINDTYPE op ID {} IMPL auto LATENCY 0 OPTYPE mul PRAGMA {} RTLNAME mul_16s_10ns_26_1_1_U257 SOURCE firmware/nnet_utils/nnet_mult.h:73 VARIABLE mul_ln73_35 LOOP {} BUNDLEDNAME {} DSP 1 BRAM 0 URAM 0 STORAGESUBTYPE {} DISPNAME {bind_op mul} VISIBLE true} {BINDTYPE op ID {} IMPL auto LATENCY 0 OPTYPE mul PRAGMA {} RTLNAME mul_16s_8s_24_1_1_U258 SOURCE firmware/nnet_utils/nnet_mult.h:73 VARIABLE mul_ln73_36 LOOP {} BUNDLEDNAME {} DSP 1 BRAM 0 URAM 0 STORAGESUBTYPE {} DISPNAME {bind_op mul} VISIBLE true} {BINDTYPE op ID {} IMPL auto LATENCY 0 OPTYPE mul PRAGMA {} RTLNAME mul_16s_9ns_25_1_1_U206 SOURCE firmware/nnet_utils/nnet_mult.h:73 VARIABLE mul_ln73_37 LOOP {} BUNDLEDNAME {} DSP 1 BRAM 0 URAM 0 STORAGESUBTYPE {} DISPNAME {bind_op mul} VISIBLE true} {BINDTYPE op ID {} IMPL auto LATENCY 0 OPTYPE mul PRAGMA {} RTLNAME mul_16s_10ns_26_1_1_U345 SOURCE firmware/nnet_utils/nnet_mult.h:73 VARIABLE mul_ln73_38 LOOP {} BUNDLEDNAME {} DSP 1 BRAM 0 URAM 0 STORAGESUBTYPE {} DISPNAME {bind_op mul} VISIBLE true} {BINDTYPE op ID {} IMPL auto LATENCY 0 OPTYPE mul PRAGMA {} RTLNAME mul_16s_10s_26_1_1_U261 SOURCE firmware/nnet_utils/nnet_mult.h:73 VARIABLE mul_ln73_39 LOOP {} BUNDLEDNAME {} DSP 1 BRAM 0 URAM 0 STORAGESUBTYPE {} DISPNAME {bind_op mul} VISIBLE true} {BINDTYPE op ID {} IMPL auto LATENCY 0 OPTYPE mul PRAGMA {} RTLNAME mul_16s_9s_25_1_1_U262 SOURCE firmware/nnet_utils/nnet_mult.h:73 VARIABLE mul_ln73_40 LOOP {} BUNDLEDNAME {} DSP 1 BRAM 0 URAM 0 STORAGESUBTYPE {} DISPNAME {bind_op mul} VISIBLE true} {BINDTYPE op ID {} IMPL auto LATENCY 0 OPTYPE mul PRAGMA {} RTLNAME mul_16s_9ns_25_1_1_U289 SOURCE firmware/nnet_utils/nnet_mult.h:73 VARIABLE mul_ln73_41 LOOP {} BUNDLEDNAME {} DSP 1 BRAM 0 URAM 0 STORAGESUBTYPE {} DISPNAME {bind_op mul} VISIBLE true} {BINDTYPE op ID {} IMPL auto LATENCY 0 OPTYPE mul PRAGMA {} RTLNAME mul_16s_9s_25_1_1_U245 SOURCE firmware/nnet_utils/nnet_mult.h:73 VARIABLE mul_ln73_42 LOOP {} BUNDLEDNAME {} DSP 1 BRAM 0 URAM 0 STORAGESUBTYPE {} DISPNAME {bind_op mul} VISIBLE true} {BINDTYPE op ID {} IMPL auto LATENCY 0 OPTYPE mul PRAGMA {} RTLNAME mul_16s_7ns_23_1_1_U140 SOURCE firmware/nnet_utils/nnet_mult.h:73 VARIABLE mul_ln73_43 LOOP {} BUNDLEDNAME {} DSP 1 BRAM 0 URAM 0 STORAGESUBTYPE {} DISPNAME {bind_op mul} VISIBLE true} {BINDTYPE op ID {} IMPL fabric LATENCY 0 OPTYPE sub PRAGMA {} RTLNAME sub_ln73_10_fu_278134_p2 SOURCE firmware/nnet_utils/nnet_mult.h:73 VARIABLE sub_ln73_10 LOOP {} BUNDLEDNAME {} DSP 0 BRAM 0 URAM 0 STORAGESUBTYPE {} DISPNAME {bind_op sub} VISIBLE true} {BINDTYPE op ID {} IMPL auto LATENCY 0 OPTYPE mul PRAGMA {} RTLNAME mul_16s_9ns_25_1_1_U171 SOURCE firmware/nnet_utils/nnet_mult.h:73 VARIABLE mul_ln73_44 LOOP {} BUNDLEDNAME {} DSP 1 BRAM 0 URAM 0 STORAGESUBTYPE {} DISPNAME {bind_op mul} VISIBLE true} {BINDTYPE op ID {} IMPL auto LATENCY 0 OPTYPE mul PRAGMA {} RTLNAME mul_16s_10s_26_1_1_U288 SOURCE firmware/nnet_utils/nnet_mult.h:73 VARIABLE mul_ln73_45 LOOP {} BUNDLEDNAME {} DSP 1 BRAM 0 URAM 0 STORAGESUBTYPE {} DISPNAME {bind_op mul} VISIBLE true} {BINDTYPE op ID {} IMPL auto LATENCY 0 OPTYPE mul PRAGMA {} RTLNAME mul_16s_9s_25_1_1_U244 SOURCE firmware/nnet_utils/nnet_mult.h:73 VARIABLE mul_ln73_46 LOOP {} BUNDLEDNAME {} DSP 1 BRAM 0 URAM 0 STORAGESUBTYPE {} DISPNAME {bind_op mul} VISIBLE true} {BINDTYPE op ID {} IMPL auto LATENCY 0 OPTYPE mul PRAGMA {} RTLNAME mul_16s_10s_26_1_1_U264 SOURCE firmware/nnet_utils/nnet_mult.h:73 VARIABLE mul_ln73_47 LOOP {} BUNDLEDNAME {} DSP 1 BRAM 0 URAM 0 STORAGESUBTYPE {} DISPNAME {bind_op mul} VISIBLE true} {BINDTYPE op ID {} IMPL auto LATENCY 0 OPTYPE mul PRAGMA {} RTLNAME mul_16s_10ns_26_1_1_U235 SOURCE firmware/nnet_utils/nnet_mult.h:73 VARIABLE mul_ln73_48 LOOP {} BUNDLEDNAME {} DSP 1 BRAM 0 URAM 0 STORAGESUBTYPE {} DISPNAME {bind_op mul} VISIBLE true} {BINDTYPE op ID {} IMPL fabric LATENCY 0 OPTYPE add PRAGMA {} RTLNAME add_ln73_5_fu_278236_p2 SOURCE firmware/nnet_utils/nnet_mult.h:73 VARIABLE add_ln73_5 LOOP {} BUNDLEDNAME {} DSP 0 BRAM 0 URAM 0 STORAGESUBTYPE {} DISPNAME {bind_op add} VISIBLE true} {BINDTYPE op ID {} IMPL auto LATENCY 0 OPTYPE mul PRAGMA {} RTLNAME mul_16s_10s_26_1_1_U326 SOURCE firmware/nnet_utils/nnet_mult.h:73 VARIABLE mul_ln73_49 LOOP {} BUNDLEDNAME {} DSP 1 BRAM 0 URAM 0 STORAGESUBTYPE {} DISPNAME {bind_op mul} VISIBLE true} {BINDTYPE op ID {} IMPL auto LATENCY 0 OPTYPE mul PRAGMA {} RTLNAME mul_16s_10s_26_1_1_U142 SOURCE firmware/nnet_utils/nnet_mult.h:73 VARIABLE mul_ln73_50 LOOP {} BUNDLEDNAME {} DSP 1 BRAM 0 URAM 0 STORAGESUBTYPE {} DISPNAME {bind_op mul} VISIBLE true} {BINDTYPE op ID {} IMPL auto LATENCY 0 OPTYPE mul PRAGMA {} RTLNAME mul_16s_10s_26_1_1_U328 SOURCE firmware/nnet_utils/nnet_mult.h:73 VARIABLE mul_ln73_51 LOOP {} BUNDLEDNAME {} DSP 1 BRAM 0 URAM 0 STORAGESUBTYPE {} DISPNAME {bind_op mul} VISIBLE true} {BINDTYPE op ID {} IMPL auto LATENCY 0 OPTYPE mul PRAGMA {} RTLNAME mul_16s_7ns_23_1_1_U329 SOURCE firmware/nnet_utils/nnet_mult.h:73 VARIABLE mul_ln73_52 LOOP {} BUNDLEDNAME {} DSP 1 BRAM 0 URAM 0 STORAGESUBTYPE {} DISPNAME {bind_op mul} VISIBLE true} {BINDTYPE op ID {} IMPL auto LATENCY 0 OPTYPE mul PRAGMA {} RTLNAME mul_16s_10ns_26_1_1_U277 SOURCE firmware/nnet_utils/nnet_mult.h:73 VARIABLE mul_ln73_53 LOOP {} BUNDLEDNAME {} DSP 1 BRAM 0 URAM 0 STORAGESUBTYPE {} DISPNAME {bind_op mul} VISIBLE true} {BINDTYPE op ID {} IMPL auto LATENCY 0 OPTYPE mul PRAGMA {} RTLNAME mul_16s_9s_25_1_1_U219 SOURCE firmware/nnet_utils/nnet_mult.h:73 VARIABLE mul_ln73_54 LOOP {} BUNDLEDNAME {} DSP 1 BRAM 0 URAM 0 STORAGESUBTYPE {} DISPNAME {bind_op mul} VISIBLE true} {BINDTYPE op ID {} IMPL auto LATENCY 0 OPTYPE mul PRAGMA {} RTLNAME mul_16s_10ns_26_1_1_U184 SOURCE firmware/nnet_utils/nnet_mult.h:73 VARIABLE mul_ln73_55 LOOP {} BUNDLEDNAME {} DSP 1 BRAM 0 URAM 0 STORAGESUBTYPE {} DISPNAME {bind_op mul} VISIBLE true} {BINDTYPE op ID {} IMPL auto LATENCY 0 OPTYPE mul PRAGMA {} RTLNAME mul_16s_7s_23_1_1_U211 SOURCE firmware/nnet_utils/nnet_mult.h:73 VARIABLE mul_ln73_56 LOOP {} BUNDLEDNAME {} DSP 1 BRAM 0 URAM 0 STORAGESUBTYPE {} DISPNAME {bind_op mul} VISIBLE true} {BINDTYPE op ID {} IMPL auto LATENCY 0 OPTYPE mul PRAGMA {} RTLNAME mul_16s_9s_25_1_1_U157 SOURCE firmware/nnet_utils/nnet_mult.h:73 VARIABLE mul_ln73_57 LOOP {} BUNDLEDNAME {} DSP 1 BRAM 0 URAM 0 STORAGESUBTYPE {} DISPNAME {bind_op mul} VISIBLE true} {BINDTYPE op ID {} IMPL auto LATENCY 0 OPTYPE mul PRAGMA {} RTLNAME mul_16s_8s_24_1_1_U336 SOURCE firmware/nnet_utils/nnet_mult.h:73 VARIABLE mul_ln73_58 LOOP {} BUNDLEDNAME {} DSP 1 BRAM 0 URAM 0 STORAGESUBTYPE {} DISPNAME {bind_op mul} VISIBLE true} {BINDTYPE op ID {} IMPL auto LATENCY 0 OPTYPE mul PRAGMA {} RTLNAME mul_16s_10ns_26_1_1_U214 SOURCE firmware/nnet_utils/nnet_mult.h:73 VARIABLE mul_ln73_59 LOOP {} BUNDLEDNAME {} DSP 1 BRAM 0 URAM 0 STORAGESUBTYPE {} DISPNAME {bind_op mul} VISIBLE true} {BINDTYPE op ID {} IMPL auto LATENCY 0 OPTYPE mul PRAGMA {} RTLNAME mul_16s_10s_26_1_1_U271 SOURCE firmware/nnet_utils/nnet_mult.h:73 VARIABLE mul_ln73_60 LOOP {} BUNDLEDNAME {} DSP 1 BRAM 0 URAM 0 STORAGESUBTYPE {} DISPNAME {bind_op mul} VISIBLE true} {BINDTYPE op ID {} IMPL auto LATENCY 0 OPTYPE mul PRAGMA {} RTLNAME mul_16s_7s_23_1_1_U333 SOURCE firmware/nnet_utils/nnet_mult.h:73 VARIABLE mul_ln73_61 LOOP {} BUNDLEDNAME {} DSP 1 BRAM 0 URAM 0 STORAGESUBTYPE {} DISPNAME {bind_op mul} VISIBLE true} {BINDTYPE op ID {} IMPL auto LATENCY 0 OPTYPE mul PRAGMA {} RTLNAME mul_16s_9s_25_1_1_U218 SOURCE firmware/nnet_utils/nnet_mult.h:73 VARIABLE mul_ln73_62 LOOP {} BUNDLEDNAME {} DSP 1 BRAM 0 URAM 0 STORAGESUBTYPE {} DISPNAME {bind_op mul} VISIBLE true} {BINDTYPE op ID {} IMPL auto LATENCY 0 OPTYPE mul PRAGMA {} RTLNAME mul_16s_10s_26_1_1_U192 SOURCE firmware/nnet_utils/nnet_mult.h:73 VARIABLE mul_ln73_63 LOOP {} BUNDLEDNAME {} DSP 1 BRAM 0 URAM 0 STORAGESUBTYPE {} DISPNAME {bind_op mul} VISIBLE true} {BINDTYPE op ID {} IMPL auto LATENCY 0 OPTYPE mul PRAGMA {} RTLNAME mul_16s_9ns_25_1_1_U220 SOURCE firmware/nnet_utils/nnet_mult.h:73 VARIABLE mul_ln73_64 LOOP {} BUNDLEDNAME {} DSP 1 BRAM 0 URAM 0 STORAGESUBTYPE {} DISPNAME {bind_op mul} VISIBLE true} {BINDTYPE op ID {} IMPL auto LATENCY 0 OPTYPE mul PRAGMA {} RTLNAME mul_16s_9ns_25_1_1_U276 SOURCE firmware/nnet_utils/nnet_mult.h:73 VARIABLE mul_ln73_65 LOOP {} BUNDLEDNAME {} DSP 1 BRAM 0 URAM 0 STORAGESUBTYPE {} DISPNAME {bind_op mul} VISIBLE true} {BINDTYPE op ID {} IMPL auto LATENCY 0 OPTYPE mul PRAGMA {} RTLNAME mul_16s_9s_25_1_1_U305 SOURCE firmware/nnet_utils/nnet_mult.h:73 VARIABLE mul_ln73_66 LOOP {} BUNDLEDNAME {} DSP 1 BRAM 0 URAM 0 STORAGESUBTYPE {} DISPNAME {bind_op mul} VISIBLE true} {BINDTYPE op ID {} IMPL auto LATENCY 0 OPTYPE mul PRAGMA {} RTLNAME mul_16s_9ns_25_1_1_U319 SOURCE firmware/nnet_utils/nnet_mult.h:73 VARIABLE mul_ln73_67 LOOP {} BUNDLEDNAME {} DSP 1 BRAM 0 URAM 0 STORAGESUBTYPE {} DISPNAME {bind_op mul} VISIBLE true} {BINDTYPE op ID {} IMPL auto LATENCY 0 OPTYPE mul PRAGMA {} RTLNAME mul_16s_9ns_25_1_1_U186 SOURCE firmware/nnet_utils/nnet_mult.h:73 VARIABLE mul_ln73_68 LOOP {} BUNDLEDNAME {} DSP 1 BRAM 0 URAM 0 STORAGESUBTYPE {} DISPNAME {bind_op mul} VISIBLE true} {BINDTYPE op ID {} IMPL auto LATENCY 0 OPTYPE mul PRAGMA {} RTLNAME mul_16s_9ns_25_1_1_U196 SOURCE firmware/nnet_utils/nnet_mult.h:73 VARIABLE mul_ln73_69 LOOP {} BUNDLEDNAME {} DSP 1 BRAM 0 URAM 0 STORAGESUBTYPE {} DISPNAME {bind_op mul} VISIBLE true} {BINDTYPE op ID {} IMPL auto LATENCY 0 OPTYPE mul PRAGMA {} RTLNAME mul_16s_10s_26_1_1_U361 SOURCE firmware/nnet_utils/nnet_mult.h:73 VARIABLE mul_ln73_70 LOOP {} BUNDLEDNAME {} DSP 1 BRAM 0 URAM 0 STORAGESUBTYPE {} DISPNAME {bind_op mul} VISIBLE true} {BINDTYPE op ID {} IMPL auto LATENCY 0 OPTYPE mul PRAGMA {} RTLNAME mul_16s_10s_26_1_1_U158 SOURCE firmware/nnet_utils/nnet_mult.h:73 VARIABLE mul_ln73_71 LOOP {} BUNDLEDNAME {} DSP 1 BRAM 0 URAM 0 STORAGESUBTYPE {} DISPNAME {bind_op mul} VISIBLE true} {BINDTYPE op ID {} IMPL auto LATENCY 0 OPTYPE mul PRAGMA {} RTLNAME mul_16s_8s_24_1_1_U278 SOURCE firmware/nnet_utils/nnet_mult.h:73 VARIABLE mul_ln73_72 LOOP {} BUNDLEDNAME {} DSP 1 BRAM 0 URAM 0 STORAGESUBTYPE {} DISPNAME {bind_op mul} VISIBLE true} {BINDTYPE op ID {} IMPL auto LATENCY 0 OPTYPE mul PRAGMA {} RTLNAME mul_16s_8ns_24_1_1_U338 SOURCE firmware/nnet_utils/nnet_mult.h:73 VARIABLE mul_ln73_73 LOOP {} BUNDLEDNAME {} DSP 1 BRAM 0 URAM 0 STORAGESUBTYPE {} DISPNAME {bind_op mul} VISIBLE true} {BINDTYPE op ID {} IMPL auto LATENCY 0 OPTYPE mul PRAGMA {} RTLNAME mul_16s_5s_21_1_1_U339 SOURCE firmware/nnet_utils/nnet_mult.h:73 VARIABLE mul_ln73_74 LOOP {} BUNDLEDNAME {} DSP 1 BRAM 0 URAM 0 STORAGESUBTYPE {} DISPNAME {bind_op mul} VISIBLE true} {BINDTYPE op ID {} IMPL auto LATENCY 0 OPTYPE mul PRAGMA {} RTLNAME mul_16s_8s_24_1_1_U177 SOURCE firmware/nnet_utils/nnet_mult.h:73 VARIABLE mul_ln73_75 LOOP {} BUNDLEDNAME {} DSP 1 BRAM 0 URAM 0 STORAGESUBTYPE {} DISPNAME {bind_op mul} VISIBLE true} {BINDTYPE op ID {} IMPL fabric LATENCY 0 OPTYPE sub PRAGMA {} RTLNAME sub_ln73_11_fu_278684_p2 SOURCE firmware/nnet_utils/nnet_mult.h:73 VARIABLE sub_ln73_11 LOOP {} BUNDLEDNAME {} DSP 0 BRAM 0 URAM 0 STORAGESUBTYPE {} DISPNAME {bind_op sub} VISIBLE true} {BINDTYPE op ID {} IMPL auto LATENCY 0 OPTYPE mul PRAGMA {} RTLNAME mul_16s_5s_21_1_1_U341 SOURCE firmware/nnet_utils/nnet_mult.h:73 VARIABLE mul_ln73_76 LOOP {} BUNDLEDNAME {} DSP 1 BRAM 0 URAM 0 STORAGESUBTYPE {} DISPNAME {bind_op mul} VISIBLE true} {BINDTYPE op ID {} IMPL fabric LATENCY 0 OPTYPE add PRAGMA {} RTLNAME add_ln73_6_fu_278730_p2 SOURCE firmware/nnet_utils/nnet_mult.h:73 VARIABLE add_ln73_6 LOOP {} BUNDLEDNAME {} DSP 0 BRAM 0 URAM 0 STORAGESUBTYPE {} DISPNAME {bind_op add} VISIBLE true} {BINDTYPE op ID {} IMPL auto LATENCY 0 OPTYPE mul PRAGMA {} RTLNAME mul_16s_9s_25_1_1_U342 SOURCE firmware/nnet_utils/nnet_mult.h:73 VARIABLE mul_ln73_77 LOOP {} BUNDLEDNAME {} DSP 1 BRAM 0 URAM 0 STORAGESUBTYPE {} DISPNAME {bind_op mul} VISIBLE true} {BINDTYPE op ID {} IMPL auto LATENCY 0 OPTYPE mul PRAGMA {} RTLNAME mul_16s_10s_26_1_1_U275 SOURCE firmware/nnet_utils/nnet_mult.h:73 VARIABLE mul_ln73_78 LOOP {} BUNDLEDNAME {} DSP 1 BRAM 0 URAM 0 STORAGESUBTYPE {} DISPNAME {bind_op mul} VISIBLE true} {BINDTYPE op ID {} IMPL auto LATENCY 0 OPTYPE mul PRAGMA {} RTLNAME mul_16s_9s_25_1_1_U233 SOURCE firmware/nnet_utils/nnet_mult.h:73 VARIABLE mul_ln73_79 LOOP {} BUNDLEDNAME {} DSP 1 BRAM 0 URAM 0 STORAGESUBTYPE {} DISPNAME {bind_op mul} VISIBLE true} {BINDTYPE op ID {} IMPL auto LATENCY 0 OPTYPE mul PRAGMA {} RTLNAME mul_16s_9ns_25_1_1_U283 SOURCE firmware/nnet_utils/nnet_mult.h:73 VARIABLE mul_ln73_80 LOOP {} BUNDLEDNAME {} DSP 1 BRAM 0 URAM 0 STORAGESUBTYPE {} DISPNAME {bind_op mul} VISIBLE true} {BINDTYPE op ID {} IMPL auto LATENCY 0 OPTYPE mul PRAGMA {} RTLNAME mul_16s_10ns_26_1_1_U160 SOURCE firmware/nnet_utils/nnet_mult.h:73 VARIABLE mul_ln73_81 LOOP {} BUNDLEDNAME {} DSP 1 BRAM 0 URAM 0 STORAGESUBTYPE {} DISPNAME {bind_op mul} VISIBLE true} {BINDTYPE op ID {} IMPL auto LATENCY 0 OPTYPE mul PRAGMA {} RTLNAME mul_16s_7s_23_1_1_U236 SOURCE firmware/nnet_utils/nnet_mult.h:73 VARIABLE mul_ln73_82 LOOP {} BUNDLEDNAME {} DSP 1 BRAM 0 URAM 0 STORAGESUBTYPE {} DISPNAME {bind_op mul} VISIBLE true} {BINDTYPE op ID {} IMPL auto LATENCY 0 OPTYPE mul PRAGMA {} RTLNAME mul_16s_8ns_24_1_1_U168 SOURCE firmware/nnet_utils/nnet_mult.h:73 VARIABLE mul_ln73_83 LOOP {} BUNDLEDNAME {} DSP 1 BRAM 0 URAM 0 STORAGESUBTYPE {} DISPNAME {bind_op mul} VISIBLE true} {BINDTYPE op ID {} IMPL auto LATENCY 0 OPTYPE mul PRAGMA {} RTLNAME mul_16s_8ns_24_1_1_U284 SOURCE firmware/nnet_utils/nnet_mult.h:73 VARIABLE mul_ln73_84 LOOP {} BUNDLEDNAME {} DSP 1 BRAM 0 URAM 0 STORAGESUBTYPE {} DISPNAME {bind_op mul} VISIBLE true} {BINDTYPE op ID {} IMPL auto LATENCY 0 OPTYPE mul PRAGMA {} RTLNAME mul_16s_10s_26_1_1_U252 SOURCE firmware/nnet_utils/nnet_mult.h:73 VARIABLE mul_ln73_85 LOOP {} BUNDLEDNAME {} DSP 1 BRAM 0 URAM 0 STORAGESUBTYPE {} DISPNAME {bind_op mul} VISIBLE true} {BINDTYPE op ID {} IMPL auto LATENCY 0 OPTYPE mul PRAGMA {} RTLNAME mul_16s_10s_26_1_1_U182 SOURCE firmware/nnet_utils/nnet_mult.h:73 VARIABLE mul_ln73_86 LOOP {} BUNDLEDNAME {} DSP 1 BRAM 0 URAM 0 STORAGESUBTYPE {} DISPNAME {bind_op mul} VISIBLE true} {BINDTYPE op ID {} IMPL auto LATENCY 0 OPTYPE mul PRAGMA {} RTLNAME mul_16s_10s_26_1_1_U286 SOURCE firmware/nnet_utils/nnet_mult.h:73 VARIABLE mul_ln73_87 LOOP {} BUNDLEDNAME {} DSP 1 BRAM 0 URAM 0 STORAGESUBTYPE {} DISPNAME {bind_op mul} VISIBLE true} {BINDTYPE op ID {} IMPL auto LATENCY 0 OPTYPE mul PRAGMA {} RTLNAME mul_16s_9ns_25_1_1_U231 SOURCE firmware/nnet_utils/nnet_mult.h:73 VARIABLE mul_ln73_88 LOOP {} BUNDLEDNAME {} DSP 1 BRAM 0 URAM 0 STORAGESUBTYPE {} DISPNAME {bind_op mul} VISIBLE true} {BINDTYPE op ID {} IMPL auto LATENCY 0 OPTYPE mul PRAGMA {} RTLNAME mul_16s_9s_25_1_1_U226 SOURCE firmware/nnet_utils/nnet_mult.h:73 VARIABLE mul_ln73_89 LOOP {} BUNDLEDNAME {} DSP 1 BRAM 0 URAM 0 STORAGESUBTYPE {} DISPNAME {bind_op mul} VISIBLE true} {BINDTYPE op ID {} IMPL auto LATENCY 0 OPTYPE mul PRAGMA {} RTLNAME mul_16s_10ns_26_1_1_U134 SOURCE firmware/nnet_utils/nnet_mult.h:73 VARIABLE mul_ln73_90 LOOP {} BUNDLEDNAME {} DSP 1 BRAM 0 URAM 0 STORAGESUBTYPE {} DISPNAME {bind_op mul} VISIBLE true} {BINDTYPE op ID {} IMPL auto LATENCY 0 OPTYPE mul PRAGMA {} RTLNAME mul_16s_8ns_24_1_1_U240 SOURCE firmware/nnet_utils/nnet_mult.h:73 VARIABLE mul_ln73_91 LOOP {} BUNDLEDNAME {} DSP 1 BRAM 0 URAM 0 STORAGESUBTYPE {} DISPNAME {bind_op mul} VISIBLE true} {BINDTYPE op ID {} IMPL auto LATENCY 0 OPTYPE mul PRAGMA {} RTLNAME mul_16s_9ns_25_1_1_U137 SOURCE firmware/nnet_utils/nnet_mult.h:73 VARIABLE mul_ln73_92 LOOP {} BUNDLEDNAME {} DSP 1 BRAM 0 URAM 0 STORAGESUBTYPE {} DISPNAME {bind_op mul} VISIBLE true} {BINDTYPE op ID {} IMPL auto LATENCY 0 OPTYPE mul PRAGMA {} RTLNAME mul_16s_10ns_26_1_1_U148 SOURCE firmware/nnet_utils/nnet_mult.h:73 VARIABLE mul_ln73_93 LOOP {} BUNDLEDNAME {} DSP 1 BRAM 0 URAM 0 STORAGESUBTYPE {} DISPNAME {bind_op mul} VISIBLE true} {BINDTYPE op ID {} IMPL auto LATENCY 0 OPTYPE mul PRAGMA {} RTLNAME mul_16s_9ns_25_1_1_U130 SOURCE firmware/nnet_utils/nnet_mult.h:73 VARIABLE mul_ln73_94 LOOP {} BUNDLEDNAME {} DSP 1 BRAM 0 URAM 0 STORAGESUBTYPE {} DISPNAME {bind_op mul} VISIBLE true} {BINDTYPE op ID {} IMPL auto LATENCY 0 OPTYPE mul PRAGMA {} RTLNAME mul_16s_9ns_25_1_1_U205 SOURCE firmware/nnet_utils/nnet_mult.h:73 VARIABLE mul_ln73_95 LOOP {} BUNDLEDNAME {} DSP 1 BRAM 0 URAM 0 STORAGESUBTYPE {} DISPNAME {bind_op mul} VISIBLE true} {BINDTYPE op ID {} IMPL fabric LATENCY 0 OPTYPE sub PRAGMA {} RTLNAME sub_ln73_12_fu_279047_p2 SOURCE firmware/nnet_utils/nnet_mult.h:73 VARIABLE sub_ln73_12 LOOP {} BUNDLEDNAME {} DSP 0 BRAM 0 URAM 0 STORAGESUBTYPE {} DISPNAME {bind_op sub} VISIBLE true} {BINDTYPE op ID {} IMPL auto LATENCY 0 OPTYPE mul PRAGMA {} RTLNAME mul_16s_10s_26_1_1_U349 SOURCE firmware/nnet_utils/nnet_mult.h:73 VARIABLE mul_ln73_96 LOOP {} BUNDLEDNAME {} DSP 1 BRAM 0 URAM 0 STORAGESUBTYPE {} DISPNAME {bind_op mul} VISIBLE true} {BINDTYPE op ID {} IMPL auto LATENCY 0 OPTYPE mul PRAGMA {} RTLNAME mul_16s_7s_23_1_1_U350 SOURCE firmware/nnet_utils/nnet_mult.h:73 VARIABLE mul_ln73_97 LOOP {} BUNDLEDNAME {} DSP 1 BRAM 0 URAM 0 STORAGESUBTYPE {} DISPNAME {bind_op mul} VISIBLE true} {BINDTYPE op ID {} IMPL auto LATENCY 0 OPTYPE mul PRAGMA {} RTLNAME mul_16s_9ns_25_1_1_U292 SOURCE firmware/nnet_utils/nnet_mult.h:73 VARIABLE mul_ln73_98 LOOP {} BUNDLEDNAME {} DSP 1 BRAM 0 URAM 0 STORAGESUBTYPE {} DISPNAME {bind_op mul} VISIBLE true} {BINDTYPE op ID {} IMPL auto LATENCY 0 OPTYPE mul PRAGMA {} RTLNAME mul_16s_10ns_26_1_1_U351 SOURCE firmware/nnet_utils/nnet_mult.h:73 VARIABLE mul_ln73_99 LOOP {} BUNDLEDNAME {} DSP 1 BRAM 0 URAM 0 STORAGESUBTYPE {} DISPNAME {bind_op mul} VISIBLE true} {BINDTYPE op ID {} IMPL auto LATENCY 0 OPTYPE mul PRAGMA {} RTLNAME mul_16s_9ns_25_1_1_U287 SOURCE firmware/nnet_utils/nnet_mult.h:73 VARIABLE mul_ln73_100 LOOP {} BUNDLEDNAME {} DSP 1 BRAM 0 URAM 0 STORAGESUBTYPE {} DISPNAME {bind_op mul} VISIBLE true} {BINDTYPE op ID {} IMPL auto LATENCY 0 OPTYPE mul PRAGMA {} RTLNAME mul_16s_10ns_26_1_1_U295 SOURCE firmware/nnet_utils/nnet_mult.h:73 VARIABLE mul_ln73_101 LOOP {} BUNDLEDNAME {} DSP 1 BRAM 0 URAM 0 STORAGESUBTYPE {} DISPNAME {bind_op mul} VISIBLE true} {BINDTYPE op ID {} IMPL auto LATENCY 0 OPTYPE mul PRAGMA {} RTLNAME mul_16s_8ns_24_1_1_U169 SOURCE firmware/nnet_utils/nnet_mult.h:73 VARIABLE mul_ln73_102 LOOP {} BUNDLEDNAME {} DSP 1 BRAM 0 URAM 0 STORAGESUBTYPE {} DISPNAME {bind_op mul} VISIBLE true} {BINDTYPE op ID {} IMPL auto LATENCY 0 OPTYPE mul PRAGMA {} RTLNAME mul_16s_9ns_25_1_1_U290 SOURCE firmware/nnet_utils/nnet_mult.h:73 VARIABLE mul_ln73_103 LOOP {} BUNDLEDNAME {} DSP 1 BRAM 0 URAM 0 STORAGESUBTYPE {} DISPNAME {bind_op mul} VISIBLE true} {BINDTYPE op ID {} IMPL auto LATENCY 0 OPTYPE mul PRAGMA {} RTLNAME mul_16s_10ns_26_1_1_U246 SOURCE firmware/nnet_utils/nnet_mult.h:73 VARIABLE mul_ln73_104 LOOP {} BUNDLEDNAME {} DSP 1 BRAM 0 URAM 0 STORAGESUBTYPE {} DISPNAME {bind_op mul} VISIBLE true} {BINDTYPE op ID {} IMPL auto LATENCY 0 OPTYPE mul PRAGMA {} RTLNAME mul_16s_9ns_25_1_1_U141 SOURCE firmware/nnet_utils/nnet_mult.h:73 VARIABLE mul_ln73_105 LOOP {} BUNDLEDNAME {} DSP 1 BRAM 0 URAM 0 STORAGESUBTYPE {} DISPNAME {bind_op mul} VISIBLE true} {BINDTYPE op ID {} IMPL fabric LATENCY 0 OPTYPE sub PRAGMA {} RTLNAME sub_ln73_13_fu_279213_p2 SOURCE firmware/nnet_utils/nnet_mult.h:73 VARIABLE sub_ln73_13 LOOP {} BUNDLEDNAME {} DSP 0 BRAM 0 URAM 0 STORAGESUBTYPE {} DISPNAME {bind_op sub} VISIBLE true} {BINDTYPE op ID {} IMPL auto LATENCY 0 OPTYPE mul PRAGMA {} RTLNAME mul_16s_10s_26_1_1_U138 SOURCE firmware/nnet_utils/nnet_mult.h:73 VARIABLE mul_ln73_106 LOOP {} BUNDLEDNAME {} DSP 1 BRAM 0 URAM 0 STORAGESUBTYPE {} DISPNAME {bind_op mul} VISIBLE true} {BINDTYPE op ID {} IMPL fabric LATENCY 0 OPTYPE add PRAGMA {} RTLNAME add_ln73_7_fu_279267_p2 SOURCE firmware/nnet_utils/nnet_mult.h:73 VARIABLE add_ln73_7 LOOP {} BUNDLEDNAME {} DSP 0 BRAM 0 URAM 0 STORAGESUBTYPE {} DISPNAME {bind_op add} VISIBLE true} {BINDTYPE op ID {} IMPL auto LATENCY 0 OPTYPE mul PRAGMA {} RTLNAME mul_16s_10s_26_1_1_U249 SOURCE firmware/nnet_utils/nnet_mult.h:73 VARIABLE mul_ln73_107 LOOP {} BUNDLEDNAME {} DSP 1 BRAM 0 URAM 0 STORAGESUBTYPE {} DISPNAME {bind_op mul} VISIBLE true} {BINDTYPE op ID {} IMPL auto LATENCY 0 OPTYPE mul PRAGMA {} RTLNAME mul_16s_9s_25_1_1_U355 SOURCE firmware/nnet_utils/nnet_mult.h:73 VARIABLE mul_ln73_108 LOOP {} BUNDLEDNAME {} DSP 1 BRAM 0 URAM 0 STORAGESUBTYPE {} DISPNAME {bind_op mul} VISIBLE true} {BINDTYPE op ID {} IMPL auto LATENCY 0 OPTYPE mul PRAGMA {} RTLNAME mul_16s_6s_22_1_1_U297 SOURCE firmware/nnet_utils/nnet_mult.h:73 VARIABLE mul_ln73_109 LOOP {} BUNDLEDNAME {} DSP 1 BRAM 0 URAM 0 STORAGESUBTYPE {} DISPNAME {bind_op mul} VISIBLE true} {BINDTYPE op ID {} IMPL auto LATENCY 0 OPTYPE mul PRAGMA {} RTLNAME mul_16s_10s_26_1_1_U239 SOURCE firmware/nnet_utils/nnet_mult.h:73 VARIABLE mul_ln73_110 LOOP {} BUNDLEDNAME {} DSP 1 BRAM 0 URAM 0 STORAGESUBTYPE {} DISPNAME {bind_op mul} VISIBLE true} {BINDTYPE op ID {} IMPL auto LATENCY 0 OPTYPE mul PRAGMA {} RTLNAME mul_16s_10ns_26_1_1_U299 SOURCE firmware/nnet_utils/nnet_mult.h:73 VARIABLE mul_ln73_111 LOOP {} BUNDLEDNAME {} DSP 1 BRAM 0 URAM 0 STORAGESUBTYPE {} DISPNAME {bind_op mul} VISIBLE true} {BINDTYPE op ID {} IMPL auto LATENCY 0 OPTYPE mul PRAGMA {} RTLNAME mul_16s_7ns_23_1_1_U268 SOURCE firmware/nnet_utils/nnet_mult.h:73 VARIABLE mul_ln73_112 LOOP {} BUNDLEDNAME {} DSP 1 BRAM 0 URAM 0 STORAGESUBTYPE {} DISPNAME {bind_op mul} VISIBLE true} {BINDTYPE op ID {} IMPL auto LATENCY 0 OPTYPE mul PRAGMA {} RTLNAME mul_16s_9s_25_1_1_U301 SOURCE firmware/nnet_utils/nnet_mult.h:73 VARIABLE mul_ln73_113 LOOP {} BUNDLEDNAME {} DSP 1 BRAM 0 URAM 0 STORAGESUBTYPE {} DISPNAME {bind_op mul} VISIBLE true} {BINDTYPE op ID {} IMPL fabric LATENCY 0 OPTYPE sub PRAGMA {} RTLNAME sub_ln73_14_fu_279396_p2 SOURCE firmware/nnet_utils/nnet_mult.h:73 VARIABLE sub_ln73_14 LOOP {} BUNDLEDNAME {} DSP 0 BRAM 0 URAM 0 STORAGESUBTYPE {} DISPNAME {bind_op sub} VISIBLE true} {BINDTYPE op ID {} IMPL auto LATENCY 0 OPTYPE mul PRAGMA {} RTLNAME mul_16s_9ns_25_1_1_U356 SOURCE firmware/nnet_utils/nnet_mult.h:73 VARIABLE mul_ln73_114 LOOP {} BUNDLEDNAME {} DSP 1 BRAM 0 URAM 0 STORAGESUBTYPE {} DISPNAME {bind_op mul} VISIBLE true} {BINDTYPE op ID {} IMPL auto LATENCY 0 OPTYPE mul PRAGMA {} RTLNAME mul_16s_8s_24_1_1_U260 SOURCE firmware/nnet_utils/nnet_mult.h:73 VARIABLE mul_ln73_115 LOOP {} BUNDLEDNAME {} DSP 1 BRAM 0 URAM 0 STORAGESUBTYPE {} DISPNAME {bind_op mul} VISIBLE true} {BINDTYPE op ID {} IMPL fabric LATENCY 0 OPTYPE sub PRAGMA {} RTLNAME sub_ln73_15_fu_279474_p2 SOURCE firmware/nnet_utils/nnet_mult.h:73 VARIABLE sub_ln73_15 LOOP {} BUNDLEDNAME {} DSP 0 BRAM 0 URAM 0 STORAGESUBTYPE {} DISPNAME {bind_op sub} VISIBLE true} {BINDTYPE op ID {} IMPL auto LATENCY 0 OPTYPE mul PRAGMA {} RTLNAME mul_16s_8ns_24_1_1_U256 SOURCE firmware/nnet_utils/nnet_mult.h:73 VARIABLE mul_ln73_116 LOOP {} BUNDLEDNAME {} DSP 1 BRAM 0 URAM 0 STORAGESUBTYPE {} DISPNAME {bind_op mul} VISIBLE true} {BINDTYPE op ID {} IMPL auto LATENCY 0 OPTYPE mul PRAGMA {} RTLNAME mul_16s_10ns_26_1_1_U185 SOURCE firmware/nnet_utils/nnet_mult.h:73 VARIABLE mul_ln73_117 LOOP {} BUNDLEDNAME {} DSP 1 BRAM 0 URAM 0 STORAGESUBTYPE {} DISPNAME {bind_op mul} VISIBLE true} {BINDTYPE op ID {} IMPL auto LATENCY 0 OPTYPE mul PRAGMA {} RTLNAME mul_16s_10ns_26_1_1_U343 SOURCE firmware/nnet_utils/nnet_mult.h:73 VARIABLE mul_ln73_118 LOOP {} BUNDLEDNAME {} DSP 1 BRAM 0 URAM 0 STORAGESUBTYPE {} DISPNAME {bind_op mul} VISIBLE true} {BINDTYPE op ID {} IMPL auto LATENCY 0 OPTYPE mul PRAGMA {} RTLNAME mul_16s_9s_25_1_1_U259 SOURCE firmware/nnet_utils/nnet_mult.h:73 VARIABLE mul_ln73_119 LOOP {} BUNDLEDNAME {} DSP 1 BRAM 0 URAM 0 STORAGESUBTYPE {} DISPNAME {bind_op mul} VISIBLE true} {BINDTYPE op ID {} IMPL auto LATENCY 0 OPTYPE mul PRAGMA {} RTLNAME mul_16s_10ns_26_1_1_U313 SOURCE firmware/nnet_utils/nnet_mult.h:73 VARIABLE mul_ln73_120 LOOP {} BUNDLEDNAME {} DSP 1 BRAM 0 URAM 0 STORAGESUBTYPE {} DISPNAME {bind_op mul} VISIBLE true} {BINDTYPE op ID {} IMPL fabric LATENCY 0 OPTYPE sub PRAGMA {} RTLNAME sub_ln73_16_fu_279564_p2 SOURCE firmware/nnet_utils/nnet_mult.h:73 VARIABLE sub_ln73_16 LOOP {} BUNDLEDNAME {} DSP 0 BRAM 0 URAM 0 STORAGESUBTYPE {} DISPNAME {bind_op sub} VISIBLE true} {BINDTYPE op ID {} IMPL fabric LATENCY 0 OPTYPE add PRAGMA {} RTLNAME add_ln73_8_fu_279622_p2 SOURCE firmware/nnet_utils/nnet_mult.h:73 VARIABLE add_ln73_8 LOOP {} BUNDLEDNAME {} DSP 0 BRAM 0 URAM 0 STORAGESUBTYPE {} DISPNAME {bind_op add} VISIBLE true} {BINDTYPE op ID {} IMPL auto LATENCY 0 OPTYPE mul PRAGMA {} RTLNAME mul_16s_10s_26_1_1_U362 SOURCE firmware/nnet_utils/nnet_mult.h:73 VARIABLE mul_ln73_121 LOOP {} BUNDLEDNAME {} DSP 1 BRAM 0 URAM 0 STORAGESUBTYPE {} DISPNAME {bind_op mul} VISIBLE true} {BINDTYPE op ID {} IMPL auto LATENCY 0 OPTYPE mul PRAGMA {} RTLNAME mul_16s_10ns_26_1_1_U363 SOURCE firmware/nnet_utils/nnet_mult.h:73 VARIABLE mul_ln73_122 LOOP {} BUNDLEDNAME {} DSP 1 BRAM 0 URAM 0 STORAGESUBTYPE {} DISPNAME {bind_op mul} VISIBLE true} {BINDTYPE op ID {} IMPL auto LATENCY 0 OPTYPE mul PRAGMA {} RTLNAME mul_16s_10s_26_1_1_U306 SOURCE firmware/nnet_utils/nnet_mult.h:73 VARIABLE mul_ln73_123 LOOP {} BUNDLEDNAME {} DSP 1 BRAM 0 URAM 0 STORAGESUBTYPE {} DISPNAME {bind_op mul} VISIBLE true} {BINDTYPE op ID {} IMPL auto LATENCY 0 OPTYPE mul PRAGMA {} RTLNAME mul_16s_10s_26_1_1_U307 SOURCE firmware/nnet_utils/nnet_mult.h:73 VARIABLE mul_ln73_124 LOOP {} BUNDLEDNAME {} DSP 1 BRAM 0 URAM 0 STORAGESUBTYPE {} DISPNAME {bind_op mul} VISIBLE true} {BINDTYPE op ID {} IMPL auto LATENCY 0 OPTYPE mul PRAGMA {} RTLNAME mul_16s_9ns_25_1_1_U248 SOURCE firmware/nnet_utils/nnet_mult.h:73 VARIABLE mul_ln73_125 LOOP {} BUNDLEDNAME {} DSP 1 BRAM 0 URAM 0 STORAGESUBTYPE {} DISPNAME {bind_op mul} VISIBLE true} {BINDTYPE op ID {} IMPL auto LATENCY 0 OPTYPE mul PRAGMA {} RTLNAME mul_16s_9ns_25_1_1_U128 SOURCE firmware/nnet_utils/nnet_mult.h:73 VARIABLE mul_ln73_126 LOOP {} BUNDLEDNAME {} DSP 1 BRAM 0 URAM 0 STORAGESUBTYPE {} DISPNAME {bind_op mul} VISIBLE true} {BINDTYPE op ID {} IMPL auto LATENCY 0 OPTYPE mul PRAGMA {} RTLNAME mul_16s_10ns_26_1_1_U129 SOURCE firmware/nnet_utils/nnet_mult.h:73 VARIABLE mul_ln73_127 LOOP {} BUNDLEDNAME {} DSP 1 BRAM 0 URAM 0 STORAGESUBTYPE {} DISPNAME {bind_op mul} VISIBLE true} {BINDTYPE op ID {} IMPL auto LATENCY 0 OPTYPE mul PRAGMA {} RTLNAME mul_16s_9s_25_1_1_U193 SOURCE firmware/nnet_utils/nnet_mult.h:73 VARIABLE mul_ln73_128 LOOP {} BUNDLEDNAME {} DSP 1 BRAM 0 URAM 0 STORAGESUBTYPE {} DISPNAME {bind_op mul} VISIBLE true} {BINDTYPE op ID {} IMPL fabric LATENCY 0 OPTYPE add PRAGMA {} RTLNAME add_ln73_9_fu_279770_p2 SOURCE firmware/nnet_utils/nnet_mult.h:73 VARIABLE add_ln73_9 LOOP {} BUNDLEDNAME {} DSP 0 BRAM 0 URAM 0 STORAGESUBTYPE {} DISPNAME {bind_op add} VISIBLE true} {BINDTYPE op ID {} IMPL auto LATENCY 0 OPTYPE mul PRAGMA {} RTLNAME mul_16s_9ns_25_1_1_U191 SOURCE firmware/nnet_utils/nnet_mult.h:73 VARIABLE mul_ln73_129 LOOP {} BUNDLEDNAME {} DSP 1 BRAM 0 URAM 0 STORAGESUBTYPE {} DISPNAME {bind_op mul} VISIBLE true} {BINDTYPE op ID {} IMPL fabric LATENCY 0 OPTYPE sub PRAGMA {} RTLNAME sub_ln73_19_fu_279824_p2 SOURCE firmware/nnet_utils/nnet_mult.h:73 VARIABLE sub_ln73_19 LOOP {} BUNDLEDNAME {} DSP 0 BRAM 0 URAM 0 STORAGESUBTYPE {} DISPNAME {bind_op sub} VISIBLE true} {BINDTYPE op ID {} IMPL fabric LATENCY 0 OPTYPE add PRAGMA {} RTLNAME add_ln73_10_fu_279868_p2 SOURCE firmware/nnet_utils/nnet_mult.h:73 VARIABLE add_ln73_10 LOOP {} BUNDLEDNAME {} DSP 0 BRAM 0 URAM 0 STORAGESUBTYPE {} DISPNAME {bind_op add} VISIBLE true} {BINDTYPE op ID {} IMPL auto LATENCY 0 OPTYPE mul PRAGMA {} RTLNAME mul_16s_10s_26_1_1_U202 SOURCE firmware/nnet_utils/nnet_mult.h:73 VARIABLE mul_ln73_130 LOOP {} BUNDLEDNAME {} DSP 1 BRAM 0 URAM 0 STORAGESUBTYPE {} DISPNAME {bind_op mul} VISIBLE true} {BINDTYPE op ID {} IMPL fabric LATENCY 0 OPTYPE sub PRAGMA {} RTLNAME sub_ln73_22_fu_279967_p2 SOURCE firmware/nnet_utils/nnet_mult.h:73 VARIABLE sub_ln73_22 LOOP {} BUNDLEDNAME {} DSP 0 BRAM 0 URAM 0 STORAGESUBTYPE {} DISPNAME {bind_op sub} VISIBLE true} {BINDTYPE op ID {} IMPL auto LATENCY 0 OPTYPE mul PRAGMA {} RTLNAME mul_16s_9ns_25_1_1_U197 SOURCE firmware/nnet_utils/nnet_mult.h:73 VARIABLE mul_ln73_131 LOOP {} BUNDLEDNAME {} DSP 1 BRAM 0 URAM 0 STORAGESUBTYPE {} DISPNAME {bind_op mul} VISIBLE true} {BINDTYPE op ID {} IMPL auto LATENCY 0 OPTYPE mul PRAGMA {} RTLNAME mul_16s_9ns_25_1_1_U265 SOURCE firmware/nnet_utils/nnet_mult.h:73 VARIABLE mul_ln73_132 LOOP {} BUNDLEDNAME {} DSP 1 BRAM 0 URAM 0 STORAGESUBTYPE {} DISPNAME {bind_op mul} VISIBLE true} {BINDTYPE op ID {} IMPL auto LATENCY 0 OPTYPE mul PRAGMA {} RTLNAME mul_16s_9ns_25_1_1_U190 SOURCE firmware/nnet_utils/nnet_mult.h:73 VARIABLE mul_ln73_133 LOOP {} BUNDLEDNAME {} DSP 1 BRAM 0 URAM 0 STORAGESUBTYPE {} DISPNAME {bind_op mul} VISIBLE true} {BINDTYPE op ID {} IMPL auto LATENCY 0 OPTYPE mul PRAGMA {} RTLNAME mul_16s_9s_25_1_1_U312 SOURCE firmware/nnet_utils/nnet_mult.h:73 VARIABLE mul_ln73_134 LOOP {} BUNDLEDNAME {} DSP 1 BRAM 0 URAM 0 STORAGESUBTYPE {} DISPNAME {bind_op mul} VISIBLE true} {BINDTYPE op ID {} IMPL auto LATENCY 0 OPTYPE mul PRAGMA {} RTLNAME mul_16s_10ns_26_1_1_U253 SOURCE firmware/nnet_utils/nnet_mult.h:73 VARIABLE mul_ln73_135 LOOP {} BUNDLEDNAME {} DSP 1 BRAM 0 URAM 0 STORAGESUBTYPE {} DISPNAME {bind_op mul} VISIBLE true} {BINDTYPE op ID {} IMPL auto LATENCY 0 OPTYPE mul PRAGMA {} RTLNAME mul_16s_10ns_26_1_1_U254 SOURCE firmware/nnet_utils/nnet_mult.h:73 VARIABLE mul_ln73_136 LOOP {} BUNDLEDNAME {} DSP 1 BRAM 0 URAM 0 STORAGESUBTYPE {} DISPNAME {bind_op mul} VISIBLE true} {BINDTYPE op ID {} IMPL auto LATENCY 0 OPTYPE mul PRAGMA {} RTLNAME mul_16s_9s_25_1_1_U203 SOURCE firmware/nnet_utils/nnet_mult.h:73 VARIABLE mul_ln73_137 LOOP {} BUNDLEDNAME {} DSP 1 BRAM 0 URAM 0 STORAGESUBTYPE {} DISPNAME {bind_op mul} VISIBLE true} {BINDTYPE op ID {} IMPL auto LATENCY 0 OPTYPE mul PRAGMA {} RTLNAME mul_16s_10ns_26_1_1_U316 SOURCE firmware/nnet_utils/nnet_mult.h:73 VARIABLE mul_ln73_138 LOOP {} BUNDLEDNAME {} DSP 1 BRAM 0 URAM 0 STORAGESUBTYPE {} DISPNAME {bind_op mul} VISIBLE true} {BINDTYPE op ID {} IMPL auto LATENCY 0 OPTYPE mul PRAGMA {} RTLNAME mul_16s_9s_25_1_1_U280 SOURCE firmware/nnet_utils/nnet_mult.h:73 VARIABLE mul_ln73_139 LOOP {} BUNDLEDNAME {} DSP 1 BRAM 0 URAM 0 STORAGESUBTYPE {} DISPNAME {bind_op mul} VISIBLE true} {BINDTYPE op ID {} IMPL auto LATENCY 0 OPTYPE mul PRAGMA {} RTLNAME mul_16s_10ns_26_1_1_U293 SOURCE firmware/nnet_utils/nnet_mult.h:73 VARIABLE mul_ln73_140 LOOP {} BUNDLEDNAME {} DSP 1 BRAM 0 URAM 0 STORAGESUBTYPE {} DISPNAME {bind_op mul} VISIBLE true} {BINDTYPE op ID {} IMPL auto LATENCY 0 OPTYPE mul PRAGMA {} RTLNAME mul_16s_10ns_26_1_1_U199 SOURCE firmware/nnet_utils/nnet_mult.h:73 VARIABLE mul_ln73_141 LOOP {} BUNDLEDNAME {} DSP 1 BRAM 0 URAM 0 STORAGESUBTYPE {} DISPNAME {bind_op mul} VISIBLE true} {BINDTYPE op ID {} IMPL auto LATENCY 0 OPTYPE mul PRAGMA {} RTLNAME mul_16s_9s_25_1_1_U165 SOURCE firmware/nnet_utils/nnet_mult.h:73 VARIABLE mul_ln73_142 LOOP {} BUNDLEDNAME {} DSP 1 BRAM 0 URAM 0 STORAGESUBTYPE {} DISPNAME {bind_op mul} VISIBLE true} {BINDTYPE op ID {} IMPL fabric LATENCY 0 OPTYPE sub PRAGMA {} RTLNAME sub_ln73_23_fu_280178_p2 SOURCE firmware/nnet_utils/nnet_mult.h:73 VARIABLE sub_ln73_23 LOOP {} BUNDLEDNAME {} DSP 0 BRAM 0 URAM 0 STORAGESUBTYPE {} DISPNAME {bind_op sub} VISIBLE true} {BINDTYPE op ID {} IMPL auto LATENCY 0 OPTYPE mul PRAGMA {} RTLNAME mul_16s_8s_24_1_1_U321 SOURCE firmware/nnet_utils/nnet_mult.h:73 VARIABLE mul_ln73_143 LOOP {} BUNDLEDNAME {} DSP 1 BRAM 0 URAM 0 STORAGESUBTYPE {} DISPNAME {bind_op mul} VISIBLE true} {BINDTYPE op ID {} IMPL auto LATENCY 0 OPTYPE mul PRAGMA {} RTLNAME mul_16s_9ns_25_1_1_U237 SOURCE firmware/nnet_utils/nnet_mult.h:73 VARIABLE mul_ln73_144 LOOP {} BUNDLEDNAME {} DSP 1 BRAM 0 URAM 0 STORAGESUBTYPE {} DISPNAME {bind_op mul} VISIBLE true} {BINDTYPE op ID {} IMPL auto LATENCY 0 OPTYPE mul PRAGMA {} RTLNAME mul_16s_10ns_26_1_1_U318 SOURCE firmware/nnet_utils/nnet_mult.h:73 VARIABLE mul_ln73_145 LOOP {} BUNDLEDNAME {} DSP 1 BRAM 0 URAM 0 STORAGESUBTYPE {} DISPNAME {bind_op mul} VISIBLE true} {BINDTYPE op ID {} IMPL fabric LATENCY 0 OPTYPE sub PRAGMA {} RTLNAME sub_ln73_24_fu_280279_p2 SOURCE firmware/nnet_utils/nnet_mult.h:73 VARIABLE sub_ln73_24 LOOP {} BUNDLEDNAME {} DSP 0 BRAM 0 URAM 0 STORAGESUBTYPE {} DISPNAME {bind_op sub} VISIBLE true} {BINDTYPE op ID {} IMPL auto LATENCY 0 OPTYPE mul PRAGMA {} RTLNAME mul_16s_10s_26_1_1_U135 SOURCE firmware/nnet_utils/nnet_mult.h:73 VARIABLE mul_ln73_146 LOOP {} BUNDLEDNAME {} DSP 1 BRAM 0 URAM 0 STORAGESUBTYPE {} DISPNAME {bind_op mul} VISIBLE true} {BINDTYPE op ID {} IMPL auto LATENCY 0 OPTYPE mul PRAGMA {} RTLNAME mul_16s_8ns_24_1_1_U229 SOURCE firmware/nnet_utils/nnet_mult.h:73 VARIABLE mul_ln73_147 LOOP {} BUNDLEDNAME {} DSP 1 BRAM 0 URAM 0 STORAGESUBTYPE {} DISPNAME {bind_op mul} VISIBLE true} {BINDTYPE op ID {} IMPL auto LATENCY 0 OPTYPE mul PRAGMA {} RTLNAME mul_16s_8ns_24_1_1_U230 SOURCE firmware/nnet_utils/nnet_mult.h:73 VARIABLE mul_ln73_148 LOOP {} BUNDLEDNAME {} DSP 1 BRAM 0 URAM 0 STORAGESUBTYPE {} DISPNAME {bind_op mul} VISIBLE true} {BINDTYPE op ID {} IMPL auto LATENCY 0 OPTYPE mul PRAGMA {} RTLNAME mul_16s_10ns_26_1_1_U346 SOURCE firmware/nnet_utils/nnet_mult.h:73 VARIABLE mul_ln73_149 LOOP {} BUNDLEDNAME {} DSP 1 BRAM 0 URAM 0 STORAGESUBTYPE {} DISPNAME {bind_op mul} VISIBLE true} {BINDTYPE op ID {} IMPL auto LATENCY 0 OPTYPE mul PRAGMA {} RTLNAME mul_16s_10ns_26_1_1_U323 SOURCE firmware/nnet_utils/nnet_mult.h:73 VARIABLE mul_ln73_150 LOOP {} BUNDLEDNAME {} DSP 1 BRAM 0 URAM 0 STORAGESUBTYPE {} DISPNAME {bind_op mul} VISIBLE true} {BINDTYPE op ID {} IMPL auto LATENCY 0 OPTYPE mul PRAGMA {} RTLNAME mul_16s_9s_25_1_1_U188 SOURCE firmware/nnet_utils/nnet_mult.h:73 VARIABLE mul_ln73_151 LOOP {} BUNDLEDNAME {} DSP 1 BRAM 0 URAM 0 STORAGESUBTYPE {} DISPNAME {bind_op mul} VISIBLE true} {BINDTYPE op ID {} IMPL auto LATENCY 0 OPTYPE mul PRAGMA {} RTLNAME mul_16s_8ns_24_1_1_U180 SOURCE firmware/nnet_utils/nnet_mult.h:73 VARIABLE mul_ln73_152 LOOP {} BUNDLEDNAME {} DSP 1 BRAM 0 URAM 0 STORAGESUBTYPE {} DISPNAME {bind_op mul} VISIBLE true} {BINDTYPE op ID {} IMPL auto LATENCY 0 OPTYPE mul PRAGMA {} RTLNAME mul_16s_9ns_25_1_1_U207 SOURCE firmware/nnet_utils/nnet_mult.h:73 VARIABLE mul_ln73_153 LOOP {} BUNDLEDNAME {} DSP 1 BRAM 0 URAM 0 STORAGESUBTYPE {} DISPNAME {bind_op mul} VISIBLE true} {BINDTYPE op ID {} IMPL auto LATENCY 0 OPTYPE mul PRAGMA {} RTLNAME mul_16s_7ns_23_1_1_U294 SOURCE firmware/nnet_utils/nnet_mult.h:73 VARIABLE mul_ln73_154 LOOP {} BUNDLEDNAME {} DSP 1 BRAM 0 URAM 0 STORAGESUBTYPE {} DISPNAME {bind_op mul} VISIBLE true} {BINDTYPE op ID {} IMPL fabric LATENCY 0 OPTYPE sub PRAGMA {} RTLNAME sub_ln73_25_fu_280444_p2 SOURCE firmware/nnet_utils/nnet_mult.h:73 VARIABLE sub_ln73_25 LOOP {} BUNDLEDNAME {} DSP 0 BRAM 0 URAM 0 STORAGESUBTYPE {} DISPNAME {bind_op sub} VISIBLE true} {BINDTYPE op ID {} IMPL auto LATENCY 0 OPTYPE mul PRAGMA {} RTLNAME mul_16s_9s_25_1_1_U331 SOURCE firmware/nnet_utils/nnet_mult.h:73 VARIABLE mul_ln73_155 LOOP {} BUNDLEDNAME {} DSP 1 BRAM 0 URAM 0 STORAGESUBTYPE {} DISPNAME {bind_op mul} VISIBLE true} {BINDTYPE op ID {} IMPL auto LATENCY 0 OPTYPE mul PRAGMA {} RTLNAME mul_16s_7ns_23_1_1_U285 SOURCE firmware/nnet_utils/nnet_mult.h:73 VARIABLE mul_ln73_156 LOOP {} BUNDLEDNAME {} DSP 1 BRAM 0 URAM 0 STORAGESUBTYPE {} DISPNAME {bind_op mul} VISIBLE true} {BINDTYPE op ID {} IMPL auto LATENCY 0 OPTYPE mul PRAGMA {} RTLNAME mul_16s_9ns_25_1_1_U175 SOURCE firmware/nnet_utils/nnet_mult.h:73 VARIABLE mul_ln73_157 LOOP {} BUNDLEDNAME {} DSP 1 BRAM 0 URAM 0 STORAGESUBTYPE {} DISPNAME {bind_op mul} VISIBLE true} {BINDTYPE op ID {} IMPL auto LATENCY 0 OPTYPE mul PRAGMA {} RTLNAME mul_16s_10ns_26_1_1_U325 SOURCE firmware/nnet_utils/nnet_mult.h:73 VARIABLE mul_ln73_158 LOOP {} BUNDLEDNAME {} DSP 1 BRAM 0 URAM 0 STORAGESUBTYPE {} DISPNAME {bind_op mul} VISIBLE true} {BINDTYPE op ID {} IMPL auto LATENCY 0 OPTYPE mul PRAGMA {} RTLNAME mul_16s_10s_26_1_1_U212 SOURCE firmware/nnet_utils/nnet_mult.h:73 VARIABLE mul_ln73_159 LOOP {} BUNDLEDNAME {} DSP 1 BRAM 0 URAM 0 STORAGESUBTYPE {} DISPNAME {bind_op mul} VISIBLE true} {BINDTYPE op ID {} IMPL auto LATENCY 0 OPTYPE mul PRAGMA {} RTLNAME mul_16s_8ns_24_1_1_U327 SOURCE firmware/nnet_utils/nnet_mult.h:73 VARIABLE mul_ln73_160 LOOP {} BUNDLEDNAME {} DSP 1 BRAM 0 URAM 0 STORAGESUBTYPE {} DISPNAME {bind_op mul} VISIBLE true} {BINDTYPE op ID {} IMPL auto LATENCY 0 OPTYPE mul PRAGMA {} RTLNAME mul_16s_10s_26_1_1_U213 SOURCE firmware/nnet_utils/nnet_mult.h:73 VARIABLE mul_ln73_161 LOOP {} BUNDLEDNAME {} DSP 1 BRAM 0 URAM 0 STORAGESUBTYPE {} DISPNAME {bind_op mul} VISIBLE true} {BINDTYPE op ID {} IMPL auto LATENCY 0 OPTYPE mul PRAGMA {} RTLNAME mul_16s_9ns_25_1_1_U144 SOURCE firmware/nnet_utils/nnet_mult.h:73 VARIABLE mul_ln73_162 LOOP {} BUNDLEDNAME {} DSP 1 BRAM 0 URAM 0 STORAGESUBTYPE {} DISPNAME {bind_op mul} VISIBLE true} {BINDTYPE op ID {} IMPL auto LATENCY 0 OPTYPE mul PRAGMA {} RTLNAME mul_16s_9ns_25_1_1_U330 SOURCE firmware/nnet_utils/nnet_mult.h:73 VARIABLE mul_ln73_163 LOOP {} BUNDLEDNAME {} DSP 1 BRAM 0 URAM 0 STORAGESUBTYPE {} DISPNAME {bind_op mul} VISIBLE true} {BINDTYPE op ID {} IMPL auto LATENCY 0 OPTYPE mul PRAGMA {} RTLNAME mul_16s_10ns_26_1_1_U296 SOURCE firmware/nnet_utils/nnet_mult.h:73 VARIABLE mul_ln73_164 LOOP {} BUNDLEDNAME {} DSP 1 BRAM 0 URAM 0 STORAGESUBTYPE {} DISPNAME {bind_op mul} VISIBLE true} {BINDTYPE op ID {} IMPL auto LATENCY 0 OPTYPE mul PRAGMA {} RTLNAME mul_16s_10s_26_1_1_U348 SOURCE firmware/nnet_utils/nnet_mult.h:73 VARIABLE mul_ln73_165 LOOP {} BUNDLEDNAME {} DSP 1 BRAM 0 URAM 0 STORAGESUBTYPE {} DISPNAME {bind_op mul} VISIBLE true} {BINDTYPE op ID {} IMPL auto LATENCY 0 OPTYPE mul PRAGMA {} RTLNAME mul_16s_9s_25_1_1_U181 SOURCE firmware/nnet_utils/nnet_mult.h:73 VARIABLE mul_ln73_166 LOOP {} BUNDLEDNAME {} DSP 1 BRAM 0 URAM 0 STORAGESUBTYPE {} DISPNAME {bind_op mul} VISIBLE true} {BINDTYPE op ID {} IMPL auto LATENCY 0 OPTYPE mul PRAGMA {} RTLNAME mul_16s_9s_25_1_1_U340 SOURCE firmware/nnet_utils/nnet_mult.h:73 VARIABLE mul_ln73_167 LOOP {} BUNDLEDNAME {} DSP 1 BRAM 0 URAM 0 STORAGESUBTYPE {} DISPNAME {bind_op mul} VISIBLE true} {BINDTYPE op ID {} IMPL fabric LATENCY 0 OPTYPE sub PRAGMA {} RTLNAME sub_ln73_26_fu_280664_p2 SOURCE firmware/nnet_utils/nnet_mult.h:73 VARIABLE sub_ln73_26 LOOP {} BUNDLEDNAME {} DSP 0 BRAM 0 URAM 0 STORAGESUBTYPE {} DISPNAME {bind_op sub} VISIBLE true} {BINDTYPE op ID {} IMPL auto LATENCY 0 OPTYPE mul PRAGMA {} RTLNAME mul_16s_9s_25_1_1_U139 SOURCE firmware/nnet_utils/nnet_mult.h:73 VARIABLE mul_ln73_168 LOOP {} BUNDLEDNAME {} DSP 1 BRAM 0 URAM 0 STORAGESUBTYPE {} DISPNAME {bind_op mul} VISIBLE true} {BINDTYPE op ID {} IMPL auto LATENCY 0 OPTYPE mul PRAGMA {} RTLNAME mul_16s_10ns_26_1_1_U250 SOURCE firmware/nnet_utils/nnet_mult.h:73 VARIABLE mul_ln73_169 LOOP {} BUNDLEDNAME {} DSP 1 BRAM 0 URAM 0 STORAGESUBTYPE {} DISPNAME {bind_op mul} VISIBLE true} {BINDTYPE op ID {} IMPL auto LATENCY 0 OPTYPE mul PRAGMA {} RTLNAME mul_16s_7ns_23_1_1_U332 SOURCE firmware/nnet_utils/nnet_mult.h:73 VARIABLE mul_ln73_170 LOOP {} BUNDLEDNAME {} DSP 1 BRAM 0 URAM 0 STORAGESUBTYPE {} DISPNAME {bind_op mul} VISIBLE true} {BINDTYPE op ID {} IMPL auto LATENCY 0 OPTYPE mul PRAGMA {} RTLNAME mul_16s_10s_26_1_1_U147 SOURCE firmware/nnet_utils/nnet_mult.h:73 VARIABLE mul_ln73_171 LOOP {} BUNDLEDNAME {} DSP 1 BRAM 0 URAM 0 STORAGESUBTYPE {} DISPNAME {bind_op mul} VISIBLE true} {BINDTYPE op ID {} IMPL auto LATENCY 0 OPTYPE mul PRAGMA {} RTLNAME mul_16s_10s_26_1_1_U334 SOURCE firmware/nnet_utils/nnet_mult.h:73 VARIABLE mul_ln73_172 LOOP {} BUNDLEDNAME {} DSP 1 BRAM 0 URAM 0 STORAGESUBTYPE {} DISPNAME {bind_op mul} VISIBLE true} {BINDTYPE op ID {} IMPL auto LATENCY 0 OPTYPE mul PRAGMA {} RTLNAME mul_16s_9ns_25_1_1_U335 SOURCE firmware/nnet_utils/nnet_mult.h:73 VARIABLE mul_ln73_173 LOOP {} BUNDLEDNAME {} DSP 1 BRAM 0 URAM 0 STORAGESUBTYPE {} DISPNAME {bind_op mul} VISIBLE true} {BINDTYPE op ID {} IMPL auto LATENCY 0 OPTYPE mul PRAGMA {} RTLNAME mul_16s_9s_25_1_1_U150 SOURCE firmware/nnet_utils/nnet_mult.h:73 VARIABLE mul_ln73_174 LOOP {} BUNDLEDNAME {} DSP 1 BRAM 0 URAM 0 STORAGESUBTYPE {} DISPNAME {bind_op mul} VISIBLE true} {BINDTYPE op ID {} IMPL auto LATENCY 0 OPTYPE mul PRAGMA {} RTLNAME mul_16s_6ns_22_1_1_U302 SOURCE firmware/nnet_utils/nnet_mult.h:73 VARIABLE mul_ln73_175 LOOP {} BUNDLEDNAME {} DSP 1 BRAM 0 URAM 0 STORAGESUBTYPE {} DISPNAME {bind_op mul} VISIBLE true} {BINDTYPE op ID {} IMPL auto LATENCY 0 OPTYPE mul PRAGMA {} RTLNAME mul_16s_10s_26_1_1_U266 SOURCE firmware/nnet_utils/nnet_mult.h:73 VARIABLE mul_ln73_176 LOOP {} BUNDLEDNAME {} DSP 1 BRAM 0 URAM 0 STORAGESUBTYPE {} DISPNAME {bind_op mul} VISIBLE true} {BINDTYPE op ID {} IMPL auto LATENCY 0 OPTYPE mul PRAGMA {} RTLNAME mul_16s_9s_25_1_1_U225 SOURCE firmware/nnet_utils/nnet_mult.h:73 VARIABLE mul_ln73_177 LOOP {} BUNDLEDNAME {} DSP 1 BRAM 0 URAM 0 STORAGESUBTYPE {} DISPNAME {bind_op mul} VISIBLE true} {BINDTYPE op ID {} IMPL auto LATENCY 0 OPTYPE mul PRAGMA {} RTLNAME mul_16s_9ns_25_1_1_U221 SOURCE firmware/nnet_utils/nnet_mult.h:73 VARIABLE mul_ln73_178 LOOP {} BUNDLEDNAME {} DSP 1 BRAM 0 URAM 0 STORAGESUBTYPE {} DISPNAME {bind_op mul} VISIBLE true} {BINDTYPE op ID {} IMPL fabric LATENCY 0 OPTYPE add PRAGMA {} RTLNAME add_ln73_11_fu_280887_p2 SOURCE firmware/nnet_utils/nnet_mult.h:73 VARIABLE add_ln73_11 LOOP {} BUNDLEDNAME {} DSP 0 BRAM 0 URAM 0 STORAGESUBTYPE {} DISPNAME {bind_op add} VISIBLE true} {BINDTYPE op ID {} IMPL auto LATENCY 0 OPTYPE mul PRAGMA {} RTLNAME mul_16s_9ns_25_1_1_U152 SOURCE firmware/nnet_utils/nnet_mult.h:73 VARIABLE mul_ln73_179 LOOP {} BUNDLEDNAME {} DSP 1 BRAM 0 URAM 0 STORAGESUBTYPE {} DISPNAME {bind_op mul} VISIBLE true} {BINDTYPE op ID {} IMPL auto LATENCY 0 OPTYPE mul PRAGMA {} RTLNAME mul_16s_9ns_25_1_1_U227 SOURCE firmware/nnet_utils/nnet_mult.h:73 VARIABLE mul_ln73_180 LOOP {} BUNDLEDNAME {} DSP 1 BRAM 0 URAM 0 STORAGESUBTYPE {} DISPNAME {bind_op mul} VISIBLE true} {BINDTYPE op ID {} IMPL auto LATENCY 0 OPTYPE mul PRAGMA {} RTLNAME mul_16s_8s_24_1_1_U224 SOURCE firmware/nnet_utils/nnet_mult.h:73 VARIABLE mul_ln73_181 LOOP {} BUNDLEDNAME {} DSP 1 BRAM 0 URAM 0 STORAGESUBTYPE {} DISPNAME {bind_op mul} VISIBLE true} {BINDTYPE op ID {} IMPL auto LATENCY 0 OPTYPE mul PRAGMA {} RTLNAME mul_16s_7s_23_1_1_U273 SOURCE firmware/nnet_utils/nnet_mult.h:73 VARIABLE mul_ln73_182 LOOP {} BUNDLEDNAME {} DSP 1 BRAM 0 URAM 0 STORAGESUBTYPE {} DISPNAME {bind_op mul} VISIBLE true} {BINDTYPE op ID {} IMPL auto LATENCY 0 OPTYPE mul PRAGMA {} RTLNAME mul_16s_6ns_22_1_1_U153 SOURCE firmware/nnet_utils/nnet_mult.h:73 VARIABLE mul_ln73_183 LOOP {} BUNDLEDNAME {} DSP 1 BRAM 0 URAM 0 STORAGESUBTYPE {} DISPNAME {bind_op mul} VISIBLE true} {BINDTYPE op ID {} IMPL auto LATENCY 0 OPTYPE mul PRAGMA {} RTLNAME mul_16s_9s_25_1_1_U176 SOURCE firmware/nnet_utils/nnet_mult.h:73 VARIABLE mul_ln73_184 LOOP {} BUNDLEDNAME {} DSP 1 BRAM 0 URAM 0 STORAGESUBTYPE {} DISPNAME {bind_op mul} VISIBLE true} {BINDTYPE op ID {} IMPL auto LATENCY 0 OPTYPE mul PRAGMA {} RTLNAME mul_16s_9ns_25_1_1_U189 SOURCE firmware/nnet_utils/nnet_mult.h:73 VARIABLE mul_ln73_185 LOOP {} BUNDLEDNAME {} DSP 1 BRAM 0 URAM 0 STORAGESUBTYPE {} DISPNAME {bind_op mul} VISIBLE true} {BINDTYPE op ID {} IMPL fabric LATENCY 0 OPTYPE sub PRAGMA {} RTLNAME sub_ln73_29_fu_281057_p2 SOURCE firmware/nnet_utils/nnet_mult.h:73 VARIABLE sub_ln73_29 LOOP {} BUNDLEDNAME {} DSP 0 BRAM 0 URAM 0 STORAGESUBTYPE {} DISPNAME {bind_op sub} VISIBLE true} {BINDTYPE op ID {} IMPL auto LATENCY 0 OPTYPE mul PRAGMA {} RTLNAME mul_16s_9s_25_1_1_U281 SOURCE firmware/nnet_utils/nnet_mult.h:73 VARIABLE mul_ln73_186 LOOP {} BUNDLEDNAME {} DSP 1 BRAM 0 URAM 0 STORAGESUBTYPE {} DISPNAME {bind_op mul} VISIBLE true} {BINDTYPE op ID {} IMPL fabric LATENCY 0 OPTYPE add PRAGMA {} RTLNAME add_ln73_12_fu_281128_p2 SOURCE firmware/nnet_utils/nnet_mult.h:73 VARIABLE add_ln73_12 LOOP {} BUNDLEDNAME {} DSP 0 BRAM 0 URAM 0 STORAGESUBTYPE {} DISPNAME {bind_op add} VISIBLE true} {BINDTYPE op ID {} IMPL auto LATENCY 0 OPTYPE mul PRAGMA {} RTLNAME mul_16s_10ns_26_1_1_U282 SOURCE firmware/nnet_utils/nnet_mult.h:73 VARIABLE mul_ln73_187 LOOP {} BUNDLEDNAME {} DSP 1 BRAM 0 URAM 0 STORAGESUBTYPE {} DISPNAME {bind_op mul} VISIBLE true} {BINDTYPE op ID {} IMPL auto LATENCY 0 OPTYPE mul PRAGMA {} RTLNAME mul_16s_9s_25_1_1_U317 SOURCE firmware/nnet_utils/nnet_mult.h:73 VARIABLE mul_ln73_188 LOOP {} BUNDLEDNAME {} DSP 1 BRAM 0 URAM 0 STORAGESUBTYPE {} DISPNAME {bind_op mul} VISIBLE true} {BINDTYPE op ID {} IMPL fabric LATENCY 0 OPTYPE sub PRAGMA {} RTLNAME sub_ln73_30_fu_281192_p2 SOURCE firmware/nnet_utils/nnet_mult.h:73 VARIABLE sub_ln73_30 LOOP {} BUNDLEDNAME {} DSP 0 BRAM 0 URAM 0 STORAGESUBTYPE {} DISPNAME {bind_op sub} VISIBLE true} {BINDTYPE op ID {} IMPL fabric LATENCY 0 OPTYPE add PRAGMA {} RTLNAME add_ln73_13_fu_281236_p2 SOURCE firmware/nnet_utils/nnet_mult.h:73 VARIABLE add_ln73_13 LOOP {} BUNDLEDNAME {} DSP 0 BRAM 0 URAM 0 STORAGESUBTYPE {} DISPNAME {bind_op add} VISIBLE true} {BINDTYPE op ID {} IMPL auto LATENCY 0 OPTYPE mul PRAGMA {} RTLNAME mul_16s_8s_24_1_1_U234 SOURCE firmware/nnet_utils/nnet_mult.h:73 VARIABLE mul_ln73_189 LOOP {} BUNDLEDNAME {} DSP 1 BRAM 0 URAM 0 STORAGESUBTYPE {} DISPNAME {bind_op mul} VISIBLE true} {BINDTYPE op ID {} IMPL auto LATENCY 0 OPTYPE mul PRAGMA {} RTLNAME mul_16s_9s_25_1_1_U209 SOURCE firmware/nnet_utils/nnet_mult.h:73 VARIABLE mul_ln73_190 LOOP {} BUNDLEDNAME {} DSP 1 BRAM 0 URAM 0 STORAGESUBTYPE {} DISPNAME {bind_op mul} VISIBLE true} {BINDTYPE op ID {} IMPL auto LATENCY 0 OPTYPE mul PRAGMA {} RTLNAME mul_16s_9s_25_1_1_U161 SOURCE firmware/nnet_utils/nnet_mult.h:73 VARIABLE mul_ln73_191 LOOP {} BUNDLEDNAME {} DSP 1 BRAM 0 URAM 0 STORAGESUBTYPE {} DISPNAME {bind_op mul} VISIBLE true} {BINDTYPE op ID {} IMPL auto LATENCY 0 OPTYPE mul PRAGMA {} RTLNAME mul_16s_7s_23_1_1_U156 SOURCE firmware/nnet_utils/nnet_mult.h:73 VARIABLE mul_ln73_192 LOOP {} BUNDLEDNAME {} DSP 1 BRAM 0 URAM 0 STORAGESUBTYPE {} DISPNAME {bind_op mul} VISIBLE true} {BINDTYPE op ID {} IMPL auto LATENCY 0 OPTYPE mul PRAGMA {} RTLNAME mul_16s_10ns_26_1_1_U270 SOURCE firmware/nnet_utils/nnet_mult.h:73 VARIABLE mul_ln73_193 LOOP {} BUNDLEDNAME {} DSP 1 BRAM 0 URAM 0 STORAGESUBTYPE {} DISPNAME {bind_op mul} VISIBLE true} {BINDTYPE op ID {} IMPL auto LATENCY 0 OPTYPE mul PRAGMA {} RTLNAME mul_16s_10ns_26_1_1_U228 SOURCE firmware/nnet_utils/nnet_mult.h:73 VARIABLE mul_ln73_194 LOOP {} BUNDLEDNAME {} DSP 1 BRAM 0 URAM 0 STORAGESUBTYPE {} DISPNAME {bind_op mul} VISIBLE true} {BINDTYPE op ID {} IMPL auto LATENCY 0 OPTYPE mul PRAGMA {} RTLNAME mul_16s_9s_25_1_1_U159 SOURCE firmware/nnet_utils/nnet_mult.h:73 VARIABLE mul_ln73_195 LOOP {} BUNDLEDNAME {} DSP 1 BRAM 0 URAM 0 STORAGESUBTYPE {} DISPNAME {bind_op mul} VISIBLE true} {BINDTYPE op ID {} IMPL auto LATENCY 0 OPTYPE mul PRAGMA {} RTLNAME mul_16s_9s_25_1_1_U344 SOURCE firmware/nnet_utils/nnet_mult.h:73 VARIABLE mul_ln73_196 LOOP {} BUNDLEDNAME {} DSP 1 BRAM 0 URAM 0 STORAGESUBTYPE {} DISPNAME {bind_op mul} VISIBLE true} {BINDTYPE op ID {} IMPL fabric LATENCY 0 OPTYPE add PRAGMA {} RTLNAME add_ln73_14_fu_281387_p2 SOURCE firmware/nnet_utils/nnet_mult.h:73 VARIABLE add_ln73_14 LOOP {} BUNDLEDNAME {} DSP 0 BRAM 0 URAM 0 STORAGESUBTYPE {} DISPNAME {bind_op add} VISIBLE true} {BINDTYPE op ID {} IMPL auto LATENCY 0 OPTYPE mul PRAGMA {} RTLNAME mul_16s_9ns_25_1_1_U170 SOURCE firmware/nnet_utils/nnet_mult.h:73 VARIABLE mul_ln73_197 LOOP {} BUNDLEDNAME {} DSP 1 BRAM 0 URAM 0 STORAGESUBTYPE {} DISPNAME {bind_op mul} VISIBLE true} {BINDTYPE op ID {} IMPL auto LATENCY 0 OPTYPE mul PRAGMA {} RTLNAME mul_16s_10s_26_1_1_U162 SOURCE firmware/nnet_utils/nnet_mult.h:73 VARIABLE mul_ln73_198 LOOP {} BUNDLEDNAME {} DSP 1 BRAM 0 URAM 0 STORAGESUBTYPE {} DISPNAME {bind_op mul} VISIBLE true} {BINDTYPE op ID {} IMPL fabric LATENCY 0 OPTYPE sub PRAGMA {} RTLNAME sub_ln73_31_fu_281465_p2 SOURCE firmware/nnet_utils/nnet_mult.h:73 VARIABLE sub_ln73_31 LOOP {} BUNDLEDNAME {} DSP 0 BRAM 0 URAM 0 STORAGESUBTYPE {} DISPNAME {bind_op sub} VISIBLE true} {BINDTYPE op ID {} IMPL auto LATENCY 0 OPTYPE mul PRAGMA {} RTLNAME mul_16s_7ns_23_1_1_U163 SOURCE firmware/nnet_utils/nnet_mult.h:73 VARIABLE mul_ln73_199 LOOP {} BUNDLEDNAME {} DSP 1 BRAM 0 URAM 0 STORAGESUBTYPE {} DISPNAME {bind_op mul} VISIBLE true} {BINDTYPE op ID {} IMPL auto LATENCY 0 OPTYPE mul PRAGMA {} RTLNAME mul_16s_9ns_25_1_1_U164 SOURCE firmware/nnet_utils/nnet_mult.h:73 VARIABLE mul_ln73_200 LOOP {} BUNDLEDNAME {} DSP 1 BRAM 0 URAM 0 STORAGESUBTYPE {} DISPNAME {bind_op mul} VISIBLE true} {BINDTYPE op ID {} IMPL auto LATENCY 0 OPTYPE mul PRAGMA {} RTLNAME mul_16s_10s_26_1_1_U241 SOURCE firmware/nnet_utils/nnet_mult.h:73 VARIABLE mul_ln73_201 LOOP {} BUNDLEDNAME {} DSP 1 BRAM 0 URAM 0 STORAGESUBTYPE {} DISPNAME {bind_op mul} VISIBLE true} {BINDTYPE op ID {} IMPL auto LATENCY 0 OPTYPE mul PRAGMA {} RTLNAME mul_16s_10ns_26_1_1_U204 SOURCE firmware/nnet_utils/nnet_mult.h:73 VARIABLE mul_ln73_202 LOOP {} BUNDLEDNAME {} DSP 1 BRAM 0 URAM 0 STORAGESUBTYPE {} DISPNAME {bind_op mul} VISIBLE true} {BINDTYPE op ID {} IMPL auto LATENCY 0 OPTYPE mul PRAGMA {} RTLNAME mul_16s_10ns_26_1_1_U200 SOURCE firmware/nnet_utils/nnet_mult.h:73 VARIABLE mul_ln73_203 LOOP {} BUNDLEDNAME {} DSP 1 BRAM 0 URAM 0 STORAGESUBTYPE {} DISPNAME {bind_op mul} VISIBLE true} {BINDTYPE op ID {} IMPL auto LATENCY 0 OPTYPE mul PRAGMA {} RTLNAME mul_16s_9ns_25_1_1_U210 SOURCE firmware/nnet_utils/nnet_mult.h:73 VARIABLE mul_ln73_204 LOOP {} BUNDLEDNAME {} DSP 1 BRAM 0 URAM 0 STORAGESUBTYPE {} DISPNAME {bind_op mul} VISIBLE true} {BINDTYPE op ID {} IMPL auto LATENCY 0 OPTYPE mul PRAGMA {} RTLNAME mul_16s_10s_26_1_1_U322 SOURCE firmware/nnet_utils/nnet_mult.h:73 VARIABLE mul_ln73_205 LOOP {} BUNDLEDNAME {} DSP 1 BRAM 0 URAM 0 STORAGESUBTYPE {} DISPNAME {bind_op mul} VISIBLE true} {BINDTYPE op ID {} IMPL auto LATENCY 0 OPTYPE mul PRAGMA {} RTLNAME mul_16s_10s_26_1_1_U238 SOURCE firmware/nnet_utils/nnet_mult.h:73 VARIABLE mul_ln73_206 LOOP {} BUNDLEDNAME {} DSP 1 BRAM 0 URAM 0 STORAGESUBTYPE {} DISPNAME {bind_op mul} VISIBLE true} {BINDTYPE op ID {} IMPL auto LATENCY 0 OPTYPE mul PRAGMA {} RTLNAME mul_16s_8ns_24_1_1_U133 SOURCE firmware/nnet_utils/nnet_mult.h:73 VARIABLE mul_ln73_207 LOOP {} BUNDLEDNAME {} DSP 1 BRAM 0 URAM 0 STORAGESUBTYPE {} DISPNAME {bind_op mul} VISIBLE true} {BINDTYPE op ID {} IMPL fabric LATENCY 0 OPTYPE sub PRAGMA {} RTLNAME sub_ln73_32_fu_281643_p2 SOURCE firmware/nnet_utils/nnet_mult.h:73 VARIABLE sub_ln73_32 LOOP {} BUNDLEDNAME {} DSP 0 BRAM 0 URAM 0 STORAGESUBTYPE {} DISPNAME {bind_op sub} VISIBLE true} {BINDTYPE op ID {} IMPL fabric LATENCY 0 OPTYPE sub PRAGMA {} RTLNAME sub_ln73_33_fu_281675_p2 SOURCE firmware/nnet_utils/nnet_mult.h:73 VARIABLE sub_ln73_33 LOOP {} BUNDLEDNAME {} DSP 0 BRAM 0 URAM 0 STORAGESUBTYPE {} DISPNAME {bind_op sub} VISIBLE true} {BINDTYPE op ID {} IMPL auto LATENCY 0 OPTYPE mul PRAGMA {} RTLNAME mul_16s_10s_26_1_1_U166 SOURCE firmware/nnet_utils/nnet_mult.h:73 VARIABLE mul_ln73_208 LOOP {} BUNDLEDNAME {} DSP 1 BRAM 0 URAM 0 STORAGESUBTYPE {} DISPNAME {bind_op mul} VISIBLE true} {BINDTYPE op ID {} IMPL auto LATENCY 0 OPTYPE mul PRAGMA {} RTLNAME mul_16s_8s_24_1_1_U167 SOURCE firmware/nnet_utils/nnet_mult.h:73 VARIABLE mul_ln73_209 LOOP {} BUNDLEDNAME {} DSP 1 BRAM 0 URAM 0 STORAGESUBTYPE {} DISPNAME {bind_op mul} VISIBLE true} {BINDTYPE op ID {} IMPL auto LATENCY 0 OPTYPE mul PRAGMA {} RTLNAME mul_16s_10ns_26_1_1_U183 SOURCE firmware/nnet_utils/nnet_mult.h:73 VARIABLE mul_ln73_210 LOOP {} BUNDLEDNAME {} DSP 1 BRAM 0 URAM 0 STORAGESUBTYPE {} DISPNAME {bind_op mul} VISIBLE true} {BINDTYPE op ID {} IMPL auto LATENCY 0 OPTYPE mul PRAGMA {} RTLNAME mul_16s_8ns_24_1_1_U353 SOURCE firmware/nnet_utils/nnet_mult.h:73 VARIABLE mul_ln73_211 LOOP {} BUNDLEDNAME {} DSP 1 BRAM 0 URAM 0 STORAGESUBTYPE {} DISPNAME {bind_op mul} VISIBLE true} {BINDTYPE op ID {} IMPL auto LATENCY 0 OPTYPE mul PRAGMA {} RTLNAME mul_16s_9s_25_1_1_U354 SOURCE firmware/nnet_utils/nnet_mult.h:73 VARIABLE mul_ln73_212 LOOP {} BUNDLEDNAME {} DSP 1 BRAM 0 URAM 0 STORAGESUBTYPE {} DISPNAME {bind_op mul} VISIBLE true} {BINDTYPE op ID {} IMPL auto LATENCY 0 OPTYPE mul PRAGMA {} RTLNAME mul_16s_9s_25_1_1_U291 SOURCE firmware/nnet_utils/nnet_mult.h:73 VARIABLE mul_ln73_213 LOOP {} BUNDLEDNAME {} DSP 1 BRAM 0 URAM 0 STORAGESUBTYPE {} DISPNAME {bind_op mul} VISIBLE true} {BINDTYPE op ID {} IMPL auto LATENCY 0 OPTYPE mul PRAGMA {} RTLNAME mul_16s_7ns_23_1_1_U146 SOURCE firmware/nnet_utils/nnet_mult.h:73 VARIABLE mul_ln73_214 LOOP {} BUNDLEDNAME {} DSP 1 BRAM 0 URAM 0 STORAGESUBTYPE {} DISPNAME {bind_op mul} VISIBLE true} {BINDTYPE op ID {} IMPL auto LATENCY 0 OPTYPE mul PRAGMA {} RTLNAME mul_16s_10s_26_1_1_U208 SOURCE firmware/nnet_utils/nnet_mult.h:73 VARIABLE mul_ln73_215 LOOP {} BUNDLEDNAME {} DSP 1 BRAM 0 URAM 0 STORAGESUBTYPE {} DISPNAME {bind_op mul} VISIBLE true} {BINDTYPE op ID {} IMPL auto LATENCY 0 OPTYPE mul PRAGMA {} RTLNAME mul_16s_8s_24_1_1_U337 SOURCE firmware/nnet_utils/nnet_mult.h:73 VARIABLE mul_ln73_216 LOOP {} BUNDLEDNAME {} DSP 1 BRAM 0 URAM 0 STORAGESUBTYPE {} DISPNAME {bind_op mul} VISIBLE true} {BINDTYPE op ID {} IMPL auto LATENCY 0 OPTYPE mul PRAGMA {} RTLNAME mul_16s_9ns_25_1_1_U215 SOURCE firmware/nnet_utils/nnet_mult.h:73 VARIABLE mul_ln73_217 LOOP {} BUNDLEDNAME {} DSP 1 BRAM 0 URAM 0 STORAGESUBTYPE {} DISPNAME {bind_op mul} VISIBLE true} {BINDTYPE op ID {} IMPL fabric LATENCY 0 OPTYPE sub PRAGMA {} RTLNAME sub_ln73_36_fu_281915_p2 SOURCE firmware/nnet_utils/nnet_mult.h:73 VARIABLE sub_ln73_36 LOOP {} BUNDLEDNAME {} DSP 0 BRAM 0 URAM 0 STORAGESUBTYPE {} DISPNAME {bind_op sub} VISIBLE true} {BINDTYPE op ID {} IMPL auto LATENCY 0 OPTYPE mul PRAGMA {} RTLNAME mul_16s_8ns_24_1_1_U263 SOURCE firmware/nnet_utils/nnet_mult.h:73 VARIABLE mul_ln73_218 LOOP {} BUNDLEDNAME {} DSP 1 BRAM 0 URAM 0 STORAGESUBTYPE {} DISPNAME {bind_op mul} VISIBLE true} {BINDTYPE op ID {} IMPL auto LATENCY 0 OPTYPE mul PRAGMA {} RTLNAME mul_16s_10ns_26_1_1_U174 SOURCE firmware/nnet_utils/nnet_mult.h:73 VARIABLE mul_ln73_219 LOOP {} BUNDLEDNAME {} DSP 1 BRAM 0 URAM 0 STORAGESUBTYPE {} DISPNAME {bind_op mul} VISIBLE true} {BINDTYPE op ID {} IMPL auto LATENCY 0 OPTYPE mul PRAGMA {} RTLNAME mul_16s_9s_25_1_1_U217 SOURCE firmware/nnet_utils/nnet_mult.h:73 VARIABLE mul_ln73_220 LOOP {} BUNDLEDNAME {} DSP 1 BRAM 0 URAM 0 STORAGESUBTYPE {} DISPNAME {bind_op mul} VISIBLE true} {BINDTYPE op ID {} IMPL auto LATENCY 0 OPTYPE mul PRAGMA {} RTLNAME mul_16s_9s_25_1_1_U358 SOURCE firmware/nnet_utils/nnet_mult.h:73 VARIABLE mul_ln73_221 LOOP {} BUNDLEDNAME {} DSP 1 BRAM 0 URAM 0 STORAGESUBTYPE {} DISPNAME {bind_op mul} VISIBLE true} {BINDTYPE op ID {} IMPL auto LATENCY 0 OPTYPE mul PRAGMA {} RTLNAME mul_16s_8ns_24_1_1_U359 SOURCE firmware/nnet_utils/nnet_mult.h:73 VARIABLE mul_ln73_222 LOOP {} BUNDLEDNAME {} DSP 1 BRAM 0 URAM 0 STORAGESUBTYPE {} DISPNAME {bind_op mul} VISIBLE true} {BINDTYPE op ID {} IMPL auto LATENCY 0 OPTYPE mul PRAGMA {} RTLNAME mul_16s_9s_25_1_1_U360 SOURCE firmware/nnet_utils/nnet_mult.h:73 VARIABLE mul_ln73_223 LOOP {} BUNDLEDNAME {} DSP 1 BRAM 0 URAM 0 STORAGESUBTYPE {} DISPNAME {bind_op mul} VISIBLE true} {BINDTYPE op ID {} IMPL auto LATENCY 0 OPTYPE mul PRAGMA {} RTLNAME mul_16s_9ns_25_1_1_U172 SOURCE firmware/nnet_utils/nnet_mult.h:73 VARIABLE mul_ln73_224 LOOP {} BUNDLEDNAME {} DSP 1 BRAM 0 URAM 0 STORAGESUBTYPE {} DISPNAME {bind_op mul} VISIBLE true} {BINDTYPE op ID {} IMPL auto LATENCY 0 OPTYPE mul PRAGMA {} RTLNAME mul_16s_10ns_26_1_1_U173 SOURCE firmware/nnet_utils/nnet_mult.h:73 VARIABLE mul_ln73_225 LOOP {} BUNDLEDNAME {} DSP 1 BRAM 0 URAM 0 STORAGESUBTYPE {} DISPNAME {bind_op mul} VISIBLE true} {BINDTYPE op ID {} IMPL auto LATENCY 0 OPTYPE mul PRAGMA {} RTLNAME mul_16s_9s_25_1_1_U187 SOURCE firmware/nnet_utils/nnet_mult.h:73 VARIABLE mul_ln73_226 LOOP {} BUNDLEDNAME {} DSP 1 BRAM 0 URAM 0 STORAGESUBTYPE {} DISPNAME {bind_op mul} VISIBLE true} {BINDTYPE op ID {} IMPL auto LATENCY 0 OPTYPE mul PRAGMA {} RTLNAME mul_16s_9ns_25_1_1_U232 SOURCE firmware/nnet_utils/nnet_mult.h:73 VARIABLE mul_ln73_227 LOOP {} BUNDLEDNAME {} DSP 1 BRAM 0 URAM 0 STORAGESUBTYPE {} DISPNAME {bind_op mul} VISIBLE true} {BINDTYPE op ID {} IMPL auto LATENCY 0 OPTYPE mul PRAGMA {} RTLNAME mul_16s_9ns_25_1_1_U131 SOURCE firmware/nnet_utils/nnet_mult.h:73 VARIABLE mul_ln73_228 LOOP {} BUNDLEDNAME {} DSP 1 BRAM 0 URAM 0 STORAGESUBTYPE {} DISPNAME {bind_op mul} VISIBLE true} {BINDTYPE op ID {} IMPL auto LATENCY 0 OPTYPE mul PRAGMA {} RTLNAME mul_16s_6s_22_1_1_U143 SOURCE firmware/nnet_utils/nnet_mult.h:73 VARIABLE mul_ln73_229 LOOP {} BUNDLEDNAME {} DSP 1 BRAM 0 URAM 0 STORAGESUBTYPE {} DISPNAME {bind_op mul} VISIBLE true} {BINDTYPE op ID {} IMPL auto LATENCY 0 OPTYPE mul PRAGMA {} RTLNAME mul_16s_9s_25_1_1_U352 SOURCE firmware/nnet_utils/nnet_mult.h:73 VARIABLE mul_ln73_230 LOOP {} BUNDLEDNAME {} DSP 1 BRAM 0 URAM 0 STORAGESUBTYPE {} DISPNAME {bind_op mul} VISIBLE true} {BINDTYPE op ID {} IMPL auto LATENCY 0 OPTYPE mul PRAGMA {} RTLNAME mul_16s_10ns_26_1_1_U251 SOURCE firmware/nnet_utils/nnet_mult.h:73 VARIABLE mul_ln73_231 LOOP {} BUNDLEDNAME {} DSP 1 BRAM 0 URAM 0 STORAGESUBTYPE {} DISPNAME {bind_op mul} VISIBLE true} {BINDTYPE op ID {} IMPL auto LATENCY 0 OPTYPE mul PRAGMA {} RTLNAME mul_16s_10s_26_1_1_U272 SOURCE firmware/nnet_utils/nnet_mult.h:73 VARIABLE mul_ln73_232 LOOP {} BUNDLEDNAME {} DSP 1 BRAM 0 URAM 0 STORAGESUBTYPE {} DISPNAME {bind_op mul} VISIBLE true} {BINDTYPE op ID {} IMPL auto LATENCY 0 OPTYPE mul PRAGMA {} RTLNAME mul_16s_9s_25_1_1_U247 SOURCE firmware/nnet_utils/nnet_mult.h:73 VARIABLE mul_ln73_233 LOOP {} BUNDLEDNAME {} DSP 1 BRAM 0 URAM 0 STORAGESUBTYPE {} DISPNAME {bind_op mul} VISIBLE true} {BINDTYPE op ID {} IMPL auto LATENCY 0 OPTYPE mul PRAGMA {} RTLNAME mul_16s_6s_22_1_1_U126 SOURCE firmware/nnet_utils/nnet_mult.h:73 VARIABLE mul_ln73_234 LOOP {} BUNDLEDNAME {} DSP 1 BRAM 0 URAM 0 STORAGESUBTYPE {} DISPNAME {bind_op mul} VISIBLE true} {BINDTYPE op ID {} IMPL auto LATENCY 0 OPTYPE mul PRAGMA {} RTLNAME mul_16s_9ns_25_1_1_U127 SOURCE firmware/nnet_utils/nnet_mult.h:73 VARIABLE mul_ln73_235 LOOP {} BUNDLEDNAME {} DSP 1 BRAM 0 URAM 0 STORAGESUBTYPE {} DISPNAME {bind_op mul} VISIBLE true} {BINDTYPE op ID {} IMPL auto LATENCY 0 OPTYPE mul PRAGMA {} RTLNAME mul_16s_9ns_25_1_1_U309 SOURCE firmware/nnet_utils/nnet_mult.h:73 VARIABLE mul_ln73_236 LOOP {} BUNDLEDNAME {} DSP 1 BRAM 0 URAM 0 STORAGESUBTYPE {} DISPNAME {bind_op mul} VISIBLE true} {BINDTYPE op ID {} IMPL fabric LATENCY 0 OPTYPE sub PRAGMA {} RTLNAME sub_ln73_37_fu_282235_p2 SOURCE firmware/nnet_utils/nnet_mult.h:73 VARIABLE sub_ln73_37 LOOP {} BUNDLEDNAME {} DSP 0 BRAM 0 URAM 0 STORAGESUBTYPE {} DISPNAME {bind_op sub} VISIBLE true} {BINDTYPE op ID {} IMPL fabric LATENCY 0 OPTYPE sub PRAGMA {} RTLNAME sub_ln73_38_fu_282279_p2 SOURCE firmware/nnet_utils/nnet_mult.h:73 VARIABLE sub_ln73_38 LOOP {} BUNDLEDNAME {} DSP 0 BRAM 0 URAM 0 STORAGESUBTYPE {} DISPNAME {bind_op sub} VISIBLE true} {BINDTYPE op ID {} IMPL auto LATENCY 0 OPTYPE mul PRAGMA {} RTLNAME mul_16s_7s_23_1_1_U179 SOURCE firmware/nnet_utils/nnet_mult.h:73 VARIABLE mul_ln73_237 LOOP {} BUNDLEDNAME {} DSP 1 BRAM 0 URAM 0 STORAGESUBTYPE {} DISPNAME {bind_op mul} VISIBLE true} {BINDTYPE op ID {} IMPL fabric LATENCY 0 OPTYPE add PRAGMA {} RTLNAME add_ln58_fu_282313_p2 SOURCE firmware/nnet_utils/nnet_dense_latency.h:58 VARIABLE add_ln58 LOOP {} BUNDLEDNAME {} DSP 0 BRAM 0 URAM 0 STORAGESUBTYPE {} DISPNAME {bind_op add} VISIBLE true} {BINDTYPE op ID {} IMPL fabric LATENCY 0 OPTYPE add PRAGMA {} RTLNAME add_ln58_1_fu_282319_p2 SOURCE firmware/nnet_utils/nnet_dense_latency.h:58 VARIABLE add_ln58_1 LOOP {} BUNDLEDNAME {} DSP 0 BRAM 0 URAM 0 STORAGESUBTYPE {} DISPNAME {bind_op add} VISIBLE true} {BINDTYPE op ID {} IMPL fabric LATENCY 0 OPTYPE add PRAGMA {} RTLNAME add_ln58_8_fu_282337_p2 SOURCE firmware/nnet_utils/nnet_dense_latency.h:58 VARIABLE add_ln58_8 LOOP {} BUNDLEDNAME {} DSP 0 BRAM 0 URAM 0 STORAGESUBTYPE {} DISPNAME {bind_op add} VISIBLE true} {BINDTYPE op ID {} IMPL fabric LATENCY 0 OPTYPE add PRAGMA {} RTLNAME add_ln58_9_fu_282343_p2 SOURCE firmware/nnet_utils/nnet_dense_latency.h:58 VARIABLE add_ln58_9 LOOP {} BUNDLEDNAME {} DSP 0 BRAM 0 URAM 0 STORAGESUBTYPE {} DISPNAME {bind_op add} VISIBLE true} {BINDTYPE op ID {} IMPL fabric LATENCY 0 OPTYPE add PRAGMA {} RTLNAME add_ln58_18_fu_282361_p2 SOURCE firmware/nnet_utils/nnet_dense_latency.h:58 VARIABLE add_ln58_18 LOOP {} BUNDLEDNAME {} DSP 0 BRAM 0 URAM 0 STORAGESUBTYPE {} DISPNAME {bind_op add} VISIBLE true} {BINDTYPE op ID {} IMPL fabric LATENCY 0 OPTYPE add PRAGMA {} RTLNAME add_ln58_25_fu_282379_p2 SOURCE firmware/nnet_utils/nnet_dense_latency.h:58 VARIABLE add_ln58_25 LOOP {} BUNDLEDNAME {} DSP 0 BRAM 0 URAM 0 STORAGESUBTYPE {} DISPNAME {bind_op add} VISIBLE true} {BINDTYPE op ID {} IMPL fabric LATENCY 0 OPTYPE add PRAGMA {} RTLNAME add_ln58_26_fu_282385_p2 SOURCE firmware/nnet_utils/nnet_dense_latency.h:58 VARIABLE add_ln58_26 LOOP {} BUNDLEDNAME {} DSP 0 BRAM 0 URAM 0 STORAGESUBTYPE {} DISPNAME {bind_op add} VISIBLE true} {BINDTYPE op ID {} IMPL fabric LATENCY 0 OPTYPE add PRAGMA {} RTLNAME add_ln58_27_fu_283385_p2 SOURCE firmware/nnet_utils/nnet_dense_latency.h:58 VARIABLE add_ln58_27 LOOP {} BUNDLEDNAME {} DSP 0 BRAM 0 URAM 0 STORAGESUBTYPE {} DISPNAME {bind_op add} VISIBLE true} {BINDTYPE op ID {} IMPL fabric LATENCY 0 OPTYPE add PRAGMA {} RTLNAME add_ln58_29_fu_282391_p2 SOURCE firmware/nnet_utils/nnet_dense_latency.h:58 VARIABLE add_ln58_29 LOOP {} BUNDLEDNAME {} DSP 0 BRAM 0 URAM 0 STORAGESUBTYPE {} DISPNAME {bind_op add} VISIBLE true} {BINDTYPE op ID {} IMPL fabric LATENCY 0 OPTYPE add PRAGMA {} RTLNAME add_ln58_30_fu_282397_p2 SOURCE firmware/nnet_utils/nnet_dense_latency.h:58 VARIABLE add_ln58_30 LOOP {} BUNDLEDNAME {} DSP 0 BRAM 0 URAM 0 STORAGESUBTYPE {} DISPNAME {bind_op add} VISIBLE true} {BINDTYPE op ID {} IMPL fabric LATENCY 0 OPTYPE add PRAGMA {} RTLNAME add_ln58_31_fu_282407_p2 SOURCE firmware/nnet_utils/nnet_dense_latency.h:58 VARIABLE add_ln58_31 LOOP {} BUNDLEDNAME {} DSP 0 BRAM 0 URAM 0 STORAGESUBTYPE {} DISPNAME {bind_op add} VISIBLE true} {BINDTYPE op ID {} IMPL fabric LATENCY 0 OPTYPE add PRAGMA {} RTLNAME add_ln58_32_fu_283403_p2 SOURCE firmware/nnet_utils/nnet_dense_latency.h:58 VARIABLE add_ln58_32 LOOP {} BUNDLEDNAME {} DSP 0 BRAM 0 URAM 0 STORAGESUBTYPE {} DISPNAME {bind_op add} VISIBLE true} {BINDTYPE op ID {} IMPL fabric LATENCY 0 OPTYPE add PRAGMA {} RTLNAME add_ln58_36_fu_282413_p2 SOURCE firmware/nnet_utils/nnet_dense_latency.h:58 VARIABLE add_ln58_36 LOOP {} BUNDLEDNAME {} DSP 0 BRAM 0 URAM 0 STORAGESUBTYPE {} DISPNAME {bind_op add} VISIBLE true} {BINDTYPE op ID {} IMPL fabric LATENCY 0 OPTYPE add PRAGMA {} RTLNAME add_ln58_37_fu_282419_p2 SOURCE firmware/nnet_utils/nnet_dense_latency.h:58 VARIABLE add_ln58_37 LOOP {} BUNDLEDNAME {} DSP 0 BRAM 0 URAM 0 STORAGESUBTYPE {} DISPNAME {bind_op add} VISIBLE true} {BINDTYPE op ID {} IMPL fabric LATENCY 0 OPTYPE add PRAGMA {} RTLNAME add_ln58_44_fu_282437_p2 SOURCE firmware/nnet_utils/nnet_dense_latency.h:58 VARIABLE add_ln58_44 LOOP {} BUNDLEDNAME {} DSP 0 BRAM 0 URAM 0 STORAGESUBTYPE {} DISPNAME {bind_op add} VISIBLE true} {BINDTYPE op ID {} IMPL fabric LATENCY 0 OPTYPE add PRAGMA {} RTLNAME add_ln58_45_fu_282443_p2 SOURCE firmware/nnet_utils/nnet_dense_latency.h:58 VARIABLE add_ln58_45 LOOP {} BUNDLEDNAME {} DSP 0 BRAM 0 URAM 0 STORAGESUBTYPE {} DISPNAME {bind_op add} VISIBLE true} {BINDTYPE op ID {} IMPL fabric LATENCY 0 OPTYPE add PRAGMA {} RTLNAME add_ln58_54_fu_282461_p2 SOURCE firmware/nnet_utils/nnet_dense_latency.h:58 VARIABLE add_ln58_54 LOOP {} BUNDLEDNAME {} DSP 0 BRAM 0 URAM 0 STORAGESUBTYPE {} DISPNAME {bind_op add} VISIBLE true} {BINDTYPE op ID {} IMPL fabric LATENCY 0 OPTYPE add PRAGMA {} RTLNAME add_ln58_56_fu_282467_p2 SOURCE firmware/nnet_utils/nnet_dense_latency.h:58 VARIABLE add_ln58_56 LOOP {} BUNDLEDNAME {} DSP 0 BRAM 0 URAM 0 STORAGESUBTYPE {} DISPNAME {bind_op add} VISIBLE true} {BINDTYPE op ID {} IMPL fabric LATENCY 0 OPTYPE add PRAGMA {} RTLNAME add_ln58_57_fu_282473_p2 SOURCE firmware/nnet_utils/nnet_dense_latency.h:58 VARIABLE add_ln58_57 LOOP {} BUNDLEDNAME {} DSP 0 BRAM 0 URAM 0 STORAGESUBTYPE {} DISPNAME {bind_op add} VISIBLE true} {BINDTYPE op ID {} IMPL fabric LATENCY 0 OPTYPE add PRAGMA {} RTLNAME add_ln58_61_fu_282479_p2 SOURCE firmware/nnet_utils/nnet_dense_latency.h:58 VARIABLE add_ln58_61 LOOP {} BUNDLEDNAME {} DSP 0 BRAM 0 URAM 0 STORAGESUBTYPE {} DISPNAME {bind_op add} VISIBLE true} {BINDTYPE op ID {} IMPL fabric LATENCY 0 OPTYPE add PRAGMA {} RTLNAME add_ln58_62_fu_282485_p2 SOURCE firmware/nnet_utils/nnet_dense_latency.h:58 VARIABLE add_ln58_62 LOOP {} BUNDLEDNAME {} DSP 0 BRAM 0 URAM 0 STORAGESUBTYPE {} DISPNAME {bind_op add} VISIBLE true} {BINDTYPE op ID {} IMPL fabric LATENCY 0 OPTYPE add PRAGMA {} RTLNAME add_ln58_63_fu_283508_p2 SOURCE firmware/nnet_utils/nnet_dense_latency.h:58 VARIABLE add_ln58_63 LOOP {} BUNDLEDNAME {} DSP 0 BRAM 0 URAM 0 STORAGESUBTYPE {} DISPNAME {bind_op add} VISIBLE true} {BINDTYPE op ID {} IMPL fabric LATENCY 0 OPTYPE add PRAGMA {} RTLNAME add_ln58_64_fu_283518_p2 SOURCE firmware/nnet_utils/nnet_dense_latency.h:58 VARIABLE add_ln58_64 LOOP {} BUNDLEDNAME {} DSP 0 BRAM 0 URAM 0 STORAGESUBTYPE {} DISPNAME {bind_op add} VISIBLE true} {BINDTYPE op ID {} IMPL fabric LATENCY 0 OPTYPE add PRAGMA {} RTLNAME add_ln58_66_fu_282497_p2 SOURCE firmware/nnet_utils/nnet_dense_latency.h:58 VARIABLE add_ln58_66 LOOP {} BUNDLEDNAME {} DSP 0 BRAM 0 URAM 0 STORAGESUBTYPE {} DISPNAME {bind_op add} VISIBLE true} {BINDTYPE op ID {} IMPL fabric LATENCY 0 OPTYPE add PRAGMA {} RTLNAME add_ln58_67_fu_282507_p2 SOURCE firmware/nnet_utils/nnet_dense_latency.h:58 VARIABLE add_ln58_67 LOOP {} BUNDLEDNAME {} DSP 0 BRAM 0 URAM 0 STORAGESUBTYPE {} DISPNAME {bind_op add} VISIBLE true} {BINDTYPE op ID {} IMPL fabric LATENCY 0 OPTYPE add PRAGMA {} RTLNAME add_ln58_69_fu_283531_p2 SOURCE firmware/nnet_utils/nnet_dense_latency.h:58 VARIABLE add_ln58_69 LOOP {} BUNDLEDNAME {} DSP 0 BRAM 0 URAM 0 STORAGESUBTYPE {} DISPNAME {bind_op add} VISIBLE true} {BINDTYPE op ID {} IMPL fabric LATENCY 0 OPTYPE add PRAGMA {} RTLNAME add_ln58_72_fu_282523_p2 SOURCE firmware/nnet_utils/nnet_dense_latency.h:58 VARIABLE add_ln58_72 LOOP {} BUNDLEDNAME {} DSP 0 BRAM 0 URAM 0 STORAGESUBTYPE {} DISPNAME {bind_op add} VISIBLE true} {BINDTYPE op ID {} IMPL fabric LATENCY 0 OPTYPE add PRAGMA {} RTLNAME add_ln58_73_fu_282529_p2 SOURCE firmware/nnet_utils/nnet_dense_latency.h:58 VARIABLE add_ln58_73 LOOP {} BUNDLEDNAME {} DSP 0 BRAM 0 URAM 0 STORAGESUBTYPE {} DISPNAME {bind_op add} VISIBLE true} {BINDTYPE op ID {} IMPL fabric LATENCY 0 OPTYPE add PRAGMA {} RTLNAME add_ln58_80_fu_282547_p2 SOURCE firmware/nnet_utils/nnet_dense_latency.h:58 VARIABLE add_ln58_80 LOOP {} BUNDLEDNAME {} DSP 0 BRAM 0 URAM 0 STORAGESUBTYPE {} DISPNAME {bind_op add} VISIBLE true} {BINDTYPE op ID {} IMPL fabric LATENCY 0 OPTYPE add PRAGMA {} RTLNAME add_ln58_81_fu_282553_p2 SOURCE firmware/nnet_utils/nnet_dense_latency.h:58 VARIABLE add_ln58_81 LOOP {} BUNDLEDNAME {} DSP 0 BRAM 0 URAM 0 STORAGESUBTYPE {} DISPNAME {bind_op add} VISIBLE true} {BINDTYPE op ID {} IMPL fabric LATENCY 0 OPTYPE add PRAGMA {} RTLNAME add_ln58_90_fu_282571_p2 SOURCE firmware/nnet_utils/nnet_dense_latency.h:58 VARIABLE add_ln58_90 LOOP {} BUNDLEDNAME {} DSP 0 BRAM 0 URAM 0 STORAGESUBTYPE {} DISPNAME {bind_op add} VISIBLE true} {BINDTYPE op ID {} IMPL fabric LATENCY 0 OPTYPE add PRAGMA {} RTLNAME add_ln58_97_fu_282589_p2 SOURCE firmware/nnet_utils/nnet_dense_latency.h:58 VARIABLE add_ln58_97 LOOP {} BUNDLEDNAME {} DSP 0 BRAM 0 URAM 0 STORAGESUBTYPE {} DISPNAME {bind_op add} VISIBLE true} {BINDTYPE op ID {} IMPL fabric LATENCY 0 OPTYPE add PRAGMA {} RTLNAME add_ln58_98_fu_282595_p2 SOURCE firmware/nnet_utils/nnet_dense_latency.h:58 VARIABLE add_ln58_98 LOOP {} BUNDLEDNAME {} DSP 0 BRAM 0 URAM 0 STORAGESUBTYPE {} DISPNAME {bind_op add} VISIBLE true} {BINDTYPE op ID {} IMPL fabric LATENCY 0 OPTYPE add PRAGMA {} RTLNAME add_ln58_99_fu_283615_p2 SOURCE firmware/nnet_utils/nnet_dense_latency.h:58 VARIABLE add_ln58_99 LOOP {} BUNDLEDNAME {} DSP 0 BRAM 0 URAM 0 STORAGESUBTYPE {} DISPNAME {bind_op add} VISIBLE true} {BINDTYPE op ID {} IMPL fabric LATENCY 0 OPTYPE add PRAGMA {} RTLNAME add_ln58_101_fu_282601_p2 SOURCE firmware/nnet_utils/nnet_dense_latency.h:58 VARIABLE add_ln58_101 LOOP {} BUNDLEDNAME {} DSP 0 BRAM 0 URAM 0 STORAGESUBTYPE {} DISPNAME {bind_op add} VISIBLE true} {BINDTYPE op ID {} IMPL fabric LATENCY 0 OPTYPE add PRAGMA {} RTLNAME add_ln58_102_fu_282607_p2 SOURCE firmware/nnet_utils/nnet_dense_latency.h:58 VARIABLE add_ln58_102 LOOP {} BUNDLEDNAME {} DSP 0 BRAM 0 URAM 0 STORAGESUBTYPE {} DISPNAME {bind_op add} VISIBLE true} {BINDTYPE op ID {} IMPL fabric LATENCY 0 OPTYPE add PRAGMA {} RTLNAME add_ln58_103_fu_283633_p2 SOURCE firmware/nnet_utils/nnet_dense_latency.h:58 VARIABLE add_ln58_103 LOOP {} BUNDLEDNAME {} DSP 0 BRAM 0 URAM 0 STORAGESUBTYPE {} DISPNAME {bind_op add} VISIBLE true} {BINDTYPE op ID {} IMPL fabric LATENCY 0 OPTYPE add PRAGMA {} RTLNAME add_ln58_104_fu_283643_p2 SOURCE firmware/nnet_utils/nnet_dense_latency.h:58 VARIABLE add_ln58_104 LOOP {} BUNDLEDNAME {} DSP 0 BRAM 0 URAM 0 STORAGESUBTYPE {} DISPNAME {bind_op add} VISIBLE true} {BINDTYPE op ID {} IMPL fabric LATENCY 0 OPTYPE add PRAGMA {} RTLNAME add_ln58_108_fu_282613_p2 SOURCE firmware/nnet_utils/nnet_dense_latency.h:58 VARIABLE add_ln58_108 LOOP {} BUNDLEDNAME {} DSP 0 BRAM 0 URAM 0 STORAGESUBTYPE {} DISPNAME {bind_op add} VISIBLE true} {BINDTYPE op ID {} IMPL fabric LATENCY 0 OPTYPE add PRAGMA {} RTLNAME add_ln58_109_fu_282619_p2 SOURCE firmware/nnet_utils/nnet_dense_latency.h:58 VARIABLE add_ln58_109 LOOP {} BUNDLEDNAME {} DSP 0 BRAM 0 URAM 0 STORAGESUBTYPE {} DISPNAME {bind_op add} VISIBLE true} {BINDTYPE op ID {} IMPL fabric LATENCY 0 OPTYPE add PRAGMA {} RTLNAME add_ln58_116_fu_282637_p2 SOURCE firmware/nnet_utils/nnet_dense_latency.h:58 VARIABLE add_ln58_116 LOOP {} BUNDLEDNAME {} DSP 0 BRAM 0 URAM 0 STORAGESUBTYPE {} DISPNAME {bind_op add} VISIBLE true} {BINDTYPE op ID {} IMPL fabric LATENCY 0 OPTYPE add PRAGMA {} RTLNAME add_ln58_117_fu_282643_p2 SOURCE firmware/nnet_utils/nnet_dense_latency.h:58 VARIABLE add_ln58_117 LOOP {} BUNDLEDNAME {} DSP 0 BRAM 0 URAM 0 STORAGESUBTYPE {} DISPNAME {bind_op add} VISIBLE true} {BINDTYPE op ID {} IMPL fabric LATENCY 0 OPTYPE add PRAGMA {} RTLNAME add_ln58_126_fu_282661_p2 SOURCE firmware/nnet_utils/nnet_dense_latency.h:58 VARIABLE add_ln58_126 LOOP {} BUNDLEDNAME {} DSP 0 BRAM 0 URAM 0 STORAGESUBTYPE {} DISPNAME {bind_op add} VISIBLE true} {BINDTYPE op ID {} IMPL fabric LATENCY 0 OPTYPE add PRAGMA {} RTLNAME add_ln58_128_fu_282667_p2 SOURCE firmware/nnet_utils/nnet_dense_latency.h:58 VARIABLE add_ln58_128 LOOP {} BUNDLEDNAME {} DSP 0 BRAM 0 URAM 0 STORAGESUBTYPE {} DISPNAME {bind_op add} VISIBLE true} {BINDTYPE op ID {} IMPL fabric LATENCY 0 OPTYPE add PRAGMA {} RTLNAME add_ln58_129_fu_282673_p2 SOURCE firmware/nnet_utils/nnet_dense_latency.h:58 VARIABLE add_ln58_129 LOOP {} BUNDLEDNAME {} DSP 0 BRAM 0 URAM 0 STORAGESUBTYPE {} DISPNAME {bind_op add} VISIBLE true} {BINDTYPE op ID {} IMPL fabric LATENCY 0 OPTYPE add PRAGMA {} RTLNAME add_ln58_130_fu_283728_p2 SOURCE firmware/nnet_utils/nnet_dense_latency.h:58 VARIABLE add_ln58_130 LOOP {} BUNDLEDNAME {} DSP 0 BRAM 0 URAM 0 STORAGESUBTYPE {} DISPNAME {bind_op add} VISIBLE true} {BINDTYPE op ID {} IMPL fabric LATENCY 0 OPTYPE add PRAGMA {} RTLNAME add_ln58_131_fu_283738_p2 SOURCE firmware/nnet_utils/nnet_dense_latency.h:58 VARIABLE add_ln58_131 LOOP {} BUNDLEDNAME {} DSP 0 BRAM 0 URAM 0 STORAGESUBTYPE {} DISPNAME {bind_op add} VISIBLE true} {BINDTYPE op ID {} IMPL fabric LATENCY 0 OPTYPE add PRAGMA {} RTLNAME add_ln58_133_fu_282679_p2 SOURCE firmware/nnet_utils/nnet_dense_latency.h:58 VARIABLE add_ln58_133 LOOP {} BUNDLEDNAME {} DSP 0 BRAM 0 URAM 0 STORAGESUBTYPE {} DISPNAME {bind_op add} VISIBLE true} {BINDTYPE op ID {} IMPL fabric LATENCY 0 OPTYPE add PRAGMA {} RTLNAME add_ln58_134_fu_282685_p2 SOURCE firmware/nnet_utils/nnet_dense_latency.h:58 VARIABLE add_ln58_134 LOOP {} BUNDLEDNAME {} DSP 0 BRAM 0 URAM 0 STORAGESUBTYPE {} DISPNAME {bind_op add} VISIBLE true} {BINDTYPE op ID {} IMPL fabric LATENCY 0 OPTYPE add PRAGMA {} RTLNAME add_ln58_135_fu_283756_p2 SOURCE firmware/nnet_utils/nnet_dense_latency.h:58 VARIABLE add_ln58_135 LOOP {} BUNDLEDNAME {} DSP 0 BRAM 0 URAM 0 STORAGESUBTYPE {} DISPNAME {bind_op add} VISIBLE true} {BINDTYPE op ID {} IMPL fabric LATENCY 0 OPTYPE add PRAGMA {} RTLNAME add_ln58_137_fu_282691_p2 SOURCE firmware/nnet_utils/nnet_dense_latency.h:58 VARIABLE add_ln58_137 LOOP {} BUNDLEDNAME {} DSP 0 BRAM 0 URAM 0 STORAGESUBTYPE {} DISPNAME {bind_op add} VISIBLE true} {BINDTYPE op ID {} IMPL fabric LATENCY 0 OPTYPE add PRAGMA {} RTLNAME add_ln58_138_fu_282701_p2 SOURCE firmware/nnet_utils/nnet_dense_latency.h:58 VARIABLE add_ln58_138 LOOP {} BUNDLEDNAME {} DSP 0 BRAM 0 URAM 0 STORAGESUBTYPE {} DISPNAME {bind_op add} VISIBLE true} {BINDTYPE op ID {} IMPL fabric LATENCY 0 OPTYPE add PRAGMA {} RTLNAME add_ln58_139_fu_282711_p2 SOURCE firmware/nnet_utils/nnet_dense_latency.h:58 VARIABLE add_ln58_139 LOOP {} BUNDLEDNAME {} DSP 0 BRAM 0 URAM 0 STORAGESUBTYPE {} DISPNAME {bind_op add} VISIBLE true} {BINDTYPE op ID {} IMPL fabric LATENCY 0 OPTYPE add PRAGMA {} RTLNAME add_ln58_140_fu_282721_p2 SOURCE firmware/nnet_utils/nnet_dense_latency.h:58 VARIABLE add_ln58_140 LOOP {} BUNDLEDNAME {} DSP 0 BRAM 0 URAM 0 STORAGESUBTYPE {} DISPNAME {bind_op add} VISIBLE true} {BINDTYPE op ID {} IMPL fabric LATENCY 0 OPTYPE add PRAGMA {} RTLNAME add_ln58_144_fu_282727_p2 SOURCE firmware/nnet_utils/nnet_dense_latency.h:58 VARIABLE add_ln58_144 LOOP {} BUNDLEDNAME {} DSP 0 BRAM 0 URAM 0 STORAGESUBTYPE {} DISPNAME {bind_op add} VISIBLE true} {BINDTYPE op ID {} IMPL fabric LATENCY 0 OPTYPE add PRAGMA {} RTLNAME add_ln58_145_fu_282733_p2 SOURCE firmware/nnet_utils/nnet_dense_latency.h:58 VARIABLE add_ln58_145 LOOP {} BUNDLEDNAME {} DSP 0 BRAM 0 URAM 0 STORAGESUBTYPE {} DISPNAME {bind_op add} VISIBLE true} {BINDTYPE op ID {} IMPL fabric LATENCY 0 OPTYPE add PRAGMA {} RTLNAME add_ln58_152_fu_282751_p2 SOURCE firmware/nnet_utils/nnet_dense_latency.h:58 VARIABLE add_ln58_152 LOOP {} BUNDLEDNAME {} DSP 0 BRAM 0 URAM 0 STORAGESUBTYPE {} DISPNAME {bind_op add} VISIBLE true} {BINDTYPE op ID {} IMPL fabric LATENCY 0 OPTYPE add PRAGMA {} RTLNAME add_ln58_153_fu_282757_p2 SOURCE firmware/nnet_utils/nnet_dense_latency.h:58 VARIABLE add_ln58_153 LOOP {} BUNDLEDNAME {} DSP 0 BRAM 0 URAM 0 STORAGESUBTYPE {} DISPNAME {bind_op add} VISIBLE true} {BINDTYPE op ID {} IMPL fabric LATENCY 0 OPTYPE add PRAGMA {} RTLNAME add_ln58_162_fu_282775_p2 SOURCE firmware/nnet_utils/nnet_dense_latency.h:58 VARIABLE add_ln58_162 LOOP {} BUNDLEDNAME {} DSP 0 BRAM 0 URAM 0 STORAGESUBTYPE {} DISPNAME {bind_op add} VISIBLE true} {BINDTYPE op ID {} IMPL fabric LATENCY 0 OPTYPE add PRAGMA {} RTLNAME add_ln58_164_fu_282781_p2 SOURCE firmware/nnet_utils/nnet_dense_latency.h:58 VARIABLE add_ln58_164 LOOP {} BUNDLEDNAME {} DSP 0 BRAM 0 URAM 0 STORAGESUBTYPE {} DISPNAME {bind_op add} VISIBLE true} {BINDTYPE op ID {} IMPL fabric LATENCY 0 OPTYPE add PRAGMA {} RTLNAME add_ln58_165_fu_282787_p2 SOURCE firmware/nnet_utils/nnet_dense_latency.h:58 VARIABLE add_ln58_165 LOOP {} BUNDLEDNAME {} DSP 0 BRAM 0 URAM 0 STORAGESUBTYPE {} DISPNAME {bind_op add} VISIBLE true} {BINDTYPE op ID {} IMPL fabric LATENCY 0 OPTYPE add PRAGMA {} RTLNAME add_ln58_169_fu_282793_p2 SOURCE firmware/nnet_utils/nnet_dense_latency.h:58 VARIABLE add_ln58_169 LOOP {} BUNDLEDNAME {} DSP 0 BRAM 0 URAM 0 STORAGESUBTYPE {} DISPNAME {bind_op add} VISIBLE true} {BINDTYPE op ID {} IMPL fabric LATENCY 0 OPTYPE add PRAGMA {} RTLNAME add_ln58_170_fu_282799_p2 SOURCE firmware/nnet_utils/nnet_dense_latency.h:58 VARIABLE add_ln58_170 LOOP {} BUNDLEDNAME {} DSP 0 BRAM 0 URAM 0 STORAGESUBTYPE {} DISPNAME {bind_op add} VISIBLE true} {BINDTYPE op ID {} IMPL fabric LATENCY 0 OPTYPE add PRAGMA {} RTLNAME add_ln58_171_fu_283875_p2 SOURCE firmware/nnet_utils/nnet_dense_latency.h:58 VARIABLE add_ln58_171 LOOP {} BUNDLEDNAME {} DSP 0 BRAM 0 URAM 0 STORAGESUBTYPE {} DISPNAME {bind_op add} VISIBLE true} {BINDTYPE op ID {} IMPL fabric LATENCY 0 OPTYPE add PRAGMA {} RTLNAME add_ln58_173_fu_282805_p2 SOURCE firmware/nnet_utils/nnet_dense_latency.h:58 VARIABLE add_ln58_173 LOOP {} BUNDLEDNAME {} DSP 0 BRAM 0 URAM 0 STORAGESUBTYPE {} DISPNAME {bind_op add} VISIBLE true} {BINDTYPE op ID {} IMPL fabric LATENCY 0 OPTYPE add PRAGMA {} RTLNAME add_ln58_174_fu_282811_p2 SOURCE firmware/nnet_utils/nnet_dense_latency.h:58 VARIABLE add_ln58_174 LOOP {} BUNDLEDNAME {} DSP 0 BRAM 0 URAM 0 STORAGESUBTYPE {} DISPNAME {bind_op add} VISIBLE true} {BINDTYPE op ID {} IMPL fabric LATENCY 0 OPTYPE add PRAGMA {} RTLNAME add_ln58_175_fu_283897_p2 SOURCE firmware/nnet_utils/nnet_dense_latency.h:58 VARIABLE add_ln58_175 LOOP {} BUNDLEDNAME {} DSP 0 BRAM 0 URAM 0 STORAGESUBTYPE {} DISPNAME {bind_op add} VISIBLE true} {BINDTYPE op ID {} IMPL fabric LATENCY 0 OPTYPE add PRAGMA {} RTLNAME add_ln58_176_fu_283907_p2 SOURCE firmware/nnet_utils/nnet_dense_latency.h:58 VARIABLE add_ln58_176 LOOP {} BUNDLEDNAME {} DSP 0 BRAM 0 URAM 0 STORAGESUBTYPE {} DISPNAME {bind_op add} VISIBLE true} {BINDTYPE op ID {} IMPL fabric LATENCY 0 OPTYPE add PRAGMA {} RTLNAME add_ln58_180_fu_282817_p2 SOURCE firmware/nnet_utils/nnet_dense_latency.h:58 VARIABLE add_ln58_180 LOOP {} BUNDLEDNAME {} DSP 0 BRAM 0 URAM 0 STORAGESUBTYPE {} DISPNAME {bind_op add} VISIBLE true} {BINDTYPE op ID {} IMPL fabric LATENCY 0 OPTYPE add PRAGMA {} RTLNAME add_ln58_181_fu_282823_p2 SOURCE firmware/nnet_utils/nnet_dense_latency.h:58 VARIABLE add_ln58_181 LOOP {} BUNDLEDNAME {} DSP 0 BRAM 0 URAM 0 STORAGESUBTYPE {} DISPNAME {bind_op add} VISIBLE true} {BINDTYPE op ID {} IMPL fabric LATENCY 0 OPTYPE add PRAGMA {} RTLNAME add_ln58_188_fu_282841_p2 SOURCE firmware/nnet_utils/nnet_dense_latency.h:58 VARIABLE add_ln58_188 LOOP {} BUNDLEDNAME {} DSP 0 BRAM 0 URAM 0 STORAGESUBTYPE {} DISPNAME {bind_op add} VISIBLE true} {BINDTYPE op ID {} IMPL fabric LATENCY 0 OPTYPE add PRAGMA {} RTLNAME add_ln58_189_fu_282847_p2 SOURCE firmware/nnet_utils/nnet_dense_latency.h:58 VARIABLE add_ln58_189 LOOP {} BUNDLEDNAME {} DSP 0 BRAM 0 URAM 0 STORAGESUBTYPE {} DISPNAME {bind_op add} VISIBLE true} {BINDTYPE op ID {} IMPL fabric LATENCY 0 OPTYPE add PRAGMA {} RTLNAME add_ln58_198_fu_282865_p2 SOURCE firmware/nnet_utils/nnet_dense_latency.h:58 VARIABLE add_ln58_198 LOOP {} BUNDLEDNAME {} DSP 0 BRAM 0 URAM 0 STORAGESUBTYPE {} DISPNAME {bind_op add} VISIBLE true} {BINDTYPE op ID {} IMPL fabric LATENCY 0 OPTYPE add PRAGMA {} RTLNAME add_ln58_201_fu_282871_p2 SOURCE firmware/nnet_utils/nnet_dense_latency.h:58 VARIABLE add_ln58_201 LOOP {} BUNDLEDNAME {} DSP 0 BRAM 0 URAM 0 STORAGESUBTYPE {} DISPNAME {bind_op add} VISIBLE true} {BINDTYPE op ID {} IMPL fabric LATENCY 0 OPTYPE add PRAGMA {} RTLNAME add_ln58_202_fu_283995_p2 SOURCE firmware/nnet_utils/nnet_dense_latency.h:58 VARIABLE add_ln58_202 LOOP {} BUNDLEDNAME {} DSP 0 BRAM 0 URAM 0 STORAGESUBTYPE {} DISPNAME {bind_op add} VISIBLE true} {BINDTYPE op ID {} IMPL fabric LATENCY 0 OPTYPE add PRAGMA {} RTLNAME add_ln58_205_fu_282877_p2 SOURCE firmware/nnet_utils/nnet_dense_latency.h:58 VARIABLE add_ln58_205 LOOP {} BUNDLEDNAME {} DSP 0 BRAM 0 URAM 0 STORAGESUBTYPE {} DISPNAME {bind_op add} VISIBLE true} {BINDTYPE op ID {} IMPL fabric LATENCY 0 OPTYPE add PRAGMA {} RTLNAME add_ln58_206_fu_282883_p2 SOURCE firmware/nnet_utils/nnet_dense_latency.h:58 VARIABLE add_ln58_206 LOOP {} BUNDLEDNAME {} DSP 0 BRAM 0 URAM 0 STORAGESUBTYPE {} DISPNAME {bind_op add} VISIBLE true} {BINDTYPE op ID {} IMPL fabric LATENCY 0 OPTYPE add PRAGMA {} RTLNAME add_ln58_207_fu_284019_p2 SOURCE firmware/nnet_utils/nnet_dense_latency.h:58 VARIABLE add_ln58_207 LOOP {} BUNDLEDNAME {} DSP 0 BRAM 0 URAM 0 STORAGESUBTYPE {} DISPNAME {bind_op add} VISIBLE true} {BINDTYPE op ID {} IMPL fabric LATENCY 0 OPTYPE add PRAGMA {} RTLNAME add_ln58_209_fu_282889_p2 SOURCE firmware/nnet_utils/nnet_dense_latency.h:58 VARIABLE add_ln58_209 LOOP {} BUNDLEDNAME {} DSP 0 BRAM 0 URAM 0 STORAGESUBTYPE {} DISPNAME {bind_op add} VISIBLE true} {BINDTYPE op ID {} IMPL fabric LATENCY 0 OPTYPE add PRAGMA {} RTLNAME add_ln58_210_fu_282895_p2 SOURCE firmware/nnet_utils/nnet_dense_latency.h:58 VARIABLE add_ln58_210 LOOP {} BUNDLEDNAME {} DSP 0 BRAM 0 URAM 0 STORAGESUBTYPE {} DISPNAME {bind_op add} VISIBLE true} {BINDTYPE op ID {} IMPL fabric LATENCY 0 OPTYPE add PRAGMA {} RTLNAME add_ln58_211_fu_282905_p2 SOURCE firmware/nnet_utils/nnet_dense_latency.h:58 VARIABLE add_ln58_211 LOOP {} BUNDLEDNAME {} DSP 0 BRAM 0 URAM 0 STORAGESUBTYPE {} DISPNAME {bind_op add} VISIBLE true} {BINDTYPE op ID {} IMPL fabric LATENCY 0 OPTYPE add PRAGMA {} RTLNAME add_ln58_212_fu_284041_p2 SOURCE firmware/nnet_utils/nnet_dense_latency.h:58 VARIABLE add_ln58_212 LOOP {} BUNDLEDNAME {} DSP 0 BRAM 0 URAM 0 STORAGESUBTYPE {} DISPNAME {bind_op add} VISIBLE true} {BINDTYPE op ID {} IMPL fabric LATENCY 0 OPTYPE add PRAGMA {} RTLNAME add_ln58_216_fu_282911_p2 SOURCE firmware/nnet_utils/nnet_dense_latency.h:58 VARIABLE add_ln58_216 LOOP {} BUNDLEDNAME {} DSP 0 BRAM 0 URAM 0 STORAGESUBTYPE {} DISPNAME {bind_op add} VISIBLE true} {BINDTYPE op ID {} IMPL fabric LATENCY 0 OPTYPE add PRAGMA {} RTLNAME add_ln58_217_fu_282917_p2 SOURCE firmware/nnet_utils/nnet_dense_latency.h:58 VARIABLE add_ln58_217 LOOP {} BUNDLEDNAME {} DSP 0 BRAM 0 URAM 0 STORAGESUBTYPE {} DISPNAME {bind_op add} VISIBLE true} {BINDTYPE op ID {} IMPL fabric LATENCY 0 OPTYPE add PRAGMA {} RTLNAME add_ln58_224_fu_282935_p2 SOURCE firmware/nnet_utils/nnet_dense_latency.h:58 VARIABLE add_ln58_224 LOOP {} BUNDLEDNAME {} DSP 0 BRAM 0 URAM 0 STORAGESUBTYPE {} DISPNAME {bind_op add} VISIBLE true} {BINDTYPE op ID {} IMPL fabric LATENCY 0 OPTYPE add PRAGMA {} RTLNAME add_ln58_225_fu_282941_p2 SOURCE firmware/nnet_utils/nnet_dense_latency.h:58 VARIABLE add_ln58_225 LOOP {} BUNDLEDNAME {} DSP 0 BRAM 0 URAM 0 STORAGESUBTYPE {} DISPNAME {bind_op add} VISIBLE true} {BINDTYPE op ID {} IMPL fabric LATENCY 0 OPTYPE add PRAGMA {} RTLNAME add_ln58_234_fu_282959_p2 SOURCE firmware/nnet_utils/nnet_dense_latency.h:58 VARIABLE add_ln58_234 LOOP {} BUNDLEDNAME {} DSP 0 BRAM 0 URAM 0 STORAGESUBTYPE {} DISPNAME {bind_op add} VISIBLE true} {BINDTYPE op ID {} IMPL fabric LATENCY 0 OPTYPE add PRAGMA {} RTLNAME add_ln58_241_fu_282977_p2 SOURCE firmware/nnet_utils/nnet_dense_latency.h:58 VARIABLE add_ln58_241 LOOP {} BUNDLEDNAME {} DSP 0 BRAM 0 URAM 0 STORAGESUBTYPE {} DISPNAME {bind_op add} VISIBLE true} {BINDTYPE op ID {} IMPL fabric LATENCY 0 OPTYPE add PRAGMA {} RTLNAME add_ln58_242_fu_282983_p2 SOURCE firmware/nnet_utils/nnet_dense_latency.h:58 VARIABLE add_ln58_242 LOOP {} BUNDLEDNAME {} DSP 0 BRAM 0 URAM 0 STORAGESUBTYPE {} DISPNAME {bind_op add} VISIBLE true} {BINDTYPE op ID {} IMPL fabric LATENCY 0 OPTYPE add PRAGMA {} RTLNAME add_ln58_243_fu_284143_p2 SOURCE firmware/nnet_utils/nnet_dense_latency.h:58 VARIABLE add_ln58_243 LOOP {} BUNDLEDNAME {} DSP 0 BRAM 0 URAM 0 STORAGESUBTYPE {} DISPNAME {bind_op add} VISIBLE true} {BINDTYPE op ID {} IMPL fabric LATENCY 0 OPTYPE add PRAGMA {} RTLNAME add_ln58_245_fu_282989_p2 SOURCE firmware/nnet_utils/nnet_dense_latency.h:58 VARIABLE add_ln58_245 LOOP {} BUNDLEDNAME {} DSP 0 BRAM 0 URAM 0 STORAGESUBTYPE {} DISPNAME {bind_op add} VISIBLE true} {BINDTYPE op ID {} IMPL fabric LATENCY 0 OPTYPE add PRAGMA {} RTLNAME add_ln58_246_fu_282995_p2 SOURCE firmware/nnet_utils/nnet_dense_latency.h:58 VARIABLE add_ln58_246 LOOP {} BUNDLEDNAME {} DSP 0 BRAM 0 URAM 0 STORAGESUBTYPE {} DISPNAME {bind_op add} VISIBLE true} {BINDTYPE op ID {} IMPL fabric LATENCY 0 OPTYPE add PRAGMA {} RTLNAME add_ln58_247_fu_283005_p2 SOURCE firmware/nnet_utils/nnet_dense_latency.h:58 VARIABLE add_ln58_247 LOOP {} BUNDLEDNAME {} DSP 0 BRAM 0 URAM 0 STORAGESUBTYPE {} DISPNAME {bind_op add} VISIBLE true} {BINDTYPE op ID {} IMPL fabric LATENCY 0 OPTYPE add PRAGMA {} RTLNAME add_ln58_248_fu_284160_p2 SOURCE firmware/nnet_utils/nnet_dense_latency.h:58 VARIABLE add_ln58_248 LOOP {} BUNDLEDNAME {} DSP 0 BRAM 0 URAM 0 STORAGESUBTYPE {} DISPNAME {bind_op add} VISIBLE true} {BINDTYPE op ID {} IMPL fabric LATENCY 0 OPTYPE add PRAGMA {} RTLNAME add_ln58_252_fu_283011_p2 SOURCE firmware/nnet_utils/nnet_dense_latency.h:58 VARIABLE add_ln58_252 LOOP {} BUNDLEDNAME {} DSP 0 BRAM 0 URAM 0 STORAGESUBTYPE {} DISPNAME {bind_op add} VISIBLE true} {BINDTYPE op ID {} IMPL fabric LATENCY 0 OPTYPE add PRAGMA {} RTLNAME add_ln58_253_fu_283017_p2 SOURCE firmware/nnet_utils/nnet_dense_latency.h:58 VARIABLE add_ln58_253 LOOP {} BUNDLEDNAME {} DSP 0 BRAM 0 URAM 0 STORAGESUBTYPE {} DISPNAME {bind_op add} VISIBLE true} {BINDTYPE op ID {} IMPL fabric LATENCY 0 OPTYPE add PRAGMA {} RTLNAME add_ln58_260_fu_283035_p2 SOURCE firmware/nnet_utils/nnet_dense_latency.h:58 VARIABLE add_ln58_260 LOOP {} BUNDLEDNAME {} DSP 0 BRAM 0 URAM 0 STORAGESUBTYPE {} DISPNAME {bind_op add} VISIBLE true} {BINDTYPE op ID {} IMPL fabric LATENCY 0 OPTYPE add PRAGMA {} RTLNAME add_ln58_261_fu_283041_p2 SOURCE firmware/nnet_utils/nnet_dense_latency.h:58 VARIABLE add_ln58_261 LOOP {} BUNDLEDNAME {} DSP 0 BRAM 0 URAM 0 STORAGESUBTYPE {} DISPNAME {bind_op add} VISIBLE true} {BINDTYPE op ID {} IMPL fabric LATENCY 0 OPTYPE add PRAGMA {} RTLNAME add_ln58_270_fu_283059_p2 SOURCE firmware/nnet_utils/nnet_dense_latency.h:58 VARIABLE add_ln58_270 LOOP {} BUNDLEDNAME {} DSP 0 BRAM 0 URAM 0 STORAGESUBTYPE {} DISPNAME {bind_op add} VISIBLE true} {BINDTYPE op ID {} IMPL fabric LATENCY 0 OPTYPE add PRAGMA {} RTLNAME add_ln58_273_fu_283065_p2 SOURCE firmware/nnet_utils/nnet_dense_latency.h:58 VARIABLE add_ln58_273 LOOP {} BUNDLEDNAME {} DSP 0 BRAM 0 URAM 0 STORAGESUBTYPE {} DISPNAME {bind_op add} VISIBLE true} {BINDTYPE op ID {} IMPL fabric LATENCY 0 OPTYPE add PRAGMA {} RTLNAME add_ln58_274_fu_284250_p2 SOURCE firmware/nnet_utils/nnet_dense_latency.h:58 VARIABLE add_ln58_274 LOOP {} BUNDLEDNAME {} DSP 0 BRAM 0 URAM 0 STORAGESUBTYPE {} DISPNAME {bind_op add} VISIBLE true} {BINDTYPE op ID {} IMPL fabric LATENCY 0 OPTYPE add PRAGMA {} RTLNAME add_ln58_277_fu_283071_p2 SOURCE firmware/nnet_utils/nnet_dense_latency.h:58 VARIABLE add_ln58_277 LOOP {} BUNDLEDNAME {} DSP 0 BRAM 0 URAM 0 STORAGESUBTYPE {} DISPNAME {bind_op add} VISIBLE true} {BINDTYPE op ID {} IMPL fabric LATENCY 0 OPTYPE add PRAGMA {} RTLNAME add_ln58_278_fu_283077_p2 SOURCE firmware/nnet_utils/nnet_dense_latency.h:58 VARIABLE add_ln58_278 LOOP {} BUNDLEDNAME {} DSP 0 BRAM 0 URAM 0 STORAGESUBTYPE {} DISPNAME {bind_op add} VISIBLE true} {BINDTYPE op ID {} IMPL fabric LATENCY 0 OPTYPE add PRAGMA {} RTLNAME add_ln58_279_fu_284274_p2 SOURCE firmware/nnet_utils/nnet_dense_latency.h:58 VARIABLE add_ln58_279 LOOP {} BUNDLEDNAME {} DSP 0 BRAM 0 URAM 0 STORAGESUBTYPE {} DISPNAME {bind_op add} VISIBLE true} {BINDTYPE op ID {} IMPL fabric LATENCY 0 OPTYPE add PRAGMA {} RTLNAME add_ln58_281_fu_283083_p2 SOURCE firmware/nnet_utils/nnet_dense_latency.h:58 VARIABLE add_ln58_281 LOOP {} BUNDLEDNAME {} DSP 0 BRAM 0 URAM 0 STORAGESUBTYPE {} DISPNAME {bind_op add} VISIBLE true} {BINDTYPE op ID {} IMPL fabric LATENCY 0 OPTYPE add PRAGMA {} RTLNAME add_ln58_282_fu_283089_p2 SOURCE firmware/nnet_utils/nnet_dense_latency.h:58 VARIABLE add_ln58_282 LOOP {} BUNDLEDNAME {} DSP 0 BRAM 0 URAM 0 STORAGESUBTYPE {} DISPNAME {bind_op add} VISIBLE true} {BINDTYPE op ID {} IMPL fabric LATENCY 0 OPTYPE add PRAGMA {} RTLNAME add_ln58_283_fu_283099_p2 SOURCE firmware/nnet_utils/nnet_dense_latency.h:58 VARIABLE add_ln58_283 LOOP {} BUNDLEDNAME {} DSP 0 BRAM 0 URAM 0 STORAGESUBTYPE {} DISPNAME {bind_op add} VISIBLE true} {BINDTYPE op ID {} IMPL fabric LATENCY 0 OPTYPE add PRAGMA {} RTLNAME add_ln58_284_fu_284292_p2 SOURCE firmware/nnet_utils/nnet_dense_latency.h:58 VARIABLE add_ln58_284 LOOP {} BUNDLEDNAME {} DSP 0 BRAM 0 URAM 0 STORAGESUBTYPE {} DISPNAME {bind_op add} VISIBLE true}} AREA {DSP 238 BRAM 0 URAM 0}} relu_array_ap_fixed_8u_array_ap_fixed_16_6_5_3_0_8u_relu_config7_s {BINDINFO {{BINDTYPE op ID {} IMPL auto LATENCY 0 OPTYPE setgt PRAGMA {} RTLNAME icmp_ln51_fu_175_p2 SOURCE firmware/nnet_utils/nnet_activation_stream.h:51 VARIABLE icmp_ln51 LOOP {} BUNDLEDNAME {} DSP 0 BRAM 0 URAM 0 STORAGESUBTYPE {} DISPNAME {bind_op setgt} VISIBLE false} {BINDTYPE op ID {} IMPL auto_sel LATENCY 0 OPTYPE select PRAGMA {} RTLNAME select_ln51_fu_191_p3 SOURCE firmware/nnet_utils/nnet_activation_stream.h:51 VARIABLE select_ln51 LOOP {} BUNDLEDNAME {} DSP 0 BRAM 0 URAM 0 STORAGESUBTYPE {} DISPNAME {bind_op select} VISIBLE false} {BINDTYPE op ID {} IMPL auto LATENCY 0 OPTYPE setgt PRAGMA {} RTLNAME icmp_ln51_1_fu_199_p2 SOURCE firmware/nnet_utils/nnet_activation_stream.h:51 VARIABLE icmp_ln51_1 LOOP {} BUNDLEDNAME {} DSP 0 BRAM 0 URAM 0 STORAGESUBTYPE {} DISPNAME {bind_op setgt} VISIBLE false} {BINDTYPE op ID {} IMPL auto_sel LATENCY 0 OPTYPE select PRAGMA {} RTLNAME select_ln51_1_fu_215_p3 SOURCE firmware/nnet_utils/nnet_activation_stream.h:51 VARIABLE select_ln51_1 LOOP {} BUNDLEDNAME {} DSP 0 BRAM 0 URAM 0 STORAGESUBTYPE {} DISPNAME {bind_op select} VISIBLE false} {BINDTYPE op ID {} IMPL auto LATENCY 0 OPTYPE setgt PRAGMA {} RTLNAME icmp_ln51_2_fu_223_p2 SOURCE firmware/nnet_utils/nnet_activation_stream.h:51 VARIABLE icmp_ln51_2 LOOP {} BUNDLEDNAME {} DSP 0 BRAM 0 URAM 0 STORAGESUBTYPE {} DISPNAME {bind_op setgt} VISIBLE false} {BINDTYPE op ID {} IMPL auto_sel LATENCY 0 OPTYPE select PRAGMA {} RTLNAME select_ln51_2_fu_239_p3 SOURCE firmware/nnet_utils/nnet_activation_stream.h:51 VARIABLE select_ln51_2 LOOP {} BUNDLEDNAME {} DSP 0 BRAM 0 URAM 0 STORAGESUBTYPE {} DISPNAME {bind_op select} VISIBLE false} {BINDTYPE op ID {} IMPL auto LATENCY 0 OPTYPE setgt PRAGMA {} RTLNAME icmp_ln51_3_fu_247_p2 SOURCE firmware/nnet_utils/nnet_activation_stream.h:51 VARIABLE icmp_ln51_3 LOOP {} BUNDLEDNAME {} DSP 0 BRAM 0 URAM 0 STORAGESUBTYPE {} DISPNAME {bind_op setgt} VISIBLE false} {BINDTYPE op ID {} IMPL auto_sel LATENCY 0 OPTYPE select PRAGMA {} RTLNAME select_ln51_3_fu_263_p3 SOURCE firmware/nnet_utils/nnet_activation_stream.h:51 VARIABLE select_ln51_3 LOOP {} BUNDLEDNAME {} DSP 0 BRAM 0 URAM 0 STORAGESUBTYPE {} DISPNAME {bind_op select} VISIBLE false} {BINDTYPE op ID {} IMPL auto LATENCY 0 OPTYPE setgt PRAGMA {} RTLNAME icmp_ln51_4_fu_271_p2 SOURCE firmware/nnet_utils/nnet_activation_stream.h:51 VARIABLE icmp_ln51_4 LOOP {} BUNDLEDNAME {} DSP 0 BRAM 0 URAM 0 STORAGESUBTYPE {} DISPNAME {bind_op setgt} VISIBLE false} {BINDTYPE op ID {} IMPL auto_sel LATENCY 0 OPTYPE select PRAGMA {} RTLNAME select_ln51_4_fu_287_p3 SOURCE firmware/nnet_utils/nnet_activation_stream.h:51 VARIABLE select_ln51_4 LOOP {} BUNDLEDNAME {} DSP 0 BRAM 0 URAM 0 STORAGESUBTYPE {} DISPNAME {bind_op select} VISIBLE false} {BINDTYPE op ID {} IMPL auto LATENCY 0 OPTYPE setgt PRAGMA {} RTLNAME icmp_ln51_5_fu_295_p2 SOURCE firmware/nnet_utils/nnet_activation_stream.h:51 VARIABLE icmp_ln51_5 LOOP {} BUNDLEDNAME {} DSP 0 BRAM 0 URAM 0 STORAGESUBTYPE {} DISPNAME {bind_op setgt} VISIBLE false} {BINDTYPE op ID {} IMPL auto_sel LATENCY 0 OPTYPE select PRAGMA {} RTLNAME select_ln51_5_fu_311_p3 SOURCE firmware/nnet_utils/nnet_activation_stream.h:51 VARIABLE select_ln51_5 LOOP {} BUNDLEDNAME {} DSP 0 BRAM 0 URAM 0 STORAGESUBTYPE {} DISPNAME {bind_op select} VISIBLE false} {BINDTYPE op ID {} IMPL auto LATENCY 0 OPTYPE setgt PRAGMA {} RTLNAME icmp_ln51_6_fu_319_p2 SOURCE firmware/nnet_utils/nnet_activation_stream.h:51 VARIABLE icmp_ln51_6 LOOP {} BUNDLEDNAME {} DSP 0 BRAM 0 URAM 0 STORAGESUBTYPE {} DISPNAME {bind_op setgt} VISIBLE false} {BINDTYPE op ID {} IMPL auto_sel LATENCY 0 OPTYPE select PRAGMA {} RTLNAME select_ln51_6_fu_335_p3 SOURCE firmware/nnet_utils/nnet_activation_stream.h:51 VARIABLE select_ln51_6 LOOP {} BUNDLEDNAME {} DSP 0 BRAM 0 URAM 0 STORAGESUBTYPE {} DISPNAME {bind_op select} VISIBLE false} {BINDTYPE op ID {} IMPL auto LATENCY 0 OPTYPE setgt PRAGMA {} RTLNAME icmp_ln51_7_fu_343_p2 SOURCE firmware/nnet_utils/nnet_activation_stream.h:51 VARIABLE icmp_ln51_7 LOOP {} BUNDLEDNAME {} DSP 0 BRAM 0 URAM 0 STORAGESUBTYPE {} DISPNAME {bind_op setgt} VISIBLE false} {BINDTYPE op ID {} IMPL auto_sel LATENCY 0 OPTYPE select PRAGMA {} RTLNAME select_ln51_7_fu_359_p3 SOURCE firmware/nnet_utils/nnet_activation_stream.h:51 VARIABLE select_ln51_7 LOOP {} BUNDLEDNAME {} DSP 0 BRAM 0 URAM 0 STORAGESUBTYPE {} DISPNAME {bind_op select} VISIBLE false}} AREA {DSP 0 BRAM 0 URAM 0}} dense_latency_wrapper_ap_fixed_ap_fixed_36_16_5_3_0_config8_s {BINDINFO {{BINDTYPE op ID {} IMPL auto LATENCY 0 OPTYPE mul PRAGMA {} RTLNAME mul_16s_8ns_24_1_1_U409 SOURCE firmware/nnet_utils/nnet_mult.h:73 VARIABLE mul_ln73 LOOP {} BUNDLEDNAME {} DSP 1 BRAM 0 URAM 0 STORAGESUBTYPE {} DISPNAME {bind_op mul} VISIBLE true} {BINDTYPE op ID {} IMPL auto LATENCY 0 OPTYPE mul PRAGMA {} RTLNAME mul_16s_9ns_25_1_1_U413 SOURCE firmware/nnet_utils/nnet_mult.h:73 VARIABLE mul_ln73_238 LOOP {} BUNDLEDNAME {} DSP 1 BRAM 0 URAM 0 STORAGESUBTYPE {} DISPNAME {bind_op mul} VISIBLE true} {BINDTYPE op ID {} IMPL auto LATENCY 0 OPTYPE mul PRAGMA {} RTLNAME mul_16s_11ns_26_1_1_U423 SOURCE firmware/nnet_utils/nnet_dense_latency.h:42 VARIABLE mul_ln42 LOOP {} BUNDLEDNAME {} DSP 1 BRAM 0 URAM 0 STORAGESUBTYPE {} DISPNAME {bind_op mul} VISIBLE true} {BINDTYPE op ID {} IMPL auto LATENCY 0 OPTYPE mul PRAGMA {} RTLNAME mul_16s_11s_26_1_1_U416 SOURCE firmware/nnet_utils/nnet_dense_latency.h:42 VARIABLE mul_ln42_1 LOOP {} BUNDLEDNAME {} DSP 1 BRAM 0 URAM 0 STORAGESUBTYPE {} DISPNAME {bind_op mul} VISIBLE true} {BINDTYPE op ID {} IMPL auto LATENCY 0 OPTYPE mul PRAGMA {} RTLNAME mul_16s_11ns_26_1_1_U411 SOURCE firmware/nnet_utils/nnet_dense_latency.h:42 VARIABLE mul_ln42_2 LOOP {} BUNDLEDNAME {} DSP 1 BRAM 0 URAM 0 STORAGESUBTYPE {} DISPNAME {bind_op mul} VISIBLE true} {BINDTYPE op ID {} IMPL auto LATENCY 0 OPTYPE mul PRAGMA {} RTLNAME mul_16s_10ns_26_1_1_U412 SOURCE firmware/nnet_utils/nnet_mult.h:73 VARIABLE mul_ln73_239 LOOP {} BUNDLEDNAME {} DSP 1 BRAM 0 URAM 0 STORAGESUBTYPE {} DISPNAME {bind_op mul} VISIBLE true} {BINDTYPE op ID {} IMPL auto LATENCY 0 OPTYPE mul PRAGMA {} RTLNAME mul_16s_11ns_26_1_1_U414 SOURCE firmware/nnet_utils/nnet_dense_latency.h:42 VARIABLE mul_ln42_3 LOOP {} BUNDLEDNAME {} DSP 1 BRAM 0 URAM 0 STORAGESUBTYPE {} DISPNAME {bind_op mul} VISIBLE true} {BINDTYPE op ID {} IMPL auto LATENCY 0 OPTYPE mul PRAGMA {} RTLNAME mul_16s_10ns_26_1_1_U420 SOURCE firmware/nnet_utils/nnet_mult.h:73 VARIABLE mul_ln73_240 LOOP {} BUNDLEDNAME {} DSP 1 BRAM 0 URAM 0 STORAGESUBTYPE {} DISPNAME {bind_op mul} VISIBLE true} {BINDTYPE op ID {} IMPL auto LATENCY 0 OPTYPE mul PRAGMA {} RTLNAME mul_16s_9ns_25_1_1_U417 SOURCE firmware/nnet_utils/nnet_mult.h:73 VARIABLE mul_ln73_241 LOOP {} BUNDLEDNAME {} DSP 1 BRAM 0 URAM 0 STORAGESUBTYPE {} DISPNAME {bind_op mul} VISIBLE true} {BINDTYPE op ID {} IMPL auto LATENCY 0 OPTYPE mul PRAGMA {} RTLNAME mul_16s_11s_26_1_1_U410 SOURCE firmware/nnet_utils/nnet_dense_latency.h:42 VARIABLE mul_ln42_4 LOOP {} BUNDLEDNAME {} DSP 1 BRAM 0 URAM 0 STORAGESUBTYPE {} DISPNAME {bind_op mul} VISIBLE true} {BINDTYPE op ID {} IMPL auto LATENCY 0 OPTYPE mul PRAGMA {} RTLNAME mul_16s_11ns_26_1_1_U418 SOURCE firmware/nnet_utils/nnet_dense_latency.h:42 VARIABLE mul_ln42_5 LOOP {} BUNDLEDNAME {} DSP 1 BRAM 0 URAM 0 STORAGESUBTYPE {} DISPNAME {bind_op mul} VISIBLE true} {BINDTYPE op ID {} IMPL auto LATENCY 0 OPTYPE mul PRAGMA {} RTLNAME mul_16s_11s_26_1_1_U415 SOURCE firmware/nnet_utils/nnet_dense_latency.h:42 VARIABLE mul_ln42_6 LOOP {} BUNDLEDNAME {} DSP 1 BRAM 0 URAM 0 STORAGESUBTYPE {} DISPNAME {bind_op mul} VISIBLE true} {BINDTYPE op ID {} IMPL auto LATENCY 0 OPTYPE mul PRAGMA {} RTLNAME mul_16s_9ns_25_1_1_U419 SOURCE firmware/nnet_utils/nnet_mult.h:73 VARIABLE mul_ln73_242 LOOP {} BUNDLEDNAME {} DSP 1 BRAM 0 URAM 0 STORAGESUBTYPE {} DISPNAME {bind_op mul} VISIBLE true} {BINDTYPE op ID {} IMPL auto LATENCY 0 OPTYPE mul PRAGMA {} RTLNAME mul_16s_11s_26_1_1_U421 SOURCE firmware/nnet_utils/nnet_dense_latency.h:42 VARIABLE mul_ln42_7 LOOP {} BUNDLEDNAME {} DSP 1 BRAM 0 URAM 0 STORAGESUBTYPE {} DISPNAME {bind_op mul} VISIBLE true} {BINDTYPE op ID {} IMPL auto LATENCY 0 OPTYPE mul PRAGMA {} RTLNAME mul_16s_11s_26_1_1_U422 SOURCE firmware/nnet_utils/nnet_dense_latency.h:42 VARIABLE mul_ln42_8 LOOP {} BUNDLEDNAME {} DSP 1 BRAM 0 URAM 0 STORAGESUBTYPE {} DISPNAME {bind_op mul} VISIBLE true} {BINDTYPE op ID {} IMPL auto LATENCY 0 OPTYPE mul PRAGMA {} RTLNAME mul_16s_11ns_26_1_1_U408 SOURCE firmware/nnet_utils/nnet_dense_latency.h:42 VARIABLE mul_ln42_9 LOOP {} BUNDLEDNAME {} DSP 1 BRAM 0 URAM 0 STORAGESUBTYPE {} DISPNAME {bind_op mul} VISIBLE true} {BINDTYPE op ID {} IMPL fabric LATENCY 0 OPTYPE add PRAGMA {} RTLNAME add_ln58_fu_1513_p2 SOURCE firmware/nnet_utils/nnet_dense_latency.h:58 VARIABLE add_ln58 LOOP {} BUNDLEDNAME {} DSP 0 BRAM 0 URAM 0 STORAGESUBTYPE {} DISPNAME {bind_op add} VISIBLE true} {BINDTYPE op ID {} IMPL fabric LATENCY 0 OPTYPE add PRAGMA {} RTLNAME add_ln58_288_fu_1519_p2 SOURCE firmware/nnet_utils/nnet_dense_latency.h:58 VARIABLE add_ln58_288 LOOP {} BUNDLEDNAME {} DSP 0 BRAM 0 URAM 0 STORAGESUBTYPE {} DISPNAME {bind_op add} VISIBLE true} {BINDTYPE op ID {} IMPL fabric LATENCY 0 OPTYPE add PRAGMA {} RTLNAME add_ln58_291_fu_1567_p2 SOURCE firmware/nnet_utils/nnet_dense_latency.h:58 VARIABLE add_ln58_291 LOOP {} BUNDLEDNAME {} DSP 0 BRAM 0 URAM 0 STORAGESUBTYPE {} DISPNAME {bind_op add} VISIBLE true} {BINDTYPE op ID {} IMPL fabric LATENCY 0 OPTYPE add PRAGMA {} RTLNAME add_ln58_292_fu_1577_p2 SOURCE firmware/nnet_utils/nnet_dense_latency.h:58 VARIABLE add_ln58_292 LOOP {} BUNDLEDNAME {} DSP 0 BRAM 0 URAM 0 STORAGESUBTYPE {} DISPNAME {bind_op add} VISIBLE true} {BINDTYPE op ID {} IMPL fabric LATENCY 0 OPTYPE add PRAGMA {} RTLNAME add_ln58_295_fu_1525_p2 SOURCE firmware/nnet_utils/nnet_dense_latency.h:58 VARIABLE add_ln58_295 LOOP {} BUNDLEDNAME {} DSP 0 BRAM 0 URAM 0 STORAGESUBTYPE {} DISPNAME {bind_op add} VISIBLE true} {BINDTYPE op ID {} IMPL fabric LATENCY 0 OPTYPE add PRAGMA {} RTLNAME add_ln58_296_fu_1531_p2 SOURCE firmware/nnet_utils/nnet_dense_latency.h:58 VARIABLE add_ln58_296 LOOP {} BUNDLEDNAME {} DSP 0 BRAM 0 URAM 0 STORAGESUBTYPE {} DISPNAME {bind_op add} VISIBLE true}} AREA {DSP 16 BRAM 0 URAM 0}} init_exp_table_ap_ufixed_35_15_5_3_0_softmax_config9_s {BINDINFO {{BINDTYPE op ID {} IMPL auto LATENCY 0 OPTYPE seteq PRAGMA {} RTLNAME icmp_ln151_fu_199_p2 SOURCE firmware/nnet_utils/nnet_activation.h:151 VARIABLE icmp_ln151 LOOP VITIS_LOOP_151_1 BUNDLEDNAME {} DSP 0 BRAM 0 URAM 0 STORAGESUBTYPE {} DISPNAME {bind_op seteq} VISIBLE false} {BINDTYPE op ID {} IMPL fabric LATENCY 0 OPTYPE add PRAGMA {} RTLNAME add_ln151_fu_205_p2 SOURCE firmware/nnet_utils/nnet_activation.h:151 VARIABLE add_ln151 LOOP VITIS_LOOP_151_1 BUNDLEDNAME {} DSP 0 BRAM 0 URAM 0 STORAGESUBTYPE {} DISPNAME {bind_op add} VISIBLE true} {BINDTYPE op ID {} IMPL auto LATENCY 0 OPTYPE seteq PRAGMA {} RTLNAME icmp_ln138_fu_258_p2 SOURCE firmware/nnet_utils/nnet_activation.h:138 VARIABLE icmp_ln138 LOOP VITIS_LOOP_151_1 BUNDLEDNAME {} DSP 0 BRAM 0 URAM 0 STORAGESUBTYPE {} DISPNAME {bind_op seteq} VISIBLE false} {BINDTYPE op ID {} IMPL auto LATENCY 0 OPTYPE ctlz PRAGMA {} RTLNAME ctlz_35_35_1_1_U438 SOURCE firmware/nnet_utils/nnet_activation.h:138 VARIABLE tmp LOOP VITIS_LOOP_151_1 BUNDLEDNAME {} DSP 0 BRAM 0 URAM 0 STORAGESUBTYPE {} DISPNAME {bind_op ctlz} VISIBLE false} {BINDTYPE op ID {} IMPL fabric LATENCY 0 OPTYPE sub PRAGMA {} RTLNAME sub_ln138_fu_235_p2 SOURCE firmware/nnet_utils/nnet_activation.h:138 VARIABLE sub_ln138 LOOP VITIS_LOOP_151_1 BUNDLEDNAME {} DSP 0 BRAM 0 URAM 0 STORAGESUBTYPE {} DISPNAME {bind_op sub} VISIBLE true} {BINDTYPE op ID {} IMPL fabric LATENCY 0 OPTYPE add PRAGMA {} RTLNAME add_ln138_fu_263_p2 SOURCE firmware/nnet_utils/nnet_activation.h:138 VARIABLE add_ln138 LOOP VITIS_LOOP_151_1 BUNDLEDNAME {} DSP 0 BRAM 0 URAM 0 STORAGESUBTYPE {} DISPNAME {bind_op add} VISIBLE true} {BINDTYPE op ID {} IMPL auto LATENCY 0 OPTYPE xor PRAGMA {} RTLNAME xor_ln138_fu_280_p2 SOURCE firmware/nnet_utils/nnet_activation.h:138 VARIABLE xor_ln138 LOOP VITIS_LOOP_151_1 BUNDLEDNAME {} DSP 0 BRAM 0 URAM 0 STORAGESUBTYPE {} DISPNAME {bind_op xor} VISIBLE false} {BINDTYPE op ID {} IMPL auto LATENCY 0 OPTYPE bitselect PRAGMA {} RTLNAME bitselect_1ns_35ns_32s_1_1_1_U439 SOURCE firmware/nnet_utils/nnet_activation.h:138 VARIABLE tmp_2 LOOP VITIS_LOOP_151_1 BUNDLEDNAME {} DSP 0 BRAM 0 URAM 0 STORAGESUBTYPE {} DISPNAME {bind_op bitselect} VISIBLE false} {BINDTYPE op ID {} IMPL auto LATENCY 0 OPTYPE and PRAGMA {} RTLNAME phi_ln138_1_fu_293_p2 SOURCE firmware/nnet_utils/nnet_activation.h:138 VARIABLE phi_ln138_1 LOOP VITIS_LOOP_151_1 BUNDLEDNAME {} DSP 0 BRAM 0 URAM 0 STORAGESUBTYPE {} DISPNAME {bind_op and} VISIBLE false} {BINDTYPE op ID {} IMPL auto LATENCY 0 OPTYPE setgt PRAGMA {} RTLNAME icmp_ln138_1_fu_299_p2 SOURCE firmware/nnet_utils/nnet_activation.h:138 VARIABLE icmp_ln138_1 LOOP VITIS_LOOP_151_1 BUNDLEDNAME {} DSP 0 BRAM 0 URAM 0 STORAGESUBTYPE {} DISPNAME {bind_op setgt} VISIBLE false} {BINDTYPE op ID {} IMPL fabric LATENCY 0 OPTYPE add PRAGMA {} RTLNAME add_ln138_1_fu_241_p2 SOURCE firmware/nnet_utils/nnet_activation.h:138 VARIABLE add_ln138_1 LOOP VITIS_LOOP_151_1 BUNDLEDNAME {} DSP 0 BRAM 0 URAM 0 STORAGESUBTYPE {} DISPNAME {bind_op add} VISIBLE true} {BINDTYPE op ID {} IMPL auto_pipe LATENCY 0 OPTYPE lshr PRAGMA {} RTLNAME lshr_ln138_fu_312_p2 SOURCE firmware/nnet_utils/nnet_activation.h:138 VARIABLE lshr_ln138 LOOP VITIS_LOOP_151_1 BUNDLEDNAME {} DSP 0 BRAM 0 URAM 0 STORAGESUBTYPE {} DISPNAME {bind_op lshr} VISIBLE false} {BINDTYPE op ID {} IMPL fabric LATENCY 0 OPTYPE sub PRAGMA {} RTLNAME sub_ln138_1_fu_247_p2 SOURCE firmware/nnet_utils/nnet_activation.h:138 VARIABLE sub_ln138_1 LOOP VITIS_LOOP_151_1 BUNDLEDNAME {} DSP 0 BRAM 0 URAM 0 STORAGESUBTYPE {} DISPNAME {bind_op sub} VISIBLE true} {BINDTYPE op ID {} IMPL auto_pipe LATENCY 0 OPTYPE shl PRAGMA {} RTLNAME shl_ln138_fu_324_p2 SOURCE firmware/nnet_utils/nnet_activation.h:138 VARIABLE shl_ln138 LOOP VITIS_LOOP_151_1 BUNDLEDNAME {} DSP 0 BRAM 0 URAM 0 STORAGESUBTYPE {} DISPNAME {bind_op shl} VISIBLE false} {BINDTYPE op ID {} IMPL auto_sel LATENCY 0 OPTYPE select PRAGMA {} RTLNAME cond42_i_i_i_in_fu_329_p3 SOURCE firmware/nnet_utils/nnet_activation.h:138 VARIABLE cond42_i_i_i_in LOOP VITIS_LOOP_151_1 BUNDLEDNAME {} DSP 0 BRAM 0 URAM 0 STORAGESUBTYPE {} DISPNAME {bind_op select} VISIBLE false} {BINDTYPE op ID {} IMPL fabric LATENCY 0 OPTYPE add PRAGMA {} RTLNAME add_ln138_2_fu_345_p2 SOURCE firmware/nnet_utils/nnet_activation.h:138 VARIABLE add_ln138_2 LOOP VITIS_LOOP_151_1 BUNDLEDNAME {} DSP 0 BRAM 0 URAM 0 STORAGESUBTYPE {} DISPNAME {bind_op add} VISIBLE true} {BINDTYPE op ID {} IMPL auto_sel LATENCY 0 OPTYPE select PRAGMA {} RTLNAME select_ln138_fu_373_p3 SOURCE firmware/nnet_utils/nnet_activation.h:138 VARIABLE select_ln138 LOOP VITIS_LOOP_151_1 BUNDLEDNAME {} DSP 0 BRAM 0 URAM 0 STORAGESUBTYPE {} DISPNAME {bind_op select} VISIBLE false} {BINDTYPE op ID {} IMPL fabric LATENCY 0 OPTYPE sub PRAGMA {} RTLNAME sub_ln138_2_fu_381_p2 SOURCE firmware/nnet_utils/nnet_activation.h:138 VARIABLE sub_ln138_2 LOOP VITIS_LOOP_151_1 BUNDLEDNAME {} DSP 0 BRAM 0 URAM 0 STORAGESUBTYPE {} DISPNAME {bind_op sub} VISIBLE true} {BINDTYPE op ID {} IMPL fabric LATENCY 0 OPTYPE add PRAGMA {} RTLNAME add_ln138_3_fu_390_p2 SOURCE firmware/nnet_utils/nnet_activation.h:138 VARIABLE add_ln138_3 LOOP VITIS_LOOP_151_1 BUNDLEDNAME {} DSP 0 BRAM 0 URAM 0 STORAGESUBTYPE {} DISPNAME {bind_op add} VISIBLE true} {BINDTYPE op ID {} IMPL auto_sel LATENCY 0 OPTYPE select PRAGMA {} RTLNAME x_2_fu_427_p3 SOURCE firmware/nnet_utils/nnet_activation.h:157 VARIABLE x_2 LOOP VITIS_LOOP_151_1 BUNDLEDNAME {} DSP 0 BRAM 0 URAM 0 STORAGESUBTYPE {} DISPNAME {bind_op select} VISIBLE false} {BINDTYPE op ID {} IMPL fulldsp LATENCY 12 OPTYPE fexp PRAGMA {} RTLNAME fexp_32ns_32ns_32_13_full_dsp_1_U437 SOURCE {C:/Xilinx/Vitis/2024.2/tps/mingw/8.3.0/win64.o/nt\lib\gcc\x86_64-w64-mingw32\8.3.0\include\c++\cmath:223} VARIABLE tmp_4 LOOP VITIS_LOOP_151_1 BUNDLEDNAME {} DSP 7 BRAM 0 URAM 0 STORAGESUBTYPE {} DISPNAME {bind_op fexp} VISIBLE true} {BINDTYPE op ID {} IMPL auto LATENCY 1 OPTYPE fpext PRAGMA {} RTLNAME fpext_32ns_64_2_no_dsp_1_U436 SOURCE firmware/nnet_utils/nnet_activation.h:159 VARIABLE pf LOOP VITIS_LOOP_151_1 BUNDLEDNAME {} DSP 0 BRAM 0 URAM 0 STORAGESUBTYPE {} DISPNAME {bind_op fpext} VISIBLE false} {BINDTYPE op ID {} IMPL fabric LATENCY 0 OPTYPE sub PRAGMA {} RTLNAME sub_ln159_fu_482_p2 SOURCE firmware/nnet_utils/nnet_activation.h:159 VARIABLE sub_ln159 LOOP VITIS_LOOP_151_1 BUNDLEDNAME {} DSP 0 BRAM 0 URAM 0 STORAGESUBTYPE {} DISPNAME {bind_op sub} VISIBLE true} {BINDTYPE op ID {} IMPL auto_sel LATENCY 0 OPTYPE select PRAGMA {} RTLNAME select_ln159_fu_488_p3 SOURCE firmware/nnet_utils/nnet_activation.h:159 VARIABLE select_ln159 LOOP VITIS_LOOP_151_1 BUNDLEDNAME {} DSP 0 BRAM 0 URAM 0 STORAGESUBTYPE {} DISPNAME {bind_op select} VISIBLE false} {BINDTYPE op ID {} IMPL auto LATENCY 0 OPTYPE seteq PRAGMA {} RTLNAME icmp_ln159_fu_462_p2 SOURCE firmware/nnet_utils/nnet_activation.h:159 VARIABLE icmp_ln159 LOOP VITIS_LOOP_151_1 BUNDLEDNAME {} DSP 0 BRAM 0 URAM 0 STORAGESUBTYPE {} DISPNAME {bind_op seteq} VISIBLE false} {BINDTYPE op ID {} IMPL fabric LATENCY 0 OPTYPE sub PRAGMA {} RTLNAME sub_ln159_1_fu_495_p2 SOURCE firmware/nnet_utils/nnet_activation.h:159 VARIABLE sub_ln159_1 LOOP VITIS_LOOP_151_1 BUNDLEDNAME {} DSP 0 BRAM 0 URAM 0 STORAGESUBTYPE {} DISPNAME {bind_op sub} VISIBLE true} {BINDTYPE op ID {} IMPL auto LATENCY 0 OPTYPE setgt PRAGMA {} RTLNAME icmp_ln159_1_fu_505_p2 SOURCE firmware/nnet_utils/nnet_activation.h:159 VARIABLE icmp_ln159_1 LOOP VITIS_LOOP_151_1 BUNDLEDNAME {} DSP 0 BRAM 0 URAM 0 STORAGESUBTYPE {} DISPNAME {bind_op setgt} VISIBLE false} {BINDTYPE op ID {} IMPL fabric LATENCY 0 OPTYPE add PRAGMA {} RTLNAME add_ln159_fu_511_p2 SOURCE firmware/nnet_utils/nnet_activation.h:159 VARIABLE add_ln159 LOOP VITIS_LOOP_151_1 BUNDLEDNAME {} DSP 0 BRAM 0 URAM 0 STORAGESUBTYPE {} DISPNAME {bind_op add} VISIBLE true} {BINDTYPE op ID {} IMPL fabric LATENCY 0 OPTYPE sub PRAGMA {} RTLNAME sub_ln159_2_fu_521_p2 SOURCE firmware/nnet_utils/nnet_activation.h:159 VARIABLE sub_ln159_2 LOOP VITIS_LOOP_151_1 BUNDLEDNAME {} DSP 0 BRAM 0 URAM 0 STORAGESUBTYPE {} DISPNAME {bind_op sub} VISIBLE true} {BINDTYPE op ID {} IMPL auto_sel LATENCY 0 OPTYPE select PRAGMA {} RTLNAME select_ln159_1_fu_527_p3 SOURCE firmware/nnet_utils/nnet_activation.h:159 VARIABLE select_ln159_1 LOOP VITIS_LOOP_151_1 BUNDLEDNAME {} DSP 0 BRAM 0 URAM 0 STORAGESUBTYPE {} DISPNAME {bind_op select} VISIBLE false} {BINDTYPE op ID {} IMPL auto LATENCY 0 OPTYPE seteq PRAGMA {} RTLNAME icmp_ln159_2_fu_535_p2 SOURCE firmware/nnet_utils/nnet_activation.h:159 VARIABLE icmp_ln159_2 LOOP VITIS_LOOP_151_1 BUNDLEDNAME {} DSP 0 BRAM 0 URAM 0 STORAGESUBTYPE {} DISPNAME {bind_op seteq} VISIBLE false} {BINDTYPE op ID {} IMPL auto LATENCY 0 OPTYPE setlt PRAGMA {} RTLNAME icmp_ln159_3_fu_657_p2 SOURCE firmware/nnet_utils/nnet_activation.h:159 VARIABLE icmp_ln159_3 LOOP VITIS_LOOP_151_1 BUNDLEDNAME {} DSP 0 BRAM 0 URAM 0 STORAGESUBTYPE {} DISPNAME {bind_op setlt} VISIBLE false} {BINDTYPE op ID {} IMPL auto_sel LATENCY 0 OPTYPE select PRAGMA {} RTLNAME select_ln159_5_fu_662_p3 SOURCE firmware/nnet_utils/nnet_activation.h:159 VARIABLE select_ln159_5 LOOP VITIS_LOOP_151_1 BUNDLEDNAME {} DSP 0 BRAM 0 URAM 0 STORAGESUBTYPE {} DISPNAME {bind_op select} VISIBLE false} {BINDTYPE op ID {} IMPL auto_pipe LATENCY 0 OPTYPE ashr PRAGMA {} RTLNAME ashr_ln159_fu_672_p2 SOURCE firmware/nnet_utils/nnet_activation.h:159 VARIABLE ashr_ln159 LOOP VITIS_LOOP_151_1 BUNDLEDNAME {} DSP 0 BRAM 0 URAM 0 STORAGESUBTYPE {} DISPNAME {bind_op ashr} VISIBLE false} {BINDTYPE op ID {} IMPL auto_sel LATENCY 0 OPTYPE select PRAGMA {} RTLNAME select_ln159_2_fu_681_p3 SOURCE firmware/nnet_utils/nnet_activation.h:159 VARIABLE select_ln159_2 LOOP VITIS_LOOP_151_1 BUNDLEDNAME {} DSP 0 BRAM 0 URAM 0 STORAGESUBTYPE {} DISPNAME {bind_op select} VISIBLE false} {BINDTYPE op ID {} IMPL auto LATENCY 0 OPTYPE setgt PRAGMA {} RTLNAME icmp_ln159_4_fu_545_p2 SOURCE firmware/nnet_utils/nnet_activation.h:159 VARIABLE icmp_ln159_4 LOOP VITIS_LOOP_151_1 BUNDLEDNAME {} DSP 0 BRAM 0 URAM 0 STORAGESUBTYPE {} DISPNAME {bind_op setgt} VISIBLE false} {BINDTYPE op ID {} IMPL auto LATENCY 0 OPTYPE setlt PRAGMA {} RTLNAME icmp_ln159_5_fu_689_p2 SOURCE firmware/nnet_utils/nnet_activation.h:159 VARIABLE icmp_ln159_5 LOOP VITIS_LOOP_151_1 BUNDLEDNAME {} DSP 0 BRAM 0 URAM 0 STORAGESUBTYPE {} DISPNAME {bind_op setlt} VISIBLE false} {BINDTYPE op ID {} IMPL auto_pipe LATENCY 0 OPTYPE shl PRAGMA {} RTLNAME shl_ln159_fu_697_p2 SOURCE firmware/nnet_utils/nnet_activation.h:159 VARIABLE shl_ln159 LOOP VITIS_LOOP_151_1 BUNDLEDNAME {} DSP 0 BRAM 0 URAM 0 STORAGESUBTYPE {} DISPNAME {bind_op shl} VISIBLE false} {BINDTYPE op ID {} IMPL auto_sel LATENCY 0 OPTYPE select PRAGMA {} RTLNAME select_ln159_3_fu_702_p3 SOURCE firmware/nnet_utils/nnet_activation.h:159 VARIABLE select_ln159_3 LOOP VITIS_LOOP_151_1 BUNDLEDNAME {} DSP 0 BRAM 0 URAM 0 STORAGESUBTYPE {} DISPNAME {bind_op select} VISIBLE false} {BINDTYPE op ID {} IMPL fabric LATENCY 0 OPTYPE add PRAGMA {} RTLNAME add_ln159_1_fu_551_p2 SOURCE firmware/nnet_utils/nnet_activation.h:159 VARIABLE add_ln159_1 LOOP VITIS_LOOP_151_1 BUNDLEDNAME {} DSP 0 BRAM 0 URAM 0 STORAGESUBTYPE {} DISPNAME {bind_op add} VISIBLE true} {BINDTYPE op ID {} IMPL auto LATENCY 0 OPTYPE bitselect PRAGMA {} RTLNAME bitselect_1ns_54ns_32ns_1_1_1_U440 SOURCE firmware/nnet_utils/nnet_activation.h:159 VARIABLE tmp_7 LOOP VITIS_LOOP_151_1 BUNDLEDNAME {} DSP 0 BRAM 0 URAM 0 STORAGESUBTYPE {} DISPNAME {bind_op bitselect} VISIBLE false} {BINDTYPE op ID {} IMPL auto_sel LATENCY 0 OPTYPE select PRAGMA {} RTLNAME cond64_i_fu_710_p3 SOURCE firmware/nnet_utils/nnet_activation.h:159 VARIABLE cond64_i LOOP VITIS_LOOP_151_1 BUNDLEDNAME {} DSP 0 BRAM 0 URAM 0 STORAGESUBTYPE {} DISPNAME {bind_op select} VISIBLE false} {BINDTYPE op ID {} IMPL fabric LATENCY 0 OPTYPE add PRAGMA {} RTLNAME add_ln159_2_fu_727_p2 SOURCE firmware/nnet_utils/nnet_activation.h:159 VARIABLE add_ln159_2 LOOP VITIS_LOOP_151_1 BUNDLEDNAME {} DSP 0 BRAM 0 URAM 0 STORAGESUBTYPE {} DISPNAME {bind_op add} VISIBLE true} {BINDTYPE op ID {} IMPL auto LATENCY 0 OPTYPE xor PRAGMA {} RTLNAME xor_ln159_fu_741_p2 SOURCE firmware/nnet_utils/nnet_activation.h:159 VARIABLE xor_ln159 LOOP VITIS_LOOP_151_1 BUNDLEDNAME {} DSP 0 BRAM 0 URAM 0 STORAGESUBTYPE {} DISPNAME {bind_op xor} VISIBLE false} {BINDTYPE op ID {} IMPL auto LATENCY 0 OPTYPE xor PRAGMA {} RTLNAME xor_ln159_2_fu_747_p2 SOURCE firmware/nnet_utils/nnet_activation.h:159 VARIABLE xor_ln159_2 LOOP VITIS_LOOP_151_1 BUNDLEDNAME {} DSP 0 BRAM 0 URAM 0 STORAGESUBTYPE {} DISPNAME {bind_op xor} VISIBLE false} {BINDTYPE op ID {} IMPL auto LATENCY 0 OPTYPE and PRAGMA {} RTLNAME and_ln159_9_fu_752_p2 SOURCE firmware/nnet_utils/nnet_activation.h:159 VARIABLE and_ln159_9 LOOP VITIS_LOOP_151_1 BUNDLEDNAME {} DSP 0 BRAM 0 URAM 0 STORAGESUBTYPE {} DISPNAME {bind_op and} VISIBLE false} {BINDTYPE op ID {} IMPL onehotencoding_realdef LATENCY 0 OPTYPE sparsemux PRAGMA {} RTLNAME sparsemux_7_2_18_1_1_U444 SOURCE firmware/nnet_utils/nnet_activation.h:159 VARIABLE ref_tmp_i_i LOOP VITIS_LOOP_151_1 BUNDLEDNAME {} DSP 0 BRAM 0 URAM 0 STORAGESUBTYPE {} DISPNAME {bind_op sparsemux} VISIBLE false} {BINDTYPE op ID {} IMPL auto LATENCY 0 OPTYPE and PRAGMA {} RTLNAME and_ln159_10_fu_757_p2 SOURCE firmware/nnet_utils/nnet_activation.h:159 VARIABLE and_ln159_10 LOOP VITIS_LOOP_151_1 BUNDLEDNAME {} DSP 0 BRAM 0 URAM 0 STORAGESUBTYPE {} DISPNAME {bind_op and} VISIBLE false} {BINDTYPE op ID {} IMPL auto LATENCY 0 OPTYPE and PRAGMA {} RTLNAME carry_1_i_fu_763_p2 SOURCE firmware/nnet_utils/nnet_activation.h:159 VARIABLE carry_1_i LOOP VITIS_LOOP_151_1 BUNDLEDNAME {} DSP 0 BRAM 0 URAM 0 STORAGESUBTYPE {} DISPNAME {bind_op and} VISIBLE false} {BINDTYPE op ID {} IMPL fabric LATENCY 0 OPTYPE add PRAGMA {} RTLNAME add_ln159_3_fu_581_p2 SOURCE firmware/nnet_utils/nnet_activation.h:159 VARIABLE add_ln159_3 LOOP VITIS_LOOP_151_1 BUNDLEDNAME {} DSP 0 BRAM 0 URAM 0 STORAGESUBTYPE {} DISPNAME {bind_op add} VISIBLE true} {BINDTYPE op ID {} IMPL auto LATENCY 0 OPTYPE setgt PRAGMA {} RTLNAME icmp_ln159_6_fu_597_p2 SOURCE firmware/nnet_utils/nnet_activation.h:159 VARIABLE icmp_ln159_6 LOOP VITIS_LOOP_151_1 BUNDLEDNAME {} DSP 0 BRAM 0 URAM 0 STORAGESUBTYPE {} DISPNAME {bind_op setgt} VISIBLE false} {BINDTYPE op ID {} IMPL fabric LATENCY 0 OPTYPE add PRAGMA {} RTLNAME add_ln159_4_fu_603_p2 SOURCE firmware/nnet_utils/nnet_activation.h:159 VARIABLE add_ln159_4 LOOP VITIS_LOOP_151_1 BUNDLEDNAME {} DSP 0 BRAM 0 URAM 0 STORAGESUBTYPE {} DISPNAME {bind_op add} VISIBLE true} {BINDTYPE op ID {} IMPL fabric LATENCY 0 OPTYPE add PRAGMA {} RTLNAME add_ln159_5_fu_613_p2 SOURCE firmware/nnet_utils/nnet_activation.h:159 VARIABLE add_ln159_5 LOOP VITIS_LOOP_151_1 BUNDLEDNAME {} DSP 0 BRAM 0 URAM 0 STORAGESUBTYPE {} DISPNAME {bind_op add} VISIBLE true} {BINDTYPE op ID {} IMPL auto LATENCY 0 OPTYPE setlt PRAGMA {} RTLNAME icmp_ln159_7_fu_619_p2 SOURCE firmware/nnet_utils/nnet_activation.h:159 VARIABLE icmp_ln159_7 LOOP VITIS_LOOP_151_1 BUNDLEDNAME {} DSP 0 BRAM 0 URAM 0 STORAGESUBTYPE {} DISPNAME {bind_op setlt} VISIBLE false} {BINDTYPE op ID {} IMPL auto LATENCY 0 OPTYPE xor PRAGMA {} RTLNAME xor_ln159_9_fu_769_p2 SOURCE firmware/nnet_utils/nnet_activation.h:159 VARIABLE xor_ln159_9 LOOP VITIS_LOOP_151_1 BUNDLEDNAME {} DSP 0 BRAM 0 URAM 0 STORAGESUBTYPE {} DISPNAME {bind_op xor} VISIBLE false} {BINDTYPE op ID {} IMPL auto LATENCY 0 OPTYPE setlt PRAGMA {} RTLNAME icmp_ln159_8_fu_633_p2 SOURCE firmware/nnet_utils/nnet_activation.h:159 VARIABLE icmp_ln159_8 LOOP VITIS_LOOP_151_1 BUNDLEDNAME {} DSP 0 BRAM 0 URAM 0 STORAGESUBTYPE {} DISPNAME {bind_op setlt} VISIBLE false} {BINDTYPE op ID {} IMPL auto LATENCY 0 OPTYPE bitselect PRAGMA {} RTLNAME bitselect_1ns_54ns_32s_1_1_1_U441 SOURCE firmware/nnet_utils/nnet_activation.h:159 VARIABLE tobool134_i LOOP VITIS_LOOP_151_1 BUNDLEDNAME {} DSP 0 BRAM 0 URAM 0 STORAGESUBTYPE {} DISPNAME {bind_op bitselect} VISIBLE false} {BINDTYPE op ID {} IMPL auto LATENCY 0 OPTYPE and PRAGMA {} RTLNAME lD_0_i_fu_647_p2 SOURCE firmware/nnet_utils/nnet_activation.h:159 VARIABLE lD_0_i LOOP VITIS_LOOP_151_1 BUNDLEDNAME {} DSP 0 BRAM 0 URAM 0 STORAGESUBTYPE {} DISPNAME {bind_op and} VISIBLE false} {BINDTYPE op ID {} IMPL auto LATENCY 0 OPTYPE setlt PRAGMA {} RTLNAME icmp_ln159_9_fu_774_p2 SOURCE firmware/nnet_utils/nnet_activation.h:159 VARIABLE icmp_ln159_9 LOOP VITIS_LOOP_151_1 BUNDLEDNAME {} DSP 0 BRAM 0 URAM 0 STORAGESUBTYPE {} DISPNAME {bind_op setlt} VISIBLE false} {BINDTYPE op ID {} IMPL auto LATENCY 0 OPTYPE setlt PRAGMA {} RTLNAME icmp_ln159_10_fu_779_p2 SOURCE firmware/nnet_utils/nnet_activation.h:159 VARIABLE icmp_ln159_10 LOOP VITIS_LOOP_151_1 BUNDLEDNAME {} DSP 0 BRAM 0 URAM 0 STORAGESUBTYPE {} DISPNAME {bind_op setlt} VISIBLE false} {BINDTYPE op ID {} IMPL auto LATENCY 0 OPTYPE and PRAGMA {} RTLNAME neg_src_0_i_fu_1030_p2 SOURCE firmware/nnet_utils/nnet_activation.h:159 VARIABLE and_ln159 LOOP VITIS_LOOP_151_1 BUNDLEDNAME {} DSP 0 BRAM 0 URAM 0 STORAGESUBTYPE {} DISPNAME {bind_op and} VISIBLE false} {BINDTYPE op ID {} IMPL auto_pipe LATENCY 0 OPTYPE lshr PRAGMA {} RTLNAME lshr_ln159_fu_787_p2 SOURCE firmware/nnet_utils/nnet_activation.h:159 VARIABLE lshr_ln159 LOOP VITIS_LOOP_151_1 BUNDLEDNAME {} DSP 0 BRAM 0 URAM 0 STORAGESUBTYPE {} DISPNAME {bind_op lshr} VISIBLE false} {BINDTYPE op ID {} IMPL auto_pipe LATENCY 0 OPTYPE lshr PRAGMA {} RTLNAME lshr_ln159_1_fu_792_p2 SOURCE firmware/nnet_utils/nnet_activation.h:159 VARIABLE lshr_ln159_1 LOOP VITIS_LOOP_151_1 BUNDLEDNAME {} DSP 0 BRAM 0 URAM 0 STORAGESUBTYPE {} DISPNAME {bind_op lshr} VISIBLE false} {BINDTYPE op ID {} IMPL auto LATENCY 0 OPTYPE seteq PRAGMA {} RTLNAME icmp_ln159_11_fu_798_p2 SOURCE firmware/nnet_utils/nnet_activation.h:159 VARIABLE icmp_ln159_11 LOOP VITIS_LOOP_151_1 BUNDLEDNAME {} DSP 0 BRAM 0 URAM 0 STORAGESUBTYPE {} DISPNAME {bind_op seteq} VISIBLE false} {BINDTYPE op ID {} IMPL auto LATENCY 0 OPTYPE xor PRAGMA {} RTLNAME xor_ln159_10_fu_811_p2 SOURCE firmware/nnet_utils/nnet_activation.h:159 VARIABLE xor_ln159_10 LOOP VITIS_LOOP_151_1 BUNDLEDNAME {} DSP 0 BRAM 0 URAM 0 STORAGESUBTYPE {} DISPNAME {bind_op xor} VISIBLE false} {BINDTYPE op ID {} IMPL auto_sel LATENCY 0 OPTYPE select PRAGMA {} RTLNAME Range2_all_ones_1_i_fu_817_p3 SOURCE firmware/nnet_utils/nnet_activation.h:159 VARIABLE Range2_all_ones_1_i LOOP VITIS_LOOP_151_1 BUNDLEDNAME {} DSP 0 BRAM 0 URAM 0 STORAGESUBTYPE {} DISPNAME {bind_op select} VISIBLE false} {BINDTYPE op ID {} IMPL auto LATENCY 0 OPTYPE and PRAGMA {} RTLNAME and_ln159_1_fu_825_p2 SOURCE firmware/nnet_utils/nnet_activation.h:159 VARIABLE and_ln159_1 LOOP VITIS_LOOP_151_1 BUNDLEDNAME {} DSP 0 BRAM 0 URAM 0 STORAGESUBTYPE {} DISPNAME {bind_op and} VISIBLE false} {BINDTYPE op ID {} IMPL auto LATENCY 0 OPTYPE and PRAGMA {} RTLNAME Range1_all_ones_2_i_fu_894_p2 SOURCE firmware/nnet_utils/nnet_activation.h:159 VARIABLE and_ln159_2 LOOP VITIS_LOOP_151_1 BUNDLEDNAME {} DSP 0 BRAM 0 URAM 0 STORAGESUBTYPE {} DISPNAME {bind_op and} VISIBLE false} {BINDTYPE op ID {} IMPL auto LATENCY 0 OPTYPE xor PRAGMA {} RTLNAME xor_ln159_1_fu_836_p2 SOURCE firmware/nnet_utils/nnet_activation.h:159 VARIABLE xor_ln159_1 LOOP VITIS_LOOP_151_1 BUNDLEDNAME {} DSP 0 BRAM 0 URAM 0 STORAGESUBTYPE {} DISPNAME {bind_op xor} VISIBLE false} {BINDTYPE op ID {} IMPL auto LATENCY 0 OPTYPE seteq PRAGMA {} RTLNAME icmp_ln159_12_fu_841_p2 SOURCE firmware/nnet_utils/nnet_activation.h:159 VARIABLE icmp_ln159_12 LOOP VITIS_LOOP_151_1 BUNDLEDNAME {} DSP 0 BRAM 0 URAM 0 STORAGESUBTYPE {} DISPNAME {bind_op seteq} VISIBLE false} {BINDTYPE op ID {} IMPL auto LATENCY 0 OPTYPE and PRAGMA {} RTLNAME Range1_all_zeros_2_i_fu_913_p2 SOURCE firmware/nnet_utils/nnet_activation.h:159 VARIABLE and_ln159_3 LOOP VITIS_LOOP_151_1 BUNDLEDNAME {} DSP 0 BRAM 0 URAM 0 STORAGESUBTYPE {} DISPNAME {bind_op and} VISIBLE false} {BINDTYPE op ID {} IMPL auto LATENCY 0 OPTYPE seteq PRAGMA {} RTLNAME icmp_ln159_13_fu_853_p2 SOURCE firmware/nnet_utils/nnet_activation.h:159 VARIABLE icmp_ln159_13 LOOP VITIS_LOOP_151_1 BUNDLEDNAME {} DSP 0 BRAM 0 URAM 0 STORAGESUBTYPE {} DISPNAME {bind_op seteq} VISIBLE false} {BINDTYPE op ID {} IMPL auto LATENCY 0 OPTYPE seteq PRAGMA {} RTLNAME icmp_ln159_14_fu_858_p2 SOURCE firmware/nnet_utils/nnet_activation.h:159 VARIABLE icmp_ln159_14 LOOP VITIS_LOOP_151_1 BUNDLEDNAME {} DSP 0 BRAM 0 URAM 0 STORAGESUBTYPE {} DISPNAME {bind_op seteq} VISIBLE false} {BINDTYPE op ID {} IMPL auto LATENCY 0 OPTYPE or PRAGMA {} RTLNAME Range1_all_zeros_2_i_fu_913_p6 SOURCE firmware/nnet_utils/nnet_activation.h:159 VARIABLE or_ln159 LOOP VITIS_LOOP_151_1 BUNDLEDNAME {} DSP 0 BRAM 0 URAM 0 STORAGESUBTYPE {} DISPNAME {bind_op or} VISIBLE false} {BINDTYPE op ID {} IMPL auto LATENCY 0 OPTYPE xor PRAGMA {} RTLNAME xor_ln159_11_fu_869_p2 SOURCE firmware/nnet_utils/nnet_activation.h:159 VARIABLE xor_ln159_11 LOOP VITIS_LOOP_151_1 BUNDLEDNAME {} DSP 0 BRAM 0 URAM 0 STORAGESUBTYPE {} DISPNAME {bind_op xor} VISIBLE false} {BINDTYPE op ID {} IMPL auto LATENCY 0 OPTYPE or PRAGMA {} RTLNAME or_ln159_5_fu_875_p2 SOURCE firmware/nnet_utils/nnet_activation.h:159 VARIABLE or_ln159_5 LOOP VITIS_LOOP_151_1 BUNDLEDNAME {} DSP 0 BRAM 0 URAM 0 STORAGESUBTYPE {} DISPNAME {bind_op or} VISIBLE false} {BINDTYPE op ID {} IMPL auto LATENCY 0 OPTYPE and PRAGMA {} RTLNAME and_ln159_11_fu_880_p2 SOURCE firmware/nnet_utils/nnet_activation.h:159 VARIABLE and_ln159_11 LOOP VITIS_LOOP_151_1 BUNDLEDNAME {} DSP 0 BRAM 0 URAM 0 STORAGESUBTYPE {} DISPNAME {bind_op and} VISIBLE false} {BINDTYPE op ID {} IMPL onehotencoding_realdef LATENCY 0 OPTYPE sparsemux PRAGMA {} RTLNAME sparsemux_7_2_1_1_1_U442 SOURCE firmware/nnet_utils/nnet_activation.h:159 VARIABLE Range1_all_ones_2_i LOOP VITIS_LOOP_151_1 BUNDLEDNAME {} DSP 0 BRAM 0 URAM 0 STORAGESUBTYPE {} DISPNAME {bind_op sparsemux} VISIBLE false} {BINDTYPE op ID {} IMPL onehotencoding_realdef LATENCY 0 OPTYPE sparsemux PRAGMA {} RTLNAME sparsemux_7_2_1_1_1_U443 SOURCE firmware/nnet_utils/nnet_activation.h:159 VARIABLE Range1_all_zeros_2_i LOOP VITIS_LOOP_151_1 BUNDLEDNAME {} DSP 0 BRAM 0 URAM 0 STORAGESUBTYPE {} DISPNAME {bind_op sparsemux} VISIBLE false} {BINDTYPE op ID {} IMPL auto_sel LATENCY 0 OPTYPE select PRAGMA {} RTLNAME select_ln159_4_fu_977_p3 SOURCE firmware/nnet_utils/nnet_activation.h:159 VARIABLE select_ln159_4 LOOP VITIS_LOOP_151_1 BUNDLEDNAME {} DSP 0 BRAM 0 URAM 0 STORAGESUBTYPE {} DISPNAME {bind_op select} VISIBLE false} {BINDTYPE op ID {} IMPL auto LATENCY 0 OPTYPE or PRAGMA {} RTLNAME or_ln159_1_fu_982_p2 SOURCE firmware/nnet_utils/nnet_activation.h:159 VARIABLE or_ln159_1 LOOP VITIS_LOOP_151_1 BUNDLEDNAME {} DSP 0 BRAM 0 URAM 0 STORAGESUBTYPE {} DISPNAME {bind_op or} VISIBLE false} {BINDTYPE op ID {} IMPL auto LATENCY 0 OPTYPE and PRAGMA {} RTLNAME and_ln159_4_fu_986_p2 SOURCE firmware/nnet_utils/nnet_activation.h:159 VARIABLE and_ln159_4 LOOP VITIS_LOOP_151_1 BUNDLEDNAME {} DSP 0 BRAM 0 URAM 0 STORAGESUBTYPE {} DISPNAME {bind_op and} VISIBLE false} {BINDTYPE op ID {} IMPL auto_sel LATENCY 0 OPTYPE select PRAGMA {} RTLNAME cond193_i_fu_991_p3 SOURCE firmware/nnet_utils/nnet_activation.h:159 VARIABLE cond193_i LOOP VITIS_LOOP_151_1 BUNDLEDNAME {} DSP 0 BRAM 0 URAM 0 STORAGESUBTYPE {} DISPNAME {bind_op select} VISIBLE false} {BINDTYPE op ID {} IMPL auto LATENCY 0 OPTYPE and PRAGMA {} RTLNAME and_ln159_5_fu_997_p2 SOURCE firmware/nnet_utils/nnet_activation.h:159 VARIABLE and_ln159_5 LOOP VITIS_LOOP_151_1 BUNDLEDNAME {} DSP 0 BRAM 0 URAM 0 STORAGESUBTYPE {} DISPNAME {bind_op and} VISIBLE false} {BINDTYPE op ID {} IMPL auto LATENCY 0 OPTYPE xor PRAGMA {} RTLNAME neg_src_0_i_fu_1030_p4 SOURCE firmware/nnet_utils/nnet_activation.h:159 VARIABLE xor_ln159_4 LOOP VITIS_LOOP_151_1 BUNDLEDNAME {} DSP 0 BRAM 0 URAM 0 STORAGESUBTYPE {} DISPNAME {bind_op xor} VISIBLE false} {BINDTYPE op ID {} IMPL auto LATENCY 0 OPTYPE xor PRAGMA {} RTLNAME not_icmp_ln159_749_fu_1007_p2 SOURCE firmware/nnet_utils/nnet_activation.h:159 VARIABLE not_icmp_ln159_749 LOOP VITIS_LOOP_151_1 BUNDLEDNAME {} DSP 0 BRAM 0 URAM 0 STORAGESUBTYPE {} DISPNAME {bind_op xor} VISIBLE false} {BINDTYPE op ID {} IMPL auto LATENCY 0 OPTYPE or PRAGMA {} RTLNAME deleted_ones_0_i_fu_1012_p2 SOURCE firmware/nnet_utils/nnet_activation.h:159 VARIABLE deleted_ones_0_i LOOP VITIS_LOOP_151_1 BUNDLEDNAME {} DSP 0 BRAM 0 URAM 0 STORAGESUBTYPE {} DISPNAME {bind_op or} VISIBLE false} {BINDTYPE op ID {} IMPL auto LATENCY 0 OPTYPE and PRAGMA {} RTLNAME and_ln159_12_fu_1018_p2 SOURCE firmware/nnet_utils/nnet_activation.h:159 VARIABLE and_ln159_12 LOOP VITIS_LOOP_151_1 BUNDLEDNAME {} DSP 0 BRAM 0 URAM 0 STORAGESUBTYPE {} DISPNAME {bind_op and} VISIBLE false} {BINDTYPE op ID {} IMPL onehotencoding_realdef LATENCY 0 OPTYPE sparsemux PRAGMA {} RTLNAME sparsemux_7_2_1_1_1_U445 SOURCE firmware/nnet_utils/nnet_activation.h:159 VARIABLE neg_src_0_i LOOP VITIS_LOOP_151_1 BUNDLEDNAME {} DSP 0 BRAM 0 URAM 0 STORAGESUBTYPE {} DISPNAME {bind_op sparsemux} VISIBLE false} {BINDTYPE op ID {} IMPL auto LATENCY 0 OPTYPE xor PRAGMA {} RTLNAME xor_ln159_5_fu_1050_p2 SOURCE firmware/nnet_utils/nnet_activation.h:159 VARIABLE xor_ln159_5 LOOP VITIS_LOOP_151_1 BUNDLEDNAME {} DSP 0 BRAM 0 URAM 0 STORAGESUBTYPE {} DISPNAME {bind_op xor} VISIBLE false} {BINDTYPE op ID {} IMPL auto LATENCY 0 OPTYPE and PRAGMA {} RTLNAME and_ln159_13_fu_1056_p2 SOURCE firmware/nnet_utils/nnet_activation.h:159 VARIABLE and_ln159_13 LOOP VITIS_LOOP_151_1 BUNDLEDNAME {} DSP 0 BRAM 0 URAM 0 STORAGESUBTYPE {} DISPNAME {bind_op and} VISIBLE false} {BINDTYPE op ID {} IMPL auto LATENCY 0 OPTYPE or PRAGMA {} RTLNAME or_ln159_2_fu_1061_p2 SOURCE firmware/nnet_utils/nnet_activation.h:159 VARIABLE or_ln159_2 LOOP VITIS_LOOP_151_1 BUNDLEDNAME {} DSP 0 BRAM 0 URAM 0 STORAGESUBTYPE {} DISPNAME {bind_op or} VISIBLE false} {BINDTYPE op ID {} IMPL auto LATENCY 0 OPTYPE xor PRAGMA {} RTLNAME xor_ln159_6_fu_1067_p2 SOURCE firmware/nnet_utils/nnet_activation.h:159 VARIABLE xor_ln159_6 LOOP VITIS_LOOP_151_1 BUNDLEDNAME {} DSP 0 BRAM 0 URAM 0 STORAGESUBTYPE {} DISPNAME {bind_op xor} VISIBLE false} {BINDTYPE op ID {} IMPL auto LATENCY 0 OPTYPE and PRAGMA {} RTLNAME and_ln159_6_fu_1072_p2 SOURCE firmware/nnet_utils/nnet_activation.h:159 VARIABLE and_ln159_6 LOOP VITIS_LOOP_151_1 BUNDLEDNAME {} DSP 0 BRAM 0 URAM 0 STORAGESUBTYPE {} DISPNAME {bind_op and} VISIBLE false} {BINDTYPE op ID {} IMPL auto LATENCY 0 OPTYPE and PRAGMA {} RTLNAME and_ln159_7_fu_1078_p2 SOURCE firmware/nnet_utils/nnet_activation.h:159 VARIABLE and_ln159_7 LOOP VITIS_LOOP_151_1 BUNDLEDNAME {} DSP 0 BRAM 0 URAM 0 STORAGESUBTYPE {} DISPNAME {bind_op and} VISIBLE false} {BINDTYPE op ID {} IMPL auto LATENCY 0 OPTYPE xor PRAGMA {} RTLNAME xor_ln159_7_fu_1084_p2 SOURCE firmware/nnet_utils/nnet_activation.h:159 VARIABLE xor_ln159_7 LOOP VITIS_LOOP_151_1 BUNDLEDNAME {} DSP 0 BRAM 0 URAM 0 STORAGESUBTYPE {} DISPNAME {bind_op xor} VISIBLE false} {BINDTYPE op ID {} IMPL auto LATENCY 0 OPTYPE and PRAGMA {} RTLNAME and_ln159_8_fu_1090_p2 SOURCE firmware/nnet_utils/nnet_activation.h:159 VARIABLE and_ln159_8 LOOP VITIS_LOOP_151_1 BUNDLEDNAME {} DSP 0 BRAM 0 URAM 0 STORAGESUBTYPE {} DISPNAME {bind_op and} VISIBLE false} {BINDTYPE op ID {} IMPL auto LATENCY 0 OPTYPE or PRAGMA {} RTLNAME or_ln159_3_fu_1096_p2 SOURCE firmware/nnet_utils/nnet_activation.h:159 VARIABLE or_ln159_3 LOOP VITIS_LOOP_151_1 BUNDLEDNAME {} DSP 0 BRAM 0 URAM 0 STORAGESUBTYPE {} DISPNAME {bind_op or} VISIBLE false} {BINDTYPE op ID {} IMPL auto_sel LATENCY 0 OPTYPE select PRAGMA {} RTLNAME exp_x_fu_1133_p4 SOURCE firmware/nnet_utils/nnet_activation.h:159 VARIABLE select_ln159_6 LOOP VITIS_LOOP_151_1 BUNDLEDNAME {} DSP 0 BRAM 0 URAM 0 STORAGESUBTYPE {} DISPNAME {bind_op select} VISIBLE false} {BINDTYPE op ID {} IMPL auto LATENCY 0 OPTYPE xor PRAGMA {} RTLNAME xor_ln159_8_fu_1110_p2 SOURCE firmware/nnet_utils/nnet_activation.h:159 VARIABLE xor_ln159_8 LOOP VITIS_LOOP_151_1 BUNDLEDNAME {} DSP 0 BRAM 0 URAM 0 STORAGESUBTYPE {} DISPNAME {bind_op xor} VISIBLE false} {BINDTYPE op ID {} IMPL auto LATENCY 0 OPTYPE and PRAGMA {} RTLNAME and_ln159_14_fu_1115_p2 SOURCE firmware/nnet_utils/nnet_activation.h:159 VARIABLE and_ln159_14 LOOP VITIS_LOOP_151_1 BUNDLEDNAME {} DSP 0 BRAM 0 URAM 0 STORAGESUBTYPE {} DISPNAME {bind_op and} VISIBLE false} {BINDTYPE op ID {} IMPL auto LATENCY 0 OPTYPE and PRAGMA {} RTLNAME and_ln159_15_fu_1121_p2 SOURCE firmware/nnet_utils/nnet_activation.h:159 VARIABLE and_ln159_15 LOOP VITIS_LOOP_151_1 BUNDLEDNAME {} DSP 0 BRAM 0 URAM 0 STORAGESUBTYPE {} DISPNAME {bind_op and} VISIBLE false} {BINDTYPE op ID {} IMPL onehotencoding_realdef LATENCY 0 OPTYPE sparsemux PRAGMA {} RTLNAME sparsemux_7_2_16_1_1_U446 SOURCE firmware/nnet_utils/nnet_activation.h:159 VARIABLE exp_x LOOP VITIS_LOOP_151_1 BUNDLEDNAME {} DSP 0 BRAM 0 URAM 0 STORAGESUBTYPE {} DISPNAME {bind_op sparsemux} VISIBLE false}} AREA {DSP 7 BRAM 0 URAM 0}} softmax_stable_array_array_ap_fixed_16_6_5_3_0_2u_softmax_config9_s {BINDINFO {{BINDTYPE storage ID {} IMPL auto LATENCY 1 OPTYPE ram_2p PRAGMA {} RTLNAME exp_table_U SOURCE firmware/nnet_utils/nnet_activation_stream.h:173 VARIABLE exp_table LOOP {} BUNDLEDNAME {} DSP 0 BRAM 1 URAM 0 STORAGESUBTYPE {} STORAGESIZE {16 1024 1} STORAGEUSAGE {ram_2p array} DISPNAME {bind_storage ram_2p} VISIBLE true} {BINDTYPE op ID {} IMPL auto LATENCY 0 OPTYPE setlt PRAGMA {} RTLNAME icmp_ln66_fu_174_p2 SOURCE firmware/nnet_utils/nnet_common.h:66 VARIABLE icmp_ln66 LOOP {} BUNDLEDNAME {} DSP 0 BRAM 0 URAM 0 STORAGESUBTYPE {} DISPNAME {bind_op setlt} VISIBLE false} {BINDTYPE op ID {} IMPL auto LATENCY 0 OPTYPE xor PRAGMA {} RTLNAME xor_ln66_fu_194_p2 SOURCE firmware/nnet_utils/nnet_common.h:66 VARIABLE xor_ln66 LOOP {} BUNDLEDNAME {} DSP 0 BRAM 0 URAM 0 STORAGESUBTYPE {} DISPNAME {bind_op xor} VISIBLE false} {BINDTYPE op ID {} IMPL auto_sel LATENCY 0 OPTYPE select PRAGMA {} RTLNAME select_ln66_fu_199_p3 SOURCE firmware/nnet_utils/nnet_common.h:66 VARIABLE select_ln66 LOOP {} BUNDLEDNAME {} DSP 0 BRAM 0 URAM 0 STORAGESUBTYPE {} DISPNAME {bind_op select} VISIBLE false} {BINDTYPE op ID {} IMPL fabric LATENCY 0 OPTYPE sub PRAGMA {} RTLNAME x_fu_205_p2 SOURCE firmware/nnet_utils/nnet_activation_stream.h:213 VARIABLE x LOOP {} BUNDLEDNAME {} DSP 0 BRAM 0 URAM 0 STORAGESUBTYPE {} DISPNAME {bind_op sub} VISIBLE true} {BINDTYPE op ID {} IMPL fabric LATENCY 0 OPTYPE sub PRAGMA {} RTLNAME x_1_fu_210_p2 SOURCE firmware/nnet_utils/nnet_activation_stream.h:213 VARIABLE x_1 LOOP {} BUNDLEDNAME {} DSP 0 BRAM 0 URAM 0 STORAGESUBTYPE {} DISPNAME {bind_op sub} VISIBLE true} {BINDTYPE op ID {} IMPL fabric LATENCY 0 OPTYPE add PRAGMA {} RTLNAME add_ln51_fu_245_p2 SOURCE firmware/nnet_utils/nnet_common.h:51 VARIABLE add_ln51 LOOP {} BUNDLEDNAME {} DSP 0 BRAM 0 URAM 0 STORAGESUBTYPE {} DISPNAME {bind_op add} VISIBLE true} {BINDTYPE op ID {} IMPL auto LATENCY 0 OPTYPE mul PRAGMA {} RTLNAME mul_18s_16s_26_1_1_U457 SOURCE firmware/nnet_utils/nnet_activation_stream.h:241 VARIABLE mul_ln241 LOOP {} BUNDLEDNAME {} DSP 1 BRAM 0 URAM 0 STORAGESUBTYPE {} DISPNAME {bind_op mul} VISIBLE true} {BINDTYPE op ID {} IMPL auto LATENCY 0 OPTYPE mul PRAGMA {} RTLNAME mul_18s_16s_26_1_1_U458 SOURCE firmware/nnet_utils/nnet_activation_stream.h:241 VARIABLE mul_ln241_1 LOOP {} BUNDLEDNAME {} DSP 1 BRAM 0 URAM 0 STORAGESUBTYPE {} DISPNAME {bind_op mul} VISIBLE true} {BINDTYPE storage ID {} IMPL auto LATENCY 1 OPTYPE rom_1p PRAGMA {} RTLNAME invert_table_U SOURCE {} VARIABLE invert_table LOOP {} BUNDLEDNAME {} DSP 0 BRAM 1 URAM 0 STORAGESUBTYPE {} STORAGESIZE {18 1024 1} STORAGEUSAGE rom_1p DISPNAME {bind_storage rom_1p} VISIBLE true}} AREA {DSP 9 BRAM 2 URAM 0}} myproject {BINDINFO {{BINDTYPE storage ID {} IMPL memory LATENCY 0 OPTYPE fifo PRAGMA {} RTLNAME layer2_out_U SOURCE :0 VARIABLE layer2_out LOOP {} BUNDLEDNAME {} DSP 0 BRAM 9 URAM 0 STORAGESUBTYPE stream STORAGESIZE {148 36 1} STORAGEUSAGE {fifo channel} DISPNAME {bind_storage fifo} VISIBLE true} {BINDTYPE storage ID {} IMPL memory LATENCY 0 OPTYPE fifo PRAGMA {} RTLNAME layer3_out_U SOURCE :0 VARIABLE layer3_out LOOP {} BUNDLEDNAME {} DSP 0 BRAM 4 URAM 0 STORAGESUBTYPE stream STORAGESIZE {64 36 1} STORAGEUSAGE {fifo channel} DISPNAME {bind_storage fifo} VISIBLE true} {BINDTYPE storage ID {} IMPL srl LATENCY 0 OPTYPE fifo PRAGMA {} RTLNAME layer4_out_U SOURCE :0 VARIABLE layer4_out LOOP {} BUNDLEDNAME {} DSP 0 BRAM 0 URAM 0 STORAGESUBTYPE stream STORAGESIZE {64 9 1} STORAGEUSAGE {fifo channel} DISPNAME {bind_storage fifo} VISIBLE true} {BINDTYPE storage ID {} IMPL srl LATENCY 0 OPTYPE fifo PRAGMA {} RTLNAME layer6_out_U SOURCE :0 VARIABLE layer6_out LOOP {} BUNDLEDNAME {} DSP 0 BRAM 0 URAM 0 STORAGESUBTYPE stream STORAGESIZE {312 1 1} STORAGEUSAGE {fifo channel} DISPNAME {bind_storage fifo} VISIBLE true} {BINDTYPE storage ID {} IMPL srl LATENCY 0 OPTYPE fifo PRAGMA {} RTLNAME layer7_out_U SOURCE :0 VARIABLE layer7_out LOOP {} BUNDLEDNAME {} DSP 0 BRAM 0 URAM 0 STORAGESUBTYPE stream STORAGESIZE {128 1 1} STORAGEUSAGE {fifo channel} DISPNAME {bind_storage fifo} VISIBLE true} {BINDTYPE storage ID {} IMPL srl LATENCY 0 OPTYPE fifo PRAGMA {} RTLNAME layer8_out_U SOURCE :0 VARIABLE layer8_out LOOP {} BUNDLEDNAME {} DSP 0 BRAM 0 URAM 0 STORAGESUBTYPE stream STORAGESIZE {72 1 1} STORAGEUSAGE {fifo channel} DISPNAME {bind_storage fifo} VISIBLE true}} AREA {DSP 294 BRAM 15 URAM 0}} dense_array_ap_fixed_4u_array_ap_fixed_39_19_5_3_0_8u_config6_s {AREA {DSP 238 BRAM 0 URAM 0}} dense_array_ap_fixed_8u_array_ap_fixed_36_16_5_3_0_2u_config8_s {AREA {DSP 16 BRAM 0 URAM 0}} softmax_array_array_ap_fixed_16_6_5_3_0_2u_softmax_config9_s {AREA {DSP 9 BRAM 2 URAM 0}}}}'
INFO-FLOW: DBG:PUTS:      update_csynth_reports json2rpt_hw_sw_interfaces
INFO-FLOW: Running: gen_csynth_sec_pragma
INFO-FLOW: Done: gen_csynth_sec_pragma time: 0.4 seconds per iteration
INFO-FLOW: DBG:PUTS:      update_csynth_reports wrote xml
INFO-FLOW: DBG:PUTS:      update_csynth_reports appended to csynth rpt file
INFO: [HLS 200-111] Finished Updating report files: CPU user time: 1 seconds. CPU system time: 1 seconds. Elapsed time: 3.24 seconds; current allocated memory: 927.992 MB.
INFO: [VHDL 208-304] Generating VHDL RTL for myproject.
INFO: [VLOG 209-307] Generating Verilog RTL for myproject.
Execute         syn_report -model myproject -printsummary 
INFO: [HLS 200-790] **** Loop Constraint Status: All loop constraints were NOT satisfied.
INFO: [HLS 200-789] **** Estimated Fmax: 274.42 MHz
Command       autosyn done; 44.841 sec.
Command     csynth_design done; 204.012 sec.
INFO: [HLS 200-2161] Finished Command csynth_design Elapsed time: 00:03:24; Allocated memory: 319.059 MB.
Execute     export_design -format ip_catalog -version 1.0.0 
INFO: [HLS 200-1510] Running: export_design -format ip_catalog -version 1.0.0 
Execute       config_export -format=ip_catalog -version=1.0.0 
Execute       ::AP::init_summary_file package-ip 
INFO-FLOW: DBG:PUTS: export_design_wrap: -format ip_catalog -rtl verilog -version 1.0.0
Execute       source C:/Users/OmilosNeonTexn/Desktop/fpga_cnn_hls4ml/hls4ml_init/hls4ml_cnn_zcu106/myproject_prj/solution1/.autopilot/db/global.setting.tcl 
INFO-FLOW: DBG:PUTS:   auto_impl: pack: -export -rtl verilog
INFO-FLOW: DBG:PROC: ::AESL_AUTOIMPL::auto_impl args='-export -rtl verilog'
Execute       source C:/Users/OmilosNeonTexn/Desktop/fpga_cnn_hls4ml/hls4ml_init/hls4ml_cnn_zcu106/myproject_prj/solution1/.autopilot/db/global.setting.tcl 
INFO: [IMPL 213-8] Exporting RTL as a Vivado IP.
INFO-FLOW: DBG:PUTS: automg_wrap -export -pcore_version 1.00.a -rtl vlog -tool Vivado -impltomg_flag
INFO-FLOW: DBG:PROC: ::AESL_AUTOMG::auto_generate args='-export -pcore_version 1.00.a -rtl vlog -tool Vivado -impltomg_flag'
INFO-FLOW: DBG:PUTS:     auto_generate -export -pcore_version 1.00.a -rtl vlog -tool Vivado -impltomg_flag
Execute       source C:/Users/OmilosNeonTexn/Desktop/fpga_cnn_hls4ml/hls4ml_init/hls4ml_cnn_zcu106/myproject_prj/solution1/.autopilot/db/global.setting.tcl 
INFO-FLOW: DBG:PUTS: read_platform_lib C:/Users/OmilosNeonTexn/Desktop/fpga_cnn_hls4ml/hls4ml_init/hls4ml_cnn_zcu106/myproject_prj/solution1/.autopilot/db/global.setting.tcl
Execute       source C:/Xilinx/Vitis/2024.2/common/technology/generic/autopilot/common.gen 
Execute         source C:/Xilinx/Vitis/2024.2/common/technology/generic/autopilot/APCoreGen.gen 
Execute       source C:/Xilinx/Vitis/2024.2/common/technology/generic/autopilot/op.gen 
Execute       source C:/Xilinx/Vitis/2024.2/common/technology/generic/autopilot/op_simcore.gen 
Execute       source C:/Xilinx/Vitis/2024.2/common/technology/generic/autopilot/interface.gen 
Execute       source C:/Users/OmilosNeonTexn/Desktop/fpga_cnn_hls4ml/hls4ml_init/hls4ml_cnn_zcu106/myproject_prj/solution1/.autopilot/db/global.setting.tcl 
Execute       source C:/Xilinx/Vitis/2024.2/common/technology/xilinx/common/xilinx.gen 
Execute         source C:/Xilinx/Vitis/2024.2/common/technology/xilinx/interface/plb46.gen 
Execute         source C:/Xilinx/Vitis/2024.2/common/technology/xilinx/interface/axi4.gen 
Execute         source C:/Xilinx/Vitis/2024.2/common/technology/xilinx/interface/nativeAXI4.gen 
Execute           source C:/Xilinx/Vitis/2024.2/common/technology/xilinx/interface/saxilite.gen 
Execute         source C:/Xilinx/Vitis/2024.2/common/technology/xilinx/scripts/xilinxcoregen.gen 
Execute         source C:/Xilinx/Vitis/2024.2/common/technology/xilinx/interface/XilEDKCoreGen.gen 
Execute         source C:/Xilinx/Vitis/2024.2/common/technology/xilinx/ip/dds_compiler.gen 
Execute         source C:/Xilinx/Vitis/2024.2/common/technology/xilinx/ip/util.gen 
Execute         source C:/Xilinx/Vitis/2024.2/common/technology/xilinx/ip/xfft.gen 
Command         ap_source done; 0.114 sec.
Execute         source C:/Xilinx/Vitis/2024.2/common/technology/xilinx/ip/xfir.gen 
Execute         source C:/Xilinx/Vitis/2024.2/common/technology/xilinx/DSP48/dsp48.gen 
Command       ap_source done; 0.148 sec.
INFO-FLOW: DBG:PUTS:       initCTypeInfo top_module=myproject xml_exists=0
Execute       source C:/Users/OmilosNeonTexn/Desktop/fpga_cnn_hls4ml/hls4ml_init/hls4ml_cnn_zcu106/myproject_prj/solution1/.autopilot/db/myproject.rtl_wrap.cfg.tcl 
Execute       source C:/Users/OmilosNeonTexn/Desktop/fpga_cnn_hls4ml/hls4ml_init/hls4ml_cnn_zcu106/myproject_prj/solution1/.autopilot/db/myproject.rtl_wrap.cfg.tcl 
Execute       source C:/Users/OmilosNeonTexn/Desktop/fpga_cnn_hls4ml/hls4ml_init/hls4ml_cnn_zcu106/myproject_prj/solution1/.autopilot/db/myproject.rtl_wrap.cfg.tcl 
Execute       source C:/Users/OmilosNeonTexn/Desktop/fpga_cnn_hls4ml/hls4ml_init/hls4ml_cnn_zcu106/myproject_prj/solution1/.autopilot/db/myproject.tbgen.tcl 
Execute       source C:/Users/OmilosNeonTexn/Desktop/fpga_cnn_hls4ml/hls4ml_init/hls4ml_cnn_zcu106/myproject_prj/solution1/.autopilot/db/myproject.tbgen.tcl 
Execute       source C:/Users/OmilosNeonTexn/Desktop/fpga_cnn_hls4ml/hls4ml_init/hls4ml_cnn_zcu106/myproject_prj/solution1/.autopilot/db/myproject.tbgen.tcl 
Execute       source C:/Users/OmilosNeonTexn/Desktop/fpga_cnn_hls4ml/hls4ml_init/hls4ml_cnn_zcu106/myproject_prj/solution1/.autopilot/db/global.setting.tcl 
Execute       source C:/Users/OmilosNeonTexn/Desktop/fpga_cnn_hls4ml/hls4ml_init/hls4ml_cnn_zcu106/myproject_prj/solution1/.autopilot/db/myproject.tbgen.tcl 
INFO-FLOW: DBG:PUTS:       cosim_export_main adding deadlock detection to myproject
INFO-FLOW: DBG:PUTS:       generate_datafile_ip_script ip_types={vitis sysgen} #gSsdmPorts=0
INFO-FLOW: DBG:PUTS: Skipping loadAnalyze_DB, #g_database=2
INFO-FLOW: DBG:PUTS:       generate_json generate_bd_files=0 generate_xo_files=false #modelList=63 #gSsdmPorts=0
INFO-FLOW: DBG:PROC: ::AP::DESIGN_DATA::generate_json generate_bd_files='0' generate_xo_files='false' modelList='myproject_shift_line_buffer_array_ap_fixed_16_6_5_3_0_1u_config2_s_void_conv_2d_buffer_bkb
myproject_mul_16s_9s_25_1_1
myproject_mul_16s_8ns_24_1_1
myproject_mul_16s_10s_26_1_1
myproject_mul_16s_10ns_26_1_1
myproject_mul_16s_9ns_25_1_1
myproject_mul_16s_8s_24_1_1
myproject_mul_16s_7s_23_1_1
myproject_regslice_both
myproject_flow_control_loop_pipe
myproject_flow_control_loop_pipe
myproject_shift_line_buffer_array_ap_fixed_16_6_5_3_0_4u_config4_s_void_pooling2d_cl_stdEe
myproject_flow_control_loop_pipe
myproject_flow_control_loop_pipe_sequential_init
myproject_mul_16s_6s_22_1_1
myproject_mul_16s_7ns_23_1_1
myproject_mul_16s_6ns_22_1_1
myproject_mul_16s_5s_21_1_1
myproject_mul_16s_11ns_26_1_1
myproject_mul_16s_11s_26_1_1
myproject_fpext_32ns_64_2_no_dsp_1
myproject_fexp_32ns_32ns_32_13_full_dsp_1
myproject_ctlz_35_35_1_1
myproject_bitselect_1ns_35ns_32s_1_1_1
myproject_bitselect_1ns_54ns_32ns_1_1_1
myproject_bitselect_1ns_54ns_32s_1_1_1
myproject_sparsemux_7_2_1_1_1
myproject_sparsemux_7_2_18_1_1
myproject_sparsemux_7_2_16_1_1
myproject_flow_control_loop_pipe_sequential_init
myproject_mul_18s_16s_26_1_1
myproject_softmax_stable_array_array_ap_fixed_16_6_5_3_0_2u_softmax_config9_s_invert_tahbi
myproject_softmax_stable_array_array_ap_fixed_16_6_5_3_0_2u_softmax_config9_s_exp_tableibs
myproject_regslice_both
myproject_fifo_w148_d36_A
myproject_fifo_w64_d36_A
myproject_fifo_w64_d9_S
myproject_fifo_w312_d1_S
myproject_fifo_w128_d1_S
myproject_fifo_w72_d1_S
myproject_start_for_relu_array_ap_fixed_4u_array_ap_fixed_16_6_5_3_0_4u_relu_config3_U0
myproject_start_for_pooling2d_cl_array_ap_fixed_4u_array_ap_fixed_16_6_5_3_0_4u_config4jbC
myproject_start_for_dense_array_ap_fixed_4u_array_ap_fixed_39_19_5_3_0_8u_config6_U0
myproject_start_for_relu_array_ap_fixed_8u_array_ap_fixed_16_6_5_3_0_8u_relu_config7_U0
myproject_start_for_dense_array_ap_fixed_8u_array_ap_fixed_36_16_5_3_0_2u_config8_U0
myproject_start_for_softmax_array_array_ap_fixed_16_6_5_3_0_2u_softmax_config9_U0
shift_line_buffer_array_ap_fixed_16_6_5_3_0_1u_config2_s
dense_latency_ap_fixed_16_6_5_3_0_ap_fixed_37_17_5_3_0_config2_mult_s
compute_output_buffer_2d_array_array_ap_fixed_37_17_5_3_0_4u_config2_s
conv_2d_cl_array_ap_fixed_1u_array_ap_fixed_37_17_5_3_0_4u_config2_s
relu_array_ap_fixed_4u_array_ap_fixed_16_6_5_3_0_4u_relu_config3_s
shift_line_buffer_array_ap_fixed_16_6_5_3_0_4u_config4_s
pooling2d_cl_array_ap_fixed_4u_array_ap_fixed_16_6_5_3_0_4u_config4_s
dense_array_array_ap_fixed_39_19_5_3_0_8u_config6_Pipeline_DataPrepare
dense_latency_wrapper_ap_fixed_ap_fixed_39_19_5_3_0_config6_s
dense_array_ap_fixed_4u_array_ap_fixed_39_19_5_3_0_8u_config6_s
relu_array_ap_fixed_8u_array_ap_fixed_16_6_5_3_0_8u_relu_config7_s
dense_latency_wrapper_ap_fixed_ap_fixed_36_16_5_3_0_config8_s
dense_array_ap_fixed_8u_array_ap_fixed_36_16_5_3_0_2u_config8_s
init_exp_table_ap_ufixed_35_15_5_3_0_softmax_config9_s
softmax_stable_array_array_ap_fixed_16_6_5_3_0_2u_softmax_config9_s
softmax_array_array_ap_fixed_16_6_5_3_0_2u_softmax_config9_s
myproject
' rtl_lang='vlog' bootstrap_tcl='false' outdir='' outfilename=''
Execute       source C:/Users/OmilosNeonTexn/Desktop/fpga_cnn_hls4ml/hls4ml_init/hls4ml_cnn_zcu106/myproject_prj/solution1/.autopilot/db/global.setting.tcl 
Execute       source C:/Users/OmilosNeonTexn/Desktop/fpga_cnn_hls4ml/hls4ml_init/hls4ml_cnn_zcu106/myproject_prj/solution1/.autopilot/db/global.setting.tcl 
Execute       source C:/Users/OmilosNeonTexn/Desktop/fpga_cnn_hls4ml/hls4ml_init/hls4ml_cnn_zcu106/myproject_prj/solution1/.autopilot/db/top-io-be.tcl 
Execute       source C:/Users/OmilosNeonTexn/Desktop/fpga_cnn_hls4ml/hls4ml_init/hls4ml_cnn_zcu106/myproject_prj/solution1/.autopilot/db/myproject.tbgen.tcl 
Execute       source C:/Users/OmilosNeonTexn/Desktop/fpga_cnn_hls4ml/hls4ml_init/hls4ml_cnn_zcu106/myproject_prj/solution1/.autopilot/db/myproject.rtl_wrap.cfg.tcl 
Execute       source C:/Users/OmilosNeonTexn/Desktop/fpga_cnn_hls4ml/hls4ml_init/hls4ml_cnn_zcu106/myproject_prj/solution1/.autopilot/db/myproject.compgen.dataonly.tcl 
Execute       source C:/Users/OmilosNeonTexn/Desktop/fpga_cnn_hls4ml/hls4ml_init/hls4ml_cnn_zcu106/myproject_prj/solution1/.autopilot/db/shift_line_buffer_array_ap_fixed_16_6_5_3_0_1u_config2_s.tbgen.tcl 
Execute       source C:/Users/OmilosNeonTexn/Desktop/fpga_cnn_hls4ml/hls4ml_init/hls4ml_cnn_zcu106/myproject_prj/solution1/.autopilot/db/dense_latency_ap_fixed_16_6_5_3_0_ap_fixed_37_17_5_3_0_config2_mult_s.tbgen.tcl 
Execute       source C:/Users/OmilosNeonTexn/Desktop/fpga_cnn_hls4ml/hls4ml_init/hls4ml_cnn_zcu106/myproject_prj/solution1/.autopilot/db/compute_output_buffer_2d_array_array_ap_fixed_37_17_5_3_0_4u_config2_s.tbgen.tcl 
Execute       source C:/Users/OmilosNeonTexn/Desktop/fpga_cnn_hls4ml/hls4ml_init/hls4ml_cnn_zcu106/myproject_prj/solution1/.autopilot/db/conv_2d_cl_array_ap_fixed_1u_array_ap_fixed_37_17_5_3_0_4u_config2_s.tbgen.tcl 
Execute       source C:/Users/OmilosNeonTexn/Desktop/fpga_cnn_hls4ml/hls4ml_init/hls4ml_cnn_zcu106/myproject_prj/solution1/.autopilot/db/relu_array_ap_fixed_4u_array_ap_fixed_16_6_5_3_0_4u_relu_config3_s.tbgen.tcl 
Execute       source C:/Users/OmilosNeonTexn/Desktop/fpga_cnn_hls4ml/hls4ml_init/hls4ml_cnn_zcu106/myproject_prj/solution1/.autopilot/db/shift_line_buffer_array_ap_fixed_16_6_5_3_0_4u_config4_s.tbgen.tcl 
Execute       source C:/Users/OmilosNeonTexn/Desktop/fpga_cnn_hls4ml/hls4ml_init/hls4ml_cnn_zcu106/myproject_prj/solution1/.autopilot/db/pooling2d_cl_array_ap_fixed_4u_array_ap_fixed_16_6_5_3_0_4u_config4_s.tbgen.tcl 
Execute       source C:/Users/OmilosNeonTexn/Desktop/fpga_cnn_hls4ml/hls4ml_init/hls4ml_cnn_zcu106/myproject_prj/solution1/.autopilot/db/dense_array_array_ap_fixed_39_19_5_3_0_8u_config6_Pipeline_DataPrepare.tbgen.tcl 
Execute       source C:/Users/OmilosNeonTexn/Desktop/fpga_cnn_hls4ml/hls4ml_init/hls4ml_cnn_zcu106/myproject_prj/solution1/.autopilot/db/dense_latency_wrapper_ap_fixed_ap_fixed_39_19_5_3_0_config6_s.tbgen.tcl 
Execute       source C:/Users/OmilosNeonTexn/Desktop/fpga_cnn_hls4ml/hls4ml_init/hls4ml_cnn_zcu106/myproject_prj/solution1/.autopilot/db/dense_array_ap_fixed_4u_array_ap_fixed_39_19_5_3_0_8u_config6_s.tbgen.tcl 
Execute       source C:/Users/OmilosNeonTexn/Desktop/fpga_cnn_hls4ml/hls4ml_init/hls4ml_cnn_zcu106/myproject_prj/solution1/.autopilot/db/relu_array_ap_fixed_8u_array_ap_fixed_16_6_5_3_0_8u_relu_config7_s.tbgen.tcl 
Execute       source C:/Users/OmilosNeonTexn/Desktop/fpga_cnn_hls4ml/hls4ml_init/hls4ml_cnn_zcu106/myproject_prj/solution1/.autopilot/db/dense_latency_wrapper_ap_fixed_ap_fixed_36_16_5_3_0_config8_s.tbgen.tcl 
Execute       source C:/Users/OmilosNeonTexn/Desktop/fpga_cnn_hls4ml/hls4ml_init/hls4ml_cnn_zcu106/myproject_prj/solution1/.autopilot/db/dense_array_ap_fixed_8u_array_ap_fixed_36_16_5_3_0_2u_config8_s.tbgen.tcl 
Execute       source C:/Users/OmilosNeonTexn/Desktop/fpga_cnn_hls4ml/hls4ml_init/hls4ml_cnn_zcu106/myproject_prj/solution1/.autopilot/db/init_exp_table_ap_ufixed_35_15_5_3_0_softmax_config9_s.tbgen.tcl 
Execute       source C:/Users/OmilosNeonTexn/Desktop/fpga_cnn_hls4ml/hls4ml_init/hls4ml_cnn_zcu106/myproject_prj/solution1/.autopilot/db/softmax_stable_array_array_ap_fixed_16_6_5_3_0_2u_softmax_config9_s.tbgen.tcl 
Execute       source C:/Users/OmilosNeonTexn/Desktop/fpga_cnn_hls4ml/hls4ml_init/hls4ml_cnn_zcu106/myproject_prj/solution1/.autopilot/db/softmax_array_array_ap_fixed_16_6_5_3_0_2u_softmax_config9_s.tbgen.tcl 
Execute       source C:/Users/OmilosNeonTexn/Desktop/fpga_cnn_hls4ml/hls4ml_init/hls4ml_cnn_zcu106/myproject_prj/solution1/.autopilot/db/myproject.tbgen.tcl 
Execute       source C:/Users/OmilosNeonTexn/Desktop/fpga_cnn_hls4ml/hls4ml_init/hls4ml_cnn_zcu106/myproject_prj/solution1/.autopilot/db/global.setting.tcl 
Execute       ap_part_info -name xczu7ev-ffvc1156-2-e -data names -quiet 
Execute       ap_part_info -name xczu7ev-ffvc1156-2-e -data info -quiet 
Execute       source C:/Users/OmilosNeonTexn/Desktop/fpga_cnn_hls4ml/hls4ml_init/hls4ml_cnn_zcu106/myproject_prj/solution1/.autopilot/db/myproject.constraint.tcl 
Execute       sc_get_clocks myproject 
Execute       source C:/Users/OmilosNeonTexn/Desktop/fpga_cnn_hls4ml/hls4ml_init/hls4ml_cnn_zcu106/myproject_prj/solution1/.autopilot/db/global.setting.tcl 
Execute       source C:/Users/OmilosNeonTexn/Desktop/fpga_cnn_hls4ml/hls4ml_init/hls4ml_cnn_zcu106/myproject_prj/solution1/impl/misc/myproject_fexp_32ns_32ns_32_13_full_dsp_1_ip.tcl 
Execute       source C:/Users/OmilosNeonTexn/Desktop/fpga_cnn_hls4ml/hls4ml_init/hls4ml_cnn_zcu106/myproject_prj/solution1/impl/misc/myproject_fpext_32ns_64_2_no_dsp_1_ip.tcl 
INFO-FLOW: DBG:PUTS:       generate_syn_sh
Execute       ap_part_info -name xczu7ev-ffvc1156-2-e -data names -quiet 
Execute       ap_part_info -name xczu7ev-ffvc1156-2-e -data info -quiet 
Execute       source C:/Users/OmilosNeonTexn/Desktop/fpga_cnn_hls4ml/hls4ml_init/hls4ml_cnn_zcu106/myproject_prj/solution1/.autopilot/db/global.setting.tcl 
INFO-FLOW: DBG:PUTS:       generate_imp_constraints
Execute       ap_part_info -name xczu7ev-ffvc1156-2-e -data names -quiet 
Execute       ap_part_info -name xczu7ev-ffvc1156-2-e -data info -quiet 
Execute       source C:/Users/OmilosNeonTexn/Desktop/fpga_cnn_hls4ml/hls4ml_init/hls4ml_cnn_zcu106/myproject_prj/solution1/.autopilot/db/myproject.constraint.tcl 
Execute       source C:/Users/OmilosNeonTexn/Desktop/fpga_cnn_hls4ml/hls4ml_init/hls4ml_cnn_zcu106/myproject_prj/solution1/.autopilot/db/myproject.tbgen.tcl 
INFO-FLOW: DBG:PUTS:       delete-temp-dirs (skipped for debug)
Execute       ap_part_info -name xczu7ev-ffvc1156-2-e -data names -quiet 
Execute       ap_part_info -name xczu7ev-ffvc1156-2-e -data info -quiet 
INFO-FLOW: DBG:PUTS: read_platform_lib C:/Users/OmilosNeonTexn/Desktop/fpga_cnn_hls4ml/hls4ml_init/hls4ml_cnn_zcu106/myproject_prj/solution1/.autopilot/db/global.setting.tcl
Execute       source C:/Xilinx/Vitis/2024.2/common/technology/generic/autopilot/common.gen 
Execute         source C:/Xilinx/Vitis/2024.2/common/technology/generic/autopilot/APCoreGen.gen 
Execute       source C:/Xilinx/Vitis/2024.2/common/technology/generic/autopilot/op.gen 
Execute       source C:/Xilinx/Vitis/2024.2/common/technology/generic/autopilot/op_simcore.gen 
Execute       source C:/Xilinx/Vitis/2024.2/common/technology/generic/autopilot/interface.gen 
Execute       source C:/Users/OmilosNeonTexn/Desktop/fpga_cnn_hls4ml/hls4ml_init/hls4ml_cnn_zcu106/myproject_prj/solution1/.autopilot/db/global.setting.tcl 
Execute       source C:/Xilinx/Vitis/2024.2/common/technology/xilinx/common/xilinx.gen 
Execute         source C:/Xilinx/Vitis/2024.2/common/technology/xilinx/interface/plb46.gen 
Execute         source C:/Xilinx/Vitis/2024.2/common/technology/xilinx/interface/axi4.gen 
Execute         source C:/Xilinx/Vitis/2024.2/common/technology/xilinx/interface/nativeAXI4.gen 
Execute           source C:/Xilinx/Vitis/2024.2/common/technology/xilinx/interface/saxilite.gen 
Execute         source C:/Xilinx/Vitis/2024.2/common/technology/xilinx/scripts/xilinxcoregen.gen 
Execute         source C:/Xilinx/Vitis/2024.2/common/technology/xilinx/interface/XilEDKCoreGen.gen 
Execute         source C:/Xilinx/Vitis/2024.2/common/technology/xilinx/ip/dds_compiler.gen 
Execute         source C:/Xilinx/Vitis/2024.2/common/technology/xilinx/ip/util.gen 
Execute         source C:/Xilinx/Vitis/2024.2/common/technology/xilinx/ip/xfft.gen 
Command         ap_source done; 0.102 sec.
Execute         source C:/Xilinx/Vitis/2024.2/common/technology/xilinx/ip/xfir.gen 
Execute         source C:/Xilinx/Vitis/2024.2/common/technology/xilinx/DSP48/dsp48.gen 
Command       ap_source done; 0.149 sec.
INFO-FLOW: DBG:PUTS:     IP package: exec C:/Users/OmilosNeonTexn/Desktop/fpga_cnn_hls4ml/hls4ml_init/hls4ml_cnn_zcu106/myproject_prj/solution1/impl/ip/pack.bat
INFO-FLOW: DBG:PUTS:     IP package: success C:/Users/OmilosNeonTexn/Desktop/fpga_cnn_hls4ml/hls4ml_init/hls4ml_cnn_zcu106/myproject_prj/solution1/impl/ip/pack.bat
Execute       send_msg_by_id INFO @200-802@%s myproject_prj/solution1/impl/export.zip 
INFO: [HLS 200-802] Generated output file myproject_prj/solution1/impl/export.zip
Command     export_design done; 258.871 sec.
INFO: [HLS 200-2161] Finished Command export_design Elapsed time: 00:04:18; Allocated memory: 4.773 MB.
Execute     cleanup_all 
Command     cleanup_all done; 0.201 sec.
