

================================================================
== Vitis HLS Report for 'dense_array_array_ap_fixed_39_19_5_3_0_8u_config6_Pipeline_DataPrepare'
================================================================
* Date:           Mon Mar 23 21:38:06 2026

* Version:        2024.2 (Build 5238294 on Nov  8 2024)
* Project:        myproject_prj
* Solution:       solution1 (Vivado IP Flow Target)
* Product family: zynquplus
* Target device:  xczu7ev-ffvc1156-2-e


================================================================
== Performance Estimates
================================================================
+ Timing: 
    * Summary: 
    +--------+---------+----------+------------+
    |  Clock |  Target | Estimated| Uncertainty|
    +--------+---------+----------+------------+
    |ap_clk  |  5.00 ns|  1.825 ns|     1.35 ns|
    +--------+---------+----------+------------+

+ Latency: 
    * Summary: 
    +---------+---------+-----------+-----------+-----+-----+------------------------------------------------+
    |  Latency (cycles) |   Latency (absolute)  |  Interval |                    Pipeline                    |
    |   min   |   max   |    min    |    max    | min | max |                      Type                      |
    +---------+---------+-----------+-----------+-----+-----+------------------------------------------------+
    |       10|       10|  50.000 ns|  50.000 ns|    9|    9|  loop auto-rewind stp (delay=0 clock cycles(s))|
    +---------+---------+-----------+-----------+-----+-----+------------------------------------------------+

    + Detail: 
        * Instance: 
        N/A

        * Loop: 
        +---------------+---------+---------+----------+-----------+-----------+------+----------+
        |               |  Latency (cycles) | Iteration|  Initiation Interval  | Trip |          |
        |   Loop Name   |   min   |   max   |  Latency |  achieved |   target  | Count| Pipelined|
        +---------------+---------+---------+----------+-----------+-----------+------+----------+
        |- DataPrepare  |        8|        8|         1|          1|          1|     9|       yes|
        +---------------+---------+---------+----------+-----------+-----------+------+----------+



================================================================
== Utilization Estimates
================================================================
* Summary: 
+-----------------+---------+------+--------+--------+-----+
|       Name      | BRAM_18K|  DSP |   FF   |   LUT  | URAM|
+-----------------+---------+------+--------+--------+-----+
|DSP              |        -|     -|       -|       -|    -|
|Expression       |        -|     -|       0|      26|    -|
|FIFO             |        -|     -|       -|       -|    -|
|Instance         |        -|     -|       -|       -|    -|
|Memory           |        -|     -|       -|       -|    -|
|Multiplexer      |        -|     -|       0|      36|    -|
|Register         |        -|     -|     582|       -|    -|
+-----------------+---------+------+--------+--------+-----+
|Total            |        0|     0|     582|      62|    0|
+-----------------+---------+------+--------+--------+-----+
|Available        |      624|  1728|  460800|  230400|   96|
+-----------------+---------+------+--------+--------+-----+
|Utilization (%)  |        0|     0|      ~0|      ~0|    0|
+-----------------+---------+------+--------+--------+-----+

+ Detail: 
    * Instance: 
    N/A

    * DSP: 
    N/A

    * Memory: 
    N/A

    * FIFO: 
    N/A

    * Expression: 
    +----------------------------------+----------+----+---+----+------------+------------+
    |           Variable Name          | Operation| DSP| FF| LUT| Bitwidth P0| Bitwidth P1|
    +----------------------------------+----------+----+---+----+------------+------------+
    |i_in_fu_580_p2                    |         +|   0|  0|  12|           4|           1|
    |icmp_ln33_fu_766_p2               |      icmp|   0|  0|  12|           4|           5|
    |ap_block_state1_pp0_stage0_iter0  |        or|   0|  0|   2|           1|           1|
    +----------------------------------+----------+----+---+----+------------+------------+
    |Total                             |          |   0|  0|  26|           9|           7|
    +----------------------------------+----------+----+---+----+------------+------------+

    * Multiplexer: 
    +------------------------------+----+-----------+-----+-----------+
    |             Name             | LUT| Input Size| Bits| Total Bits|
    +------------------------------+----+-----------+-----+-----------+
    |ap_done_int                   |   9|          2|    1|          2|
    |ap_sig_allocacmp_i_in73_load  |   9|          2|    4|          8|
    |i_in73_fu_132                 |   9|          2|    4|          8|
    |layer4_out_blk_n              |   9|          2|    1|          2|
    +------------------------------+----+-----------+-----+-----------+
    |Total                         |  36|          8|   10|         20|
    +------------------------------+----+-----------+-----+-----------+

    * Register: 
    +------------------------+----+----+-----+-----------+
    |          Name          | FF | LUT| Bits| Const Bits|
    +------------------------+----+----+-----+-----------+
    |ap_CS_fsm               |   1|   0|    1|          0|
    |ap_done_reg             |   1|   0|    1|          0|
    |i_in73_fu_132           |   4|   0|    4|          0|
    |p_0_0_0_0_0172_fu_276   |  16|   0|   16|          0|
    |p_0_0_0_0_01756_fu_244  |  16|   0|   16|          0|
    |p_0_0_0_0_02548_fu_228  |  16|   0|   16|          0|
    |p_0_0_0_0_03340_fu_212  |  16|   0|   16|          0|
    |p_0_0_0_0_04132_fu_196  |  16|   0|   16|          0|
    |p_0_0_0_0_04924_fu_180  |  16|   0|   16|          0|
    |p_0_0_0_0_05716_fu_164  |  16|   0|   16|          0|
    |p_0_0_0_0_0658_fu_148   |  16|   0|   16|          0|
    |p_0_0_0_0_0964_fu_260   |  16|   0|   16|          0|
    |p_0_1_0_0_01162_fu_256  |  16|   0|   16|          0|
    |p_0_1_0_0_01954_fu_240  |  16|   0|   16|          0|
    |p_0_1_0_0_02746_fu_224  |  16|   0|   16|          0|
    |p_0_1_0_0_03538_fu_208  |  16|   0|   16|          0|
    |p_0_1_0_0_0370_fu_272   |  16|   0|   16|          0|
    |p_0_1_0_0_04330_fu_192  |  16|   0|   16|          0|
    |p_0_1_0_0_05122_fu_176  |  16|   0|   16|          0|
    |p_0_1_0_0_05914_fu_160  |  16|   0|   16|          0|
    |p_0_1_0_0_0676_fu_144   |  16|   0|   16|          0|
    |p_0_2_0_0_01360_fu_252  |  16|   0|   16|          0|
    |p_0_2_0_0_02152_fu_236  |  16|   0|   16|          0|
    |p_0_2_0_0_02944_fu_220  |  16|   0|   16|          0|
    |p_0_2_0_0_03736_fu_204  |  16|   0|   16|          0|
    |p_0_2_0_0_04528_fu_188  |  16|   0|   16|          0|
    |p_0_2_0_0_05320_fu_172  |  16|   0|   16|          0|
    |p_0_2_0_0_0568_fu_268   |  16|   0|   16|          0|
    |p_0_2_0_0_06112_fu_156  |  16|   0|   16|          0|
    |p_0_2_0_0_0694_fu_140   |  16|   0|   16|          0|
    |p_0_3_0_0_01558_fu_248  |  16|   0|   16|          0|
    |p_0_3_0_0_02350_fu_232  |  16|   0|   16|          0|
    |p_0_3_0_0_03142_fu_216  |  16|   0|   16|          0|
    |p_0_3_0_0_03934_fu_200  |  16|   0|   16|          0|
    |p_0_3_0_0_04726_fu_184  |  16|   0|   16|          0|
    |p_0_3_0_0_05518_fu_168  |  16|   0|   16|          0|
    |p_0_3_0_0_06310_fu_152  |  16|   0|   16|          0|
    |p_0_3_0_0_0712_fu_136   |  16|   0|   16|          0|
    |p_0_3_0_0_0766_fu_264   |  16|   0|   16|          0|
    +------------------------+----+----+-----+-----------+
    |Total                   | 582|   0|  582|          0|
    +------------------------+----+----+-----+-----------+



================================================================
== Interface
================================================================
* Summary: 
+---------------------------+-----+-----+------------+---------------------------------------------------------------------------+--------------+
|         RTL Ports         | Dir | Bits|  Protocol  |                               Source Object                               |    C Type    |
+---------------------------+-----+-----+------------+---------------------------------------------------------------------------+--------------+
|ap_clk                     |   in|    1|  ap_ctrl_hs|  dense<array,array<ap_fixed<39,19,5,3,0>,8u>,config6>_Pipeline_DataPrepare|  return value|
|ap_rst                     |   in|    1|  ap_ctrl_hs|  dense<array,array<ap_fixed<39,19,5,3,0>,8u>,config6>_Pipeline_DataPrepare|  return value|
|ap_start                   |   in|    1|  ap_ctrl_hs|  dense<array,array<ap_fixed<39,19,5,3,0>,8u>,config6>_Pipeline_DataPrepare|  return value|
|ap_done                    |  out|    1|  ap_ctrl_hs|  dense<array,array<ap_fixed<39,19,5,3,0>,8u>,config6>_Pipeline_DataPrepare|  return value|
|ap_idle                    |  out|    1|  ap_ctrl_hs|  dense<array,array<ap_fixed<39,19,5,3,0>,8u>,config6>_Pipeline_DataPrepare|  return value|
|ap_ready                   |  out|    1|  ap_ctrl_hs|  dense<array,array<ap_fixed<39,19,5,3,0>,8u>,config6>_Pipeline_DataPrepare|  return value|
|layer4_out_dout            |   in|   64|     ap_fifo|                                                                 layer4_out|       pointer|
|layer4_out_empty_n         |   in|    1|     ap_fifo|                                                                 layer4_out|       pointer|
|layer4_out_read            |  out|    1|     ap_fifo|                                                                 layer4_out|       pointer|
|layer4_out_num_data_valid  |   in|    5|     ap_fifo|                                                                 layer4_out|       pointer|
|layer4_out_fifo_cap        |   in|    5|     ap_fifo|                                                                 layer4_out|       pointer|
|data_42_out                |  out|   16|      ap_vld|                                                                data_42_out|       pointer|
|data_42_out_ap_vld         |  out|    1|      ap_vld|                                                                data_42_out|       pointer|
|data_41_out                |  out|   16|      ap_vld|                                                                data_41_out|       pointer|
|data_41_out_ap_vld         |  out|    1|      ap_vld|                                                                data_41_out|       pointer|
|data_40_out                |  out|   16|      ap_vld|                                                                data_40_out|       pointer|
|data_40_out_ap_vld         |  out|    1|      ap_vld|                                                                data_40_out|       pointer|
|data_39_out                |  out|   16|      ap_vld|                                                                data_39_out|       pointer|
|data_39_out_ap_vld         |  out|    1|      ap_vld|                                                                data_39_out|       pointer|
|data_38_out                |  out|   16|      ap_vld|                                                                data_38_out|       pointer|
|data_38_out_ap_vld         |  out|    1|      ap_vld|                                                                data_38_out|       pointer|
|data_37_out                |  out|   16|      ap_vld|                                                                data_37_out|       pointer|
|data_37_out_ap_vld         |  out|    1|      ap_vld|                                                                data_37_out|       pointer|
|data_36_out                |  out|   16|      ap_vld|                                                                data_36_out|       pointer|
|data_36_out_ap_vld         |  out|    1|      ap_vld|                                                                data_36_out|       pointer|
|data_35_out                |  out|   16|      ap_vld|                                                                data_35_out|       pointer|
|data_35_out_ap_vld         |  out|    1|      ap_vld|                                                                data_35_out|       pointer|
|data_34_out                |  out|   16|      ap_vld|                                                                data_34_out|       pointer|
|data_34_out_ap_vld         |  out|    1|      ap_vld|                                                                data_34_out|       pointer|
|data_33_out                |  out|   16|      ap_vld|                                                                data_33_out|       pointer|
|data_33_out_ap_vld         |  out|    1|      ap_vld|                                                                data_33_out|       pointer|
|data_32_out                |  out|   16|      ap_vld|                                                                data_32_out|       pointer|
|data_32_out_ap_vld         |  out|    1|      ap_vld|                                                                data_32_out|       pointer|
|data_31_out                |  out|   16|      ap_vld|                                                                data_31_out|       pointer|
|data_31_out_ap_vld         |  out|    1|      ap_vld|                                                                data_31_out|       pointer|
|data_30_out                |  out|   16|      ap_vld|                                                                data_30_out|       pointer|
|data_30_out_ap_vld         |  out|    1|      ap_vld|                                                                data_30_out|       pointer|
|data_29_out                |  out|   16|      ap_vld|                                                                data_29_out|       pointer|
|data_29_out_ap_vld         |  out|    1|      ap_vld|                                                                data_29_out|       pointer|
|data_28_out                |  out|   16|      ap_vld|                                                                data_28_out|       pointer|
|data_28_out_ap_vld         |  out|    1|      ap_vld|                                                                data_28_out|       pointer|
|data_27_out                |  out|   16|      ap_vld|                                                                data_27_out|       pointer|
|data_27_out_ap_vld         |  out|    1|      ap_vld|                                                                data_27_out|       pointer|
|data_26_out                |  out|   16|      ap_vld|                                                                data_26_out|       pointer|
|data_26_out_ap_vld         |  out|    1|      ap_vld|                                                                data_26_out|       pointer|
|data_25_out                |  out|   16|      ap_vld|                                                                data_25_out|       pointer|
|data_25_out_ap_vld         |  out|    1|      ap_vld|                                                                data_25_out|       pointer|
|data_24_out                |  out|   16|      ap_vld|                                                                data_24_out|       pointer|
|data_24_out_ap_vld         |  out|    1|      ap_vld|                                                                data_24_out|       pointer|
|data_23_out                |  out|   16|      ap_vld|                                                                data_23_out|       pointer|
|data_23_out_ap_vld         |  out|    1|      ap_vld|                                                                data_23_out|       pointer|
|data_22_out                |  out|   16|      ap_vld|                                                                data_22_out|       pointer|
|data_22_out_ap_vld         |  out|    1|      ap_vld|                                                                data_22_out|       pointer|
|data_21_out                |  out|   16|      ap_vld|                                                                data_21_out|       pointer|
|data_21_out_ap_vld         |  out|    1|      ap_vld|                                                                data_21_out|       pointer|
|data_20_out                |  out|   16|      ap_vld|                                                                data_20_out|       pointer|
|data_20_out_ap_vld         |  out|    1|      ap_vld|                                                                data_20_out|       pointer|
|data_19_out                |  out|   16|      ap_vld|                                                                data_19_out|       pointer|
|data_19_out_ap_vld         |  out|    1|      ap_vld|                                                                data_19_out|       pointer|
|data_18_out                |  out|   16|      ap_vld|                                                                data_18_out|       pointer|
|data_18_out_ap_vld         |  out|    1|      ap_vld|                                                                data_18_out|       pointer|
|data_17_out                |  out|   16|      ap_vld|                                                                data_17_out|       pointer|
|data_17_out_ap_vld         |  out|    1|      ap_vld|                                                                data_17_out|       pointer|
|data_16_out                |  out|   16|      ap_vld|                                                                data_16_out|       pointer|
|data_16_out_ap_vld         |  out|    1|      ap_vld|                                                                data_16_out|       pointer|
|data_15_out                |  out|   16|      ap_vld|                                                                data_15_out|       pointer|
|data_15_out_ap_vld         |  out|    1|      ap_vld|                                                                data_15_out|       pointer|
|data_14_out                |  out|   16|      ap_vld|                                                                data_14_out|       pointer|
|data_14_out_ap_vld         |  out|    1|      ap_vld|                                                                data_14_out|       pointer|
|data_13_out                |  out|   16|      ap_vld|                                                                data_13_out|       pointer|
|data_13_out_ap_vld         |  out|    1|      ap_vld|                                                                data_13_out|       pointer|
|data_12_out                |  out|   16|      ap_vld|                                                                data_12_out|       pointer|
|data_12_out_ap_vld         |  out|    1|      ap_vld|                                                                data_12_out|       pointer|
|data_11_out                |  out|   16|      ap_vld|                                                                data_11_out|       pointer|
|data_11_out_ap_vld         |  out|    1|      ap_vld|                                                                data_11_out|       pointer|
|data_10_out                |  out|   16|      ap_vld|                                                                data_10_out|       pointer|
|data_10_out_ap_vld         |  out|    1|      ap_vld|                                                                data_10_out|       pointer|
|data_9_out                 |  out|   16|      ap_vld|                                                                 data_9_out|       pointer|
|data_9_out_ap_vld          |  out|    1|      ap_vld|                                                                 data_9_out|       pointer|
|data_8_out                 |  out|   16|      ap_vld|                                                                 data_8_out|       pointer|
|data_8_out_ap_vld          |  out|    1|      ap_vld|                                                                 data_8_out|       pointer|
|data_out                   |  out|   16|      ap_vld|                                                                   data_out|       pointer|
|data_out_ap_vld            |  out|    1|      ap_vld|                                                                   data_out|       pointer|
+---------------------------+-----+-----+------------+---------------------------------------------------------------------------+--------------+

============================================================
+ Verbose Summary: Synthesis Manager
============================================================
InlineROM: 1
ExposeGlobal: 0
============================================================
+ Verbose Summary: CDFG Model
============================================================
IsTopModel: 0
ResetActiveHigh: 1
IsCombinational: 2
IsDatapathOnly: 2
HasWiredReturn: 1
HasMFsm: 2
HasVarLatency: 1
IsPipeline: 0
IsRtlPipelined: 0
IsInstanceOverlapped: 0
IsDontTouch: 0
HasImplIP: 0
IsGatedGlobalClock: 0

+ Individual pipeline summary: 
  * Pipeline-0: initiation interval (II) = 1, depth = 1


============================================================
+ Verbose Summary: Schedule
============================================================
* Number of FSM states : 1
* Pipeline : 1
  Pipeline-0 : II = 1, D = 1, States = { 1 }
* Dataflow Pipeline: 0

* FSM state transitions: 
1 --> 

* FSM state operations: 

State 1 <SV = 0> <Delay = 1.82>
ST_1 : Operation 4 [1/1] (0.00ns)   --->   "%i_in73 = alloca i32 1"   --->   Operation 4 'alloca' 'i_in73' <Predicate = true> <Delay = 0.00>
ST_1 : Operation 5 [1/1] (0.00ns)   --->   "%p_0_3_0_0_0712 = alloca i32 1"   --->   Operation 5 'alloca' 'p_0_3_0_0_0712' <Predicate = true> <Delay = 0.00>
ST_1 : Operation 6 [1/1] (0.00ns)   --->   "%p_0_2_0_0_0694 = alloca i32 1"   --->   Operation 6 'alloca' 'p_0_2_0_0_0694' <Predicate = true> <Delay = 0.00>
ST_1 : Operation 7 [1/1] (0.00ns)   --->   "%p_0_1_0_0_0676 = alloca i32 1"   --->   Operation 7 'alloca' 'p_0_1_0_0_0676' <Predicate = true> <Delay = 0.00>
ST_1 : Operation 8 [1/1] (0.00ns)   --->   "%p_0_0_0_0_0658 = alloca i32 1"   --->   Operation 8 'alloca' 'p_0_0_0_0_0658' <Predicate = true> <Delay = 0.00>
ST_1 : Operation 9 [1/1] (0.00ns)   --->   "%p_0_3_0_0_06310 = alloca i32 1"   --->   Operation 9 'alloca' 'p_0_3_0_0_06310' <Predicate = true> <Delay = 0.00>
ST_1 : Operation 10 [1/1] (0.00ns)   --->   "%p_0_2_0_0_06112 = alloca i32 1"   --->   Operation 10 'alloca' 'p_0_2_0_0_06112' <Predicate = true> <Delay = 0.00>
ST_1 : Operation 11 [1/1] (0.00ns)   --->   "%p_0_1_0_0_05914 = alloca i32 1"   --->   Operation 11 'alloca' 'p_0_1_0_0_05914' <Predicate = true> <Delay = 0.00>
ST_1 : Operation 12 [1/1] (0.00ns)   --->   "%p_0_0_0_0_05716 = alloca i32 1"   --->   Operation 12 'alloca' 'p_0_0_0_0_05716' <Predicate = true> <Delay = 0.00>
ST_1 : Operation 13 [1/1] (0.00ns)   --->   "%p_0_3_0_0_05518 = alloca i32 1"   --->   Operation 13 'alloca' 'p_0_3_0_0_05518' <Predicate = true> <Delay = 0.00>
ST_1 : Operation 14 [1/1] (0.00ns)   --->   "%p_0_2_0_0_05320 = alloca i32 1"   --->   Operation 14 'alloca' 'p_0_2_0_0_05320' <Predicate = true> <Delay = 0.00>
ST_1 : Operation 15 [1/1] (0.00ns)   --->   "%p_0_1_0_0_05122 = alloca i32 1"   --->   Operation 15 'alloca' 'p_0_1_0_0_05122' <Predicate = true> <Delay = 0.00>
ST_1 : Operation 16 [1/1] (0.00ns)   --->   "%p_0_0_0_0_04924 = alloca i32 1"   --->   Operation 16 'alloca' 'p_0_0_0_0_04924' <Predicate = true> <Delay = 0.00>
ST_1 : Operation 17 [1/1] (0.00ns)   --->   "%p_0_3_0_0_04726 = alloca i32 1"   --->   Operation 17 'alloca' 'p_0_3_0_0_04726' <Predicate = true> <Delay = 0.00>
ST_1 : Operation 18 [1/1] (0.00ns)   --->   "%p_0_2_0_0_04528 = alloca i32 1"   --->   Operation 18 'alloca' 'p_0_2_0_0_04528' <Predicate = true> <Delay = 0.00>
ST_1 : Operation 19 [1/1] (0.00ns)   --->   "%p_0_1_0_0_04330 = alloca i32 1"   --->   Operation 19 'alloca' 'p_0_1_0_0_04330' <Predicate = true> <Delay = 0.00>
ST_1 : Operation 20 [1/1] (0.00ns)   --->   "%p_0_0_0_0_04132 = alloca i32 1"   --->   Operation 20 'alloca' 'p_0_0_0_0_04132' <Predicate = true> <Delay = 0.00>
ST_1 : Operation 21 [1/1] (0.00ns)   --->   "%p_0_3_0_0_03934 = alloca i32 1"   --->   Operation 21 'alloca' 'p_0_3_0_0_03934' <Predicate = true> <Delay = 0.00>
ST_1 : Operation 22 [1/1] (0.00ns)   --->   "%p_0_2_0_0_03736 = alloca i32 1"   --->   Operation 22 'alloca' 'p_0_2_0_0_03736' <Predicate = true> <Delay = 0.00>
ST_1 : Operation 23 [1/1] (0.00ns)   --->   "%p_0_1_0_0_03538 = alloca i32 1"   --->   Operation 23 'alloca' 'p_0_1_0_0_03538' <Predicate = true> <Delay = 0.00>
ST_1 : Operation 24 [1/1] (0.00ns)   --->   "%p_0_0_0_0_03340 = alloca i32 1"   --->   Operation 24 'alloca' 'p_0_0_0_0_03340' <Predicate = true> <Delay = 0.00>
ST_1 : Operation 25 [1/1] (0.00ns)   --->   "%p_0_3_0_0_03142 = alloca i32 1"   --->   Operation 25 'alloca' 'p_0_3_0_0_03142' <Predicate = true> <Delay = 0.00>
ST_1 : Operation 26 [1/1] (0.00ns)   --->   "%p_0_2_0_0_02944 = alloca i32 1"   --->   Operation 26 'alloca' 'p_0_2_0_0_02944' <Predicate = true> <Delay = 0.00>
ST_1 : Operation 27 [1/1] (0.00ns)   --->   "%p_0_1_0_0_02746 = alloca i32 1"   --->   Operation 27 'alloca' 'p_0_1_0_0_02746' <Predicate = true> <Delay = 0.00>
ST_1 : Operation 28 [1/1] (0.00ns)   --->   "%p_0_0_0_0_02548 = alloca i32 1"   --->   Operation 28 'alloca' 'p_0_0_0_0_02548' <Predicate = true> <Delay = 0.00>
ST_1 : Operation 29 [1/1] (0.00ns)   --->   "%p_0_3_0_0_02350 = alloca i32 1"   --->   Operation 29 'alloca' 'p_0_3_0_0_02350' <Predicate = true> <Delay = 0.00>
ST_1 : Operation 30 [1/1] (0.00ns)   --->   "%p_0_2_0_0_02152 = alloca i32 1"   --->   Operation 30 'alloca' 'p_0_2_0_0_02152' <Predicate = true> <Delay = 0.00>
ST_1 : Operation 31 [1/1] (0.00ns)   --->   "%p_0_1_0_0_01954 = alloca i32 1"   --->   Operation 31 'alloca' 'p_0_1_0_0_01954' <Predicate = true> <Delay = 0.00>
ST_1 : Operation 32 [1/1] (0.00ns)   --->   "%p_0_0_0_0_01756 = alloca i32 1"   --->   Operation 32 'alloca' 'p_0_0_0_0_01756' <Predicate = true> <Delay = 0.00>
ST_1 : Operation 33 [1/1] (0.00ns)   --->   "%p_0_3_0_0_01558 = alloca i32 1"   --->   Operation 33 'alloca' 'p_0_3_0_0_01558' <Predicate = true> <Delay = 0.00>
ST_1 : Operation 34 [1/1] (0.00ns)   --->   "%p_0_2_0_0_01360 = alloca i32 1"   --->   Operation 34 'alloca' 'p_0_2_0_0_01360' <Predicate = true> <Delay = 0.00>
ST_1 : Operation 35 [1/1] (0.00ns)   --->   "%p_0_1_0_0_01162 = alloca i32 1"   --->   Operation 35 'alloca' 'p_0_1_0_0_01162' <Predicate = true> <Delay = 0.00>
ST_1 : Operation 36 [1/1] (0.00ns)   --->   "%p_0_0_0_0_0964 = alloca i32 1"   --->   Operation 36 'alloca' 'p_0_0_0_0_0964' <Predicate = true> <Delay = 0.00>
ST_1 : Operation 37 [1/1] (0.00ns)   --->   "%p_0_3_0_0_0766 = alloca i32 1"   --->   Operation 37 'alloca' 'p_0_3_0_0_0766' <Predicate = true> <Delay = 0.00>
ST_1 : Operation 38 [1/1] (0.00ns)   --->   "%p_0_2_0_0_0568 = alloca i32 1"   --->   Operation 38 'alloca' 'p_0_2_0_0_0568' <Predicate = true> <Delay = 0.00>
ST_1 : Operation 39 [1/1] (0.00ns)   --->   "%p_0_1_0_0_0370 = alloca i32 1"   --->   Operation 39 'alloca' 'p_0_1_0_0_0370' <Predicate = true> <Delay = 0.00>
ST_1 : Operation 40 [1/1] (0.00ns)   --->   "%p_0_0_0_0_0172 = alloca i32 1"   --->   Operation 40 'alloca' 'p_0_0_0_0_0172' <Predicate = true> <Delay = 0.00>
ST_1 : Operation 41 [1/1] (0.00ns)   --->   "%specinterface_ln0 = specinterface void @_ssdm_op_SpecInterface, i64 %layer4_out, void @empty_6, i32 0, i32 0, void @empty_3, i32 0, i32 0, void @empty_3, void @empty_3, void @empty_3, i32 0, i32 0, i32 0, i32 0, void @empty_3, void @empty_3, i32 4294967295, i32 0, i32 0"   --->   Operation 41 'specinterface' 'specinterface_ln0' <Predicate = true> <Delay = 0.00>
ST_1 : Operation 42 [1/1] (0.42ns)   --->   "%store_ln0 = store i4 0, i4 %i_in73"   --->   Operation 42 'store' 'store_ln0' <Predicate = true> <Delay = 0.42>
ST_1 : Operation 43 [1/1] (0.00ns)   --->   "%br_ln33 = br void %for.body.i.split" [firmware/nnet_utils/nnet_dense_stream.h:33->firmware/nnet_utils/nnet_dense_stream.h:93]   --->   Operation 43 'br' 'br_ln33' <Predicate = true> <Delay = 0.00>
ST_1 : Operation 44 [1/1] (0.00ns)   --->   "%i_in73_load = load i4 %i_in73" [firmware/nnet_utils/nnet_dense_stream.h:33->firmware/nnet_utils/nnet_dense_stream.h:93]   --->   Operation 44 'load' 'i_in73_load' <Predicate = true> <Delay = 0.00>
ST_1 : Operation 45 [1/1] (0.00ns)   --->   "%specpipeline_ln34 = specpipeline void @_ssdm_op_SpecPipeline, i32 4294967295, i32 0, i32 0, i32 0, void @empty_3" [firmware/nnet_utils/nnet_dense_stream.h:34->firmware/nnet_utils/nnet_dense_stream.h:93]   --->   Operation 45 'specpipeline' 'specpipeline_ln34' <Predicate = true> <Delay = 0.00>
ST_1 : Operation 46 [1/1] (0.00ns)   --->   "%speclooptripcount_ln33 = speclooptripcount void @_ssdm_op_SpecLoopTripCount, i64 9, i64 9, i64 9" [firmware/nnet_utils/nnet_dense_stream.h:33->firmware/nnet_utils/nnet_dense_stream.h:93]   --->   Operation 46 'speclooptripcount' 'speclooptripcount_ln33' <Predicate = true> <Delay = 0.00>
ST_1 : Operation 47 [1/1] (0.00ns)   --->   "%specloopname_ln33 = specloopname void @_ssdm_op_SpecLoopName, void @empty_4" [firmware/nnet_utils/nnet_dense_stream.h:33->firmware/nnet_utils/nnet_dense_stream.h:93]   --->   Operation 47 'specloopname' 'specloopname_ln33' <Predicate = true> <Delay = 0.00>
ST_1 : Operation 48 [1/1] ( I:1.82ns O:1.82ns )   --->   "%layer4_out_read = read i64 @_ssdm_op_Read.ap_fifo.volatile.i64P0A, i64 %layer4_out" [firmware/nnet_utils/nnet_dense_stream.h:35->firmware/nnet_utils/nnet_dense_stream.h:93]   --->   Operation 48 'read' 'layer4_out_read' <Predicate = true> <Delay = 1.82> <CoreInst = "FIFO_SRL">   --->   Core 80 'FIFO_SRL' <Latency = 0> <II = 1> <Delay = 1.94> <Storage> <Opcode : 'read' 'write' 'nbread' 'nbwrite'> <Ports = 0> <Width = 64> <Depth = 9> <FIFO>
ST_1 : Operation 49 [1/1] (0.00ns)   --->   "%data_pack = trunc i64 %layer4_out_read" [firmware/nnet_utils/nnet_dense_stream.h:35->firmware/nnet_utils/nnet_dense_stream.h:93]   --->   Operation 49 'trunc' 'data_pack' <Predicate = true> <Delay = 0.00>
ST_1 : Operation 50 [1/1] (0.00ns)   --->   "%data_pack_1 = partselect i16 @_ssdm_op_PartSelect.i16.i64.i32.i32, i64 %layer4_out_read, i32 16, i32 31" [firmware/nnet_utils/nnet_dense_stream.h:35->firmware/nnet_utils/nnet_dense_stream.h:93]   --->   Operation 50 'partselect' 'data_pack_1' <Predicate = true> <Delay = 0.00>
ST_1 : Operation 51 [1/1] (0.00ns)   --->   "%data_pack_2 = partselect i16 @_ssdm_op_PartSelect.i16.i64.i32.i32, i64 %layer4_out_read, i32 32, i32 47" [firmware/nnet_utils/nnet_dense_stream.h:35->firmware/nnet_utils/nnet_dense_stream.h:93]   --->   Operation 51 'partselect' 'data_pack_2' <Predicate = true> <Delay = 0.00>
ST_1 : Operation 52 [1/1] (0.00ns)   --->   "%data_pack_3 = partselect i16 @_ssdm_op_PartSelect.i16.i64.i32.i32, i64 %layer4_out_read, i32 48, i32 63" [firmware/nnet_utils/nnet_dense_stream.h:35->firmware/nnet_utils/nnet_dense_stream.h:93]   --->   Operation 52 'partselect' 'data_pack_3' <Predicate = true> <Delay = 0.00>
ST_1 : Operation 53 [1/1] (0.79ns)   --->   "%i_in = add i4 %i_in73_load, i4 1" [firmware/nnet_utils/nnet_dense_stream.h:33->firmware/nnet_utils/nnet_dense_stream.h:93]   --->   Operation 53 'add' 'i_in' <Predicate = true> <Delay = 0.79> <CoreInst = "Adder">   --->   Core 1 'Adder' <Latency = 0> <II = 1> <Delay = 0.79> <FuncUnit> <Opcode : 'add' 'sub'> <InPorts = 2> <OutPorts = 1>
ST_1 : Operation 54 [1/1] (0.79ns)   --->   "%switch_ln39 = switch i4 %i_in73_load, void %arrayidx.i3.3.case.35, i4 0, void %arrayidx.i3.3.case.3, i4 1, void %arrayidx.i3.3.case.7, i4 2, void %arrayidx.i3.3.case.11, i4 3, void %arrayidx.i3.3.case.15, i4 4, void %arrayidx.i3.3.case.19, i4 5, void %arrayidx.i3.3.case.23, i4 6, void %arrayidx.i3.3.case.27, i4 7, void %for.body.i.split.arrayidx.i3.3.exit_crit_edge" [firmware/nnet_utils/nnet_dense_stream.h:39->firmware/nnet_utils/nnet_dense_stream.h:93]   --->   Operation 54 'switch' 'switch_ln39' <Predicate = true> <Delay = 0.79>
ST_1 : Operation 55 [1/1] (0.00ns)   --->   "%store_ln35 = store i16 %data_pack, i16 %p_0_0_0_0_0172" [firmware/nnet_utils/nnet_dense_stream.h:35->firmware/nnet_utils/nnet_dense_stream.h:93]   --->   Operation 55 'store' 'store_ln35' <Predicate = (i_in73_load == 7)> <Delay = 0.00>
ST_1 : Operation 56 [1/1] (0.00ns)   --->   "%store_ln35 = store i16 %data_pack_1, i16 %p_0_1_0_0_0370" [firmware/nnet_utils/nnet_dense_stream.h:35->firmware/nnet_utils/nnet_dense_stream.h:93]   --->   Operation 56 'store' 'store_ln35' <Predicate = (i_in73_load == 7)> <Delay = 0.00>
ST_1 : Operation 57 [1/1] (0.00ns)   --->   "%store_ln35 = store i16 %data_pack_2, i16 %p_0_2_0_0_0568" [firmware/nnet_utils/nnet_dense_stream.h:35->firmware/nnet_utils/nnet_dense_stream.h:93]   --->   Operation 57 'store' 'store_ln35' <Predicate = (i_in73_load == 7)> <Delay = 0.00>
ST_1 : Operation 58 [1/1] (0.00ns)   --->   "%store_ln35 = store i16 %data_pack_3, i16 %p_0_3_0_0_0766" [firmware/nnet_utils/nnet_dense_stream.h:35->firmware/nnet_utils/nnet_dense_stream.h:93]   --->   Operation 58 'store' 'store_ln35' <Predicate = (i_in73_load == 7)> <Delay = 0.00>
ST_1 : Operation 59 [1/1] (0.00ns)   --->   "%br_ln39 = br void %arrayidx.i3.3.exit" [firmware/nnet_utils/nnet_dense_stream.h:39->firmware/nnet_utils/nnet_dense_stream.h:93]   --->   Operation 59 'br' 'br_ln39' <Predicate = (i_in73_load == 7)> <Delay = 0.00>
ST_1 : Operation 60 [1/1] (0.00ns)   --->   "%store_ln35 = store i16 %data_pack, i16 %p_0_0_0_0_0964" [firmware/nnet_utils/nnet_dense_stream.h:35->firmware/nnet_utils/nnet_dense_stream.h:93]   --->   Operation 60 'store' 'store_ln35' <Predicate = (i_in73_load == 6)> <Delay = 0.00>
ST_1 : Operation 61 [1/1] (0.00ns)   --->   "%store_ln35 = store i16 %data_pack_1, i16 %p_0_1_0_0_01162" [firmware/nnet_utils/nnet_dense_stream.h:35->firmware/nnet_utils/nnet_dense_stream.h:93]   --->   Operation 61 'store' 'store_ln35' <Predicate = (i_in73_load == 6)> <Delay = 0.00>
ST_1 : Operation 62 [1/1] (0.00ns)   --->   "%store_ln35 = store i16 %data_pack_2, i16 %p_0_2_0_0_01360" [firmware/nnet_utils/nnet_dense_stream.h:35->firmware/nnet_utils/nnet_dense_stream.h:93]   --->   Operation 62 'store' 'store_ln35' <Predicate = (i_in73_load == 6)> <Delay = 0.00>
ST_1 : Operation 63 [1/1] (0.00ns)   --->   "%store_ln35 = store i16 %data_pack_3, i16 %p_0_3_0_0_01558" [firmware/nnet_utils/nnet_dense_stream.h:35->firmware/nnet_utils/nnet_dense_stream.h:93]   --->   Operation 63 'store' 'store_ln35' <Predicate = (i_in73_load == 6)> <Delay = 0.00>
ST_1 : Operation 64 [1/1] (0.00ns)   --->   "%br_ln39 = br void %arrayidx.i3.3.exit" [firmware/nnet_utils/nnet_dense_stream.h:39->firmware/nnet_utils/nnet_dense_stream.h:93]   --->   Operation 64 'br' 'br_ln39' <Predicate = (i_in73_load == 6)> <Delay = 0.00>
ST_1 : Operation 65 [1/1] (0.00ns)   --->   "%store_ln35 = store i16 %data_pack, i16 %p_0_0_0_0_01756" [firmware/nnet_utils/nnet_dense_stream.h:35->firmware/nnet_utils/nnet_dense_stream.h:93]   --->   Operation 65 'store' 'store_ln35' <Predicate = (i_in73_load == 5)> <Delay = 0.00>
ST_1 : Operation 66 [1/1] (0.00ns)   --->   "%store_ln35 = store i16 %data_pack_1, i16 %p_0_1_0_0_01954" [firmware/nnet_utils/nnet_dense_stream.h:35->firmware/nnet_utils/nnet_dense_stream.h:93]   --->   Operation 66 'store' 'store_ln35' <Predicate = (i_in73_load == 5)> <Delay = 0.00>
ST_1 : Operation 67 [1/1] (0.00ns)   --->   "%store_ln35 = store i16 %data_pack_2, i16 %p_0_2_0_0_02152" [firmware/nnet_utils/nnet_dense_stream.h:35->firmware/nnet_utils/nnet_dense_stream.h:93]   --->   Operation 67 'store' 'store_ln35' <Predicate = (i_in73_load == 5)> <Delay = 0.00>
ST_1 : Operation 68 [1/1] (0.00ns)   --->   "%store_ln35 = store i16 %data_pack_3, i16 %p_0_3_0_0_02350" [firmware/nnet_utils/nnet_dense_stream.h:35->firmware/nnet_utils/nnet_dense_stream.h:93]   --->   Operation 68 'store' 'store_ln35' <Predicate = (i_in73_load == 5)> <Delay = 0.00>
ST_1 : Operation 69 [1/1] (0.00ns)   --->   "%br_ln39 = br void %arrayidx.i3.3.exit" [firmware/nnet_utils/nnet_dense_stream.h:39->firmware/nnet_utils/nnet_dense_stream.h:93]   --->   Operation 69 'br' 'br_ln39' <Predicate = (i_in73_load == 5)> <Delay = 0.00>
ST_1 : Operation 70 [1/1] (0.00ns)   --->   "%store_ln35 = store i16 %data_pack, i16 %p_0_0_0_0_02548" [firmware/nnet_utils/nnet_dense_stream.h:35->firmware/nnet_utils/nnet_dense_stream.h:93]   --->   Operation 70 'store' 'store_ln35' <Predicate = (i_in73_load == 4)> <Delay = 0.00>
ST_1 : Operation 71 [1/1] (0.00ns)   --->   "%store_ln35 = store i16 %data_pack_1, i16 %p_0_1_0_0_02746" [firmware/nnet_utils/nnet_dense_stream.h:35->firmware/nnet_utils/nnet_dense_stream.h:93]   --->   Operation 71 'store' 'store_ln35' <Predicate = (i_in73_load == 4)> <Delay = 0.00>
ST_1 : Operation 72 [1/1] (0.00ns)   --->   "%store_ln35 = store i16 %data_pack_2, i16 %p_0_2_0_0_02944" [firmware/nnet_utils/nnet_dense_stream.h:35->firmware/nnet_utils/nnet_dense_stream.h:93]   --->   Operation 72 'store' 'store_ln35' <Predicate = (i_in73_load == 4)> <Delay = 0.00>
ST_1 : Operation 73 [1/1] (0.00ns)   --->   "%store_ln35 = store i16 %data_pack_3, i16 %p_0_3_0_0_03142" [firmware/nnet_utils/nnet_dense_stream.h:35->firmware/nnet_utils/nnet_dense_stream.h:93]   --->   Operation 73 'store' 'store_ln35' <Predicate = (i_in73_load == 4)> <Delay = 0.00>
ST_1 : Operation 74 [1/1] (0.00ns)   --->   "%br_ln39 = br void %arrayidx.i3.3.exit" [firmware/nnet_utils/nnet_dense_stream.h:39->firmware/nnet_utils/nnet_dense_stream.h:93]   --->   Operation 74 'br' 'br_ln39' <Predicate = (i_in73_load == 4)> <Delay = 0.00>
ST_1 : Operation 75 [1/1] (0.00ns)   --->   "%store_ln35 = store i16 %data_pack, i16 %p_0_0_0_0_03340" [firmware/nnet_utils/nnet_dense_stream.h:35->firmware/nnet_utils/nnet_dense_stream.h:93]   --->   Operation 75 'store' 'store_ln35' <Predicate = (i_in73_load == 3)> <Delay = 0.00>
ST_1 : Operation 76 [1/1] (0.00ns)   --->   "%store_ln35 = store i16 %data_pack_1, i16 %p_0_1_0_0_03538" [firmware/nnet_utils/nnet_dense_stream.h:35->firmware/nnet_utils/nnet_dense_stream.h:93]   --->   Operation 76 'store' 'store_ln35' <Predicate = (i_in73_load == 3)> <Delay = 0.00>
ST_1 : Operation 77 [1/1] (0.00ns)   --->   "%store_ln35 = store i16 %data_pack_2, i16 %p_0_2_0_0_03736" [firmware/nnet_utils/nnet_dense_stream.h:35->firmware/nnet_utils/nnet_dense_stream.h:93]   --->   Operation 77 'store' 'store_ln35' <Predicate = (i_in73_load == 3)> <Delay = 0.00>
ST_1 : Operation 78 [1/1] (0.00ns)   --->   "%store_ln35 = store i16 %data_pack_3, i16 %p_0_3_0_0_03934" [firmware/nnet_utils/nnet_dense_stream.h:35->firmware/nnet_utils/nnet_dense_stream.h:93]   --->   Operation 78 'store' 'store_ln35' <Predicate = (i_in73_load == 3)> <Delay = 0.00>
ST_1 : Operation 79 [1/1] (0.00ns)   --->   "%br_ln39 = br void %arrayidx.i3.3.exit" [firmware/nnet_utils/nnet_dense_stream.h:39->firmware/nnet_utils/nnet_dense_stream.h:93]   --->   Operation 79 'br' 'br_ln39' <Predicate = (i_in73_load == 3)> <Delay = 0.00>
ST_1 : Operation 80 [1/1] (0.00ns)   --->   "%store_ln35 = store i16 %data_pack, i16 %p_0_0_0_0_04132" [firmware/nnet_utils/nnet_dense_stream.h:35->firmware/nnet_utils/nnet_dense_stream.h:93]   --->   Operation 80 'store' 'store_ln35' <Predicate = (i_in73_load == 2)> <Delay = 0.00>
ST_1 : Operation 81 [1/1] (0.00ns)   --->   "%store_ln35 = store i16 %data_pack_1, i16 %p_0_1_0_0_04330" [firmware/nnet_utils/nnet_dense_stream.h:35->firmware/nnet_utils/nnet_dense_stream.h:93]   --->   Operation 81 'store' 'store_ln35' <Predicate = (i_in73_load == 2)> <Delay = 0.00>
ST_1 : Operation 82 [1/1] (0.00ns)   --->   "%store_ln35 = store i16 %data_pack_2, i16 %p_0_2_0_0_04528" [firmware/nnet_utils/nnet_dense_stream.h:35->firmware/nnet_utils/nnet_dense_stream.h:93]   --->   Operation 82 'store' 'store_ln35' <Predicate = (i_in73_load == 2)> <Delay = 0.00>
ST_1 : Operation 83 [1/1] (0.00ns)   --->   "%store_ln35 = store i16 %data_pack_3, i16 %p_0_3_0_0_04726" [firmware/nnet_utils/nnet_dense_stream.h:35->firmware/nnet_utils/nnet_dense_stream.h:93]   --->   Operation 83 'store' 'store_ln35' <Predicate = (i_in73_load == 2)> <Delay = 0.00>
ST_1 : Operation 84 [1/1] (0.00ns)   --->   "%br_ln39 = br void %arrayidx.i3.3.exit" [firmware/nnet_utils/nnet_dense_stream.h:39->firmware/nnet_utils/nnet_dense_stream.h:93]   --->   Operation 84 'br' 'br_ln39' <Predicate = (i_in73_load == 2)> <Delay = 0.00>
ST_1 : Operation 85 [1/1] (0.00ns)   --->   "%store_ln35 = store i16 %data_pack, i16 %p_0_0_0_0_04924" [firmware/nnet_utils/nnet_dense_stream.h:35->firmware/nnet_utils/nnet_dense_stream.h:93]   --->   Operation 85 'store' 'store_ln35' <Predicate = (i_in73_load == 1)> <Delay = 0.00>
ST_1 : Operation 86 [1/1] (0.00ns)   --->   "%store_ln35 = store i16 %data_pack_1, i16 %p_0_1_0_0_05122" [firmware/nnet_utils/nnet_dense_stream.h:35->firmware/nnet_utils/nnet_dense_stream.h:93]   --->   Operation 86 'store' 'store_ln35' <Predicate = (i_in73_load == 1)> <Delay = 0.00>
ST_1 : Operation 87 [1/1] (0.00ns)   --->   "%store_ln35 = store i16 %data_pack_2, i16 %p_0_2_0_0_05320" [firmware/nnet_utils/nnet_dense_stream.h:35->firmware/nnet_utils/nnet_dense_stream.h:93]   --->   Operation 87 'store' 'store_ln35' <Predicate = (i_in73_load == 1)> <Delay = 0.00>
ST_1 : Operation 88 [1/1] (0.00ns)   --->   "%store_ln35 = store i16 %data_pack_3, i16 %p_0_3_0_0_05518" [firmware/nnet_utils/nnet_dense_stream.h:35->firmware/nnet_utils/nnet_dense_stream.h:93]   --->   Operation 88 'store' 'store_ln35' <Predicate = (i_in73_load == 1)> <Delay = 0.00>
ST_1 : Operation 89 [1/1] (0.00ns)   --->   "%br_ln39 = br void %arrayidx.i3.3.exit" [firmware/nnet_utils/nnet_dense_stream.h:39->firmware/nnet_utils/nnet_dense_stream.h:93]   --->   Operation 89 'br' 'br_ln39' <Predicate = (i_in73_load == 1)> <Delay = 0.00>
ST_1 : Operation 90 [1/1] (0.00ns)   --->   "%store_ln35 = store i16 %data_pack, i16 %p_0_0_0_0_05716" [firmware/nnet_utils/nnet_dense_stream.h:35->firmware/nnet_utils/nnet_dense_stream.h:93]   --->   Operation 90 'store' 'store_ln35' <Predicate = (i_in73_load == 0)> <Delay = 0.00>
ST_1 : Operation 91 [1/1] (0.00ns)   --->   "%store_ln35 = store i16 %data_pack_1, i16 %p_0_1_0_0_05914" [firmware/nnet_utils/nnet_dense_stream.h:35->firmware/nnet_utils/nnet_dense_stream.h:93]   --->   Operation 91 'store' 'store_ln35' <Predicate = (i_in73_load == 0)> <Delay = 0.00>
ST_1 : Operation 92 [1/1] (0.00ns)   --->   "%store_ln35 = store i16 %data_pack_2, i16 %p_0_2_0_0_06112" [firmware/nnet_utils/nnet_dense_stream.h:35->firmware/nnet_utils/nnet_dense_stream.h:93]   --->   Operation 92 'store' 'store_ln35' <Predicate = (i_in73_load == 0)> <Delay = 0.00>
ST_1 : Operation 93 [1/1] (0.00ns)   --->   "%store_ln35 = store i16 %data_pack_3, i16 %p_0_3_0_0_06310" [firmware/nnet_utils/nnet_dense_stream.h:35->firmware/nnet_utils/nnet_dense_stream.h:93]   --->   Operation 93 'store' 'store_ln35' <Predicate = (i_in73_load == 0)> <Delay = 0.00>
ST_1 : Operation 94 [1/1] (0.00ns)   --->   "%br_ln39 = br void %arrayidx.i3.3.exit" [firmware/nnet_utils/nnet_dense_stream.h:39->firmware/nnet_utils/nnet_dense_stream.h:93]   --->   Operation 94 'br' 'br_ln39' <Predicate = (i_in73_load == 0)> <Delay = 0.00>
ST_1 : Operation 95 [1/1] (0.00ns)   --->   "%store_ln35 = store i16 %data_pack, i16 %p_0_0_0_0_0658" [firmware/nnet_utils/nnet_dense_stream.h:35->firmware/nnet_utils/nnet_dense_stream.h:93]   --->   Operation 95 'store' 'store_ln35' <Predicate = (i_in73_load != 0 & i_in73_load != 1 & i_in73_load != 2 & i_in73_load != 3 & i_in73_load != 4 & i_in73_load != 5 & i_in73_load != 6 & i_in73_load != 7)> <Delay = 0.00>
ST_1 : Operation 96 [1/1] (0.00ns)   --->   "%store_ln35 = store i16 %data_pack_1, i16 %p_0_1_0_0_0676" [firmware/nnet_utils/nnet_dense_stream.h:35->firmware/nnet_utils/nnet_dense_stream.h:93]   --->   Operation 96 'store' 'store_ln35' <Predicate = (i_in73_load != 0 & i_in73_load != 1 & i_in73_load != 2 & i_in73_load != 3 & i_in73_load != 4 & i_in73_load != 5 & i_in73_load != 6 & i_in73_load != 7)> <Delay = 0.00>
ST_1 : Operation 97 [1/1] (0.00ns)   --->   "%store_ln35 = store i16 %data_pack_2, i16 %p_0_2_0_0_0694" [firmware/nnet_utils/nnet_dense_stream.h:35->firmware/nnet_utils/nnet_dense_stream.h:93]   --->   Operation 97 'store' 'store_ln35' <Predicate = (i_in73_load != 0 & i_in73_load != 1 & i_in73_load != 2 & i_in73_load != 3 & i_in73_load != 4 & i_in73_load != 5 & i_in73_load != 6 & i_in73_load != 7)> <Delay = 0.00>
ST_1 : Operation 98 [1/1] (0.00ns)   --->   "%store_ln35 = store i16 %data_pack_3, i16 %p_0_3_0_0_0712" [firmware/nnet_utils/nnet_dense_stream.h:35->firmware/nnet_utils/nnet_dense_stream.h:93]   --->   Operation 98 'store' 'store_ln35' <Predicate = (i_in73_load != 0 & i_in73_load != 1 & i_in73_load != 2 & i_in73_load != 3 & i_in73_load != 4 & i_in73_load != 5 & i_in73_load != 6 & i_in73_load != 7)> <Delay = 0.00>
ST_1 : Operation 99 [1/1] (0.00ns)   --->   "%br_ln39 = br void %arrayidx.i3.3.exit" [firmware/nnet_utils/nnet_dense_stream.h:39->firmware/nnet_utils/nnet_dense_stream.h:93]   --->   Operation 99 'br' 'br_ln39' <Predicate = (i_in73_load != 0 & i_in73_load != 1 & i_in73_load != 2 & i_in73_load != 3 & i_in73_load != 4 & i_in73_load != 5 & i_in73_load != 6 & i_in73_load != 7)> <Delay = 0.00>
ST_1 : Operation 100 [1/1] (0.79ns)   --->   "%icmp_ln33 = icmp_eq  i4 %i_in73_load, i4 8" [firmware/nnet_utils/nnet_dense_stream.h:33->firmware/nnet_utils/nnet_dense_stream.h:93]   --->   Operation 100 'icmp' 'icmp_ln33' <Predicate = true> <Delay = 0.79> <CoreInst = "Cmp">   --->   Core 9 'Cmp' <Latency = 0> <II = 1> <Delay = 0.78> <FuncUnit> <Opcode : 'seteq' 'setne' 'setle' 'setge' 'setlt' 'setgt'> <InPorts = 2> <OutPorts = 1>
ST_1 : Operation 101 [1/1] (0.42ns)   --->   "%store_ln33 = store i4 %i_in, i4 %i_in73" [firmware/nnet_utils/nnet_dense_stream.h:33->firmware/nnet_utils/nnet_dense_stream.h:93]   --->   Operation 101 'store' 'store_ln33' <Predicate = true> <Delay = 0.42>
ST_1 : Operation 102 [1/1] (0.00ns)   --->   "%br_ln33 = br i1 %icmp_ln33, void %for.body.i.split, void %_ZN4nnet12data_prepareINS_5arrayI8ap_fixedILi16ELi6EL9ap_q_mode5EL9ap_o_mode3ELi0EELj4EEE7config6EEvRN3hls6streamIT_Li0EEEPNSA_10value_typeE.11.exit.exitStub" [firmware/nnet_utils/nnet_dense_stream.h:33->firmware/nnet_utils/nnet_dense_stream.h:93]   --->   Operation 102 'br' 'br_ln33' <Predicate = true> <Delay = 0.00>
ST_1 : Operation 103 [1/1] (0.00ns)   --->   "%p_0_3_0_0_0712_load = load i16 %p_0_3_0_0_0712"   --->   Operation 103 'load' 'p_0_3_0_0_0712_load' <Predicate = (icmp_ln33)> <Delay = 0.00>
ST_1 : Operation 104 [1/1] (0.00ns)   --->   "%p_0_2_0_0_0694_load = load i16 %p_0_2_0_0_0694"   --->   Operation 104 'load' 'p_0_2_0_0_0694_load' <Predicate = (icmp_ln33)> <Delay = 0.00>
ST_1 : Operation 105 [1/1] (0.00ns)   --->   "%p_0_1_0_0_0676_load = load i16 %p_0_1_0_0_0676"   --->   Operation 105 'load' 'p_0_1_0_0_0676_load' <Predicate = (icmp_ln33)> <Delay = 0.00>
ST_1 : Operation 106 [1/1] (0.00ns)   --->   "%p_0_0_0_0_0658_load = load i16 %p_0_0_0_0_0658"   --->   Operation 106 'load' 'p_0_0_0_0_0658_load' <Predicate = (icmp_ln33)> <Delay = 0.00>
ST_1 : Operation 107 [1/1] (0.00ns)   --->   "%p_0_3_0_0_06310_load = load i16 %p_0_3_0_0_06310"   --->   Operation 107 'load' 'p_0_3_0_0_06310_load' <Predicate = (icmp_ln33)> <Delay = 0.00>
ST_1 : Operation 108 [1/1] (0.00ns)   --->   "%p_0_2_0_0_06112_load = load i16 %p_0_2_0_0_06112"   --->   Operation 108 'load' 'p_0_2_0_0_06112_load' <Predicate = (icmp_ln33)> <Delay = 0.00>
ST_1 : Operation 109 [1/1] (0.00ns)   --->   "%p_0_1_0_0_05914_load = load i16 %p_0_1_0_0_05914"   --->   Operation 109 'load' 'p_0_1_0_0_05914_load' <Predicate = (icmp_ln33)> <Delay = 0.00>
ST_1 : Operation 110 [1/1] (0.00ns)   --->   "%p_0_0_0_0_05716_load = load i16 %p_0_0_0_0_05716"   --->   Operation 110 'load' 'p_0_0_0_0_05716_load' <Predicate = (icmp_ln33)> <Delay = 0.00>
ST_1 : Operation 111 [1/1] (0.00ns)   --->   "%p_0_3_0_0_05518_load = load i16 %p_0_3_0_0_05518"   --->   Operation 111 'load' 'p_0_3_0_0_05518_load' <Predicate = (icmp_ln33)> <Delay = 0.00>
ST_1 : Operation 112 [1/1] (0.00ns)   --->   "%p_0_2_0_0_05320_load = load i16 %p_0_2_0_0_05320"   --->   Operation 112 'load' 'p_0_2_0_0_05320_load' <Predicate = (icmp_ln33)> <Delay = 0.00>
ST_1 : Operation 113 [1/1] (0.00ns)   --->   "%p_0_1_0_0_05122_load = load i16 %p_0_1_0_0_05122"   --->   Operation 113 'load' 'p_0_1_0_0_05122_load' <Predicate = (icmp_ln33)> <Delay = 0.00>
ST_1 : Operation 114 [1/1] (0.00ns)   --->   "%p_0_0_0_0_04924_load = load i16 %p_0_0_0_0_04924"   --->   Operation 114 'load' 'p_0_0_0_0_04924_load' <Predicate = (icmp_ln33)> <Delay = 0.00>
ST_1 : Operation 115 [1/1] (0.00ns)   --->   "%p_0_3_0_0_04726_load = load i16 %p_0_3_0_0_04726"   --->   Operation 115 'load' 'p_0_3_0_0_04726_load' <Predicate = (icmp_ln33)> <Delay = 0.00>
ST_1 : Operation 116 [1/1] (0.00ns)   --->   "%p_0_2_0_0_04528_load = load i16 %p_0_2_0_0_04528"   --->   Operation 116 'load' 'p_0_2_0_0_04528_load' <Predicate = (icmp_ln33)> <Delay = 0.00>
ST_1 : Operation 117 [1/1] (0.00ns)   --->   "%p_0_1_0_0_04330_load = load i16 %p_0_1_0_0_04330"   --->   Operation 117 'load' 'p_0_1_0_0_04330_load' <Predicate = (icmp_ln33)> <Delay = 0.00>
ST_1 : Operation 118 [1/1] (0.00ns)   --->   "%p_0_0_0_0_04132_load = load i16 %p_0_0_0_0_04132"   --->   Operation 118 'load' 'p_0_0_0_0_04132_load' <Predicate = (icmp_ln33)> <Delay = 0.00>
ST_1 : Operation 119 [1/1] (0.00ns)   --->   "%p_0_3_0_0_03934_load = load i16 %p_0_3_0_0_03934"   --->   Operation 119 'load' 'p_0_3_0_0_03934_load' <Predicate = (icmp_ln33)> <Delay = 0.00>
ST_1 : Operation 120 [1/1] (0.00ns)   --->   "%p_0_2_0_0_03736_load = load i16 %p_0_2_0_0_03736"   --->   Operation 120 'load' 'p_0_2_0_0_03736_load' <Predicate = (icmp_ln33)> <Delay = 0.00>
ST_1 : Operation 121 [1/1] (0.00ns)   --->   "%p_0_1_0_0_03538_load = load i16 %p_0_1_0_0_03538"   --->   Operation 121 'load' 'p_0_1_0_0_03538_load' <Predicate = (icmp_ln33)> <Delay = 0.00>
ST_1 : Operation 122 [1/1] (0.00ns)   --->   "%p_0_0_0_0_03340_load = load i16 %p_0_0_0_0_03340"   --->   Operation 122 'load' 'p_0_0_0_0_03340_load' <Predicate = (icmp_ln33)> <Delay = 0.00>
ST_1 : Operation 123 [1/1] (0.00ns)   --->   "%p_0_3_0_0_03142_load = load i16 %p_0_3_0_0_03142"   --->   Operation 123 'load' 'p_0_3_0_0_03142_load' <Predicate = (icmp_ln33)> <Delay = 0.00>
ST_1 : Operation 124 [1/1] (0.00ns)   --->   "%p_0_2_0_0_02944_load = load i16 %p_0_2_0_0_02944"   --->   Operation 124 'load' 'p_0_2_0_0_02944_load' <Predicate = (icmp_ln33)> <Delay = 0.00>
ST_1 : Operation 125 [1/1] (0.00ns)   --->   "%p_0_1_0_0_02746_load = load i16 %p_0_1_0_0_02746"   --->   Operation 125 'load' 'p_0_1_0_0_02746_load' <Predicate = (icmp_ln33)> <Delay = 0.00>
ST_1 : Operation 126 [1/1] (0.00ns)   --->   "%p_0_0_0_0_02548_load = load i16 %p_0_0_0_0_02548"   --->   Operation 126 'load' 'p_0_0_0_0_02548_load' <Predicate = (icmp_ln33)> <Delay = 0.00>
ST_1 : Operation 127 [1/1] (0.00ns)   --->   "%p_0_3_0_0_02350_load = load i16 %p_0_3_0_0_02350"   --->   Operation 127 'load' 'p_0_3_0_0_02350_load' <Predicate = (icmp_ln33)> <Delay = 0.00>
ST_1 : Operation 128 [1/1] (0.00ns)   --->   "%p_0_2_0_0_02152_load = load i16 %p_0_2_0_0_02152"   --->   Operation 128 'load' 'p_0_2_0_0_02152_load' <Predicate = (icmp_ln33)> <Delay = 0.00>
ST_1 : Operation 129 [1/1] (0.00ns)   --->   "%p_0_1_0_0_01954_load = load i16 %p_0_1_0_0_01954"   --->   Operation 129 'load' 'p_0_1_0_0_01954_load' <Predicate = (icmp_ln33)> <Delay = 0.00>
ST_1 : Operation 130 [1/1] (0.00ns)   --->   "%p_0_0_0_0_01756_load = load i16 %p_0_0_0_0_01756"   --->   Operation 130 'load' 'p_0_0_0_0_01756_load' <Predicate = (icmp_ln33)> <Delay = 0.00>
ST_1 : Operation 131 [1/1] (0.00ns)   --->   "%p_0_3_0_0_01558_load = load i16 %p_0_3_0_0_01558"   --->   Operation 131 'load' 'p_0_3_0_0_01558_load' <Predicate = (icmp_ln33)> <Delay = 0.00>
ST_1 : Operation 132 [1/1] (0.00ns)   --->   "%p_0_2_0_0_01360_load = load i16 %p_0_2_0_0_01360"   --->   Operation 132 'load' 'p_0_2_0_0_01360_load' <Predicate = (icmp_ln33)> <Delay = 0.00>
ST_1 : Operation 133 [1/1] (0.00ns)   --->   "%p_0_1_0_0_01162_load = load i16 %p_0_1_0_0_01162"   --->   Operation 133 'load' 'p_0_1_0_0_01162_load' <Predicate = (icmp_ln33)> <Delay = 0.00>
ST_1 : Operation 134 [1/1] (0.00ns)   --->   "%p_0_0_0_0_0964_load = load i16 %p_0_0_0_0_0964"   --->   Operation 134 'load' 'p_0_0_0_0_0964_load' <Predicate = (icmp_ln33)> <Delay = 0.00>
ST_1 : Operation 135 [1/1] (0.00ns)   --->   "%p_0_3_0_0_0766_load = load i16 %p_0_3_0_0_0766"   --->   Operation 135 'load' 'p_0_3_0_0_0766_load' <Predicate = (icmp_ln33)> <Delay = 0.00>
ST_1 : Operation 136 [1/1] (0.00ns)   --->   "%p_0_2_0_0_0568_load = load i16 %p_0_2_0_0_0568"   --->   Operation 136 'load' 'p_0_2_0_0_0568_load' <Predicate = (icmp_ln33)> <Delay = 0.00>
ST_1 : Operation 137 [1/1] (0.00ns)   --->   "%p_0_1_0_0_0370_load = load i16 %p_0_1_0_0_0370"   --->   Operation 137 'load' 'p_0_1_0_0_0370_load' <Predicate = (icmp_ln33)> <Delay = 0.00>
ST_1 : Operation 138 [1/1] (0.00ns)   --->   "%p_0_0_0_0_0172_load = load i16 %p_0_0_0_0_0172"   --->   Operation 138 'load' 'p_0_0_0_0_0172_load' <Predicate = (icmp_ln33)> <Delay = 0.00>
ST_1 : Operation 139 [1/1] (0.00ns)   --->   "%write_ln0 = write void @_ssdm_op_Write.ap_auto.i16P0A, i16 %data_42_out, i16 %p_0_3_0_0_0712_load"   --->   Operation 139 'write' 'write_ln0' <Predicate = (icmp_ln33)> <Delay = 0.00>
ST_1 : Operation 140 [1/1] (0.00ns)   --->   "%write_ln0 = write void @_ssdm_op_Write.ap_auto.i16P0A, i16 %data_41_out, i16 %p_0_2_0_0_0694_load"   --->   Operation 140 'write' 'write_ln0' <Predicate = (icmp_ln33)> <Delay = 0.00>
ST_1 : Operation 141 [1/1] (0.00ns)   --->   "%write_ln0 = write void @_ssdm_op_Write.ap_auto.i16P0A, i16 %data_40_out, i16 %p_0_1_0_0_0676_load"   --->   Operation 141 'write' 'write_ln0' <Predicate = (icmp_ln33)> <Delay = 0.00>
ST_1 : Operation 142 [1/1] (0.00ns)   --->   "%write_ln0 = write void @_ssdm_op_Write.ap_auto.i16P0A, i16 %data_39_out, i16 %p_0_0_0_0_0658_load"   --->   Operation 142 'write' 'write_ln0' <Predicate = (icmp_ln33)> <Delay = 0.00>
ST_1 : Operation 143 [1/1] (0.00ns)   --->   "%write_ln0 = write void @_ssdm_op_Write.ap_auto.i16P0A, i16 %data_38_out, i16 %p_0_3_0_0_06310_load"   --->   Operation 143 'write' 'write_ln0' <Predicate = (icmp_ln33)> <Delay = 0.00>
ST_1 : Operation 144 [1/1] (0.00ns)   --->   "%write_ln0 = write void @_ssdm_op_Write.ap_auto.i16P0A, i16 %data_37_out, i16 %p_0_2_0_0_06112_load"   --->   Operation 144 'write' 'write_ln0' <Predicate = (icmp_ln33)> <Delay = 0.00>
ST_1 : Operation 145 [1/1] (0.00ns)   --->   "%write_ln0 = write void @_ssdm_op_Write.ap_auto.i16P0A, i16 %data_36_out, i16 %p_0_1_0_0_05914_load"   --->   Operation 145 'write' 'write_ln0' <Predicate = (icmp_ln33)> <Delay = 0.00>
ST_1 : Operation 146 [1/1] (0.00ns)   --->   "%write_ln0 = write void @_ssdm_op_Write.ap_auto.i16P0A, i16 %data_35_out, i16 %p_0_0_0_0_05716_load"   --->   Operation 146 'write' 'write_ln0' <Predicate = (icmp_ln33)> <Delay = 0.00>
ST_1 : Operation 147 [1/1] (0.00ns)   --->   "%write_ln0 = write void @_ssdm_op_Write.ap_auto.i16P0A, i16 %data_34_out, i16 %p_0_3_0_0_05518_load"   --->   Operation 147 'write' 'write_ln0' <Predicate = (icmp_ln33)> <Delay = 0.00>
ST_1 : Operation 148 [1/1] (0.00ns)   --->   "%write_ln0 = write void @_ssdm_op_Write.ap_auto.i16P0A, i16 %data_33_out, i16 %p_0_2_0_0_05320_load"   --->   Operation 148 'write' 'write_ln0' <Predicate = (icmp_ln33)> <Delay = 0.00>
ST_1 : Operation 149 [1/1] (0.00ns)   --->   "%write_ln0 = write void @_ssdm_op_Write.ap_auto.i16P0A, i16 %data_32_out, i16 %p_0_1_0_0_05122_load"   --->   Operation 149 'write' 'write_ln0' <Predicate = (icmp_ln33)> <Delay = 0.00>
ST_1 : Operation 150 [1/1] (0.00ns)   --->   "%write_ln0 = write void @_ssdm_op_Write.ap_auto.i16P0A, i16 %data_31_out, i16 %p_0_0_0_0_04924_load"   --->   Operation 150 'write' 'write_ln0' <Predicate = (icmp_ln33)> <Delay = 0.00>
ST_1 : Operation 151 [1/1] (0.00ns)   --->   "%write_ln0 = write void @_ssdm_op_Write.ap_auto.i16P0A, i16 %data_30_out, i16 %p_0_3_0_0_04726_load"   --->   Operation 151 'write' 'write_ln0' <Predicate = (icmp_ln33)> <Delay = 0.00>
ST_1 : Operation 152 [1/1] (0.00ns)   --->   "%write_ln0 = write void @_ssdm_op_Write.ap_auto.i16P0A, i16 %data_29_out, i16 %p_0_2_0_0_04528_load"   --->   Operation 152 'write' 'write_ln0' <Predicate = (icmp_ln33)> <Delay = 0.00>
ST_1 : Operation 153 [1/1] (0.00ns)   --->   "%write_ln0 = write void @_ssdm_op_Write.ap_auto.i16P0A, i16 %data_28_out, i16 %p_0_1_0_0_04330_load"   --->   Operation 153 'write' 'write_ln0' <Predicate = (icmp_ln33)> <Delay = 0.00>
ST_1 : Operation 154 [1/1] (0.00ns)   --->   "%write_ln0 = write void @_ssdm_op_Write.ap_auto.i16P0A, i16 %data_27_out, i16 %p_0_0_0_0_04132_load"   --->   Operation 154 'write' 'write_ln0' <Predicate = (icmp_ln33)> <Delay = 0.00>
ST_1 : Operation 155 [1/1] (0.00ns)   --->   "%write_ln0 = write void @_ssdm_op_Write.ap_auto.i16P0A, i16 %data_26_out, i16 %p_0_3_0_0_03934_load"   --->   Operation 155 'write' 'write_ln0' <Predicate = (icmp_ln33)> <Delay = 0.00>
ST_1 : Operation 156 [1/1] (0.00ns)   --->   "%write_ln0 = write void @_ssdm_op_Write.ap_auto.i16P0A, i16 %data_25_out, i16 %p_0_2_0_0_03736_load"   --->   Operation 156 'write' 'write_ln0' <Predicate = (icmp_ln33)> <Delay = 0.00>
ST_1 : Operation 157 [1/1] (0.00ns)   --->   "%write_ln0 = write void @_ssdm_op_Write.ap_auto.i16P0A, i16 %data_24_out, i16 %p_0_1_0_0_03538_load"   --->   Operation 157 'write' 'write_ln0' <Predicate = (icmp_ln33)> <Delay = 0.00>
ST_1 : Operation 158 [1/1] (0.00ns)   --->   "%write_ln0 = write void @_ssdm_op_Write.ap_auto.i16P0A, i16 %data_23_out, i16 %p_0_0_0_0_03340_load"   --->   Operation 158 'write' 'write_ln0' <Predicate = (icmp_ln33)> <Delay = 0.00>
ST_1 : Operation 159 [1/1] (0.00ns)   --->   "%write_ln0 = write void @_ssdm_op_Write.ap_auto.i16P0A, i16 %data_22_out, i16 %p_0_3_0_0_03142_load"   --->   Operation 159 'write' 'write_ln0' <Predicate = (icmp_ln33)> <Delay = 0.00>
ST_1 : Operation 160 [1/1] (0.00ns)   --->   "%write_ln0 = write void @_ssdm_op_Write.ap_auto.i16P0A, i16 %data_21_out, i16 %p_0_2_0_0_02944_load"   --->   Operation 160 'write' 'write_ln0' <Predicate = (icmp_ln33)> <Delay = 0.00>
ST_1 : Operation 161 [1/1] (0.00ns)   --->   "%write_ln0 = write void @_ssdm_op_Write.ap_auto.i16P0A, i16 %data_20_out, i16 %p_0_1_0_0_02746_load"   --->   Operation 161 'write' 'write_ln0' <Predicate = (icmp_ln33)> <Delay = 0.00>
ST_1 : Operation 162 [1/1] (0.00ns)   --->   "%write_ln0 = write void @_ssdm_op_Write.ap_auto.i16P0A, i16 %data_19_out, i16 %p_0_0_0_0_02548_load"   --->   Operation 162 'write' 'write_ln0' <Predicate = (icmp_ln33)> <Delay = 0.00>
ST_1 : Operation 163 [1/1] (0.00ns)   --->   "%write_ln0 = write void @_ssdm_op_Write.ap_auto.i16P0A, i16 %data_18_out, i16 %p_0_3_0_0_02350_load"   --->   Operation 163 'write' 'write_ln0' <Predicate = (icmp_ln33)> <Delay = 0.00>
ST_1 : Operation 164 [1/1] (0.00ns)   --->   "%write_ln0 = write void @_ssdm_op_Write.ap_auto.i16P0A, i16 %data_17_out, i16 %p_0_2_0_0_02152_load"   --->   Operation 164 'write' 'write_ln0' <Predicate = (icmp_ln33)> <Delay = 0.00>
ST_1 : Operation 165 [1/1] (0.00ns)   --->   "%write_ln0 = write void @_ssdm_op_Write.ap_auto.i16P0A, i16 %data_16_out, i16 %p_0_1_0_0_01954_load"   --->   Operation 165 'write' 'write_ln0' <Predicate = (icmp_ln33)> <Delay = 0.00>
ST_1 : Operation 166 [1/1] (0.00ns)   --->   "%write_ln0 = write void @_ssdm_op_Write.ap_auto.i16P0A, i16 %data_15_out, i16 %p_0_0_0_0_01756_load"   --->   Operation 166 'write' 'write_ln0' <Predicate = (icmp_ln33)> <Delay = 0.00>
ST_1 : Operation 167 [1/1] (0.00ns)   --->   "%write_ln0 = write void @_ssdm_op_Write.ap_auto.i16P0A, i16 %data_14_out, i16 %p_0_3_0_0_01558_load"   --->   Operation 167 'write' 'write_ln0' <Predicate = (icmp_ln33)> <Delay = 0.00>
ST_1 : Operation 168 [1/1] (0.00ns)   --->   "%write_ln0 = write void @_ssdm_op_Write.ap_auto.i16P0A, i16 %data_13_out, i16 %p_0_2_0_0_01360_load"   --->   Operation 168 'write' 'write_ln0' <Predicate = (icmp_ln33)> <Delay = 0.00>
ST_1 : Operation 169 [1/1] (0.00ns)   --->   "%write_ln0 = write void @_ssdm_op_Write.ap_auto.i16P0A, i16 %data_12_out, i16 %p_0_1_0_0_01162_load"   --->   Operation 169 'write' 'write_ln0' <Predicate = (icmp_ln33)> <Delay = 0.00>
ST_1 : Operation 170 [1/1] (0.00ns)   --->   "%write_ln0 = write void @_ssdm_op_Write.ap_auto.i16P0A, i16 %data_11_out, i16 %p_0_0_0_0_0964_load"   --->   Operation 170 'write' 'write_ln0' <Predicate = (icmp_ln33)> <Delay = 0.00>
ST_1 : Operation 171 [1/1] (0.00ns)   --->   "%write_ln0 = write void @_ssdm_op_Write.ap_auto.i16P0A, i16 %data_10_out, i16 %p_0_3_0_0_0766_load"   --->   Operation 171 'write' 'write_ln0' <Predicate = (icmp_ln33)> <Delay = 0.00>
ST_1 : Operation 172 [1/1] (0.00ns)   --->   "%write_ln0 = write void @_ssdm_op_Write.ap_auto.i16P0A, i16 %data_9_out, i16 %p_0_2_0_0_0568_load"   --->   Operation 172 'write' 'write_ln0' <Predicate = (icmp_ln33)> <Delay = 0.00>
ST_1 : Operation 173 [1/1] (0.00ns)   --->   "%write_ln0 = write void @_ssdm_op_Write.ap_auto.i16P0A, i16 %data_8_out, i16 %p_0_1_0_0_0370_load"   --->   Operation 173 'write' 'write_ln0' <Predicate = (icmp_ln33)> <Delay = 0.00>
ST_1 : Operation 174 [1/1] (0.00ns)   --->   "%write_ln0 = write void @_ssdm_op_Write.ap_auto.i16P0A, i16 %data_out, i16 %p_0_0_0_0_0172_load"   --->   Operation 174 'write' 'write_ln0' <Predicate = (icmp_ln33)> <Delay = 0.00>
ST_1 : Operation 175 [1/1] (0.42ns)   --->   "%ret_ln0 = ret"   --->   Operation 175 'ret' 'ret_ln0' <Predicate = (icmp_ln33)> <Delay = 0.42>


============================================================
+ Verbose Summary: Binding
============================================================
STG Binding: 
---------------- STG Properties BEGIN ----------------
- Is combinational: 0
- Is one-state seq: 0
- Is datapath-only: 0
- Is pipelined: 0
- Is top level: 0
Port [ Return ] is wired: 1; IO mode=ap_ctrl_hs:ce=0
Port [ layer4_out]:  wired=1; compound=1; hidden=0; nouse=0; global=0; static=0; extern=0; dir=0; type=3; pingpong=0; private_global=0; IO mode=ap_fifo:ce=0
Port [ data_42_out]:  wired=1; compound=0; hidden=0; nouse=0; global=0; static=0; extern=0; dir=1; type=0; pingpong=0; private_global=0; IO mode=ap_vld:ce=0
Port [ data_41_out]:  wired=1; compound=0; hidden=0; nouse=0; global=0; static=0; extern=0; dir=1; type=0; pingpong=0; private_global=0; IO mode=ap_vld:ce=0
Port [ data_40_out]:  wired=1; compound=0; hidden=0; nouse=0; global=0; static=0; extern=0; dir=1; type=0; pingpong=0; private_global=0; IO mode=ap_vld:ce=0
Port [ data_39_out]:  wired=1; compound=0; hidden=0; nouse=0; global=0; static=0; extern=0; dir=1; type=0; pingpong=0; private_global=0; IO mode=ap_vld:ce=0
Port [ data_38_out]:  wired=1; compound=0; hidden=0; nouse=0; global=0; static=0; extern=0; dir=1; type=0; pingpong=0; private_global=0; IO mode=ap_vld:ce=0
Port [ data_37_out]:  wired=1; compound=0; hidden=0; nouse=0; global=0; static=0; extern=0; dir=1; type=0; pingpong=0; private_global=0; IO mode=ap_vld:ce=0
Port [ data_36_out]:  wired=1; compound=0; hidden=0; nouse=0; global=0; static=0; extern=0; dir=1; type=0; pingpong=0; private_global=0; IO mode=ap_vld:ce=0
Port [ data_35_out]:  wired=1; compound=0; hidden=0; nouse=0; global=0; static=0; extern=0; dir=1; type=0; pingpong=0; private_global=0; IO mode=ap_vld:ce=0
Port [ data_34_out]:  wired=1; compound=0; hidden=0; nouse=0; global=0; static=0; extern=0; dir=1; type=0; pingpong=0; private_global=0; IO mode=ap_vld:ce=0
Port [ data_33_out]:  wired=1; compound=0; hidden=0; nouse=0; global=0; static=0; extern=0; dir=1; type=0; pingpong=0; private_global=0; IO mode=ap_vld:ce=0
Port [ data_32_out]:  wired=1; compound=0; hidden=0; nouse=0; global=0; static=0; extern=0; dir=1; type=0; pingpong=0; private_global=0; IO mode=ap_vld:ce=0
Port [ data_31_out]:  wired=1; compound=0; hidden=0; nouse=0; global=0; static=0; extern=0; dir=1; type=0; pingpong=0; private_global=0; IO mode=ap_vld:ce=0
Port [ data_30_out]:  wired=1; compound=0; hidden=0; nouse=0; global=0; static=0; extern=0; dir=1; type=0; pingpong=0; private_global=0; IO mode=ap_vld:ce=0
Port [ data_29_out]:  wired=1; compound=0; hidden=0; nouse=0; global=0; static=0; extern=0; dir=1; type=0; pingpong=0; private_global=0; IO mode=ap_vld:ce=0
Port [ data_28_out]:  wired=1; compound=0; hidden=0; nouse=0; global=0; static=0; extern=0; dir=1; type=0; pingpong=0; private_global=0; IO mode=ap_vld:ce=0
Port [ data_27_out]:  wired=1; compound=0; hidden=0; nouse=0; global=0; static=0; extern=0; dir=1; type=0; pingpong=0; private_global=0; IO mode=ap_vld:ce=0
Port [ data_26_out]:  wired=1; compound=0; hidden=0; nouse=0; global=0; static=0; extern=0; dir=1; type=0; pingpong=0; private_global=0; IO mode=ap_vld:ce=0
Port [ data_25_out]:  wired=1; compound=0; hidden=0; nouse=0; global=0; static=0; extern=0; dir=1; type=0; pingpong=0; private_global=0; IO mode=ap_vld:ce=0
Port [ data_24_out]:  wired=1; compound=0; hidden=0; nouse=0; global=0; static=0; extern=0; dir=1; type=0; pingpong=0; private_global=0; IO mode=ap_vld:ce=0
Port [ data_23_out]:  wired=1; compound=0; hidden=0; nouse=0; global=0; static=0; extern=0; dir=1; type=0; pingpong=0; private_global=0; IO mode=ap_vld:ce=0
Port [ data_22_out]:  wired=1; compound=0; hidden=0; nouse=0; global=0; static=0; extern=0; dir=1; type=0; pingpong=0; private_global=0; IO mode=ap_vld:ce=0
Port [ data_21_out]:  wired=1; compound=0; hidden=0; nouse=0; global=0; static=0; extern=0; dir=1; type=0; pingpong=0; private_global=0; IO mode=ap_vld:ce=0
Port [ data_20_out]:  wired=1; compound=0; hidden=0; nouse=0; global=0; static=0; extern=0; dir=1; type=0; pingpong=0; private_global=0; IO mode=ap_vld:ce=0
Port [ data_19_out]:  wired=1; compound=0; hidden=0; nouse=0; global=0; static=0; extern=0; dir=1; type=0; pingpong=0; private_global=0; IO mode=ap_vld:ce=0
Port [ data_18_out]:  wired=1; compound=0; hidden=0; nouse=0; global=0; static=0; extern=0; dir=1; type=0; pingpong=0; private_global=0; IO mode=ap_vld:ce=0
Port [ data_17_out]:  wired=1; compound=0; hidden=0; nouse=0; global=0; static=0; extern=0; dir=1; type=0; pingpong=0; private_global=0; IO mode=ap_vld:ce=0
Port [ data_16_out]:  wired=1; compound=0; hidden=0; nouse=0; global=0; static=0; extern=0; dir=1; type=0; pingpong=0; private_global=0; IO mode=ap_vld:ce=0
Port [ data_15_out]:  wired=1; compound=0; hidden=0; nouse=0; global=0; static=0; extern=0; dir=1; type=0; pingpong=0; private_global=0; IO mode=ap_vld:ce=0
Port [ data_14_out]:  wired=1; compound=0; hidden=0; nouse=0; global=0; static=0; extern=0; dir=1; type=0; pingpong=0; private_global=0; IO mode=ap_vld:ce=0
Port [ data_13_out]:  wired=1; compound=0; hidden=0; nouse=0; global=0; static=0; extern=0; dir=1; type=0; pingpong=0; private_global=0; IO mode=ap_vld:ce=0
Port [ data_12_out]:  wired=1; compound=0; hidden=0; nouse=0; global=0; static=0; extern=0; dir=1; type=0; pingpong=0; private_global=0; IO mode=ap_vld:ce=0
Port [ data_11_out]:  wired=1; compound=0; hidden=0; nouse=0; global=0; static=0; extern=0; dir=1; type=0; pingpong=0; private_global=0; IO mode=ap_vld:ce=0
Port [ data_10_out]:  wired=1; compound=0; hidden=0; nouse=0; global=0; static=0; extern=0; dir=1; type=0; pingpong=0; private_global=0; IO mode=ap_vld:ce=0
Port [ data_9_out]:  wired=1; compound=0; hidden=0; nouse=0; global=0; static=0; extern=0; dir=1; type=0; pingpong=0; private_global=0; IO mode=ap_vld:ce=0
Port [ data_8_out]:  wired=1; compound=0; hidden=0; nouse=0; global=0; static=0; extern=0; dir=1; type=0; pingpong=0; private_global=0; IO mode=ap_vld:ce=0
Port [ data_out]:  wired=1; compound=0; hidden=0; nouse=0; global=0; static=0; extern=0; dir=1; type=0; pingpong=0; private_global=0; IO mode=ap_vld:ce=0
---------------- STG Properties END ------------------

---------------- Datapath Model BEGIN ----------------

<LifeTime>
<method=bitvector/>
i_in73                 (alloca           ) [ 01]
p_0_3_0_0_0712         (alloca           ) [ 01]
p_0_2_0_0_0694         (alloca           ) [ 01]
p_0_1_0_0_0676         (alloca           ) [ 01]
p_0_0_0_0_0658         (alloca           ) [ 01]
p_0_3_0_0_06310        (alloca           ) [ 01]
p_0_2_0_0_06112        (alloca           ) [ 01]
p_0_1_0_0_05914        (alloca           ) [ 01]
p_0_0_0_0_05716        (alloca           ) [ 01]
p_0_3_0_0_05518        (alloca           ) [ 01]
p_0_2_0_0_05320        (alloca           ) [ 01]
p_0_1_0_0_05122        (alloca           ) [ 01]
p_0_0_0_0_04924        (alloca           ) [ 01]
p_0_3_0_0_04726        (alloca           ) [ 01]
p_0_2_0_0_04528        (alloca           ) [ 01]
p_0_1_0_0_04330        (alloca           ) [ 01]
p_0_0_0_0_04132        (alloca           ) [ 01]
p_0_3_0_0_03934        (alloca           ) [ 01]
p_0_2_0_0_03736        (alloca           ) [ 01]
p_0_1_0_0_03538        (alloca           ) [ 01]
p_0_0_0_0_03340        (alloca           ) [ 01]
p_0_3_0_0_03142        (alloca           ) [ 01]
p_0_2_0_0_02944        (alloca           ) [ 01]
p_0_1_0_0_02746        (alloca           ) [ 01]
p_0_0_0_0_02548        (alloca           ) [ 01]
p_0_3_0_0_02350        (alloca           ) [ 01]
p_0_2_0_0_02152        (alloca           ) [ 01]
p_0_1_0_0_01954        (alloca           ) [ 01]
p_0_0_0_0_01756        (alloca           ) [ 01]
p_0_3_0_0_01558        (alloca           ) [ 01]
p_0_2_0_0_01360        (alloca           ) [ 01]
p_0_1_0_0_01162        (alloca           ) [ 01]
p_0_0_0_0_0964         (alloca           ) [ 01]
p_0_3_0_0_0766         (alloca           ) [ 01]
p_0_2_0_0_0568         (alloca           ) [ 01]
p_0_1_0_0_0370         (alloca           ) [ 01]
p_0_0_0_0_0172         (alloca           ) [ 01]
specinterface_ln0      (specinterface    ) [ 00]
store_ln0              (store            ) [ 00]
br_ln33                (br               ) [ 00]
i_in73_load            (load             ) [ 01]
specpipeline_ln34      (specpipeline     ) [ 00]
speclooptripcount_ln33 (speclooptripcount) [ 00]
specloopname_ln33      (specloopname     ) [ 00]
layer4_out_read        (read             ) [ 00]
data_pack              (trunc            ) [ 00]
data_pack_1            (partselect       ) [ 00]
data_pack_2            (partselect       ) [ 00]
data_pack_3            (partselect       ) [ 00]
i_in                   (add              ) [ 00]
switch_ln39            (switch           ) [ 00]
store_ln35             (store            ) [ 00]
store_ln35             (store            ) [ 00]
store_ln35             (store            ) [ 00]
store_ln35             (store            ) [ 00]
br_ln39                (br               ) [ 00]
store_ln35             (store            ) [ 00]
store_ln35             (store            ) [ 00]
store_ln35             (store            ) [ 00]
store_ln35             (store            ) [ 00]
br_ln39                (br               ) [ 00]
store_ln35             (store            ) [ 00]
store_ln35             (store            ) [ 00]
store_ln35             (store            ) [ 00]
store_ln35             (store            ) [ 00]
br_ln39                (br               ) [ 00]
store_ln35             (store            ) [ 00]
store_ln35             (store            ) [ 00]
store_ln35             (store            ) [ 00]
store_ln35             (store            ) [ 00]
br_ln39                (br               ) [ 00]
store_ln35             (store            ) [ 00]
store_ln35             (store            ) [ 00]
store_ln35             (store            ) [ 00]
store_ln35             (store            ) [ 00]
br_ln39                (br               ) [ 00]
store_ln35             (store            ) [ 00]
store_ln35             (store            ) [ 00]
store_ln35             (store            ) [ 00]
store_ln35             (store            ) [ 00]
br_ln39                (br               ) [ 00]
store_ln35             (store            ) [ 00]
store_ln35             (store            ) [ 00]
store_ln35             (store            ) [ 00]
store_ln35             (store            ) [ 00]
br_ln39                (br               ) [ 00]
store_ln35             (store            ) [ 00]
store_ln35             (store            ) [ 00]
store_ln35             (store            ) [ 00]
store_ln35             (store            ) [ 00]
br_ln39                (br               ) [ 00]
store_ln35             (store            ) [ 00]
store_ln35             (store            ) [ 00]
store_ln35             (store            ) [ 00]
store_ln35             (store            ) [ 00]
br_ln39                (br               ) [ 00]
icmp_ln33              (icmp             ) [ 01]
store_ln33             (store            ) [ 00]
br_ln33                (br               ) [ 00]
p_0_3_0_0_0712_load    (load             ) [ 00]
p_0_2_0_0_0694_load    (load             ) [ 00]
p_0_1_0_0_0676_load    (load             ) [ 00]
p_0_0_0_0_0658_load    (load             ) [ 00]
p_0_3_0_0_06310_load   (load             ) [ 00]
p_0_2_0_0_06112_load   (load             ) [ 00]
p_0_1_0_0_05914_load   (load             ) [ 00]
p_0_0_0_0_05716_load   (load             ) [ 00]
p_0_3_0_0_05518_load   (load             ) [ 00]
p_0_2_0_0_05320_load   (load             ) [ 00]
p_0_1_0_0_05122_load   (load             ) [ 00]
p_0_0_0_0_04924_load   (load             ) [ 00]
p_0_3_0_0_04726_load   (load             ) [ 00]
p_0_2_0_0_04528_load   (load             ) [ 00]
p_0_1_0_0_04330_load   (load             ) [ 00]
p_0_0_0_0_04132_load   (load             ) [ 00]
p_0_3_0_0_03934_load   (load             ) [ 00]
p_0_2_0_0_03736_load   (load             ) [ 00]
p_0_1_0_0_03538_load   (load             ) [ 00]
p_0_0_0_0_03340_load   (load             ) [ 00]
p_0_3_0_0_03142_load   (load             ) [ 00]
p_0_2_0_0_02944_load   (load             ) [ 00]
p_0_1_0_0_02746_load   (load             ) [ 00]
p_0_0_0_0_02548_load   (load             ) [ 00]
p_0_3_0_0_02350_load   (load             ) [ 00]
p_0_2_0_0_02152_load   (load             ) [ 00]
p_0_1_0_0_01954_load   (load             ) [ 00]
p_0_0_0_0_01756_load   (load             ) [ 00]
p_0_3_0_0_01558_load   (load             ) [ 00]
p_0_2_0_0_01360_load   (load             ) [ 00]
p_0_1_0_0_01162_load   (load             ) [ 00]
p_0_0_0_0_0964_load    (load             ) [ 00]
p_0_3_0_0_0766_load    (load             ) [ 00]
p_0_2_0_0_0568_load    (load             ) [ 00]
p_0_1_0_0_0370_load    (load             ) [ 00]
p_0_0_0_0_0172_load    (load             ) [ 00]
write_ln0              (write            ) [ 00]
write_ln0              (write            ) [ 00]
write_ln0              (write            ) [ 00]
write_ln0              (write            ) [ 00]
write_ln0              (write            ) [ 00]
write_ln0              (write            ) [ 00]
write_ln0              (write            ) [ 00]
write_ln0              (write            ) [ 00]
write_ln0              (write            ) [ 00]
write_ln0              (write            ) [ 00]
write_ln0              (write            ) [ 00]
write_ln0              (write            ) [ 00]
write_ln0              (write            ) [ 00]
write_ln0              (write            ) [ 00]
write_ln0              (write            ) [ 00]
write_ln0              (write            ) [ 00]
write_ln0              (write            ) [ 00]
write_ln0              (write            ) [ 00]
write_ln0              (write            ) [ 00]
write_ln0              (write            ) [ 00]
write_ln0              (write            ) [ 00]
write_ln0              (write            ) [ 00]
write_ln0              (write            ) [ 00]
write_ln0              (write            ) [ 00]
write_ln0              (write            ) [ 00]
write_ln0              (write            ) [ 00]
write_ln0              (write            ) [ 00]
write_ln0              (write            ) [ 00]
write_ln0              (write            ) [ 00]
write_ln0              (write            ) [ 00]
write_ln0              (write            ) [ 00]
write_ln0              (write            ) [ 00]
write_ln0              (write            ) [ 00]
write_ln0              (write            ) [ 00]
write_ln0              (write            ) [ 00]
write_ln0              (write            ) [ 00]
ret_ln0                (ret              ) [ 00]
</LifeTime>

<model>

<comp_list>
<comp id="0" class="1000" name="layer4_out">
<pin_list>
<pin id="1" dir="1" index="0" bw="1" slack="0"/>
</pin_list>
<bind>
<StgValue><ssdm name="layer4_out"/></StgValue>
</bind>
</comp>

<comp id="2" class="1000" name="data_42_out">
<pin_list>
<pin id="3" dir="1" index="0" bw="1" slack="0"/>
</pin_list>
<bind>
<StgValue><ssdm name="data_42_out"/></StgValue>
</bind>
</comp>

<comp id="4" class="1000" name="data_41_out">
<pin_list>
<pin id="5" dir="1" index="0" bw="1" slack="0"/>
</pin_list>
<bind>
<StgValue><ssdm name="data_41_out"/></StgValue>
</bind>
</comp>

<comp id="6" class="1000" name="data_40_out">
<pin_list>
<pin id="7" dir="1" index="0" bw="1" slack="0"/>
</pin_list>
<bind>
<StgValue><ssdm name="data_40_out"/></StgValue>
</bind>
</comp>

<comp id="8" class="1000" name="data_39_out">
<pin_list>
<pin id="9" dir="1" index="0" bw="1" slack="0"/>
</pin_list>
<bind>
<StgValue><ssdm name="data_39_out"/></StgValue>
</bind>
</comp>

<comp id="10" class="1000" name="data_38_out">
<pin_list>
<pin id="11" dir="1" index="0" bw="1" slack="0"/>
</pin_list>
<bind>
<StgValue><ssdm name="data_38_out"/></StgValue>
</bind>
</comp>

<comp id="12" class="1000" name="data_37_out">
<pin_list>
<pin id="13" dir="1" index="0" bw="1" slack="0"/>
</pin_list>
<bind>
<StgValue><ssdm name="data_37_out"/></StgValue>
</bind>
</comp>

<comp id="14" class="1000" name="data_36_out">
<pin_list>
<pin id="15" dir="1" index="0" bw="1" slack="0"/>
</pin_list>
<bind>
<StgValue><ssdm name="data_36_out"/></StgValue>
</bind>
</comp>

<comp id="16" class="1000" name="data_35_out">
<pin_list>
<pin id="17" dir="1" index="0" bw="1" slack="0"/>
</pin_list>
<bind>
<StgValue><ssdm name="data_35_out"/></StgValue>
</bind>
</comp>

<comp id="18" class="1000" name="data_34_out">
<pin_list>
<pin id="19" dir="1" index="0" bw="1" slack="0"/>
</pin_list>
<bind>
<StgValue><ssdm name="data_34_out"/></StgValue>
</bind>
</comp>

<comp id="20" class="1000" name="data_33_out">
<pin_list>
<pin id="21" dir="1" index="0" bw="1" slack="0"/>
</pin_list>
<bind>
<StgValue><ssdm name="data_33_out"/></StgValue>
</bind>
</comp>

<comp id="22" class="1000" name="data_32_out">
<pin_list>
<pin id="23" dir="1" index="0" bw="1" slack="0"/>
</pin_list>
<bind>
<StgValue><ssdm name="data_32_out"/></StgValue>
</bind>
</comp>

<comp id="24" class="1000" name="data_31_out">
<pin_list>
<pin id="25" dir="1" index="0" bw="1" slack="0"/>
</pin_list>
<bind>
<StgValue><ssdm name="data_31_out"/></StgValue>
</bind>
</comp>

<comp id="26" class="1000" name="data_30_out">
<pin_list>
<pin id="27" dir="1" index="0" bw="1" slack="0"/>
</pin_list>
<bind>
<StgValue><ssdm name="data_30_out"/></StgValue>
</bind>
</comp>

<comp id="28" class="1000" name="data_29_out">
<pin_list>
<pin id="29" dir="1" index="0" bw="1" slack="0"/>
</pin_list>
<bind>
<StgValue><ssdm name="data_29_out"/></StgValue>
</bind>
</comp>

<comp id="30" class="1000" name="data_28_out">
<pin_list>
<pin id="31" dir="1" index="0" bw="1" slack="0"/>
</pin_list>
<bind>
<StgValue><ssdm name="data_28_out"/></StgValue>
</bind>
</comp>

<comp id="32" class="1000" name="data_27_out">
<pin_list>
<pin id="33" dir="1" index="0" bw="1" slack="0"/>
</pin_list>
<bind>
<StgValue><ssdm name="data_27_out"/></StgValue>
</bind>
</comp>

<comp id="34" class="1000" name="data_26_out">
<pin_list>
<pin id="35" dir="1" index="0" bw="1" slack="0"/>
</pin_list>
<bind>
<StgValue><ssdm name="data_26_out"/></StgValue>
</bind>
</comp>

<comp id="36" class="1000" name="data_25_out">
<pin_list>
<pin id="37" dir="1" index="0" bw="1" slack="0"/>
</pin_list>
<bind>
<StgValue><ssdm name="data_25_out"/></StgValue>
</bind>
</comp>

<comp id="38" class="1000" name="data_24_out">
<pin_list>
<pin id="39" dir="1" index="0" bw="1" slack="0"/>
</pin_list>
<bind>
<StgValue><ssdm name="data_24_out"/></StgValue>
</bind>
</comp>

<comp id="40" class="1000" name="data_23_out">
<pin_list>
<pin id="41" dir="1" index="0" bw="1" slack="0"/>
</pin_list>
<bind>
<StgValue><ssdm name="data_23_out"/></StgValue>
</bind>
</comp>

<comp id="42" class="1000" name="data_22_out">
<pin_list>
<pin id="43" dir="1" index="0" bw="1" slack="0"/>
</pin_list>
<bind>
<StgValue><ssdm name="data_22_out"/></StgValue>
</bind>
</comp>

<comp id="44" class="1000" name="data_21_out">
<pin_list>
<pin id="45" dir="1" index="0" bw="1" slack="0"/>
</pin_list>
<bind>
<StgValue><ssdm name="data_21_out"/></StgValue>
</bind>
</comp>

<comp id="46" class="1000" name="data_20_out">
<pin_list>
<pin id="47" dir="1" index="0" bw="1" slack="0"/>
</pin_list>
<bind>
<StgValue><ssdm name="data_20_out"/></StgValue>
</bind>
</comp>

<comp id="48" class="1000" name="data_19_out">
<pin_list>
<pin id="49" dir="1" index="0" bw="1" slack="0"/>
</pin_list>
<bind>
<StgValue><ssdm name="data_19_out"/></StgValue>
</bind>
</comp>

<comp id="50" class="1000" name="data_18_out">
<pin_list>
<pin id="51" dir="1" index="0" bw="1" slack="0"/>
</pin_list>
<bind>
<StgValue><ssdm name="data_18_out"/></StgValue>
</bind>
</comp>

<comp id="52" class="1000" name="data_17_out">
<pin_list>
<pin id="53" dir="1" index="0" bw="1" slack="0"/>
</pin_list>
<bind>
<StgValue><ssdm name="data_17_out"/></StgValue>
</bind>
</comp>

<comp id="54" class="1000" name="data_16_out">
<pin_list>
<pin id="55" dir="1" index="0" bw="1" slack="0"/>
</pin_list>
<bind>
<StgValue><ssdm name="data_16_out"/></StgValue>
</bind>
</comp>

<comp id="56" class="1000" name="data_15_out">
<pin_list>
<pin id="57" dir="1" index="0" bw="1" slack="0"/>
</pin_list>
<bind>
<StgValue><ssdm name="data_15_out"/></StgValue>
</bind>
</comp>

<comp id="58" class="1000" name="data_14_out">
<pin_list>
<pin id="59" dir="1" index="0" bw="1" slack="0"/>
</pin_list>
<bind>
<StgValue><ssdm name="data_14_out"/></StgValue>
</bind>
</comp>

<comp id="60" class="1000" name="data_13_out">
<pin_list>
<pin id="61" dir="1" index="0" bw="1" slack="0"/>
</pin_list>
<bind>
<StgValue><ssdm name="data_13_out"/></StgValue>
</bind>
</comp>

<comp id="62" class="1000" name="data_12_out">
<pin_list>
<pin id="63" dir="1" index="0" bw="1" slack="0"/>
</pin_list>
<bind>
<StgValue><ssdm name="data_12_out"/></StgValue>
</bind>
</comp>

<comp id="64" class="1000" name="data_11_out">
<pin_list>
<pin id="65" dir="1" index="0" bw="1" slack="0"/>
</pin_list>
<bind>
<StgValue><ssdm name="data_11_out"/></StgValue>
</bind>
</comp>

<comp id="66" class="1000" name="data_10_out">
<pin_list>
<pin id="67" dir="1" index="0" bw="1" slack="0"/>
</pin_list>
<bind>
<StgValue><ssdm name="data_10_out"/></StgValue>
</bind>
</comp>

<comp id="68" class="1000" name="data_9_out">
<pin_list>
<pin id="69" dir="1" index="0" bw="1" slack="0"/>
</pin_list>
<bind>
<StgValue><ssdm name="data_9_out"/></StgValue>
</bind>
</comp>

<comp id="70" class="1000" name="data_8_out">
<pin_list>
<pin id="71" dir="1" index="0" bw="1" slack="0"/>
</pin_list>
<bind>
<StgValue><ssdm name="data_8_out"/></StgValue>
</bind>
</comp>

<comp id="72" class="1000" name="data_out">
<pin_list>
<pin id="73" dir="1" index="0" bw="1" slack="0"/>
</pin_list>
<bind>
<StgValue><ssdm name="data_out"/></StgValue>
</bind>
</comp>

<comp id="74" class="1001" name="const_74">
<pin_list>
<pin id="75" dir="1" index="0" bw="1" slack="0"/>
</pin_list>
<bind>
<StgValue><ssdm name=""/></StgValue>
</bind>
</comp>

<comp id="76" class="1001" name="const_76">
<pin_list>
<pin id="77" dir="1" index="0" bw="1" slack="2147483647"/>
</pin_list>
<bind>
<StgValue><ssdm name="_ssdm_op_SpecInterface"/></StgValue>
</bind>
</comp>

<comp id="78" class="1001" name="const_78">
<pin_list>
<pin id="79" dir="1" index="0" bw="1" slack="2147483647"/>
</pin_list>
<bind>
<StgValue><ssdm name="empty_6"/></StgValue>
</bind>
</comp>

<comp id="80" class="1001" name="const_80">
<pin_list>
<pin id="81" dir="1" index="0" bw="1" slack="2147483647"/>
</pin_list>
<bind>
<StgValue><ssdm name=""/></StgValue>
</bind>
</comp>

<comp id="82" class="1001" name="const_82">
<pin_list>
<pin id="83" dir="1" index="0" bw="1" slack="2147483647"/>
</pin_list>
<bind>
<StgValue><ssdm name="empty_3"/></StgValue>
</bind>
</comp>

<comp id="84" class="1001" name="const_84">
<pin_list>
<pin id="85" dir="1" index="0" bw="1" slack="2147483647"/>
</pin_list>
<bind>
<StgValue><ssdm name=""/></StgValue>
</bind>
</comp>

<comp id="86" class="1001" name="const_86">
<pin_list>
<pin id="87" dir="1" index="0" bw="1" slack="0"/>
</pin_list>
<bind>
<StgValue><ssdm name=""/></StgValue>
</bind>
</comp>

<comp id="88" class="1001" name="const_88">
<pin_list>
<pin id="89" dir="1" index="0" bw="1" slack="2147483647"/>
</pin_list>
<bind>
<StgValue><ssdm name="_ssdm_op_SpecPipeline"/></StgValue>
</bind>
</comp>

<comp id="90" class="1001" name="const_90">
<pin_list>
<pin id="91" dir="1" index="0" bw="1" slack="2147483647"/>
</pin_list>
<bind>
<StgValue><ssdm name="_ssdm_op_SpecLoopTripCount"/></StgValue>
</bind>
</comp>

<comp id="92" class="1001" name="const_92">
<pin_list>
<pin id="93" dir="1" index="0" bw="1" slack="2147483647"/>
</pin_list>
<bind>
<StgValue><ssdm name=""/></StgValue>
</bind>
</comp>

<comp id="94" class="1001" name="const_94">
<pin_list>
<pin id="95" dir="1" index="0" bw="1" slack="2147483647"/>
</pin_list>
<bind>
<StgValue><ssdm name="_ssdm_op_SpecLoopName"/></StgValue>
</bind>
</comp>

<comp id="96" class="1001" name="const_96">
<pin_list>
<pin id="97" dir="1" index="0" bw="1" slack="2147483647"/>
</pin_list>
<bind>
<StgValue><ssdm name="empty_4"/></StgValue>
</bind>
</comp>

<comp id="98" class="1001" name="const_98">
<pin_list>
<pin id="99" dir="1" index="0" bw="1" slack="0"/>
</pin_list>
<bind>
<StgValue><ssdm name="_ssdm_op_Read.ap_fifo.volatile.i64P0A"/></StgValue>
</bind>
</comp>

<comp id="100" class="1001" name="const_100">
<pin_list>
<pin id="101" dir="1" index="0" bw="1" slack="0"/>
</pin_list>
<bind>
<StgValue><ssdm name="_ssdm_op_PartSelect.i16.i64.i32.i32"/></StgValue>
</bind>
</comp>

<comp id="102" class="1001" name="const_102">
<pin_list>
<pin id="103" dir="1" index="0" bw="1" slack="0"/>
</pin_list>
<bind>
<StgValue><ssdm name=""/></StgValue>
</bind>
</comp>

<comp id="104" class="1001" name="const_104">
<pin_list>
<pin id="105" dir="1" index="0" bw="1" slack="0"/>
</pin_list>
<bind>
<StgValue><ssdm name=""/></StgValue>
</bind>
</comp>

<comp id="106" class="1001" name="const_106">
<pin_list>
<pin id="107" dir="1" index="0" bw="1" slack="0"/>
</pin_list>
<bind>
<StgValue><ssdm name=""/></StgValue>
</bind>
</comp>

<comp id="108" class="1001" name="const_108">
<pin_list>
<pin id="109" dir="1" index="0" bw="1" slack="0"/>
</pin_list>
<bind>
<StgValue><ssdm name=""/></StgValue>
</bind>
</comp>

<comp id="110" class="1001" name="const_110">
<pin_list>
<pin id="111" dir="1" index="0" bw="1" slack="0"/>
</pin_list>
<bind>
<StgValue><ssdm name=""/></StgValue>
</bind>
</comp>

<comp id="112" class="1001" name="const_112">
<pin_list>
<pin id="113" dir="1" index="0" bw="1" slack="0"/>
</pin_list>
<bind>
<StgValue><ssdm name=""/></StgValue>
</bind>
</comp>

<comp id="114" class="1001" name="const_114">
<pin_list>
<pin id="115" dir="1" index="0" bw="1" slack="0"/>
</pin_list>
<bind>
<StgValue><ssdm name=""/></StgValue>
</bind>
</comp>

<comp id="116" class="1001" name="const_116">
<pin_list>
<pin id="117" dir="1" index="0" bw="1" slack="2147483647"/>
</pin_list>
<bind>
<StgValue><ssdm name=""/></StgValue>
</bind>
</comp>

<comp id="118" class="1001" name="const_118">
<pin_list>
<pin id="119" dir="1" index="0" bw="1" slack="2147483647"/>
</pin_list>
<bind>
<StgValue><ssdm name=""/></StgValue>
</bind>
</comp>

<comp id="120" class="1001" name="const_120">
<pin_list>
<pin id="121" dir="1" index="0" bw="1" slack="2147483647"/>
</pin_list>
<bind>
<StgValue><ssdm name=""/></StgValue>
</bind>
</comp>

<comp id="122" class="1001" name="const_122">
<pin_list>
<pin id="123" dir="1" index="0" bw="1" slack="2147483647"/>
</pin_list>
<bind>
<StgValue><ssdm name=""/></StgValue>
</bind>
</comp>

<comp id="124" class="1001" name="const_124">
<pin_list>
<pin id="125" dir="1" index="0" bw="1" slack="2147483647"/>
</pin_list>
<bind>
<StgValue><ssdm name=""/></StgValue>
</bind>
</comp>

<comp id="126" class="1001" name="const_126">
<pin_list>
<pin id="127" dir="1" index="0" bw="1" slack="2147483647"/>
</pin_list>
<bind>
<StgValue><ssdm name=""/></StgValue>
</bind>
</comp>

<comp id="128" class="1001" name="const_128">
<pin_list>
<pin id="129" dir="1" index="0" bw="1" slack="0"/>
</pin_list>
<bind>
<StgValue><ssdm name=""/></StgValue>
</bind>
</comp>

<comp id="130" class="1001" name="const_130">
<pin_list>
<pin id="131" dir="1" index="0" bw="1" slack="0"/>
</pin_list>
<bind>
<StgValue><ssdm name="_ssdm_op_Write.ap_auto.i16P0A"/></StgValue>
</bind>
</comp>

<comp id="132" class="1004" name="i_in73_fu_132">
<pin_list>
<pin id="133" dir="0" index="0" bw="1" slack="0"/>
<pin id="134" dir="1" index="1" bw="4" slack="0"/>
</pin_list>
<bind>
<opcode="alloca(26) " fcode="alloca"/>
<opset="i_in73/1 "/>
</bind>
</comp>

<comp id="136" class="1004" name="p_0_3_0_0_0712_fu_136">
<pin_list>
<pin id="137" dir="0" index="0" bw="1" slack="0"/>
<pin id="138" dir="1" index="1" bw="16" slack="0"/>
</pin_list>
<bind>
<opcode="alloca(26) " fcode="alloca"/>
<opset="p_0_3_0_0_0712/1 "/>
</bind>
</comp>

<comp id="140" class="1004" name="p_0_2_0_0_0694_fu_140">
<pin_list>
<pin id="141" dir="0" index="0" bw="1" slack="0"/>
<pin id="142" dir="1" index="1" bw="16" slack="0"/>
</pin_list>
<bind>
<opcode="alloca(26) " fcode="alloca"/>
<opset="p_0_2_0_0_0694/1 "/>
</bind>
</comp>

<comp id="144" class="1004" name="p_0_1_0_0_0676_fu_144">
<pin_list>
<pin id="145" dir="0" index="0" bw="1" slack="0"/>
<pin id="146" dir="1" index="1" bw="16" slack="0"/>
</pin_list>
<bind>
<opcode="alloca(26) " fcode="alloca"/>
<opset="p_0_1_0_0_0676/1 "/>
</bind>
</comp>

<comp id="148" class="1004" name="p_0_0_0_0_0658_fu_148">
<pin_list>
<pin id="149" dir="0" index="0" bw="1" slack="0"/>
<pin id="150" dir="1" index="1" bw="16" slack="0"/>
</pin_list>
<bind>
<opcode="alloca(26) " fcode="alloca"/>
<opset="p_0_0_0_0_0658/1 "/>
</bind>
</comp>

<comp id="152" class="1004" name="p_0_3_0_0_06310_fu_152">
<pin_list>
<pin id="153" dir="0" index="0" bw="1" slack="0"/>
<pin id="154" dir="1" index="1" bw="16" slack="0"/>
</pin_list>
<bind>
<opcode="alloca(26) " fcode="alloca"/>
<opset="p_0_3_0_0_06310/1 "/>
</bind>
</comp>

<comp id="156" class="1004" name="p_0_2_0_0_06112_fu_156">
<pin_list>
<pin id="157" dir="0" index="0" bw="1" slack="0"/>
<pin id="158" dir="1" index="1" bw="16" slack="0"/>
</pin_list>
<bind>
<opcode="alloca(26) " fcode="alloca"/>
<opset="p_0_2_0_0_06112/1 "/>
</bind>
</comp>

<comp id="160" class="1004" name="p_0_1_0_0_05914_fu_160">
<pin_list>
<pin id="161" dir="0" index="0" bw="1" slack="0"/>
<pin id="162" dir="1" index="1" bw="16" slack="0"/>
</pin_list>
<bind>
<opcode="alloca(26) " fcode="alloca"/>
<opset="p_0_1_0_0_05914/1 "/>
</bind>
</comp>

<comp id="164" class="1004" name="p_0_0_0_0_05716_fu_164">
<pin_list>
<pin id="165" dir="0" index="0" bw="1" slack="0"/>
<pin id="166" dir="1" index="1" bw="16" slack="0"/>
</pin_list>
<bind>
<opcode="alloca(26) " fcode="alloca"/>
<opset="p_0_0_0_0_05716/1 "/>
</bind>
</comp>

<comp id="168" class="1004" name="p_0_3_0_0_05518_fu_168">
<pin_list>
<pin id="169" dir="0" index="0" bw="1" slack="0"/>
<pin id="170" dir="1" index="1" bw="16" slack="0"/>
</pin_list>
<bind>
<opcode="alloca(26) " fcode="alloca"/>
<opset="p_0_3_0_0_05518/1 "/>
</bind>
</comp>

<comp id="172" class="1004" name="p_0_2_0_0_05320_fu_172">
<pin_list>
<pin id="173" dir="0" index="0" bw="1" slack="0"/>
<pin id="174" dir="1" index="1" bw="16" slack="0"/>
</pin_list>
<bind>
<opcode="alloca(26) " fcode="alloca"/>
<opset="p_0_2_0_0_05320/1 "/>
</bind>
</comp>

<comp id="176" class="1004" name="p_0_1_0_0_05122_fu_176">
<pin_list>
<pin id="177" dir="0" index="0" bw="1" slack="0"/>
<pin id="178" dir="1" index="1" bw="16" slack="0"/>
</pin_list>
<bind>
<opcode="alloca(26) " fcode="alloca"/>
<opset="p_0_1_0_0_05122/1 "/>
</bind>
</comp>

<comp id="180" class="1004" name="p_0_0_0_0_04924_fu_180">
<pin_list>
<pin id="181" dir="0" index="0" bw="1" slack="0"/>
<pin id="182" dir="1" index="1" bw="16" slack="0"/>
</pin_list>
<bind>
<opcode="alloca(26) " fcode="alloca"/>
<opset="p_0_0_0_0_04924/1 "/>
</bind>
</comp>

<comp id="184" class="1004" name="p_0_3_0_0_04726_fu_184">
<pin_list>
<pin id="185" dir="0" index="0" bw="1" slack="0"/>
<pin id="186" dir="1" index="1" bw="16" slack="0"/>
</pin_list>
<bind>
<opcode="alloca(26) " fcode="alloca"/>
<opset="p_0_3_0_0_04726/1 "/>
</bind>
</comp>

<comp id="188" class="1004" name="p_0_2_0_0_04528_fu_188">
<pin_list>
<pin id="189" dir="0" index="0" bw="1" slack="0"/>
<pin id="190" dir="1" index="1" bw="16" slack="0"/>
</pin_list>
<bind>
<opcode="alloca(26) " fcode="alloca"/>
<opset="p_0_2_0_0_04528/1 "/>
</bind>
</comp>

<comp id="192" class="1004" name="p_0_1_0_0_04330_fu_192">
<pin_list>
<pin id="193" dir="0" index="0" bw="1" slack="0"/>
<pin id="194" dir="1" index="1" bw="16" slack="0"/>
</pin_list>
<bind>
<opcode="alloca(26) " fcode="alloca"/>
<opset="p_0_1_0_0_04330/1 "/>
</bind>
</comp>

<comp id="196" class="1004" name="p_0_0_0_0_04132_fu_196">
<pin_list>
<pin id="197" dir="0" index="0" bw="1" slack="0"/>
<pin id="198" dir="1" index="1" bw="16" slack="0"/>
</pin_list>
<bind>
<opcode="alloca(26) " fcode="alloca"/>
<opset="p_0_0_0_0_04132/1 "/>
</bind>
</comp>

<comp id="200" class="1004" name="p_0_3_0_0_03934_fu_200">
<pin_list>
<pin id="201" dir="0" index="0" bw="1" slack="0"/>
<pin id="202" dir="1" index="1" bw="16" slack="0"/>
</pin_list>
<bind>
<opcode="alloca(26) " fcode="alloca"/>
<opset="p_0_3_0_0_03934/1 "/>
</bind>
</comp>

<comp id="204" class="1004" name="p_0_2_0_0_03736_fu_204">
<pin_list>
<pin id="205" dir="0" index="0" bw="1" slack="0"/>
<pin id="206" dir="1" index="1" bw="16" slack="0"/>
</pin_list>
<bind>
<opcode="alloca(26) " fcode="alloca"/>
<opset="p_0_2_0_0_03736/1 "/>
</bind>
</comp>

<comp id="208" class="1004" name="p_0_1_0_0_03538_fu_208">
<pin_list>
<pin id="209" dir="0" index="0" bw="1" slack="0"/>
<pin id="210" dir="1" index="1" bw="16" slack="0"/>
</pin_list>
<bind>
<opcode="alloca(26) " fcode="alloca"/>
<opset="p_0_1_0_0_03538/1 "/>
</bind>
</comp>

<comp id="212" class="1004" name="p_0_0_0_0_03340_fu_212">
<pin_list>
<pin id="213" dir="0" index="0" bw="1" slack="0"/>
<pin id="214" dir="1" index="1" bw="16" slack="0"/>
</pin_list>
<bind>
<opcode="alloca(26) " fcode="alloca"/>
<opset="p_0_0_0_0_03340/1 "/>
</bind>
</comp>

<comp id="216" class="1004" name="p_0_3_0_0_03142_fu_216">
<pin_list>
<pin id="217" dir="0" index="0" bw="1" slack="0"/>
<pin id="218" dir="1" index="1" bw="16" slack="0"/>
</pin_list>
<bind>
<opcode="alloca(26) " fcode="alloca"/>
<opset="p_0_3_0_0_03142/1 "/>
</bind>
</comp>

<comp id="220" class="1004" name="p_0_2_0_0_02944_fu_220">
<pin_list>
<pin id="221" dir="0" index="0" bw="1" slack="0"/>
<pin id="222" dir="1" index="1" bw="16" slack="0"/>
</pin_list>
<bind>
<opcode="alloca(26) " fcode="alloca"/>
<opset="p_0_2_0_0_02944/1 "/>
</bind>
</comp>

<comp id="224" class="1004" name="p_0_1_0_0_02746_fu_224">
<pin_list>
<pin id="225" dir="0" index="0" bw="1" slack="0"/>
<pin id="226" dir="1" index="1" bw="16" slack="0"/>
</pin_list>
<bind>
<opcode="alloca(26) " fcode="alloca"/>
<opset="p_0_1_0_0_02746/1 "/>
</bind>
</comp>

<comp id="228" class="1004" name="p_0_0_0_0_02548_fu_228">
<pin_list>
<pin id="229" dir="0" index="0" bw="1" slack="0"/>
<pin id="230" dir="1" index="1" bw="16" slack="0"/>
</pin_list>
<bind>
<opcode="alloca(26) " fcode="alloca"/>
<opset="p_0_0_0_0_02548/1 "/>
</bind>
</comp>

<comp id="232" class="1004" name="p_0_3_0_0_02350_fu_232">
<pin_list>
<pin id="233" dir="0" index="0" bw="1" slack="0"/>
<pin id="234" dir="1" index="1" bw="16" slack="0"/>
</pin_list>
<bind>
<opcode="alloca(26) " fcode="alloca"/>
<opset="p_0_3_0_0_02350/1 "/>
</bind>
</comp>

<comp id="236" class="1004" name="p_0_2_0_0_02152_fu_236">
<pin_list>
<pin id="237" dir="0" index="0" bw="1" slack="0"/>
<pin id="238" dir="1" index="1" bw="16" slack="0"/>
</pin_list>
<bind>
<opcode="alloca(26) " fcode="alloca"/>
<opset="p_0_2_0_0_02152/1 "/>
</bind>
</comp>

<comp id="240" class="1004" name="p_0_1_0_0_01954_fu_240">
<pin_list>
<pin id="241" dir="0" index="0" bw="1" slack="0"/>
<pin id="242" dir="1" index="1" bw="16" slack="0"/>
</pin_list>
<bind>
<opcode="alloca(26) " fcode="alloca"/>
<opset="p_0_1_0_0_01954/1 "/>
</bind>
</comp>

<comp id="244" class="1004" name="p_0_0_0_0_01756_fu_244">
<pin_list>
<pin id="245" dir="0" index="0" bw="1" slack="0"/>
<pin id="246" dir="1" index="1" bw="16" slack="0"/>
</pin_list>
<bind>
<opcode="alloca(26) " fcode="alloca"/>
<opset="p_0_0_0_0_01756/1 "/>
</bind>
</comp>

<comp id="248" class="1004" name="p_0_3_0_0_01558_fu_248">
<pin_list>
<pin id="249" dir="0" index="0" bw="1" slack="0"/>
<pin id="250" dir="1" index="1" bw="16" slack="0"/>
</pin_list>
<bind>
<opcode="alloca(26) " fcode="alloca"/>
<opset="p_0_3_0_0_01558/1 "/>
</bind>
</comp>

<comp id="252" class="1004" name="p_0_2_0_0_01360_fu_252">
<pin_list>
<pin id="253" dir="0" index="0" bw="1" slack="0"/>
<pin id="254" dir="1" index="1" bw="16" slack="0"/>
</pin_list>
<bind>
<opcode="alloca(26) " fcode="alloca"/>
<opset="p_0_2_0_0_01360/1 "/>
</bind>
</comp>

<comp id="256" class="1004" name="p_0_1_0_0_01162_fu_256">
<pin_list>
<pin id="257" dir="0" index="0" bw="1" slack="0"/>
<pin id="258" dir="1" index="1" bw="16" slack="0"/>
</pin_list>
<bind>
<opcode="alloca(26) " fcode="alloca"/>
<opset="p_0_1_0_0_01162/1 "/>
</bind>
</comp>

<comp id="260" class="1004" name="p_0_0_0_0_0964_fu_260">
<pin_list>
<pin id="261" dir="0" index="0" bw="1" slack="0"/>
<pin id="262" dir="1" index="1" bw="16" slack="0"/>
</pin_list>
<bind>
<opcode="alloca(26) " fcode="alloca"/>
<opset="p_0_0_0_0_0964/1 "/>
</bind>
</comp>

<comp id="264" class="1004" name="p_0_3_0_0_0766_fu_264">
<pin_list>
<pin id="265" dir="0" index="0" bw="1" slack="0"/>
<pin id="266" dir="1" index="1" bw="16" slack="0"/>
</pin_list>
<bind>
<opcode="alloca(26) " fcode="alloca"/>
<opset="p_0_3_0_0_0766/1 "/>
</bind>
</comp>

<comp id="268" class="1004" name="p_0_2_0_0_0568_fu_268">
<pin_list>
<pin id="269" dir="0" index="0" bw="1" slack="0"/>
<pin id="270" dir="1" index="1" bw="16" slack="0"/>
</pin_list>
<bind>
<opcode="alloca(26) " fcode="alloca"/>
<opset="p_0_2_0_0_0568/1 "/>
</bind>
</comp>

<comp id="272" class="1004" name="p_0_1_0_0_0370_fu_272">
<pin_list>
<pin id="273" dir="0" index="0" bw="1" slack="0"/>
<pin id="274" dir="1" index="1" bw="16" slack="0"/>
</pin_list>
<bind>
<opcode="alloca(26) " fcode="alloca"/>
<opset="p_0_1_0_0_0370/1 "/>
</bind>
</comp>

<comp id="276" class="1004" name="p_0_0_0_0_0172_fu_276">
<pin_list>
<pin id="277" dir="0" index="0" bw="1" slack="0"/>
<pin id="278" dir="1" index="1" bw="16" slack="0"/>
</pin_list>
<bind>
<opcode="alloca(26) " fcode="alloca"/>
<opset="p_0_0_0_0_0172/1 "/>
</bind>
</comp>

<comp id="280" class="1004" name="layer4_out_read_read_fu_280">
<pin_list>
<pin id="281" dir="0" index="0" bw="64" slack="0"/>
<pin id="282" dir="0" index="1" bw="64" slack="0"/>
<pin id="283" dir="1" index="2" bw="64" slack="0"/>
</pin_list>
<bind>
<opcode="read(1150) " fcode="read"/>
<opset="layer4_out_read/1 "/>
</bind>
</comp>

<comp id="286" class="1004" name="write_ln0_write_fu_286">
<pin_list>
<pin id="287" dir="0" index="0" bw="0" slack="0"/>
<pin id="288" dir="0" index="1" bw="16" slack="0"/>
<pin id="289" dir="0" index="2" bw="16" slack="0"/>
<pin id="290" dir="1" index="3" bw="0" slack="2147483647"/>
</pin_list>
<bind>
<opcode="write(1151) " fcode="write"/>
<opset="write_ln0/1 "/>
</bind>
</comp>

<comp id="293" class="1004" name="write_ln0_write_fu_293">
<pin_list>
<pin id="294" dir="0" index="0" bw="0" slack="0"/>
<pin id="295" dir="0" index="1" bw="16" slack="0"/>
<pin id="296" dir="0" index="2" bw="16" slack="0"/>
<pin id="297" dir="1" index="3" bw="0" slack="2147483647"/>
</pin_list>
<bind>
<opcode="write(1151) " fcode="write"/>
<opset="write_ln0/1 "/>
</bind>
</comp>

<comp id="300" class="1004" name="write_ln0_write_fu_300">
<pin_list>
<pin id="301" dir="0" index="0" bw="0" slack="0"/>
<pin id="302" dir="0" index="1" bw="16" slack="0"/>
<pin id="303" dir="0" index="2" bw="16" slack="0"/>
<pin id="304" dir="1" index="3" bw="0" slack="2147483647"/>
</pin_list>
<bind>
<opcode="write(1151) " fcode="write"/>
<opset="write_ln0/1 "/>
</bind>
</comp>

<comp id="307" class="1004" name="write_ln0_write_fu_307">
<pin_list>
<pin id="308" dir="0" index="0" bw="0" slack="0"/>
<pin id="309" dir="0" index="1" bw="16" slack="0"/>
<pin id="310" dir="0" index="2" bw="16" slack="0"/>
<pin id="311" dir="1" index="3" bw="0" slack="2147483647"/>
</pin_list>
<bind>
<opcode="write(1151) " fcode="write"/>
<opset="write_ln0/1 "/>
</bind>
</comp>

<comp id="314" class="1004" name="write_ln0_write_fu_314">
<pin_list>
<pin id="315" dir="0" index="0" bw="0" slack="0"/>
<pin id="316" dir="0" index="1" bw="16" slack="0"/>
<pin id="317" dir="0" index="2" bw="16" slack="0"/>
<pin id="318" dir="1" index="3" bw="0" slack="2147483647"/>
</pin_list>
<bind>
<opcode="write(1151) " fcode="write"/>
<opset="write_ln0/1 "/>
</bind>
</comp>

<comp id="321" class="1004" name="write_ln0_write_fu_321">
<pin_list>
<pin id="322" dir="0" index="0" bw="0" slack="0"/>
<pin id="323" dir="0" index="1" bw="16" slack="0"/>
<pin id="324" dir="0" index="2" bw="16" slack="0"/>
<pin id="325" dir="1" index="3" bw="0" slack="2147483647"/>
</pin_list>
<bind>
<opcode="write(1151) " fcode="write"/>
<opset="write_ln0/1 "/>
</bind>
</comp>

<comp id="328" class="1004" name="write_ln0_write_fu_328">
<pin_list>
<pin id="329" dir="0" index="0" bw="0" slack="0"/>
<pin id="330" dir="0" index="1" bw="16" slack="0"/>
<pin id="331" dir="0" index="2" bw="16" slack="0"/>
<pin id="332" dir="1" index="3" bw="0" slack="2147483647"/>
</pin_list>
<bind>
<opcode="write(1151) " fcode="write"/>
<opset="write_ln0/1 "/>
</bind>
</comp>

<comp id="335" class="1004" name="write_ln0_write_fu_335">
<pin_list>
<pin id="336" dir="0" index="0" bw="0" slack="0"/>
<pin id="337" dir="0" index="1" bw="16" slack="0"/>
<pin id="338" dir="0" index="2" bw="16" slack="0"/>
<pin id="339" dir="1" index="3" bw="0" slack="2147483647"/>
</pin_list>
<bind>
<opcode="write(1151) " fcode="write"/>
<opset="write_ln0/1 "/>
</bind>
</comp>

<comp id="342" class="1004" name="write_ln0_write_fu_342">
<pin_list>
<pin id="343" dir="0" index="0" bw="0" slack="0"/>
<pin id="344" dir="0" index="1" bw="16" slack="0"/>
<pin id="345" dir="0" index="2" bw="16" slack="0"/>
<pin id="346" dir="1" index="3" bw="0" slack="2147483647"/>
</pin_list>
<bind>
<opcode="write(1151) " fcode="write"/>
<opset="write_ln0/1 "/>
</bind>
</comp>

<comp id="349" class="1004" name="write_ln0_write_fu_349">
<pin_list>
<pin id="350" dir="0" index="0" bw="0" slack="0"/>
<pin id="351" dir="0" index="1" bw="16" slack="0"/>
<pin id="352" dir="0" index="2" bw="16" slack="0"/>
<pin id="353" dir="1" index="3" bw="0" slack="2147483647"/>
</pin_list>
<bind>
<opcode="write(1151) " fcode="write"/>
<opset="write_ln0/1 "/>
</bind>
</comp>

<comp id="356" class="1004" name="write_ln0_write_fu_356">
<pin_list>
<pin id="357" dir="0" index="0" bw="0" slack="0"/>
<pin id="358" dir="0" index="1" bw="16" slack="0"/>
<pin id="359" dir="0" index="2" bw="16" slack="0"/>
<pin id="360" dir="1" index="3" bw="0" slack="2147483647"/>
</pin_list>
<bind>
<opcode="write(1151) " fcode="write"/>
<opset="write_ln0/1 "/>
</bind>
</comp>

<comp id="363" class="1004" name="write_ln0_write_fu_363">
<pin_list>
<pin id="364" dir="0" index="0" bw="0" slack="0"/>
<pin id="365" dir="0" index="1" bw="16" slack="0"/>
<pin id="366" dir="0" index="2" bw="16" slack="0"/>
<pin id="367" dir="1" index="3" bw="0" slack="2147483647"/>
</pin_list>
<bind>
<opcode="write(1151) " fcode="write"/>
<opset="write_ln0/1 "/>
</bind>
</comp>

<comp id="370" class="1004" name="write_ln0_write_fu_370">
<pin_list>
<pin id="371" dir="0" index="0" bw="0" slack="0"/>
<pin id="372" dir="0" index="1" bw="16" slack="0"/>
<pin id="373" dir="0" index="2" bw="16" slack="0"/>
<pin id="374" dir="1" index="3" bw="0" slack="2147483647"/>
</pin_list>
<bind>
<opcode="write(1151) " fcode="write"/>
<opset="write_ln0/1 "/>
</bind>
</comp>

<comp id="377" class="1004" name="write_ln0_write_fu_377">
<pin_list>
<pin id="378" dir="0" index="0" bw="0" slack="0"/>
<pin id="379" dir="0" index="1" bw="16" slack="0"/>
<pin id="380" dir="0" index="2" bw="16" slack="0"/>
<pin id="381" dir="1" index="3" bw="0" slack="2147483647"/>
</pin_list>
<bind>
<opcode="write(1151) " fcode="write"/>
<opset="write_ln0/1 "/>
</bind>
</comp>

<comp id="384" class="1004" name="write_ln0_write_fu_384">
<pin_list>
<pin id="385" dir="0" index="0" bw="0" slack="0"/>
<pin id="386" dir="0" index="1" bw="16" slack="0"/>
<pin id="387" dir="0" index="2" bw="16" slack="0"/>
<pin id="388" dir="1" index="3" bw="0" slack="2147483647"/>
</pin_list>
<bind>
<opcode="write(1151) " fcode="write"/>
<opset="write_ln0/1 "/>
</bind>
</comp>

<comp id="391" class="1004" name="write_ln0_write_fu_391">
<pin_list>
<pin id="392" dir="0" index="0" bw="0" slack="0"/>
<pin id="393" dir="0" index="1" bw="16" slack="0"/>
<pin id="394" dir="0" index="2" bw="16" slack="0"/>
<pin id="395" dir="1" index="3" bw="0" slack="2147483647"/>
</pin_list>
<bind>
<opcode="write(1151) " fcode="write"/>
<opset="write_ln0/1 "/>
</bind>
</comp>

<comp id="398" class="1004" name="write_ln0_write_fu_398">
<pin_list>
<pin id="399" dir="0" index="0" bw="0" slack="0"/>
<pin id="400" dir="0" index="1" bw="16" slack="0"/>
<pin id="401" dir="0" index="2" bw="16" slack="0"/>
<pin id="402" dir="1" index="3" bw="0" slack="2147483647"/>
</pin_list>
<bind>
<opcode="write(1151) " fcode="write"/>
<opset="write_ln0/1 "/>
</bind>
</comp>

<comp id="405" class="1004" name="write_ln0_write_fu_405">
<pin_list>
<pin id="406" dir="0" index="0" bw="0" slack="0"/>
<pin id="407" dir="0" index="1" bw="16" slack="0"/>
<pin id="408" dir="0" index="2" bw="16" slack="0"/>
<pin id="409" dir="1" index="3" bw="0" slack="2147483647"/>
</pin_list>
<bind>
<opcode="write(1151) " fcode="write"/>
<opset="write_ln0/1 "/>
</bind>
</comp>

<comp id="412" class="1004" name="write_ln0_write_fu_412">
<pin_list>
<pin id="413" dir="0" index="0" bw="0" slack="0"/>
<pin id="414" dir="0" index="1" bw="16" slack="0"/>
<pin id="415" dir="0" index="2" bw="16" slack="0"/>
<pin id="416" dir="1" index="3" bw="0" slack="2147483647"/>
</pin_list>
<bind>
<opcode="write(1151) " fcode="write"/>
<opset="write_ln0/1 "/>
</bind>
</comp>

<comp id="419" class="1004" name="write_ln0_write_fu_419">
<pin_list>
<pin id="420" dir="0" index="0" bw="0" slack="0"/>
<pin id="421" dir="0" index="1" bw="16" slack="0"/>
<pin id="422" dir="0" index="2" bw="16" slack="0"/>
<pin id="423" dir="1" index="3" bw="0" slack="2147483647"/>
</pin_list>
<bind>
<opcode="write(1151) " fcode="write"/>
<opset="write_ln0/1 "/>
</bind>
</comp>

<comp id="426" class="1004" name="write_ln0_write_fu_426">
<pin_list>
<pin id="427" dir="0" index="0" bw="0" slack="0"/>
<pin id="428" dir="0" index="1" bw="16" slack="0"/>
<pin id="429" dir="0" index="2" bw="16" slack="0"/>
<pin id="430" dir="1" index="3" bw="0" slack="2147483647"/>
</pin_list>
<bind>
<opcode="write(1151) " fcode="write"/>
<opset="write_ln0/1 "/>
</bind>
</comp>

<comp id="433" class="1004" name="write_ln0_write_fu_433">
<pin_list>
<pin id="434" dir="0" index="0" bw="0" slack="0"/>
<pin id="435" dir="0" index="1" bw="16" slack="0"/>
<pin id="436" dir="0" index="2" bw="16" slack="0"/>
<pin id="437" dir="1" index="3" bw="0" slack="2147483647"/>
</pin_list>
<bind>
<opcode="write(1151) " fcode="write"/>
<opset="write_ln0/1 "/>
</bind>
</comp>

<comp id="440" class="1004" name="write_ln0_write_fu_440">
<pin_list>
<pin id="441" dir="0" index="0" bw="0" slack="0"/>
<pin id="442" dir="0" index="1" bw="16" slack="0"/>
<pin id="443" dir="0" index="2" bw="16" slack="0"/>
<pin id="444" dir="1" index="3" bw="0" slack="2147483647"/>
</pin_list>
<bind>
<opcode="write(1151) " fcode="write"/>
<opset="write_ln0/1 "/>
</bind>
</comp>

<comp id="447" class="1004" name="write_ln0_write_fu_447">
<pin_list>
<pin id="448" dir="0" index="0" bw="0" slack="0"/>
<pin id="449" dir="0" index="1" bw="16" slack="0"/>
<pin id="450" dir="0" index="2" bw="16" slack="0"/>
<pin id="451" dir="1" index="3" bw="0" slack="2147483647"/>
</pin_list>
<bind>
<opcode="write(1151) " fcode="write"/>
<opset="write_ln0/1 "/>
</bind>
</comp>

<comp id="454" class="1004" name="write_ln0_write_fu_454">
<pin_list>
<pin id="455" dir="0" index="0" bw="0" slack="0"/>
<pin id="456" dir="0" index="1" bw="16" slack="0"/>
<pin id="457" dir="0" index="2" bw="16" slack="0"/>
<pin id="458" dir="1" index="3" bw="0" slack="2147483647"/>
</pin_list>
<bind>
<opcode="write(1151) " fcode="write"/>
<opset="write_ln0/1 "/>
</bind>
</comp>

<comp id="461" class="1004" name="write_ln0_write_fu_461">
<pin_list>
<pin id="462" dir="0" index="0" bw="0" slack="0"/>
<pin id="463" dir="0" index="1" bw="16" slack="0"/>
<pin id="464" dir="0" index="2" bw="16" slack="0"/>
<pin id="465" dir="1" index="3" bw="0" slack="2147483647"/>
</pin_list>
<bind>
<opcode="write(1151) " fcode="write"/>
<opset="write_ln0/1 "/>
</bind>
</comp>

<comp id="468" class="1004" name="write_ln0_write_fu_468">
<pin_list>
<pin id="469" dir="0" index="0" bw="0" slack="0"/>
<pin id="470" dir="0" index="1" bw="16" slack="0"/>
<pin id="471" dir="0" index="2" bw="16" slack="0"/>
<pin id="472" dir="1" index="3" bw="0" slack="2147483647"/>
</pin_list>
<bind>
<opcode="write(1151) " fcode="write"/>
<opset="write_ln0/1 "/>
</bind>
</comp>

<comp id="475" class="1004" name="write_ln0_write_fu_475">
<pin_list>
<pin id="476" dir="0" index="0" bw="0" slack="0"/>
<pin id="477" dir="0" index="1" bw="16" slack="0"/>
<pin id="478" dir="0" index="2" bw="16" slack="0"/>
<pin id="479" dir="1" index="3" bw="0" slack="2147483647"/>
</pin_list>
<bind>
<opcode="write(1151) " fcode="write"/>
<opset="write_ln0/1 "/>
</bind>
</comp>

<comp id="482" class="1004" name="write_ln0_write_fu_482">
<pin_list>
<pin id="483" dir="0" index="0" bw="0" slack="0"/>
<pin id="484" dir="0" index="1" bw="16" slack="0"/>
<pin id="485" dir="0" index="2" bw="16" slack="0"/>
<pin id="486" dir="1" index="3" bw="0" slack="2147483647"/>
</pin_list>
<bind>
<opcode="write(1151) " fcode="write"/>
<opset="write_ln0/1 "/>
</bind>
</comp>

<comp id="489" class="1004" name="write_ln0_write_fu_489">
<pin_list>
<pin id="490" dir="0" index="0" bw="0" slack="0"/>
<pin id="491" dir="0" index="1" bw="16" slack="0"/>
<pin id="492" dir="0" index="2" bw="16" slack="0"/>
<pin id="493" dir="1" index="3" bw="0" slack="2147483647"/>
</pin_list>
<bind>
<opcode="write(1151) " fcode="write"/>
<opset="write_ln0/1 "/>
</bind>
</comp>

<comp id="496" class="1004" name="write_ln0_write_fu_496">
<pin_list>
<pin id="497" dir="0" index="0" bw="0" slack="0"/>
<pin id="498" dir="0" index="1" bw="16" slack="0"/>
<pin id="499" dir="0" index="2" bw="16" slack="0"/>
<pin id="500" dir="1" index="3" bw="0" slack="2147483647"/>
</pin_list>
<bind>
<opcode="write(1151) " fcode="write"/>
<opset="write_ln0/1 "/>
</bind>
</comp>

<comp id="503" class="1004" name="write_ln0_write_fu_503">
<pin_list>
<pin id="504" dir="0" index="0" bw="0" slack="0"/>
<pin id="505" dir="0" index="1" bw="16" slack="0"/>
<pin id="506" dir="0" index="2" bw="16" slack="0"/>
<pin id="507" dir="1" index="3" bw="0" slack="2147483647"/>
</pin_list>
<bind>
<opcode="write(1151) " fcode="write"/>
<opset="write_ln0/1 "/>
</bind>
</comp>

<comp id="510" class="1004" name="write_ln0_write_fu_510">
<pin_list>
<pin id="511" dir="0" index="0" bw="0" slack="0"/>
<pin id="512" dir="0" index="1" bw="16" slack="0"/>
<pin id="513" dir="0" index="2" bw="16" slack="0"/>
<pin id="514" dir="1" index="3" bw="0" slack="2147483647"/>
</pin_list>
<bind>
<opcode="write(1151) " fcode="write"/>
<opset="write_ln0/1 "/>
</bind>
</comp>

<comp id="517" class="1004" name="write_ln0_write_fu_517">
<pin_list>
<pin id="518" dir="0" index="0" bw="0" slack="0"/>
<pin id="519" dir="0" index="1" bw="16" slack="0"/>
<pin id="520" dir="0" index="2" bw="16" slack="0"/>
<pin id="521" dir="1" index="3" bw="0" slack="2147483647"/>
</pin_list>
<bind>
<opcode="write(1151) " fcode="write"/>
<opset="write_ln0/1 "/>
</bind>
</comp>

<comp id="524" class="1004" name="write_ln0_write_fu_524">
<pin_list>
<pin id="525" dir="0" index="0" bw="0" slack="0"/>
<pin id="526" dir="0" index="1" bw="16" slack="0"/>
<pin id="527" dir="0" index="2" bw="16" slack="0"/>
<pin id="528" dir="1" index="3" bw="0" slack="2147483647"/>
</pin_list>
<bind>
<opcode="write(1151) " fcode="write"/>
<opset="write_ln0/1 "/>
</bind>
</comp>

<comp id="531" class="1004" name="write_ln0_write_fu_531">
<pin_list>
<pin id="532" dir="0" index="0" bw="0" slack="0"/>
<pin id="533" dir="0" index="1" bw="16" slack="0"/>
<pin id="534" dir="0" index="2" bw="16" slack="0"/>
<pin id="535" dir="1" index="3" bw="0" slack="2147483647"/>
</pin_list>
<bind>
<opcode="write(1151) " fcode="write"/>
<opset="write_ln0/1 "/>
</bind>
</comp>

<comp id="538" class="1004" name="store_ln0_store_fu_538">
<pin_list>
<pin id="539" dir="0" index="0" bw="1" slack="0"/>
<pin id="540" dir="0" index="1" bw="4" slack="0"/>
<pin id="541" dir="1" index="2" bw="0" slack="2147483647"/>
</pin_list>
<bind>
<opcode="store(28) " fcode="store"/>
<opset="store_ln0/1 "/>
</bind>
</comp>

<comp id="543" class="1004" name="i_in73_load_load_fu_543">
<pin_list>
<pin id="544" dir="0" index="0" bw="4" slack="0"/>
<pin id="545" dir="1" index="1" bw="4" slack="0"/>
</pin_list>
<bind>
<opcode="load(27) " fcode="load"/>
<opset="i_in73_load/1 "/>
</bind>
</comp>

<comp id="546" class="1004" name="data_pack_fu_546">
<pin_list>
<pin id="547" dir="0" index="0" bw="64" slack="0"/>
<pin id="548" dir="1" index="1" bw="16" slack="0"/>
</pin_list>
<bind>
<opcode="trunc(33) " fcode="trunc"/>
<opset="data_pack/1 "/>
</bind>
</comp>

<comp id="550" class="1004" name="data_pack_1_fu_550">
<pin_list>
<pin id="551" dir="0" index="0" bw="16" slack="0"/>
<pin id="552" dir="0" index="1" bw="64" slack="0"/>
<pin id="553" dir="0" index="2" bw="6" slack="0"/>
<pin id="554" dir="0" index="3" bw="6" slack="0"/>
<pin id="555" dir="1" index="4" bw="16" slack="0"/>
</pin_list>
<bind>
<opcode="partselect(1002) " fcode="partselect"/>
<opset="data_pack_1/1 "/>
</bind>
</comp>

<comp id="560" class="1004" name="data_pack_2_fu_560">
<pin_list>
<pin id="561" dir="0" index="0" bw="16" slack="0"/>
<pin id="562" dir="0" index="1" bw="64" slack="0"/>
<pin id="563" dir="0" index="2" bw="7" slack="0"/>
<pin id="564" dir="0" index="3" bw="7" slack="0"/>
<pin id="565" dir="1" index="4" bw="16" slack="0"/>
</pin_list>
<bind>
<opcode="partselect(1002) " fcode="partselect"/>
<opset="data_pack_2/1 "/>
</bind>
</comp>

<comp id="570" class="1004" name="data_pack_3_fu_570">
<pin_list>
<pin id="571" dir="0" index="0" bw="16" slack="0"/>
<pin id="572" dir="0" index="1" bw="64" slack="0"/>
<pin id="573" dir="0" index="2" bw="7" slack="0"/>
<pin id="574" dir="0" index="3" bw="7" slack="0"/>
<pin id="575" dir="1" index="4" bw="16" slack="0"/>
</pin_list>
<bind>
<opcode="partselect(1002) " fcode="partselect"/>
<opset="data_pack_3/1 "/>
</bind>
</comp>

<comp id="580" class="1004" name="i_in_fu_580">
<pin_list>
<pin id="581" dir="0" index="0" bw="4" slack="0"/>
<pin id="582" dir="0" index="1" bw="1" slack="0"/>
<pin id="583" dir="1" index="2" bw="4" slack="0"/>
</pin_list>
<bind>
<opcode="add(8) " fcode="add"/>
<opset="i_in/1 "/>
</bind>
</comp>

<comp id="586" class="1004" name="store_ln35_store_fu_586">
<pin_list>
<pin id="587" dir="0" index="0" bw="16" slack="0"/>
<pin id="588" dir="0" index="1" bw="16" slack="0"/>
<pin id="589" dir="1" index="2" bw="0" slack="2147483647"/>
</pin_list>
<bind>
<opcode="store(28) " fcode="store"/>
<opset="store_ln35/1 "/>
</bind>
</comp>

<comp id="591" class="1004" name="store_ln35_store_fu_591">
<pin_list>
<pin id="592" dir="0" index="0" bw="16" slack="0"/>
<pin id="593" dir="0" index="1" bw="16" slack="0"/>
<pin id="594" dir="1" index="2" bw="0" slack="2147483647"/>
</pin_list>
<bind>
<opcode="store(28) " fcode="store"/>
<opset="store_ln35/1 "/>
</bind>
</comp>

<comp id="596" class="1004" name="store_ln35_store_fu_596">
<pin_list>
<pin id="597" dir="0" index="0" bw="16" slack="0"/>
<pin id="598" dir="0" index="1" bw="16" slack="0"/>
<pin id="599" dir="1" index="2" bw="0" slack="2147483647"/>
</pin_list>
<bind>
<opcode="store(28) " fcode="store"/>
<opset="store_ln35/1 "/>
</bind>
</comp>

<comp id="601" class="1004" name="store_ln35_store_fu_601">
<pin_list>
<pin id="602" dir="0" index="0" bw="16" slack="0"/>
<pin id="603" dir="0" index="1" bw="16" slack="0"/>
<pin id="604" dir="1" index="2" bw="0" slack="2147483647"/>
</pin_list>
<bind>
<opcode="store(28) " fcode="store"/>
<opset="store_ln35/1 "/>
</bind>
</comp>

<comp id="606" class="1004" name="store_ln35_store_fu_606">
<pin_list>
<pin id="607" dir="0" index="0" bw="16" slack="0"/>
<pin id="608" dir="0" index="1" bw="16" slack="0"/>
<pin id="609" dir="1" index="2" bw="0" slack="2147483647"/>
</pin_list>
<bind>
<opcode="store(28) " fcode="store"/>
<opset="store_ln35/1 "/>
</bind>
</comp>

<comp id="611" class="1004" name="store_ln35_store_fu_611">
<pin_list>
<pin id="612" dir="0" index="0" bw="16" slack="0"/>
<pin id="613" dir="0" index="1" bw="16" slack="0"/>
<pin id="614" dir="1" index="2" bw="0" slack="2147483647"/>
</pin_list>
<bind>
<opcode="store(28) " fcode="store"/>
<opset="store_ln35/1 "/>
</bind>
</comp>

<comp id="616" class="1004" name="store_ln35_store_fu_616">
<pin_list>
<pin id="617" dir="0" index="0" bw="16" slack="0"/>
<pin id="618" dir="0" index="1" bw="16" slack="0"/>
<pin id="619" dir="1" index="2" bw="0" slack="2147483647"/>
</pin_list>
<bind>
<opcode="store(28) " fcode="store"/>
<opset="store_ln35/1 "/>
</bind>
</comp>

<comp id="621" class="1004" name="store_ln35_store_fu_621">
<pin_list>
<pin id="622" dir="0" index="0" bw="16" slack="0"/>
<pin id="623" dir="0" index="1" bw="16" slack="0"/>
<pin id="624" dir="1" index="2" bw="0" slack="2147483647"/>
</pin_list>
<bind>
<opcode="store(28) " fcode="store"/>
<opset="store_ln35/1 "/>
</bind>
</comp>

<comp id="626" class="1004" name="store_ln35_store_fu_626">
<pin_list>
<pin id="627" dir="0" index="0" bw="16" slack="0"/>
<pin id="628" dir="0" index="1" bw="16" slack="0"/>
<pin id="629" dir="1" index="2" bw="0" slack="2147483647"/>
</pin_list>
<bind>
<opcode="store(28) " fcode="store"/>
<opset="store_ln35/1 "/>
</bind>
</comp>

<comp id="631" class="1004" name="store_ln35_store_fu_631">
<pin_list>
<pin id="632" dir="0" index="0" bw="16" slack="0"/>
<pin id="633" dir="0" index="1" bw="16" slack="0"/>
<pin id="634" dir="1" index="2" bw="0" slack="2147483647"/>
</pin_list>
<bind>
<opcode="store(28) " fcode="store"/>
<opset="store_ln35/1 "/>
</bind>
</comp>

<comp id="636" class="1004" name="store_ln35_store_fu_636">
<pin_list>
<pin id="637" dir="0" index="0" bw="16" slack="0"/>
<pin id="638" dir="0" index="1" bw="16" slack="0"/>
<pin id="639" dir="1" index="2" bw="0" slack="2147483647"/>
</pin_list>
<bind>
<opcode="store(28) " fcode="store"/>
<opset="store_ln35/1 "/>
</bind>
</comp>

<comp id="641" class="1004" name="store_ln35_store_fu_641">
<pin_list>
<pin id="642" dir="0" index="0" bw="16" slack="0"/>
<pin id="643" dir="0" index="1" bw="16" slack="0"/>
<pin id="644" dir="1" index="2" bw="0" slack="2147483647"/>
</pin_list>
<bind>
<opcode="store(28) " fcode="store"/>
<opset="store_ln35/1 "/>
</bind>
</comp>

<comp id="646" class="1004" name="store_ln35_store_fu_646">
<pin_list>
<pin id="647" dir="0" index="0" bw="16" slack="0"/>
<pin id="648" dir="0" index="1" bw="16" slack="0"/>
<pin id="649" dir="1" index="2" bw="0" slack="2147483647"/>
</pin_list>
<bind>
<opcode="store(28) " fcode="store"/>
<opset="store_ln35/1 "/>
</bind>
</comp>

<comp id="651" class="1004" name="store_ln35_store_fu_651">
<pin_list>
<pin id="652" dir="0" index="0" bw="16" slack="0"/>
<pin id="653" dir="0" index="1" bw="16" slack="0"/>
<pin id="654" dir="1" index="2" bw="0" slack="2147483647"/>
</pin_list>
<bind>
<opcode="store(28) " fcode="store"/>
<opset="store_ln35/1 "/>
</bind>
</comp>

<comp id="656" class="1004" name="store_ln35_store_fu_656">
<pin_list>
<pin id="657" dir="0" index="0" bw="16" slack="0"/>
<pin id="658" dir="0" index="1" bw="16" slack="0"/>
<pin id="659" dir="1" index="2" bw="0" slack="2147483647"/>
</pin_list>
<bind>
<opcode="store(28) " fcode="store"/>
<opset="store_ln35/1 "/>
</bind>
</comp>

<comp id="661" class="1004" name="store_ln35_store_fu_661">
<pin_list>
<pin id="662" dir="0" index="0" bw="16" slack="0"/>
<pin id="663" dir="0" index="1" bw="16" slack="0"/>
<pin id="664" dir="1" index="2" bw="0" slack="2147483647"/>
</pin_list>
<bind>
<opcode="store(28) " fcode="store"/>
<opset="store_ln35/1 "/>
</bind>
</comp>

<comp id="666" class="1004" name="store_ln35_store_fu_666">
<pin_list>
<pin id="667" dir="0" index="0" bw="16" slack="0"/>
<pin id="668" dir="0" index="1" bw="16" slack="0"/>
<pin id="669" dir="1" index="2" bw="0" slack="2147483647"/>
</pin_list>
<bind>
<opcode="store(28) " fcode="store"/>
<opset="store_ln35/1 "/>
</bind>
</comp>

<comp id="671" class="1004" name="store_ln35_store_fu_671">
<pin_list>
<pin id="672" dir="0" index="0" bw="16" slack="0"/>
<pin id="673" dir="0" index="1" bw="16" slack="0"/>
<pin id="674" dir="1" index="2" bw="0" slack="2147483647"/>
</pin_list>
<bind>
<opcode="store(28) " fcode="store"/>
<opset="store_ln35/1 "/>
</bind>
</comp>

<comp id="676" class="1004" name="store_ln35_store_fu_676">
<pin_list>
<pin id="677" dir="0" index="0" bw="16" slack="0"/>
<pin id="678" dir="0" index="1" bw="16" slack="0"/>
<pin id="679" dir="1" index="2" bw="0" slack="2147483647"/>
</pin_list>
<bind>
<opcode="store(28) " fcode="store"/>
<opset="store_ln35/1 "/>
</bind>
</comp>

<comp id="681" class="1004" name="store_ln35_store_fu_681">
<pin_list>
<pin id="682" dir="0" index="0" bw="16" slack="0"/>
<pin id="683" dir="0" index="1" bw="16" slack="0"/>
<pin id="684" dir="1" index="2" bw="0" slack="2147483647"/>
</pin_list>
<bind>
<opcode="store(28) " fcode="store"/>
<opset="store_ln35/1 "/>
</bind>
</comp>

<comp id="686" class="1004" name="store_ln35_store_fu_686">
<pin_list>
<pin id="687" dir="0" index="0" bw="16" slack="0"/>
<pin id="688" dir="0" index="1" bw="16" slack="0"/>
<pin id="689" dir="1" index="2" bw="0" slack="2147483647"/>
</pin_list>
<bind>
<opcode="store(28) " fcode="store"/>
<opset="store_ln35/1 "/>
</bind>
</comp>

<comp id="691" class="1004" name="store_ln35_store_fu_691">
<pin_list>
<pin id="692" dir="0" index="0" bw="16" slack="0"/>
<pin id="693" dir="0" index="1" bw="16" slack="0"/>
<pin id="694" dir="1" index="2" bw="0" slack="2147483647"/>
</pin_list>
<bind>
<opcode="store(28) " fcode="store"/>
<opset="store_ln35/1 "/>
</bind>
</comp>

<comp id="696" class="1004" name="store_ln35_store_fu_696">
<pin_list>
<pin id="697" dir="0" index="0" bw="16" slack="0"/>
<pin id="698" dir="0" index="1" bw="16" slack="0"/>
<pin id="699" dir="1" index="2" bw="0" slack="2147483647"/>
</pin_list>
<bind>
<opcode="store(28) " fcode="store"/>
<opset="store_ln35/1 "/>
</bind>
</comp>

<comp id="701" class="1004" name="store_ln35_store_fu_701">
<pin_list>
<pin id="702" dir="0" index="0" bw="16" slack="0"/>
<pin id="703" dir="0" index="1" bw="16" slack="0"/>
<pin id="704" dir="1" index="2" bw="0" slack="2147483647"/>
</pin_list>
<bind>
<opcode="store(28) " fcode="store"/>
<opset="store_ln35/1 "/>
</bind>
</comp>

<comp id="706" class="1004" name="store_ln35_store_fu_706">
<pin_list>
<pin id="707" dir="0" index="0" bw="16" slack="0"/>
<pin id="708" dir="0" index="1" bw="16" slack="0"/>
<pin id="709" dir="1" index="2" bw="0" slack="2147483647"/>
</pin_list>
<bind>
<opcode="store(28) " fcode="store"/>
<opset="store_ln35/1 "/>
</bind>
</comp>

<comp id="711" class="1004" name="store_ln35_store_fu_711">
<pin_list>
<pin id="712" dir="0" index="0" bw="16" slack="0"/>
<pin id="713" dir="0" index="1" bw="16" slack="0"/>
<pin id="714" dir="1" index="2" bw="0" slack="2147483647"/>
</pin_list>
<bind>
<opcode="store(28) " fcode="store"/>
<opset="store_ln35/1 "/>
</bind>
</comp>

<comp id="716" class="1004" name="store_ln35_store_fu_716">
<pin_list>
<pin id="717" dir="0" index="0" bw="16" slack="0"/>
<pin id="718" dir="0" index="1" bw="16" slack="0"/>
<pin id="719" dir="1" index="2" bw="0" slack="2147483647"/>
</pin_list>
<bind>
<opcode="store(28) " fcode="store"/>
<opset="store_ln35/1 "/>
</bind>
</comp>

<comp id="721" class="1004" name="store_ln35_store_fu_721">
<pin_list>
<pin id="722" dir="0" index="0" bw="16" slack="0"/>
<pin id="723" dir="0" index="1" bw="16" slack="0"/>
<pin id="724" dir="1" index="2" bw="0" slack="2147483647"/>
</pin_list>
<bind>
<opcode="store(28) " fcode="store"/>
<opset="store_ln35/1 "/>
</bind>
</comp>

<comp id="726" class="1004" name="store_ln35_store_fu_726">
<pin_list>
<pin id="727" dir="0" index="0" bw="16" slack="0"/>
<pin id="728" dir="0" index="1" bw="16" slack="0"/>
<pin id="729" dir="1" index="2" bw="0" slack="2147483647"/>
</pin_list>
<bind>
<opcode="store(28) " fcode="store"/>
<opset="store_ln35/1 "/>
</bind>
</comp>

<comp id="731" class="1004" name="store_ln35_store_fu_731">
<pin_list>
<pin id="732" dir="0" index="0" bw="16" slack="0"/>
<pin id="733" dir="0" index="1" bw="16" slack="0"/>
<pin id="734" dir="1" index="2" bw="0" slack="2147483647"/>
</pin_list>
<bind>
<opcode="store(28) " fcode="store"/>
<opset="store_ln35/1 "/>
</bind>
</comp>

<comp id="736" class="1004" name="store_ln35_store_fu_736">
<pin_list>
<pin id="737" dir="0" index="0" bw="16" slack="0"/>
<pin id="738" dir="0" index="1" bw="16" slack="0"/>
<pin id="739" dir="1" index="2" bw="0" slack="2147483647"/>
</pin_list>
<bind>
<opcode="store(28) " fcode="store"/>
<opset="store_ln35/1 "/>
</bind>
</comp>

<comp id="741" class="1004" name="store_ln35_store_fu_741">
<pin_list>
<pin id="742" dir="0" index="0" bw="16" slack="0"/>
<pin id="743" dir="0" index="1" bw="16" slack="0"/>
<pin id="744" dir="1" index="2" bw="0" slack="2147483647"/>
</pin_list>
<bind>
<opcode="store(28) " fcode="store"/>
<opset="store_ln35/1 "/>
</bind>
</comp>

<comp id="746" class="1004" name="store_ln35_store_fu_746">
<pin_list>
<pin id="747" dir="0" index="0" bw="16" slack="0"/>
<pin id="748" dir="0" index="1" bw="16" slack="0"/>
<pin id="749" dir="1" index="2" bw="0" slack="2147483647"/>
</pin_list>
<bind>
<opcode="store(28) " fcode="store"/>
<opset="store_ln35/1 "/>
</bind>
</comp>

<comp id="751" class="1004" name="store_ln35_store_fu_751">
<pin_list>
<pin id="752" dir="0" index="0" bw="16" slack="0"/>
<pin id="753" dir="0" index="1" bw="16" slack="0"/>
<pin id="754" dir="1" index="2" bw="0" slack="2147483647"/>
</pin_list>
<bind>
<opcode="store(28) " fcode="store"/>
<opset="store_ln35/1 "/>
</bind>
</comp>

<comp id="756" class="1004" name="store_ln35_store_fu_756">
<pin_list>
<pin id="757" dir="0" index="0" bw="16" slack="0"/>
<pin id="758" dir="0" index="1" bw="16" slack="0"/>
<pin id="759" dir="1" index="2" bw="0" slack="2147483647"/>
</pin_list>
<bind>
<opcode="store(28) " fcode="store"/>
<opset="store_ln35/1 "/>
</bind>
</comp>

<comp id="761" class="1004" name="store_ln35_store_fu_761">
<pin_list>
<pin id="762" dir="0" index="0" bw="16" slack="0"/>
<pin id="763" dir="0" index="1" bw="16" slack="0"/>
<pin id="764" dir="1" index="2" bw="0" slack="2147483647"/>
</pin_list>
<bind>
<opcode="store(28) " fcode="store"/>
<opset="store_ln35/1 "/>
</bind>
</comp>

<comp id="766" class="1004" name="icmp_ln33_fu_766">
<pin_list>
<pin id="767" dir="0" index="0" bw="4" slack="0"/>
<pin id="768" dir="0" index="1" bw="4" slack="0"/>
<pin id="769" dir="1" index="2" bw="1" slack="2147483647"/>
</pin_list>
<bind>
<opcode="icmp(45) " fcode="icmp"/>
<opset="icmp_ln33/1 "/>
</bind>
</comp>

<comp id="772" class="1004" name="store_ln33_store_fu_772">
<pin_list>
<pin id="773" dir="0" index="0" bw="4" slack="0"/>
<pin id="774" dir="0" index="1" bw="4" slack="0"/>
<pin id="775" dir="1" index="2" bw="0" slack="2147483647"/>
</pin_list>
<bind>
<opcode="store(28) " fcode="store"/>
<opset="store_ln33/1 "/>
</bind>
</comp>

<comp id="777" class="1004" name="p_0_3_0_0_0712_load_load_fu_777">
<pin_list>
<pin id="778" dir="0" index="0" bw="16" slack="0"/>
<pin id="779" dir="1" index="1" bw="16" slack="0"/>
</pin_list>
<bind>
<opcode="load(27) " fcode="load"/>
<opset="p_0_3_0_0_0712_load/1 "/>
</bind>
</comp>

<comp id="781" class="1004" name="p_0_2_0_0_0694_load_load_fu_781">
<pin_list>
<pin id="782" dir="0" index="0" bw="16" slack="0"/>
<pin id="783" dir="1" index="1" bw="16" slack="0"/>
</pin_list>
<bind>
<opcode="load(27) " fcode="load"/>
<opset="p_0_2_0_0_0694_load/1 "/>
</bind>
</comp>

<comp id="785" class="1004" name="p_0_1_0_0_0676_load_load_fu_785">
<pin_list>
<pin id="786" dir="0" index="0" bw="16" slack="0"/>
<pin id="787" dir="1" index="1" bw="16" slack="0"/>
</pin_list>
<bind>
<opcode="load(27) " fcode="load"/>
<opset="p_0_1_0_0_0676_load/1 "/>
</bind>
</comp>

<comp id="789" class="1004" name="p_0_0_0_0_0658_load_load_fu_789">
<pin_list>
<pin id="790" dir="0" index="0" bw="16" slack="0"/>
<pin id="791" dir="1" index="1" bw="16" slack="0"/>
</pin_list>
<bind>
<opcode="load(27) " fcode="load"/>
<opset="p_0_0_0_0_0658_load/1 "/>
</bind>
</comp>

<comp id="793" class="1004" name="p_0_3_0_0_06310_load_load_fu_793">
<pin_list>
<pin id="794" dir="0" index="0" bw="16" slack="0"/>
<pin id="795" dir="1" index="1" bw="16" slack="0"/>
</pin_list>
<bind>
<opcode="load(27) " fcode="load"/>
<opset="p_0_3_0_0_06310_load/1 "/>
</bind>
</comp>

<comp id="797" class="1004" name="p_0_2_0_0_06112_load_load_fu_797">
<pin_list>
<pin id="798" dir="0" index="0" bw="16" slack="0"/>
<pin id="799" dir="1" index="1" bw="16" slack="0"/>
</pin_list>
<bind>
<opcode="load(27) " fcode="load"/>
<opset="p_0_2_0_0_06112_load/1 "/>
</bind>
</comp>

<comp id="801" class="1004" name="p_0_1_0_0_05914_load_load_fu_801">
<pin_list>
<pin id="802" dir="0" index="0" bw="16" slack="0"/>
<pin id="803" dir="1" index="1" bw="16" slack="0"/>
</pin_list>
<bind>
<opcode="load(27) " fcode="load"/>
<opset="p_0_1_0_0_05914_load/1 "/>
</bind>
</comp>

<comp id="805" class="1004" name="p_0_0_0_0_05716_load_load_fu_805">
<pin_list>
<pin id="806" dir="0" index="0" bw="16" slack="0"/>
<pin id="807" dir="1" index="1" bw="16" slack="0"/>
</pin_list>
<bind>
<opcode="load(27) " fcode="load"/>
<opset="p_0_0_0_0_05716_load/1 "/>
</bind>
</comp>

<comp id="809" class="1004" name="p_0_3_0_0_05518_load_load_fu_809">
<pin_list>
<pin id="810" dir="0" index="0" bw="16" slack="0"/>
<pin id="811" dir="1" index="1" bw="16" slack="0"/>
</pin_list>
<bind>
<opcode="load(27) " fcode="load"/>
<opset="p_0_3_0_0_05518_load/1 "/>
</bind>
</comp>

<comp id="813" class="1004" name="p_0_2_0_0_05320_load_load_fu_813">
<pin_list>
<pin id="814" dir="0" index="0" bw="16" slack="0"/>
<pin id="815" dir="1" index="1" bw="16" slack="0"/>
</pin_list>
<bind>
<opcode="load(27) " fcode="load"/>
<opset="p_0_2_0_0_05320_load/1 "/>
</bind>
</comp>

<comp id="817" class="1004" name="p_0_1_0_0_05122_load_load_fu_817">
<pin_list>
<pin id="818" dir="0" index="0" bw="16" slack="0"/>
<pin id="819" dir="1" index="1" bw="16" slack="0"/>
</pin_list>
<bind>
<opcode="load(27) " fcode="load"/>
<opset="p_0_1_0_0_05122_load/1 "/>
</bind>
</comp>

<comp id="821" class="1004" name="p_0_0_0_0_04924_load_load_fu_821">
<pin_list>
<pin id="822" dir="0" index="0" bw="16" slack="0"/>
<pin id="823" dir="1" index="1" bw="16" slack="0"/>
</pin_list>
<bind>
<opcode="load(27) " fcode="load"/>
<opset="p_0_0_0_0_04924_load/1 "/>
</bind>
</comp>

<comp id="825" class="1004" name="p_0_3_0_0_04726_load_load_fu_825">
<pin_list>
<pin id="826" dir="0" index="0" bw="16" slack="0"/>
<pin id="827" dir="1" index="1" bw="16" slack="0"/>
</pin_list>
<bind>
<opcode="load(27) " fcode="load"/>
<opset="p_0_3_0_0_04726_load/1 "/>
</bind>
</comp>

<comp id="829" class="1004" name="p_0_2_0_0_04528_load_load_fu_829">
<pin_list>
<pin id="830" dir="0" index="0" bw="16" slack="0"/>
<pin id="831" dir="1" index="1" bw="16" slack="0"/>
</pin_list>
<bind>
<opcode="load(27) " fcode="load"/>
<opset="p_0_2_0_0_04528_load/1 "/>
</bind>
</comp>

<comp id="833" class="1004" name="p_0_1_0_0_04330_load_load_fu_833">
<pin_list>
<pin id="834" dir="0" index="0" bw="16" slack="0"/>
<pin id="835" dir="1" index="1" bw="16" slack="0"/>
</pin_list>
<bind>
<opcode="load(27) " fcode="load"/>
<opset="p_0_1_0_0_04330_load/1 "/>
</bind>
</comp>

<comp id="837" class="1004" name="p_0_0_0_0_04132_load_load_fu_837">
<pin_list>
<pin id="838" dir="0" index="0" bw="16" slack="0"/>
<pin id="839" dir="1" index="1" bw="16" slack="0"/>
</pin_list>
<bind>
<opcode="load(27) " fcode="load"/>
<opset="p_0_0_0_0_04132_load/1 "/>
</bind>
</comp>

<comp id="841" class="1004" name="p_0_3_0_0_03934_load_load_fu_841">
<pin_list>
<pin id="842" dir="0" index="0" bw="16" slack="0"/>
<pin id="843" dir="1" index="1" bw="16" slack="0"/>
</pin_list>
<bind>
<opcode="load(27) " fcode="load"/>
<opset="p_0_3_0_0_03934_load/1 "/>
</bind>
</comp>

<comp id="845" class="1004" name="p_0_2_0_0_03736_load_load_fu_845">
<pin_list>
<pin id="846" dir="0" index="0" bw="16" slack="0"/>
<pin id="847" dir="1" index="1" bw="16" slack="0"/>
</pin_list>
<bind>
<opcode="load(27) " fcode="load"/>
<opset="p_0_2_0_0_03736_load/1 "/>
</bind>
</comp>

<comp id="849" class="1004" name="p_0_1_0_0_03538_load_load_fu_849">
<pin_list>
<pin id="850" dir="0" index="0" bw="16" slack="0"/>
<pin id="851" dir="1" index="1" bw="16" slack="0"/>
</pin_list>
<bind>
<opcode="load(27) " fcode="load"/>
<opset="p_0_1_0_0_03538_load/1 "/>
</bind>
</comp>

<comp id="853" class="1004" name="p_0_0_0_0_03340_load_load_fu_853">
<pin_list>
<pin id="854" dir="0" index="0" bw="16" slack="0"/>
<pin id="855" dir="1" index="1" bw="16" slack="0"/>
</pin_list>
<bind>
<opcode="load(27) " fcode="load"/>
<opset="p_0_0_0_0_03340_load/1 "/>
</bind>
</comp>

<comp id="857" class="1004" name="p_0_3_0_0_03142_load_load_fu_857">
<pin_list>
<pin id="858" dir="0" index="0" bw="16" slack="0"/>
<pin id="859" dir="1" index="1" bw="16" slack="0"/>
</pin_list>
<bind>
<opcode="load(27) " fcode="load"/>
<opset="p_0_3_0_0_03142_load/1 "/>
</bind>
</comp>

<comp id="861" class="1004" name="p_0_2_0_0_02944_load_load_fu_861">
<pin_list>
<pin id="862" dir="0" index="0" bw="16" slack="0"/>
<pin id="863" dir="1" index="1" bw="16" slack="0"/>
</pin_list>
<bind>
<opcode="load(27) " fcode="load"/>
<opset="p_0_2_0_0_02944_load/1 "/>
</bind>
</comp>

<comp id="865" class="1004" name="p_0_1_0_0_02746_load_load_fu_865">
<pin_list>
<pin id="866" dir="0" index="0" bw="16" slack="0"/>
<pin id="867" dir="1" index="1" bw="16" slack="0"/>
</pin_list>
<bind>
<opcode="load(27) " fcode="load"/>
<opset="p_0_1_0_0_02746_load/1 "/>
</bind>
</comp>

<comp id="869" class="1004" name="p_0_0_0_0_02548_load_load_fu_869">
<pin_list>
<pin id="870" dir="0" index="0" bw="16" slack="0"/>
<pin id="871" dir="1" index="1" bw="16" slack="0"/>
</pin_list>
<bind>
<opcode="load(27) " fcode="load"/>
<opset="p_0_0_0_0_02548_load/1 "/>
</bind>
</comp>

<comp id="873" class="1004" name="p_0_3_0_0_02350_load_load_fu_873">
<pin_list>
<pin id="874" dir="0" index="0" bw="16" slack="0"/>
<pin id="875" dir="1" index="1" bw="16" slack="0"/>
</pin_list>
<bind>
<opcode="load(27) " fcode="load"/>
<opset="p_0_3_0_0_02350_load/1 "/>
</bind>
</comp>

<comp id="877" class="1004" name="p_0_2_0_0_02152_load_load_fu_877">
<pin_list>
<pin id="878" dir="0" index="0" bw="16" slack="0"/>
<pin id="879" dir="1" index="1" bw="16" slack="0"/>
</pin_list>
<bind>
<opcode="load(27) " fcode="load"/>
<opset="p_0_2_0_0_02152_load/1 "/>
</bind>
</comp>

<comp id="881" class="1004" name="p_0_1_0_0_01954_load_load_fu_881">
<pin_list>
<pin id="882" dir="0" index="0" bw="16" slack="0"/>
<pin id="883" dir="1" index="1" bw="16" slack="0"/>
</pin_list>
<bind>
<opcode="load(27) " fcode="load"/>
<opset="p_0_1_0_0_01954_load/1 "/>
</bind>
</comp>

<comp id="885" class="1004" name="p_0_0_0_0_01756_load_load_fu_885">
<pin_list>
<pin id="886" dir="0" index="0" bw="16" slack="0"/>
<pin id="887" dir="1" index="1" bw="16" slack="0"/>
</pin_list>
<bind>
<opcode="load(27) " fcode="load"/>
<opset="p_0_0_0_0_01756_load/1 "/>
</bind>
</comp>

<comp id="889" class="1004" name="p_0_3_0_0_01558_load_load_fu_889">
<pin_list>
<pin id="890" dir="0" index="0" bw="16" slack="0"/>
<pin id="891" dir="1" index="1" bw="16" slack="0"/>
</pin_list>
<bind>
<opcode="load(27) " fcode="load"/>
<opset="p_0_3_0_0_01558_load/1 "/>
</bind>
</comp>

<comp id="893" class="1004" name="p_0_2_0_0_01360_load_load_fu_893">
<pin_list>
<pin id="894" dir="0" index="0" bw="16" slack="0"/>
<pin id="895" dir="1" index="1" bw="16" slack="0"/>
</pin_list>
<bind>
<opcode="load(27) " fcode="load"/>
<opset="p_0_2_0_0_01360_load/1 "/>
</bind>
</comp>

<comp id="897" class="1004" name="p_0_1_0_0_01162_load_load_fu_897">
<pin_list>
<pin id="898" dir="0" index="0" bw="16" slack="0"/>
<pin id="899" dir="1" index="1" bw="16" slack="0"/>
</pin_list>
<bind>
<opcode="load(27) " fcode="load"/>
<opset="p_0_1_0_0_01162_load/1 "/>
</bind>
</comp>

<comp id="901" class="1004" name="p_0_0_0_0_0964_load_load_fu_901">
<pin_list>
<pin id="902" dir="0" index="0" bw="16" slack="0"/>
<pin id="903" dir="1" index="1" bw="16" slack="0"/>
</pin_list>
<bind>
<opcode="load(27) " fcode="load"/>
<opset="p_0_0_0_0_0964_load/1 "/>
</bind>
</comp>

<comp id="905" class="1004" name="p_0_3_0_0_0766_load_load_fu_905">
<pin_list>
<pin id="906" dir="0" index="0" bw="16" slack="0"/>
<pin id="907" dir="1" index="1" bw="16" slack="0"/>
</pin_list>
<bind>
<opcode="load(27) " fcode="load"/>
<opset="p_0_3_0_0_0766_load/1 "/>
</bind>
</comp>

<comp id="909" class="1004" name="p_0_2_0_0_0568_load_load_fu_909">
<pin_list>
<pin id="910" dir="0" index="0" bw="16" slack="0"/>
<pin id="911" dir="1" index="1" bw="16" slack="0"/>
</pin_list>
<bind>
<opcode="load(27) " fcode="load"/>
<opset="p_0_2_0_0_0568_load/1 "/>
</bind>
</comp>

<comp id="913" class="1004" name="p_0_1_0_0_0370_load_load_fu_913">
<pin_list>
<pin id="914" dir="0" index="0" bw="16" slack="0"/>
<pin id="915" dir="1" index="1" bw="16" slack="0"/>
</pin_list>
<bind>
<opcode="load(27) " fcode="load"/>
<opset="p_0_1_0_0_0370_load/1 "/>
</bind>
</comp>

<comp id="917" class="1004" name="p_0_0_0_0_0172_load_load_fu_917">
<pin_list>
<pin id="918" dir="0" index="0" bw="16" slack="0"/>
<pin id="919" dir="1" index="1" bw="16" slack="0"/>
</pin_list>
<bind>
<opcode="load(27) " fcode="load"/>
<opset="p_0_0_0_0_0172_load/1 "/>
</bind>
</comp>

<comp id="921" class="1005" name="i_in73_reg_921">
<pin_list>
<pin id="922" dir="0" index="0" bw="4" slack="0"/>
<pin id="923" dir="1" index="1" bw="4" slack="0"/>
</pin_list>
<bind>
<opset="i_in73 "/>
</bind>
</comp>

<comp id="928" class="1005" name="p_0_3_0_0_0712_reg_928">
<pin_list>
<pin id="929" dir="0" index="0" bw="16" slack="0"/>
<pin id="930" dir="1" index="1" bw="16" slack="0"/>
</pin_list>
<bind>
<opset="p_0_3_0_0_0712 "/>
</bind>
</comp>

<comp id="934" class="1005" name="p_0_2_0_0_0694_reg_934">
<pin_list>
<pin id="935" dir="0" index="0" bw="16" slack="0"/>
<pin id="936" dir="1" index="1" bw="16" slack="0"/>
</pin_list>
<bind>
<opset="p_0_2_0_0_0694 "/>
</bind>
</comp>

<comp id="940" class="1005" name="p_0_1_0_0_0676_reg_940">
<pin_list>
<pin id="941" dir="0" index="0" bw="16" slack="0"/>
<pin id="942" dir="1" index="1" bw="16" slack="0"/>
</pin_list>
<bind>
<opset="p_0_1_0_0_0676 "/>
</bind>
</comp>

<comp id="946" class="1005" name="p_0_0_0_0_0658_reg_946">
<pin_list>
<pin id="947" dir="0" index="0" bw="16" slack="0"/>
<pin id="948" dir="1" index="1" bw="16" slack="0"/>
</pin_list>
<bind>
<opset="p_0_0_0_0_0658 "/>
</bind>
</comp>

<comp id="952" class="1005" name="p_0_3_0_0_06310_reg_952">
<pin_list>
<pin id="953" dir="0" index="0" bw="16" slack="0"/>
<pin id="954" dir="1" index="1" bw="16" slack="0"/>
</pin_list>
<bind>
<opset="p_0_3_0_0_06310 "/>
</bind>
</comp>

<comp id="958" class="1005" name="p_0_2_0_0_06112_reg_958">
<pin_list>
<pin id="959" dir="0" index="0" bw="16" slack="0"/>
<pin id="960" dir="1" index="1" bw="16" slack="0"/>
</pin_list>
<bind>
<opset="p_0_2_0_0_06112 "/>
</bind>
</comp>

<comp id="964" class="1005" name="p_0_1_0_0_05914_reg_964">
<pin_list>
<pin id="965" dir="0" index="0" bw="16" slack="0"/>
<pin id="966" dir="1" index="1" bw="16" slack="0"/>
</pin_list>
<bind>
<opset="p_0_1_0_0_05914 "/>
</bind>
</comp>

<comp id="970" class="1005" name="p_0_0_0_0_05716_reg_970">
<pin_list>
<pin id="971" dir="0" index="0" bw="16" slack="0"/>
<pin id="972" dir="1" index="1" bw="16" slack="0"/>
</pin_list>
<bind>
<opset="p_0_0_0_0_05716 "/>
</bind>
</comp>

<comp id="976" class="1005" name="p_0_3_0_0_05518_reg_976">
<pin_list>
<pin id="977" dir="0" index="0" bw="16" slack="0"/>
<pin id="978" dir="1" index="1" bw="16" slack="0"/>
</pin_list>
<bind>
<opset="p_0_3_0_0_05518 "/>
</bind>
</comp>

<comp id="982" class="1005" name="p_0_2_0_0_05320_reg_982">
<pin_list>
<pin id="983" dir="0" index="0" bw="16" slack="0"/>
<pin id="984" dir="1" index="1" bw="16" slack="0"/>
</pin_list>
<bind>
<opset="p_0_2_0_0_05320 "/>
</bind>
</comp>

<comp id="988" class="1005" name="p_0_1_0_0_05122_reg_988">
<pin_list>
<pin id="989" dir="0" index="0" bw="16" slack="0"/>
<pin id="990" dir="1" index="1" bw="16" slack="0"/>
</pin_list>
<bind>
<opset="p_0_1_0_0_05122 "/>
</bind>
</comp>

<comp id="994" class="1005" name="p_0_0_0_0_04924_reg_994">
<pin_list>
<pin id="995" dir="0" index="0" bw="16" slack="0"/>
<pin id="996" dir="1" index="1" bw="16" slack="0"/>
</pin_list>
<bind>
<opset="p_0_0_0_0_04924 "/>
</bind>
</comp>

<comp id="1000" class="1005" name="p_0_3_0_0_04726_reg_1000">
<pin_list>
<pin id="1001" dir="0" index="0" bw="16" slack="0"/>
<pin id="1002" dir="1" index="1" bw="16" slack="0"/>
</pin_list>
<bind>
<opset="p_0_3_0_0_04726 "/>
</bind>
</comp>

<comp id="1006" class="1005" name="p_0_2_0_0_04528_reg_1006">
<pin_list>
<pin id="1007" dir="0" index="0" bw="16" slack="0"/>
<pin id="1008" dir="1" index="1" bw="16" slack="0"/>
</pin_list>
<bind>
<opset="p_0_2_0_0_04528 "/>
</bind>
</comp>

<comp id="1012" class="1005" name="p_0_1_0_0_04330_reg_1012">
<pin_list>
<pin id="1013" dir="0" index="0" bw="16" slack="0"/>
<pin id="1014" dir="1" index="1" bw="16" slack="0"/>
</pin_list>
<bind>
<opset="p_0_1_0_0_04330 "/>
</bind>
</comp>

<comp id="1018" class="1005" name="p_0_0_0_0_04132_reg_1018">
<pin_list>
<pin id="1019" dir="0" index="0" bw="16" slack="0"/>
<pin id="1020" dir="1" index="1" bw="16" slack="0"/>
</pin_list>
<bind>
<opset="p_0_0_0_0_04132 "/>
</bind>
</comp>

<comp id="1024" class="1005" name="p_0_3_0_0_03934_reg_1024">
<pin_list>
<pin id="1025" dir="0" index="0" bw="16" slack="0"/>
<pin id="1026" dir="1" index="1" bw="16" slack="0"/>
</pin_list>
<bind>
<opset="p_0_3_0_0_03934 "/>
</bind>
</comp>

<comp id="1030" class="1005" name="p_0_2_0_0_03736_reg_1030">
<pin_list>
<pin id="1031" dir="0" index="0" bw="16" slack="0"/>
<pin id="1032" dir="1" index="1" bw="16" slack="0"/>
</pin_list>
<bind>
<opset="p_0_2_0_0_03736 "/>
</bind>
</comp>

<comp id="1036" class="1005" name="p_0_1_0_0_03538_reg_1036">
<pin_list>
<pin id="1037" dir="0" index="0" bw="16" slack="0"/>
<pin id="1038" dir="1" index="1" bw="16" slack="0"/>
</pin_list>
<bind>
<opset="p_0_1_0_0_03538 "/>
</bind>
</comp>

<comp id="1042" class="1005" name="p_0_0_0_0_03340_reg_1042">
<pin_list>
<pin id="1043" dir="0" index="0" bw="16" slack="0"/>
<pin id="1044" dir="1" index="1" bw="16" slack="0"/>
</pin_list>
<bind>
<opset="p_0_0_0_0_03340 "/>
</bind>
</comp>

<comp id="1048" class="1005" name="p_0_3_0_0_03142_reg_1048">
<pin_list>
<pin id="1049" dir="0" index="0" bw="16" slack="0"/>
<pin id="1050" dir="1" index="1" bw="16" slack="0"/>
</pin_list>
<bind>
<opset="p_0_3_0_0_03142 "/>
</bind>
</comp>

<comp id="1054" class="1005" name="p_0_2_0_0_02944_reg_1054">
<pin_list>
<pin id="1055" dir="0" index="0" bw="16" slack="0"/>
<pin id="1056" dir="1" index="1" bw="16" slack="0"/>
</pin_list>
<bind>
<opset="p_0_2_0_0_02944 "/>
</bind>
</comp>

<comp id="1060" class="1005" name="p_0_1_0_0_02746_reg_1060">
<pin_list>
<pin id="1061" dir="0" index="0" bw="16" slack="0"/>
<pin id="1062" dir="1" index="1" bw="16" slack="0"/>
</pin_list>
<bind>
<opset="p_0_1_0_0_02746 "/>
</bind>
</comp>

<comp id="1066" class="1005" name="p_0_0_0_0_02548_reg_1066">
<pin_list>
<pin id="1067" dir="0" index="0" bw="16" slack="0"/>
<pin id="1068" dir="1" index="1" bw="16" slack="0"/>
</pin_list>
<bind>
<opset="p_0_0_0_0_02548 "/>
</bind>
</comp>

<comp id="1072" class="1005" name="p_0_3_0_0_02350_reg_1072">
<pin_list>
<pin id="1073" dir="0" index="0" bw="16" slack="0"/>
<pin id="1074" dir="1" index="1" bw="16" slack="0"/>
</pin_list>
<bind>
<opset="p_0_3_0_0_02350 "/>
</bind>
</comp>

<comp id="1078" class="1005" name="p_0_2_0_0_02152_reg_1078">
<pin_list>
<pin id="1079" dir="0" index="0" bw="16" slack="0"/>
<pin id="1080" dir="1" index="1" bw="16" slack="0"/>
</pin_list>
<bind>
<opset="p_0_2_0_0_02152 "/>
</bind>
</comp>

<comp id="1084" class="1005" name="p_0_1_0_0_01954_reg_1084">
<pin_list>
<pin id="1085" dir="0" index="0" bw="16" slack="0"/>
<pin id="1086" dir="1" index="1" bw="16" slack="0"/>
</pin_list>
<bind>
<opset="p_0_1_0_0_01954 "/>
</bind>
</comp>

<comp id="1090" class="1005" name="p_0_0_0_0_01756_reg_1090">
<pin_list>
<pin id="1091" dir="0" index="0" bw="16" slack="0"/>
<pin id="1092" dir="1" index="1" bw="16" slack="0"/>
</pin_list>
<bind>
<opset="p_0_0_0_0_01756 "/>
</bind>
</comp>

<comp id="1096" class="1005" name="p_0_3_0_0_01558_reg_1096">
<pin_list>
<pin id="1097" dir="0" index="0" bw="16" slack="0"/>
<pin id="1098" dir="1" index="1" bw="16" slack="0"/>
</pin_list>
<bind>
<opset="p_0_3_0_0_01558 "/>
</bind>
</comp>

<comp id="1102" class="1005" name="p_0_2_0_0_01360_reg_1102">
<pin_list>
<pin id="1103" dir="0" index="0" bw="16" slack="0"/>
<pin id="1104" dir="1" index="1" bw="16" slack="0"/>
</pin_list>
<bind>
<opset="p_0_2_0_0_01360 "/>
</bind>
</comp>

<comp id="1108" class="1005" name="p_0_1_0_0_01162_reg_1108">
<pin_list>
<pin id="1109" dir="0" index="0" bw="16" slack="0"/>
<pin id="1110" dir="1" index="1" bw="16" slack="0"/>
</pin_list>
<bind>
<opset="p_0_1_0_0_01162 "/>
</bind>
</comp>

<comp id="1114" class="1005" name="p_0_0_0_0_0964_reg_1114">
<pin_list>
<pin id="1115" dir="0" index="0" bw="16" slack="0"/>
<pin id="1116" dir="1" index="1" bw="16" slack="0"/>
</pin_list>
<bind>
<opset="p_0_0_0_0_0964 "/>
</bind>
</comp>

<comp id="1120" class="1005" name="p_0_3_0_0_0766_reg_1120">
<pin_list>
<pin id="1121" dir="0" index="0" bw="16" slack="0"/>
<pin id="1122" dir="1" index="1" bw="16" slack="0"/>
</pin_list>
<bind>
<opset="p_0_3_0_0_0766 "/>
</bind>
</comp>

<comp id="1126" class="1005" name="p_0_2_0_0_0568_reg_1126">
<pin_list>
<pin id="1127" dir="0" index="0" bw="16" slack="0"/>
<pin id="1128" dir="1" index="1" bw="16" slack="0"/>
</pin_list>
<bind>
<opset="p_0_2_0_0_0568 "/>
</bind>
</comp>

<comp id="1132" class="1005" name="p_0_1_0_0_0370_reg_1132">
<pin_list>
<pin id="1133" dir="0" index="0" bw="16" slack="0"/>
<pin id="1134" dir="1" index="1" bw="16" slack="0"/>
</pin_list>
<bind>
<opset="p_0_1_0_0_0370 "/>
</bind>
</comp>

<comp id="1138" class="1005" name="p_0_0_0_0_0172_reg_1138">
<pin_list>
<pin id="1139" dir="0" index="0" bw="16" slack="0"/>
<pin id="1140" dir="1" index="1" bw="16" slack="0"/>
</pin_list>
<bind>
<opset="p_0_0_0_0_0172 "/>
</bind>
</comp>

</comp_list>

<net_list>
<net id="135"><net_src comp="74" pin="0"/><net_sink comp="132" pin=0"/></net>

<net id="139"><net_src comp="74" pin="0"/><net_sink comp="136" pin=0"/></net>

<net id="143"><net_src comp="74" pin="0"/><net_sink comp="140" pin=0"/></net>

<net id="147"><net_src comp="74" pin="0"/><net_sink comp="144" pin=0"/></net>

<net id="151"><net_src comp="74" pin="0"/><net_sink comp="148" pin=0"/></net>

<net id="155"><net_src comp="74" pin="0"/><net_sink comp="152" pin=0"/></net>

<net id="159"><net_src comp="74" pin="0"/><net_sink comp="156" pin=0"/></net>

<net id="163"><net_src comp="74" pin="0"/><net_sink comp="160" pin=0"/></net>

<net id="167"><net_src comp="74" pin="0"/><net_sink comp="164" pin=0"/></net>

<net id="171"><net_src comp="74" pin="0"/><net_sink comp="168" pin=0"/></net>

<net id="175"><net_src comp="74" pin="0"/><net_sink comp="172" pin=0"/></net>

<net id="179"><net_src comp="74" pin="0"/><net_sink comp="176" pin=0"/></net>

<net id="183"><net_src comp="74" pin="0"/><net_sink comp="180" pin=0"/></net>

<net id="187"><net_src comp="74" pin="0"/><net_sink comp="184" pin=0"/></net>

<net id="191"><net_src comp="74" pin="0"/><net_sink comp="188" pin=0"/></net>

<net id="195"><net_src comp="74" pin="0"/><net_sink comp="192" pin=0"/></net>

<net id="199"><net_src comp="74" pin="0"/><net_sink comp="196" pin=0"/></net>

<net id="203"><net_src comp="74" pin="0"/><net_sink comp="200" pin=0"/></net>

<net id="207"><net_src comp="74" pin="0"/><net_sink comp="204" pin=0"/></net>

<net id="211"><net_src comp="74" pin="0"/><net_sink comp="208" pin=0"/></net>

<net id="215"><net_src comp="74" pin="0"/><net_sink comp="212" pin=0"/></net>

<net id="219"><net_src comp="74" pin="0"/><net_sink comp="216" pin=0"/></net>

<net id="223"><net_src comp="74" pin="0"/><net_sink comp="220" pin=0"/></net>

<net id="227"><net_src comp="74" pin="0"/><net_sink comp="224" pin=0"/></net>

<net id="231"><net_src comp="74" pin="0"/><net_sink comp="228" pin=0"/></net>

<net id="235"><net_src comp="74" pin="0"/><net_sink comp="232" pin=0"/></net>

<net id="239"><net_src comp="74" pin="0"/><net_sink comp="236" pin=0"/></net>

<net id="243"><net_src comp="74" pin="0"/><net_sink comp="240" pin=0"/></net>

<net id="247"><net_src comp="74" pin="0"/><net_sink comp="244" pin=0"/></net>

<net id="251"><net_src comp="74" pin="0"/><net_sink comp="248" pin=0"/></net>

<net id="255"><net_src comp="74" pin="0"/><net_sink comp="252" pin=0"/></net>

<net id="259"><net_src comp="74" pin="0"/><net_sink comp="256" pin=0"/></net>

<net id="263"><net_src comp="74" pin="0"/><net_sink comp="260" pin=0"/></net>

<net id="267"><net_src comp="74" pin="0"/><net_sink comp="264" pin=0"/></net>

<net id="271"><net_src comp="74" pin="0"/><net_sink comp="268" pin=0"/></net>

<net id="275"><net_src comp="74" pin="0"/><net_sink comp="272" pin=0"/></net>

<net id="279"><net_src comp="74" pin="0"/><net_sink comp="276" pin=0"/></net>

<net id="284"><net_src comp="98" pin="0"/><net_sink comp="280" pin=0"/></net>

<net id="285"><net_src comp="0" pin="0"/><net_sink comp="280" pin=1"/></net>

<net id="291"><net_src comp="130" pin="0"/><net_sink comp="286" pin=0"/></net>

<net id="292"><net_src comp="2" pin="0"/><net_sink comp="286" pin=1"/></net>

<net id="298"><net_src comp="130" pin="0"/><net_sink comp="293" pin=0"/></net>

<net id="299"><net_src comp="4" pin="0"/><net_sink comp="293" pin=1"/></net>

<net id="305"><net_src comp="130" pin="0"/><net_sink comp="300" pin=0"/></net>

<net id="306"><net_src comp="6" pin="0"/><net_sink comp="300" pin=1"/></net>

<net id="312"><net_src comp="130" pin="0"/><net_sink comp="307" pin=0"/></net>

<net id="313"><net_src comp="8" pin="0"/><net_sink comp="307" pin=1"/></net>

<net id="319"><net_src comp="130" pin="0"/><net_sink comp="314" pin=0"/></net>

<net id="320"><net_src comp="10" pin="0"/><net_sink comp="314" pin=1"/></net>

<net id="326"><net_src comp="130" pin="0"/><net_sink comp="321" pin=0"/></net>

<net id="327"><net_src comp="12" pin="0"/><net_sink comp="321" pin=1"/></net>

<net id="333"><net_src comp="130" pin="0"/><net_sink comp="328" pin=0"/></net>

<net id="334"><net_src comp="14" pin="0"/><net_sink comp="328" pin=1"/></net>

<net id="340"><net_src comp="130" pin="0"/><net_sink comp="335" pin=0"/></net>

<net id="341"><net_src comp="16" pin="0"/><net_sink comp="335" pin=1"/></net>

<net id="347"><net_src comp="130" pin="0"/><net_sink comp="342" pin=0"/></net>

<net id="348"><net_src comp="18" pin="0"/><net_sink comp="342" pin=1"/></net>

<net id="354"><net_src comp="130" pin="0"/><net_sink comp="349" pin=0"/></net>

<net id="355"><net_src comp="20" pin="0"/><net_sink comp="349" pin=1"/></net>

<net id="361"><net_src comp="130" pin="0"/><net_sink comp="356" pin=0"/></net>

<net id="362"><net_src comp="22" pin="0"/><net_sink comp="356" pin=1"/></net>

<net id="368"><net_src comp="130" pin="0"/><net_sink comp="363" pin=0"/></net>

<net id="369"><net_src comp="24" pin="0"/><net_sink comp="363" pin=1"/></net>

<net id="375"><net_src comp="130" pin="0"/><net_sink comp="370" pin=0"/></net>

<net id="376"><net_src comp="26" pin="0"/><net_sink comp="370" pin=1"/></net>

<net id="382"><net_src comp="130" pin="0"/><net_sink comp="377" pin=0"/></net>

<net id="383"><net_src comp="28" pin="0"/><net_sink comp="377" pin=1"/></net>

<net id="389"><net_src comp="130" pin="0"/><net_sink comp="384" pin=0"/></net>

<net id="390"><net_src comp="30" pin="0"/><net_sink comp="384" pin=1"/></net>

<net id="396"><net_src comp="130" pin="0"/><net_sink comp="391" pin=0"/></net>

<net id="397"><net_src comp="32" pin="0"/><net_sink comp="391" pin=1"/></net>

<net id="403"><net_src comp="130" pin="0"/><net_sink comp="398" pin=0"/></net>

<net id="404"><net_src comp="34" pin="0"/><net_sink comp="398" pin=1"/></net>

<net id="410"><net_src comp="130" pin="0"/><net_sink comp="405" pin=0"/></net>

<net id="411"><net_src comp="36" pin="0"/><net_sink comp="405" pin=1"/></net>

<net id="417"><net_src comp="130" pin="0"/><net_sink comp="412" pin=0"/></net>

<net id="418"><net_src comp="38" pin="0"/><net_sink comp="412" pin=1"/></net>

<net id="424"><net_src comp="130" pin="0"/><net_sink comp="419" pin=0"/></net>

<net id="425"><net_src comp="40" pin="0"/><net_sink comp="419" pin=1"/></net>

<net id="431"><net_src comp="130" pin="0"/><net_sink comp="426" pin=0"/></net>

<net id="432"><net_src comp="42" pin="0"/><net_sink comp="426" pin=1"/></net>

<net id="438"><net_src comp="130" pin="0"/><net_sink comp="433" pin=0"/></net>

<net id="439"><net_src comp="44" pin="0"/><net_sink comp="433" pin=1"/></net>

<net id="445"><net_src comp="130" pin="0"/><net_sink comp="440" pin=0"/></net>

<net id="446"><net_src comp="46" pin="0"/><net_sink comp="440" pin=1"/></net>

<net id="452"><net_src comp="130" pin="0"/><net_sink comp="447" pin=0"/></net>

<net id="453"><net_src comp="48" pin="0"/><net_sink comp="447" pin=1"/></net>

<net id="459"><net_src comp="130" pin="0"/><net_sink comp="454" pin=0"/></net>

<net id="460"><net_src comp="50" pin="0"/><net_sink comp="454" pin=1"/></net>

<net id="466"><net_src comp="130" pin="0"/><net_sink comp="461" pin=0"/></net>

<net id="467"><net_src comp="52" pin="0"/><net_sink comp="461" pin=1"/></net>

<net id="473"><net_src comp="130" pin="0"/><net_sink comp="468" pin=0"/></net>

<net id="474"><net_src comp="54" pin="0"/><net_sink comp="468" pin=1"/></net>

<net id="480"><net_src comp="130" pin="0"/><net_sink comp="475" pin=0"/></net>

<net id="481"><net_src comp="56" pin="0"/><net_sink comp="475" pin=1"/></net>

<net id="487"><net_src comp="130" pin="0"/><net_sink comp="482" pin=0"/></net>

<net id="488"><net_src comp="58" pin="0"/><net_sink comp="482" pin=1"/></net>

<net id="494"><net_src comp="130" pin="0"/><net_sink comp="489" pin=0"/></net>

<net id="495"><net_src comp="60" pin="0"/><net_sink comp="489" pin=1"/></net>

<net id="501"><net_src comp="130" pin="0"/><net_sink comp="496" pin=0"/></net>

<net id="502"><net_src comp="62" pin="0"/><net_sink comp="496" pin=1"/></net>

<net id="508"><net_src comp="130" pin="0"/><net_sink comp="503" pin=0"/></net>

<net id="509"><net_src comp="64" pin="0"/><net_sink comp="503" pin=1"/></net>

<net id="515"><net_src comp="130" pin="0"/><net_sink comp="510" pin=0"/></net>

<net id="516"><net_src comp="66" pin="0"/><net_sink comp="510" pin=1"/></net>

<net id="522"><net_src comp="130" pin="0"/><net_sink comp="517" pin=0"/></net>

<net id="523"><net_src comp="68" pin="0"/><net_sink comp="517" pin=1"/></net>

<net id="529"><net_src comp="130" pin="0"/><net_sink comp="524" pin=0"/></net>

<net id="530"><net_src comp="70" pin="0"/><net_sink comp="524" pin=1"/></net>

<net id="536"><net_src comp="130" pin="0"/><net_sink comp="531" pin=0"/></net>

<net id="537"><net_src comp="72" pin="0"/><net_sink comp="531" pin=1"/></net>

<net id="542"><net_src comp="86" pin="0"/><net_sink comp="538" pin=0"/></net>

<net id="549"><net_src comp="280" pin="2"/><net_sink comp="546" pin=0"/></net>

<net id="556"><net_src comp="100" pin="0"/><net_sink comp="550" pin=0"/></net>

<net id="557"><net_src comp="280" pin="2"/><net_sink comp="550" pin=1"/></net>

<net id="558"><net_src comp="102" pin="0"/><net_sink comp="550" pin=2"/></net>

<net id="559"><net_src comp="104" pin="0"/><net_sink comp="550" pin=3"/></net>

<net id="566"><net_src comp="100" pin="0"/><net_sink comp="560" pin=0"/></net>

<net id="567"><net_src comp="280" pin="2"/><net_sink comp="560" pin=1"/></net>

<net id="568"><net_src comp="106" pin="0"/><net_sink comp="560" pin=2"/></net>

<net id="569"><net_src comp="108" pin="0"/><net_sink comp="560" pin=3"/></net>

<net id="576"><net_src comp="100" pin="0"/><net_sink comp="570" pin=0"/></net>

<net id="577"><net_src comp="280" pin="2"/><net_sink comp="570" pin=1"/></net>

<net id="578"><net_src comp="110" pin="0"/><net_sink comp="570" pin=2"/></net>

<net id="579"><net_src comp="112" pin="0"/><net_sink comp="570" pin=3"/></net>

<net id="584"><net_src comp="543" pin="1"/><net_sink comp="580" pin=0"/></net>

<net id="585"><net_src comp="114" pin="0"/><net_sink comp="580" pin=1"/></net>

<net id="590"><net_src comp="546" pin="1"/><net_sink comp="586" pin=0"/></net>

<net id="595"><net_src comp="550" pin="4"/><net_sink comp="591" pin=0"/></net>

<net id="600"><net_src comp="560" pin="4"/><net_sink comp="596" pin=0"/></net>

<net id="605"><net_src comp="570" pin="4"/><net_sink comp="601" pin=0"/></net>

<net id="610"><net_src comp="546" pin="1"/><net_sink comp="606" pin=0"/></net>

<net id="615"><net_src comp="550" pin="4"/><net_sink comp="611" pin=0"/></net>

<net id="620"><net_src comp="560" pin="4"/><net_sink comp="616" pin=0"/></net>

<net id="625"><net_src comp="570" pin="4"/><net_sink comp="621" pin=0"/></net>

<net id="630"><net_src comp="546" pin="1"/><net_sink comp="626" pin=0"/></net>

<net id="635"><net_src comp="550" pin="4"/><net_sink comp="631" pin=0"/></net>

<net id="640"><net_src comp="560" pin="4"/><net_sink comp="636" pin=0"/></net>

<net id="645"><net_src comp="570" pin="4"/><net_sink comp="641" pin=0"/></net>

<net id="650"><net_src comp="546" pin="1"/><net_sink comp="646" pin=0"/></net>

<net id="655"><net_src comp="550" pin="4"/><net_sink comp="651" pin=0"/></net>

<net id="660"><net_src comp="560" pin="4"/><net_sink comp="656" pin=0"/></net>

<net id="665"><net_src comp="570" pin="4"/><net_sink comp="661" pin=0"/></net>

<net id="670"><net_src comp="546" pin="1"/><net_sink comp="666" pin=0"/></net>

<net id="675"><net_src comp="550" pin="4"/><net_sink comp="671" pin=0"/></net>

<net id="680"><net_src comp="560" pin="4"/><net_sink comp="676" pin=0"/></net>

<net id="685"><net_src comp="570" pin="4"/><net_sink comp="681" pin=0"/></net>

<net id="690"><net_src comp="546" pin="1"/><net_sink comp="686" pin=0"/></net>

<net id="695"><net_src comp="550" pin="4"/><net_sink comp="691" pin=0"/></net>

<net id="700"><net_src comp="560" pin="4"/><net_sink comp="696" pin=0"/></net>

<net id="705"><net_src comp="570" pin="4"/><net_sink comp="701" pin=0"/></net>

<net id="710"><net_src comp="546" pin="1"/><net_sink comp="706" pin=0"/></net>

<net id="715"><net_src comp="550" pin="4"/><net_sink comp="711" pin=0"/></net>

<net id="720"><net_src comp="560" pin="4"/><net_sink comp="716" pin=0"/></net>

<net id="725"><net_src comp="570" pin="4"/><net_sink comp="721" pin=0"/></net>

<net id="730"><net_src comp="546" pin="1"/><net_sink comp="726" pin=0"/></net>

<net id="735"><net_src comp="550" pin="4"/><net_sink comp="731" pin=0"/></net>

<net id="740"><net_src comp="560" pin="4"/><net_sink comp="736" pin=0"/></net>

<net id="745"><net_src comp="570" pin="4"/><net_sink comp="741" pin=0"/></net>

<net id="750"><net_src comp="546" pin="1"/><net_sink comp="746" pin=0"/></net>

<net id="755"><net_src comp="550" pin="4"/><net_sink comp="751" pin=0"/></net>

<net id="760"><net_src comp="560" pin="4"/><net_sink comp="756" pin=0"/></net>

<net id="765"><net_src comp="570" pin="4"/><net_sink comp="761" pin=0"/></net>

<net id="770"><net_src comp="543" pin="1"/><net_sink comp="766" pin=0"/></net>

<net id="771"><net_src comp="128" pin="0"/><net_sink comp="766" pin=1"/></net>

<net id="776"><net_src comp="580" pin="2"/><net_sink comp="772" pin=0"/></net>

<net id="780"><net_src comp="777" pin="1"/><net_sink comp="286" pin=2"/></net>

<net id="784"><net_src comp="781" pin="1"/><net_sink comp="293" pin=2"/></net>

<net id="788"><net_src comp="785" pin="1"/><net_sink comp="300" pin=2"/></net>

<net id="792"><net_src comp="789" pin="1"/><net_sink comp="307" pin=2"/></net>

<net id="796"><net_src comp="793" pin="1"/><net_sink comp="314" pin=2"/></net>

<net id="800"><net_src comp="797" pin="1"/><net_sink comp="321" pin=2"/></net>

<net id="804"><net_src comp="801" pin="1"/><net_sink comp="328" pin=2"/></net>

<net id="808"><net_src comp="805" pin="1"/><net_sink comp="335" pin=2"/></net>

<net id="812"><net_src comp="809" pin="1"/><net_sink comp="342" pin=2"/></net>

<net id="816"><net_src comp="813" pin="1"/><net_sink comp="349" pin=2"/></net>

<net id="820"><net_src comp="817" pin="1"/><net_sink comp="356" pin=2"/></net>

<net id="824"><net_src comp="821" pin="1"/><net_sink comp="363" pin=2"/></net>

<net id="828"><net_src comp="825" pin="1"/><net_sink comp="370" pin=2"/></net>

<net id="832"><net_src comp="829" pin="1"/><net_sink comp="377" pin=2"/></net>

<net id="836"><net_src comp="833" pin="1"/><net_sink comp="384" pin=2"/></net>

<net id="840"><net_src comp="837" pin="1"/><net_sink comp="391" pin=2"/></net>

<net id="844"><net_src comp="841" pin="1"/><net_sink comp="398" pin=2"/></net>

<net id="848"><net_src comp="845" pin="1"/><net_sink comp="405" pin=2"/></net>

<net id="852"><net_src comp="849" pin="1"/><net_sink comp="412" pin=2"/></net>

<net id="856"><net_src comp="853" pin="1"/><net_sink comp="419" pin=2"/></net>

<net id="860"><net_src comp="857" pin="1"/><net_sink comp="426" pin=2"/></net>

<net id="864"><net_src comp="861" pin="1"/><net_sink comp="433" pin=2"/></net>

<net id="868"><net_src comp="865" pin="1"/><net_sink comp="440" pin=2"/></net>

<net id="872"><net_src comp="869" pin="1"/><net_sink comp="447" pin=2"/></net>

<net id="876"><net_src comp="873" pin="1"/><net_sink comp="454" pin=2"/></net>

<net id="880"><net_src comp="877" pin="1"/><net_sink comp="461" pin=2"/></net>

<net id="884"><net_src comp="881" pin="1"/><net_sink comp="468" pin=2"/></net>

<net id="888"><net_src comp="885" pin="1"/><net_sink comp="475" pin=2"/></net>

<net id="892"><net_src comp="889" pin="1"/><net_sink comp="482" pin=2"/></net>

<net id="896"><net_src comp="893" pin="1"/><net_sink comp="489" pin=2"/></net>

<net id="900"><net_src comp="897" pin="1"/><net_sink comp="496" pin=2"/></net>

<net id="904"><net_src comp="901" pin="1"/><net_sink comp="503" pin=2"/></net>

<net id="908"><net_src comp="905" pin="1"/><net_sink comp="510" pin=2"/></net>

<net id="912"><net_src comp="909" pin="1"/><net_sink comp="517" pin=2"/></net>

<net id="916"><net_src comp="913" pin="1"/><net_sink comp="524" pin=2"/></net>

<net id="920"><net_src comp="917" pin="1"/><net_sink comp="531" pin=2"/></net>

<net id="924"><net_src comp="132" pin="1"/><net_sink comp="921" pin=0"/></net>

<net id="925"><net_src comp="921" pin="1"/><net_sink comp="538" pin=1"/></net>

<net id="926"><net_src comp="921" pin="1"/><net_sink comp="543" pin=0"/></net>

<net id="927"><net_src comp="921" pin="1"/><net_sink comp="772" pin=1"/></net>

<net id="931"><net_src comp="136" pin="1"/><net_sink comp="928" pin=0"/></net>

<net id="932"><net_src comp="928" pin="1"/><net_sink comp="761" pin=1"/></net>

<net id="933"><net_src comp="928" pin="1"/><net_sink comp="777" pin=0"/></net>

<net id="937"><net_src comp="140" pin="1"/><net_sink comp="934" pin=0"/></net>

<net id="938"><net_src comp="934" pin="1"/><net_sink comp="756" pin=1"/></net>

<net id="939"><net_src comp="934" pin="1"/><net_sink comp="781" pin=0"/></net>

<net id="943"><net_src comp="144" pin="1"/><net_sink comp="940" pin=0"/></net>

<net id="944"><net_src comp="940" pin="1"/><net_sink comp="751" pin=1"/></net>

<net id="945"><net_src comp="940" pin="1"/><net_sink comp="785" pin=0"/></net>

<net id="949"><net_src comp="148" pin="1"/><net_sink comp="946" pin=0"/></net>

<net id="950"><net_src comp="946" pin="1"/><net_sink comp="746" pin=1"/></net>

<net id="951"><net_src comp="946" pin="1"/><net_sink comp="789" pin=0"/></net>

<net id="955"><net_src comp="152" pin="1"/><net_sink comp="952" pin=0"/></net>

<net id="956"><net_src comp="952" pin="1"/><net_sink comp="741" pin=1"/></net>

<net id="957"><net_src comp="952" pin="1"/><net_sink comp="793" pin=0"/></net>

<net id="961"><net_src comp="156" pin="1"/><net_sink comp="958" pin=0"/></net>

<net id="962"><net_src comp="958" pin="1"/><net_sink comp="736" pin=1"/></net>

<net id="963"><net_src comp="958" pin="1"/><net_sink comp="797" pin=0"/></net>

<net id="967"><net_src comp="160" pin="1"/><net_sink comp="964" pin=0"/></net>

<net id="968"><net_src comp="964" pin="1"/><net_sink comp="731" pin=1"/></net>

<net id="969"><net_src comp="964" pin="1"/><net_sink comp="801" pin=0"/></net>

<net id="973"><net_src comp="164" pin="1"/><net_sink comp="970" pin=0"/></net>

<net id="974"><net_src comp="970" pin="1"/><net_sink comp="726" pin=1"/></net>

<net id="975"><net_src comp="970" pin="1"/><net_sink comp="805" pin=0"/></net>

<net id="979"><net_src comp="168" pin="1"/><net_sink comp="976" pin=0"/></net>

<net id="980"><net_src comp="976" pin="1"/><net_sink comp="721" pin=1"/></net>

<net id="981"><net_src comp="976" pin="1"/><net_sink comp="809" pin=0"/></net>

<net id="985"><net_src comp="172" pin="1"/><net_sink comp="982" pin=0"/></net>

<net id="986"><net_src comp="982" pin="1"/><net_sink comp="716" pin=1"/></net>

<net id="987"><net_src comp="982" pin="1"/><net_sink comp="813" pin=0"/></net>

<net id="991"><net_src comp="176" pin="1"/><net_sink comp="988" pin=0"/></net>

<net id="992"><net_src comp="988" pin="1"/><net_sink comp="711" pin=1"/></net>

<net id="993"><net_src comp="988" pin="1"/><net_sink comp="817" pin=0"/></net>

<net id="997"><net_src comp="180" pin="1"/><net_sink comp="994" pin=0"/></net>

<net id="998"><net_src comp="994" pin="1"/><net_sink comp="706" pin=1"/></net>

<net id="999"><net_src comp="994" pin="1"/><net_sink comp="821" pin=0"/></net>

<net id="1003"><net_src comp="184" pin="1"/><net_sink comp="1000" pin=0"/></net>

<net id="1004"><net_src comp="1000" pin="1"/><net_sink comp="701" pin=1"/></net>

<net id="1005"><net_src comp="1000" pin="1"/><net_sink comp="825" pin=0"/></net>

<net id="1009"><net_src comp="188" pin="1"/><net_sink comp="1006" pin=0"/></net>

<net id="1010"><net_src comp="1006" pin="1"/><net_sink comp="696" pin=1"/></net>

<net id="1011"><net_src comp="1006" pin="1"/><net_sink comp="829" pin=0"/></net>

<net id="1015"><net_src comp="192" pin="1"/><net_sink comp="1012" pin=0"/></net>

<net id="1016"><net_src comp="1012" pin="1"/><net_sink comp="691" pin=1"/></net>

<net id="1017"><net_src comp="1012" pin="1"/><net_sink comp="833" pin=0"/></net>

<net id="1021"><net_src comp="196" pin="1"/><net_sink comp="1018" pin=0"/></net>

<net id="1022"><net_src comp="1018" pin="1"/><net_sink comp="686" pin=1"/></net>

<net id="1023"><net_src comp="1018" pin="1"/><net_sink comp="837" pin=0"/></net>

<net id="1027"><net_src comp="200" pin="1"/><net_sink comp="1024" pin=0"/></net>

<net id="1028"><net_src comp="1024" pin="1"/><net_sink comp="681" pin=1"/></net>

<net id="1029"><net_src comp="1024" pin="1"/><net_sink comp="841" pin=0"/></net>

<net id="1033"><net_src comp="204" pin="1"/><net_sink comp="1030" pin=0"/></net>

<net id="1034"><net_src comp="1030" pin="1"/><net_sink comp="676" pin=1"/></net>

<net id="1035"><net_src comp="1030" pin="1"/><net_sink comp="845" pin=0"/></net>

<net id="1039"><net_src comp="208" pin="1"/><net_sink comp="1036" pin=0"/></net>

<net id="1040"><net_src comp="1036" pin="1"/><net_sink comp="671" pin=1"/></net>

<net id="1041"><net_src comp="1036" pin="1"/><net_sink comp="849" pin=0"/></net>

<net id="1045"><net_src comp="212" pin="1"/><net_sink comp="1042" pin=0"/></net>

<net id="1046"><net_src comp="1042" pin="1"/><net_sink comp="666" pin=1"/></net>

<net id="1047"><net_src comp="1042" pin="1"/><net_sink comp="853" pin=0"/></net>

<net id="1051"><net_src comp="216" pin="1"/><net_sink comp="1048" pin=0"/></net>

<net id="1052"><net_src comp="1048" pin="1"/><net_sink comp="661" pin=1"/></net>

<net id="1053"><net_src comp="1048" pin="1"/><net_sink comp="857" pin=0"/></net>

<net id="1057"><net_src comp="220" pin="1"/><net_sink comp="1054" pin=0"/></net>

<net id="1058"><net_src comp="1054" pin="1"/><net_sink comp="656" pin=1"/></net>

<net id="1059"><net_src comp="1054" pin="1"/><net_sink comp="861" pin=0"/></net>

<net id="1063"><net_src comp="224" pin="1"/><net_sink comp="1060" pin=0"/></net>

<net id="1064"><net_src comp="1060" pin="1"/><net_sink comp="651" pin=1"/></net>

<net id="1065"><net_src comp="1060" pin="1"/><net_sink comp="865" pin=0"/></net>

<net id="1069"><net_src comp="228" pin="1"/><net_sink comp="1066" pin=0"/></net>

<net id="1070"><net_src comp="1066" pin="1"/><net_sink comp="646" pin=1"/></net>

<net id="1071"><net_src comp="1066" pin="1"/><net_sink comp="869" pin=0"/></net>

<net id="1075"><net_src comp="232" pin="1"/><net_sink comp="1072" pin=0"/></net>

<net id="1076"><net_src comp="1072" pin="1"/><net_sink comp="641" pin=1"/></net>

<net id="1077"><net_src comp="1072" pin="1"/><net_sink comp="873" pin=0"/></net>

<net id="1081"><net_src comp="236" pin="1"/><net_sink comp="1078" pin=0"/></net>

<net id="1082"><net_src comp="1078" pin="1"/><net_sink comp="636" pin=1"/></net>

<net id="1083"><net_src comp="1078" pin="1"/><net_sink comp="877" pin=0"/></net>

<net id="1087"><net_src comp="240" pin="1"/><net_sink comp="1084" pin=0"/></net>

<net id="1088"><net_src comp="1084" pin="1"/><net_sink comp="631" pin=1"/></net>

<net id="1089"><net_src comp="1084" pin="1"/><net_sink comp="881" pin=0"/></net>

<net id="1093"><net_src comp="244" pin="1"/><net_sink comp="1090" pin=0"/></net>

<net id="1094"><net_src comp="1090" pin="1"/><net_sink comp="626" pin=1"/></net>

<net id="1095"><net_src comp="1090" pin="1"/><net_sink comp="885" pin=0"/></net>

<net id="1099"><net_src comp="248" pin="1"/><net_sink comp="1096" pin=0"/></net>

<net id="1100"><net_src comp="1096" pin="1"/><net_sink comp="621" pin=1"/></net>

<net id="1101"><net_src comp="1096" pin="1"/><net_sink comp="889" pin=0"/></net>

<net id="1105"><net_src comp="252" pin="1"/><net_sink comp="1102" pin=0"/></net>

<net id="1106"><net_src comp="1102" pin="1"/><net_sink comp="616" pin=1"/></net>

<net id="1107"><net_src comp="1102" pin="1"/><net_sink comp="893" pin=0"/></net>

<net id="1111"><net_src comp="256" pin="1"/><net_sink comp="1108" pin=0"/></net>

<net id="1112"><net_src comp="1108" pin="1"/><net_sink comp="611" pin=1"/></net>

<net id="1113"><net_src comp="1108" pin="1"/><net_sink comp="897" pin=0"/></net>

<net id="1117"><net_src comp="260" pin="1"/><net_sink comp="1114" pin=0"/></net>

<net id="1118"><net_src comp="1114" pin="1"/><net_sink comp="606" pin=1"/></net>

<net id="1119"><net_src comp="1114" pin="1"/><net_sink comp="901" pin=0"/></net>

<net id="1123"><net_src comp="264" pin="1"/><net_sink comp="1120" pin=0"/></net>

<net id="1124"><net_src comp="1120" pin="1"/><net_sink comp="601" pin=1"/></net>

<net id="1125"><net_src comp="1120" pin="1"/><net_sink comp="905" pin=0"/></net>

<net id="1129"><net_src comp="268" pin="1"/><net_sink comp="1126" pin=0"/></net>

<net id="1130"><net_src comp="1126" pin="1"/><net_sink comp="596" pin=1"/></net>

<net id="1131"><net_src comp="1126" pin="1"/><net_sink comp="909" pin=0"/></net>

<net id="1135"><net_src comp="272" pin="1"/><net_sink comp="1132" pin=0"/></net>

<net id="1136"><net_src comp="1132" pin="1"/><net_sink comp="591" pin=1"/></net>

<net id="1137"><net_src comp="1132" pin="1"/><net_sink comp="913" pin=0"/></net>

<net id="1141"><net_src comp="276" pin="1"/><net_sink comp="1138" pin=0"/></net>

<net id="1142"><net_src comp="1138" pin="1"/><net_sink comp="586" pin=1"/></net>

<net id="1143"><net_src comp="1138" pin="1"/><net_sink comp="917" pin=0"/></net>

</net_list>

</model> 
---------------- Datapath Model END ------------------

* FSMD analyzer results:
  - Output states:
	Port: layer4_out | {}
	Port: data_42_out | {1 }
	Port: data_41_out | {1 }
	Port: data_40_out | {1 }
	Port: data_39_out | {1 }
	Port: data_38_out | {1 }
	Port: data_37_out | {1 }
	Port: data_36_out | {1 }
	Port: data_35_out | {1 }
	Port: data_34_out | {1 }
	Port: data_33_out | {1 }
	Port: data_32_out | {1 }
	Port: data_31_out | {1 }
	Port: data_30_out | {1 }
	Port: data_29_out | {1 }
	Port: data_28_out | {1 }
	Port: data_27_out | {1 }
	Port: data_26_out | {1 }
	Port: data_25_out | {1 }
	Port: data_24_out | {1 }
	Port: data_23_out | {1 }
	Port: data_22_out | {1 }
	Port: data_21_out | {1 }
	Port: data_20_out | {1 }
	Port: data_19_out | {1 }
	Port: data_18_out | {1 }
	Port: data_17_out | {1 }
	Port: data_16_out | {1 }
	Port: data_15_out | {1 }
	Port: data_14_out | {1 }
	Port: data_13_out | {1 }
	Port: data_12_out | {1 }
	Port: data_11_out | {1 }
	Port: data_10_out | {1 }
	Port: data_9_out | {1 }
	Port: data_8_out | {1 }
	Port: data_out | {1 }
 - Input state : 
	Port: dense<array,array<ap_fixed<39,19,5,3,0>,8u>,config6>_Pipeline_DataPrepare : layer4_out | {1 }
  - Chain level:
	State 1
		store_ln0 : 1
		i_in73_load : 1
		i_in : 2
		switch_ln39 : 2
		store_ln35 : 1
		store_ln35 : 1
		store_ln35 : 1
		store_ln35 : 1
		store_ln35 : 1
		store_ln35 : 1
		store_ln35 : 1
		store_ln35 : 1
		store_ln35 : 1
		store_ln35 : 1
		store_ln35 : 1
		store_ln35 : 1
		store_ln35 : 1
		store_ln35 : 1
		store_ln35 : 1
		store_ln35 : 1
		store_ln35 : 1
		store_ln35 : 1
		store_ln35 : 1
		store_ln35 : 1
		store_ln35 : 1
		store_ln35 : 1
		store_ln35 : 1
		store_ln35 : 1
		store_ln35 : 1
		store_ln35 : 1
		store_ln35 : 1
		store_ln35 : 1
		store_ln35 : 1
		store_ln35 : 1
		store_ln35 : 1
		store_ln35 : 1
		store_ln35 : 1
		store_ln35 : 1
		store_ln35 : 1
		store_ln35 : 1
		icmp_ln33 : 2
		store_ln33 : 3
		br_ln33 : 3
		p_0_3_0_0_0712_load : 1
		p_0_2_0_0_0694_load : 1
		p_0_1_0_0_0676_load : 1
		p_0_0_0_0_0658_load : 1
		p_0_3_0_0_06310_load : 1
		p_0_2_0_0_06112_load : 1
		p_0_1_0_0_05914_load : 1
		p_0_0_0_0_05716_load : 1
		p_0_3_0_0_05518_load : 1
		p_0_2_0_0_05320_load : 1
		p_0_1_0_0_05122_load : 1
		p_0_0_0_0_04924_load : 1
		p_0_3_0_0_04726_load : 1
		p_0_2_0_0_04528_load : 1
		p_0_1_0_0_04330_load : 1
		p_0_0_0_0_04132_load : 1
		p_0_3_0_0_03934_load : 1
		p_0_2_0_0_03736_load : 1
		p_0_1_0_0_03538_load : 1
		p_0_0_0_0_03340_load : 1
		p_0_3_0_0_03142_load : 1
		p_0_2_0_0_02944_load : 1
		p_0_1_0_0_02746_load : 1
		p_0_0_0_0_02548_load : 1
		p_0_3_0_0_02350_load : 1
		p_0_2_0_0_02152_load : 1
		p_0_1_0_0_01954_load : 1
		p_0_0_0_0_01756_load : 1
		p_0_3_0_0_01558_load : 1
		p_0_2_0_0_01360_load : 1
		p_0_1_0_0_01162_load : 1
		p_0_0_0_0_0964_load : 1
		p_0_3_0_0_0766_load : 1
		p_0_2_0_0_0568_load : 1
		p_0_1_0_0_0370_load : 1
		p_0_0_0_0_0172_load : 1
		write_ln0 : 2
		write_ln0 : 2
		write_ln0 : 2
		write_ln0 : 2
		write_ln0 : 2
		write_ln0 : 2
		write_ln0 : 2
		write_ln0 : 2
		write_ln0 : 2
		write_ln0 : 2
		write_ln0 : 2
		write_ln0 : 2
		write_ln0 : 2
		write_ln0 : 2
		write_ln0 : 2
		write_ln0 : 2
		write_ln0 : 2
		write_ln0 : 2
		write_ln0 : 2
		write_ln0 : 2
		write_ln0 : 2
		write_ln0 : 2
		write_ln0 : 2
		write_ln0 : 2
		write_ln0 : 2
		write_ln0 : 2
		write_ln0 : 2
		write_ln0 : 2
		write_ln0 : 2
		write_ln0 : 2
		write_ln0 : 2
		write_ln0 : 2
		write_ln0 : 2
		write_ln0 : 2
		write_ln0 : 2
		write_ln0 : 2


============================================================
+ Verbose Summary: Datapath Resource usage 
============================================================

* Functional unit list:
|----------|-----------------------------|---------|---------|
| Operation|       Functional Unit       |    FF   |   LUT   |
|----------|-----------------------------|---------|---------|
|    add   |         i_in_fu_580         |    0    |    12   |
|----------|-----------------------------|---------|---------|
|   icmp   |       icmp_ln33_fu_766      |    0    |    12   |
|----------|-----------------------------|---------|---------|
|   read   | layer4_out_read_read_fu_280 |    0    |    0    |
|----------|-----------------------------|---------|---------|
|          |    write_ln0_write_fu_286   |    0    |    0    |
|          |    write_ln0_write_fu_293   |    0    |    0    |
|          |    write_ln0_write_fu_300   |    0    |    0    |
|          |    write_ln0_write_fu_307   |    0    |    0    |
|          |    write_ln0_write_fu_314   |    0    |    0    |
|          |    write_ln0_write_fu_321   |    0    |    0    |
|          |    write_ln0_write_fu_328   |    0    |    0    |
|          |    write_ln0_write_fu_335   |    0    |    0    |
|          |    write_ln0_write_fu_342   |    0    |    0    |
|          |    write_ln0_write_fu_349   |    0    |    0    |
|          |    write_ln0_write_fu_356   |    0    |    0    |
|          |    write_ln0_write_fu_363   |    0    |    0    |
|          |    write_ln0_write_fu_370   |    0    |    0    |
|          |    write_ln0_write_fu_377   |    0    |    0    |
|          |    write_ln0_write_fu_384   |    0    |    0    |
|          |    write_ln0_write_fu_391   |    0    |    0    |
|          |    write_ln0_write_fu_398   |    0    |    0    |
|   write  |    write_ln0_write_fu_405   |    0    |    0    |
|          |    write_ln0_write_fu_412   |    0    |    0    |
|          |    write_ln0_write_fu_419   |    0    |    0    |
|          |    write_ln0_write_fu_426   |    0    |    0    |
|          |    write_ln0_write_fu_433   |    0    |    0    |
|          |    write_ln0_write_fu_440   |    0    |    0    |
|          |    write_ln0_write_fu_447   |    0    |    0    |
|          |    write_ln0_write_fu_454   |    0    |    0    |
|          |    write_ln0_write_fu_461   |    0    |    0    |
|          |    write_ln0_write_fu_468   |    0    |    0    |
|          |    write_ln0_write_fu_475   |    0    |    0    |
|          |    write_ln0_write_fu_482   |    0    |    0    |
|          |    write_ln0_write_fu_489   |    0    |    0    |
|          |    write_ln0_write_fu_496   |    0    |    0    |
|          |    write_ln0_write_fu_503   |    0    |    0    |
|          |    write_ln0_write_fu_510   |    0    |    0    |
|          |    write_ln0_write_fu_517   |    0    |    0    |
|          |    write_ln0_write_fu_524   |    0    |    0    |
|          |    write_ln0_write_fu_531   |    0    |    0    |
|----------|-----------------------------|---------|---------|
|   trunc  |       data_pack_fu_546      |    0    |    0    |
|----------|-----------------------------|---------|---------|
|          |      data_pack_1_fu_550     |    0    |    0    |
|partselect|      data_pack_2_fu_560     |    0    |    0    |
|          |      data_pack_3_fu_570     |    0    |    0    |
|----------|-----------------------------|---------|---------|
|   Total  |                             |    0    |    24   |
|----------|-----------------------------|---------|---------|

Memories:
N/A

* Register list:
+------------------------+--------+
|                        |   FF   |
+------------------------+--------+
|     i_in73_reg_921     |    4   |
| p_0_0_0_0_0172_reg_1138|   16   |
|p_0_0_0_0_01756_reg_1090|   16   |
|p_0_0_0_0_02548_reg_1066|   16   |
|p_0_0_0_0_03340_reg_1042|   16   |
|p_0_0_0_0_04132_reg_1018|   16   |
| p_0_0_0_0_04924_reg_994|   16   |
| p_0_0_0_0_05716_reg_970|   16   |
| p_0_0_0_0_0658_reg_946 |   16   |
| p_0_0_0_0_0964_reg_1114|   16   |
|p_0_1_0_0_01162_reg_1108|   16   |
|p_0_1_0_0_01954_reg_1084|   16   |
|p_0_1_0_0_02746_reg_1060|   16   |
|p_0_1_0_0_03538_reg_1036|   16   |
| p_0_1_0_0_0370_reg_1132|   16   |
|p_0_1_0_0_04330_reg_1012|   16   |
| p_0_1_0_0_05122_reg_988|   16   |
| p_0_1_0_0_05914_reg_964|   16   |
| p_0_1_0_0_0676_reg_940 |   16   |
|p_0_2_0_0_01360_reg_1102|   16   |
|p_0_2_0_0_02152_reg_1078|   16   |
|p_0_2_0_0_02944_reg_1054|   16   |
|p_0_2_0_0_03736_reg_1030|   16   |
|p_0_2_0_0_04528_reg_1006|   16   |
| p_0_2_0_0_05320_reg_982|   16   |
| p_0_2_0_0_0568_reg_1126|   16   |
| p_0_2_0_0_06112_reg_958|   16   |
| p_0_2_0_0_0694_reg_934 |   16   |
|p_0_3_0_0_01558_reg_1096|   16   |
|p_0_3_0_0_02350_reg_1072|   16   |
|p_0_3_0_0_03142_reg_1048|   16   |
|p_0_3_0_0_03934_reg_1024|   16   |
|p_0_3_0_0_04726_reg_1000|   16   |
| p_0_3_0_0_05518_reg_976|   16   |
| p_0_3_0_0_06310_reg_952|   16   |
| p_0_3_0_0_0712_reg_928 |   16   |
| p_0_3_0_0_0766_reg_1120|   16   |
+------------------------+--------+
|          Total         |   580  |
+------------------------+--------+

* Multiplexer (MUX) list: 
|--------|------|------|------|--------|
|  Comp  |  Pin | Size |  BW  | S x BW |
|--------|------|------|------|--------|
|  Total |      |      |      |    0   |
|--------|------|------|------|--------|



* Summary:
+-----------+--------+--------+
|           |   FF   |   LUT  |
+-----------+--------+--------+
|  Function |    0   |   24   |
|   Memory  |    -   |    -   |
|Multiplexer|    -   |    -   |
|  Register |   580  |    -   |
+-----------+--------+--------+
|   Total   |   580  |   24   |
+-----------+--------+--------+
