

================================================================
== Vitis HLS Report for 'dense_latency_ap_fixed_16_6_5_3_0_ap_fixed_37_17_5_3_0_config2_mult_s'
================================================================
* Date:           Mon Mar 23 21:38:01 2026

* Version:        2024.2 (Build 5238294 on Nov  8 2024)
* Project:        myproject_prj
* Solution:       solution1 (Vivado IP Flow Target)
* Product family: zynquplus
* Target device:  xczu7ev-ffvc1156-2-e


================================================================
== Performance Estimates
================================================================
+ Timing: 
    * Summary: 
    +--------+---------+----------+------------+
    |  Clock |  Target | Estimated| Uncertainty|
    +--------+---------+----------+------------+
    |ap_clk  |  5.00 ns|  3.233 ns|     1.35 ns|
    +--------+---------+----------+------------+

+ Latency: 
    * Summary: 
    +---------+---------+----------+----------+-----+-----+---------+
    |  Latency (cycles) |  Latency (absolute) |  Interval | Pipeline|
    |   min   |   max   |    min   |    max   | min | max |   Type  |
    +---------+---------+----------+----------+-----+-----+---------+
    |        1|        1|  5.000 ns|  5.000 ns|    1|    1|      yes|
    +---------+---------+----------+----------+-----+-----+---------+

    + Detail: 
        * Instance: 
        N/A

        * Loop: 
        N/A



================================================================
== Utilization Estimates
================================================================
* Summary: 
+-----------------+---------+------+--------+--------+-----+
|       Name      | BRAM_18K|  DSP |   FF   |   LUT  | URAM|
+-----------------+---------+------+--------+--------+-----+
|DSP              |        -|     -|       -|       -|    -|
|Expression       |        -|     -|       0|     780|    -|
|FIFO             |        -|     -|       -|       -|    -|
|Instance         |        -|    31|       0|     155|    -|
|Memory           |        -|     -|       -|       -|    -|
|Multiplexer      |        -|     -|       -|       -|    -|
|Register         |        -|     -|     305|       -|    -|
+-----------------+---------+------+--------+--------+-----+
|Total            |        0|    31|     305|     935|    0|
+-----------------+---------+------+--------+--------+-----+
|Available        |      624|  1728|  460800|  230400|   96|
+-----------------+---------+------+--------+--------+-----+
|Utilization (%)  |        0|     1|      ~0|      ~0|    0|
+-----------------+---------+------+--------+--------+-----+

+ Detail: 
    * Instance: 
    +-------------------------+---------------------+---------+----+---+----+-----+
    |         Instance        |        Module       | BRAM_18K| DSP| FF| LUT| URAM|
    +-------------------------+---------------------+---------+----+---+----+-----+
    |mul_16s_10ns_26_1_1_U15  |mul_16s_10ns_26_1_1  |        0|   1|  0|   5|    0|
    |mul_16s_10ns_26_1_1_U23  |mul_16s_10ns_26_1_1  |        0|   1|  0|   5|    0|
    |mul_16s_10ns_26_1_1_U27  |mul_16s_10ns_26_1_1  |        0|   1|  0|   5|    0|
    |mul_16s_10ns_26_1_1_U30  |mul_16s_10ns_26_1_1  |        0|   1|  0|   5|    0|
    |mul_16s_10ns_26_1_1_U34  |mul_16s_10ns_26_1_1  |        0|   1|  0|   5|    0|
    |mul_16s_10ns_26_1_1_U36  |mul_16s_10ns_26_1_1  |        0|   1|  0|   5|    0|
    |mul_16s_10ns_26_1_1_U40  |mul_16s_10ns_26_1_1  |        0|   1|  0|   5|    0|
    |mul_16s_10s_26_1_1_U14   |mul_16s_10s_26_1_1   |        0|   1|  0|   5|    0|
    |mul_16s_10s_26_1_1_U16   |mul_16s_10s_26_1_1   |        0|   1|  0|   5|    0|
    |mul_16s_10s_26_1_1_U18   |mul_16s_10s_26_1_1   |        0|   1|  0|   5|    0|
    |mul_16s_10s_26_1_1_U20   |mul_16s_10s_26_1_1   |        0|   1|  0|   5|    0|
    |mul_16s_10s_26_1_1_U29   |mul_16s_10s_26_1_1   |        0|   1|  0|   5|    0|
    |mul_16s_10s_26_1_1_U35   |mul_16s_10s_26_1_1   |        0|   1|  0|   5|    0|
    |mul_16s_10s_26_1_1_U37   |mul_16s_10s_26_1_1   |        0|   1|  0|   5|    0|
    |mul_16s_10s_26_1_1_U39   |mul_16s_10s_26_1_1   |        0|   1|  0|   5|    0|
    |mul_16s_7s_23_1_1_U32    |mul_16s_7s_23_1_1    |        0|   1|  0|   5|    0|
    |mul_16s_7s_23_1_1_U38    |mul_16s_7s_23_1_1    |        0|   1|  0|   5|    0|
    |mul_16s_8ns_24_1_1_U13   |mul_16s_8ns_24_1_1   |        0|   1|  0|   5|    0|
    |mul_16s_8ns_24_1_1_U21   |mul_16s_8ns_24_1_1   |        0|   1|  0|   5|    0|
    |mul_16s_8ns_24_1_1_U22   |mul_16s_8ns_24_1_1   |        0|   1|  0|   5|    0|
    |mul_16s_8ns_24_1_1_U25   |mul_16s_8ns_24_1_1   |        0|   1|  0|   5|    0|
    |mul_16s_8ns_24_1_1_U28   |mul_16s_8ns_24_1_1   |        0|   1|  0|   5|    0|
    |mul_16s_8s_24_1_1_U26    |mul_16s_8s_24_1_1    |        0|   1|  0|   5|    0|
    |mul_16s_9ns_25_1_1_U24   |mul_16s_9ns_25_1_1   |        0|   1|  0|   5|    0|
    |mul_16s_9ns_25_1_1_U31   |mul_16s_9ns_25_1_1   |        0|   1|  0|   5|    0|
    |mul_16s_9ns_25_1_1_U33   |mul_16s_9ns_25_1_1   |        0|   1|  0|   5|    0|
    |mul_16s_9s_25_1_1_U12    |mul_16s_9s_25_1_1    |        0|   1|  0|   5|    0|
    |mul_16s_9s_25_1_1_U17    |mul_16s_9s_25_1_1    |        0|   1|  0|   5|    0|
    |mul_16s_9s_25_1_1_U19    |mul_16s_9s_25_1_1    |        0|   1|  0|   5|    0|
    |mul_16s_9s_25_1_1_U41    |mul_16s_9s_25_1_1    |        0|   1|  0|   5|    0|
    |mul_16s_9s_25_1_1_U42    |mul_16s_9s_25_1_1    |        0|   1|  0|   5|    0|
    +-------------------------+---------------------+---------+----+---+----+-----+
    |Total                    |                     |        0|  31|  0| 155|    0|
    +-------------------------+---------------------+---------+----+---+----+-----+

    * DSP: 
    N/A

    * Memory: 
    N/A

    * FIFO: 
    N/A

    * Expression: 
    +-------------------------+----------+----+---+----+------------+------------+
    |      Variable Name      | Operation| DSP| FF| LUT| Bitwidth P0| Bitwidth P1|
    +-------------------------+----------+----+---+----+------------+------------+
    |add_ln58_303_fu_5563_p2  |         +|   0|  0|  16|          16|          16|
    |add_ln58_304_fu_5569_p2  |         +|   0|  0|  16|          16|          16|
    |add_ln58_305_fu_5714_p2  |         +|   0|  0|  16|          16|          16|
    |add_ln58_306_fu_5718_p2  |         +|   0|  0|  16|          16|          16|
    |add_ln58_307_fu_5575_p2  |         +|   0|  0|  17|          10|           4|
    |add_ln58_308_fu_5585_p2  |         +|   0|  0|  21|          14|          14|
    |add_ln58_309_fu_5727_p2  |         +|   0|  0|  16|          16|          16|
    |add_ln58_311_fu_5591_p2  |         +|   0|  0|  23|          16|          16|
    |add_ln58_312_fu_5597_p2  |         +|   0|  0|  16|          16|          16|
    |add_ln58_313_fu_5603_p2  |         +|   0|  0|  16|          16|          16|
    |add_ln58_314_fu_5739_p2  |         +|   0|  0|  16|          16|          16|
    |add_ln58_315_fu_5743_p2  |         +|   0|  0|  16|          16|          16|
    |add_ln58_316_fu_5609_p2  |         +|   0|  0|  19|          12|           3|
    |add_ln58_317_fu_5619_p2  |         +|   0|  0|  22|          15|          15|
    |add_ln58_318_fu_5751_p2  |         +|   0|  0|  16|          16|          16|
    |add_ln58_320_fu_5625_p2  |         +|   0|  0|  23|          16|          16|
    |add_ln58_321_fu_5631_p2  |         +|   0|  0|  16|          16|          16|
    |add_ln58_322_fu_5637_p2  |         +|   0|  0|  16|          16|          16|
    |add_ln58_323_fu_5763_p2  |         +|   0|  0|  16|          16|          16|
    |add_ln58_324_fu_5767_p2  |         +|   0|  0|  16|          16|          16|
    |add_ln58_325_fu_5643_p2  |         +|   0|  0|  19|          12|           4|
    |add_ln58_326_fu_5653_p2  |         +|   0|  0|  22|          15|          15|
    |add_ln58_327_fu_5776_p2  |         +|   0|  0|  16|          16|          16|
    |add_ln58_329_fu_5659_p2  |         +|   0|  0|  23|          16|          16|
    |add_ln58_330_fu_5665_p2  |         +|   0|  0|  16|          16|          16|
    |add_ln58_331_fu_5671_p2  |         +|   0|  0|  16|          16|          16|
    |add_ln58_332_fu_5788_p2  |         +|   0|  0|  16|          16|          16|
    |add_ln58_333_fu_5792_p2  |         +|   0|  0|  16|          16|          16|
    |add_ln58_334_fu_5677_p2  |         +|   0|  0|  19|          12|           3|
    |add_ln58_335_fu_5687_p2  |         +|   0|  0|  21|          14|          14|
    |add_ln58_336_fu_5801_p2  |         +|   0|  0|  16|          16|          16|
    |add_ln58_fu_5557_p2      |         +|   0|  0|  23|          16|          16|
    |add_ln73_15_fu_5398_p2   |         +|   0|  0|  28|          21|          21|
    |add_ln73_fu_4933_p2      |         +|   0|  0|  28|          21|          21|
    |x_11_fu_5757_p2          |         +|   0|  0|  16|          16|          16|
    |x_12_fu_5782_p2          |         +|   0|  0|  16|          16|          16|
    |x_13_fu_5807_p2          |         +|   0|  0|  16|          16|          16|
    |x_fu_5733_p2             |         +|   0|  0|  16|          16|          16|
    |sub_ln73_39_fu_5442_p2   |         -|   0|  0|  28|          21|          21|
    |sub_ln73_40_fu_5503_p2   |         -|   0|  0|  26|           1|          19|
    |sub_ln73_fu_5272_p2      |         -|   0|  0|  32|          25|          25|
    |ap_enable_pp0            |       xor|   0|  0|   2|           1|           2|
    +-------------------------+----------+----+---+----+------------+------------+
    |Total                    |          |   0|  0| 780|         642|         629|
    +-------------------------+----------+----+---+----+------------+------------+

    * Multiplexer: 
    N/A

    * Register: 
    +-------------------------+----+----+-----+-----------+
    |           Name          | FF | LUT| Bits| Const Bits|
    +-------------------------+----+----+-----+-----------+
    |add_ln58_304_reg_5930    |  16|   0|   16|          0|
    |add_ln58_308_reg_5935    |  14|   0|   14|          0|
    |add_ln58_311_reg_5940    |  16|   0|   16|          0|
    |add_ln58_313_reg_5945    |  16|   0|   16|          0|
    |add_ln58_317_reg_5950    |  15|   0|   15|          0|
    |add_ln58_320_reg_5955    |  16|   0|   16|          0|
    |add_ln58_322_reg_5960    |  16|   0|   16|          0|
    |add_ln58_326_reg_5965    |  15|   0|   15|          0|
    |add_ln58_329_reg_5970    |  16|   0|   16|          0|
    |add_ln58_331_reg_5975    |  16|   0|   16|          0|
    |add_ln58_335_reg_5980    |  14|   0|   14|          0|
    |add_ln58_reg_5925        |  16|   0|   16|          0|
    |ap_CS_fsm                |   1|   0|    1|          0|
    |ap_enable_reg_pp0_iter1  |   1|   0|    1|          0|
    |trunc_ln42_20_reg_5890   |  14|   0|   14|          0|
    |trunc_ln42_35_reg_5895   |  15|   0|   15|          0|
    |trunc_ln42_36_reg_5900   |  15|   0|   15|          0|
    |trunc_ln42_37_reg_5905   |  15|   0|   15|          0|
    |trunc_ln42_39_reg_5910   |  14|   0|   14|          0|
    |trunc_ln42_41_reg_5915   |  14|   0|   14|          0|
    |trunc_ln42_46_reg_5920   |  16|   0|   16|          0|
    |trunc_ln42_s_reg_5885    |  14|   0|   14|          0|
    +-------------------------+----+----+-----+-----------+
    |Total                    | 305|   0|  305|          0|
    +-------------------------+----+----+-----+-----------+



================================================================
== Interface
================================================================
* Summary: 
+-----------------------------------------------------------------------------+-----+-----+------------+----------------------------------------------------------------------------------+--------------+
|                                  RTL Ports                                  | Dir | Bits|  Protocol  |                                   Source Object                                  |    C Type    |
+-----------------------------------------------------------------------------+-----+-----+------------+----------------------------------------------------------------------------------+--------------+
|ap_clk                                                                       |   in|    1|  ap_ctrl_hs|  dense_latency<ap_fixed<16, 6, 5, 3, 0>, ap_fixed<37, 17, 5, 3, 0>, config2_mult>|  return value|
|ap_rst                                                                       |   in|    1|  ap_ctrl_hs|  dense_latency<ap_fixed<16, 6, 5, 3, 0>, ap_fixed<37, 17, 5, 3, 0>, config2_mult>|  return value|
|ap_start                                                                     |   in|    1|  ap_ctrl_hs|  dense_latency<ap_fixed<16, 6, 5, 3, 0>, ap_fixed<37, 17, 5, 3, 0>, config2_mult>|  return value|
|ap_done                                                                      |  out|    1|  ap_ctrl_hs|  dense_latency<ap_fixed<16, 6, 5, 3, 0>, ap_fixed<37, 17, 5, 3, 0>, config2_mult>|  return value|
|ap_idle                                                                      |  out|    1|  ap_ctrl_hs|  dense_latency<ap_fixed<16, 6, 5, 3, 0>, ap_fixed<37, 17, 5, 3, 0>, config2_mult>|  return value|
|ap_ready                                                                     |  out|    1|  ap_ctrl_hs|  dense_latency<ap_fixed<16, 6, 5, 3, 0>, ap_fixed<37, 17, 5, 3, 0>, config2_mult>|  return value|
|ap_ce                                                                        |   in|    1|  ap_ctrl_hs|  dense_latency<ap_fixed<16, 6, 5, 3, 0>, ap_fixed<37, 17, 5, 3, 0>, config2_mult>|  return value|
|ap_return_0                                                                  |  out|   37|  ap_ctrl_hs|  dense_latency<ap_fixed<16, 6, 5, 3, 0>, ap_fixed<37, 17, 5, 3, 0>, config2_mult>|  return value|
|ap_return_1                                                                  |  out|   37|  ap_ctrl_hs|  dense_latency<ap_fixed<16, 6, 5, 3, 0>, ap_fixed<37, 17, 5, 3, 0>, config2_mult>|  return value|
|ap_return_2                                                                  |  out|   37|  ap_ctrl_hs|  dense_latency<ap_fixed<16, 6, 5, 3, 0>, ap_fixed<37, 17, 5, 3, 0>, config2_mult>|  return value|
|ap_return_3                                                                  |  out|   37|  ap_ctrl_hs|  dense_latency<ap_fixed<16, 6, 5, 3, 0>, ap_fixed<37, 17, 5, 3, 0>, config2_mult>|  return value|
|void_compute_output_buffer_2d_array_const_ap_shift_reg_n_chan_stream_weig_8  |   in|   16|     ap_none|       void_compute_output_buffer_2d_array_const_ap_shift_reg_n_chan_stream_weig_8|       pointer|
|void_compute_output_buffer_2d_array_const_ap_shift_reg_n_chan_stream_weig_7  |   in|   16|     ap_none|       void_compute_output_buffer_2d_array_const_ap_shift_reg_n_chan_stream_weig_7|       pointer|
|void_compute_output_buffer_2d_array_const_ap_shift_reg_n_chan_stream_weig_6  |   in|   16|     ap_none|       void_compute_output_buffer_2d_array_const_ap_shift_reg_n_chan_stream_weig_6|       pointer|
|void_compute_output_buffer_2d_array_const_ap_shift_reg_n_chan_stream_weig_5  |   in|   16|     ap_none|       void_compute_output_buffer_2d_array_const_ap_shift_reg_n_chan_stream_weig_5|       pointer|
|void_compute_output_buffer_2d_array_const_ap_shift_reg_n_chan_stream_weig_4  |   in|   16|     ap_none|       void_compute_output_buffer_2d_array_const_ap_shift_reg_n_chan_stream_weig_4|       pointer|
|void_compute_output_buffer_2d_array_const_ap_shift_reg_n_chan_stream_weig_3  |   in|   16|     ap_none|       void_compute_output_buffer_2d_array_const_ap_shift_reg_n_chan_stream_weig_3|       pointer|
|void_compute_output_buffer_2d_array_const_ap_shift_reg_n_chan_stream_weig_2  |   in|   16|     ap_none|       void_compute_output_buffer_2d_array_const_ap_shift_reg_n_chan_stream_weig_2|       pointer|
|void_compute_output_buffer_2d_array_const_ap_shift_reg_n_chan_stream_weig_1  |   in|   16|     ap_none|       void_compute_output_buffer_2d_array_const_ap_shift_reg_n_chan_stream_weig_1|       pointer|
|void_compute_output_buffer_2d_array_const_ap_shift_reg_n_chan_stream_weig    |   in|   16|     ap_none|         void_compute_output_buffer_2d_array_const_ap_shift_reg_n_chan_stream_weig|       pointer|
+-----------------------------------------------------------------------------+-----+-----+------------+----------------------------------------------------------------------------------+--------------+

============================================================
+ Verbose Summary: Synthesis Manager
============================================================
InlineROM: 1
ExposeGlobal: 0
============================================================
+ Verbose Summary: CDFG Model
============================================================
IsTopModel: 0
ResetActiveHigh: 1
IsCombinational: 2
IsDatapathOnly: 2
HasWiredReturn: 1
HasMFsm: 2
HasVarLatency: 0
IsPipeline: 1
IsRtlPipelined: 1
IsInstanceOverlapped: 0
IsDontTouch: 0
HasImplIP: 0
IsGatedGlobalClock: 0

+ Individual pipeline summary: 
  * Pipeline-0: initiation interval (II) = 1, depth = 2


============================================================
+ Verbose Summary: Schedule
============================================================
* Number of FSM states : 2
* Pipeline : 1
  Pipeline-0 : II = 1, D = 2, States = { 1 2 }
* Dataflow Pipeline: 0

* FSM state transitions: 
1 --> 2 
2 --> 

* FSM state operations: 

State 1 <SV = 0> <Delay = 3.23>
ST_1 : Operation 3 [1/1] (0.00ns)   --->   "%a = load i16 %void_compute_output_buffer_2d_array_const_ap_shift_reg_n_chan_stream_weig_8"   --->   Operation 3 'load' 'a' <Predicate = true> <Delay = 0.00>
ST_1 : Operation 4 [1/1] (0.00ns)   --->   "%sext_ln70 = sext i16 %a" [firmware/nnet_utils/nnet_mult.h:70->firmware/nnet_utils/nnet_dense_latency.h:42]   --->   Operation 4 'sext' 'sext_ln70' <Predicate = true> <Delay = 0.00>
ST_1 : Operation 5 [1/1] (0.00ns)   --->   "%sext_ln70_124 = sext i16 %a" [firmware/nnet_utils/nnet_mult.h:70->firmware/nnet_utils/nnet_dense_latency.h:42]   --->   Operation 5 'sext' 'sext_ln70_124' <Predicate = true> <Delay = 0.00>
ST_1 : Operation 6 [1/1] (0.00ns)   --->   "%sext_ln70_125 = sext i16 %a" [firmware/nnet_utils/nnet_mult.h:70->firmware/nnet_utils/nnet_dense_latency.h:42]   --->   Operation 6 'sext' 'sext_ln70_125' <Predicate = true> <Delay = 0.00>
ST_1 : Operation 7 [1/1] (2.38ns)   --->   "%mul_ln73 = mul i26 %sext_ln70_125, i26 67108508" [firmware/nnet_utils/nnet_mult.h:73->firmware/nnet_utils/nnet_dense_latency.h:42]   --->   Operation 7 'mul' 'mul_ln73' <Predicate = true> <Delay = 2.38> <CoreInst = "Multiplier">   --->   Core 3 'Multiplier' <Latency = 0> <II = 1> <Delay = 2.38> <FuncUnit> <Opcode : 'mul'> <InPorts = 2> <OutPorts = 1>
ST_1 : Operation 8 [1/1] (0.00ns)   --->   "%trunc_ln = partselect i16 @_ssdm_op_PartSelect.i16.i26.i32.i32, i26 %mul_ln73, i32 10, i32 25" [firmware/nnet_utils/nnet_dense_latency.h:42]   --->   Operation 8 'partselect' 'trunc_ln' <Predicate = true> <Delay = 0.00>
ST_1 : Operation 9 [1/1] (2.38ns)   --->   "%mul_ln73_243 = mul i24 %sext_ln70_124, i24 16777129" [firmware/nnet_utils/nnet_mult.h:73->firmware/nnet_utils/nnet_dense_latency.h:42]   --->   Operation 9 'mul' 'mul_ln73_243' <Predicate = true> <Delay = 2.38> <CoreInst = "Multiplier">   --->   Core 3 'Multiplier' <Latency = 0> <II = 1> <Delay = 2.38> <FuncUnit> <Opcode : 'mul'> <InPorts = 2> <OutPorts = 1>
ST_1 : Operation 10 [1/1] (0.00ns)   --->   "%trunc_ln42_s = partselect i14 @_ssdm_op_PartSelect.i14.i24.i32.i32, i24 %mul_ln73_243, i32 10, i32 23" [firmware/nnet_utils/nnet_dense_latency.h:42]   --->   Operation 10 'partselect' 'trunc_ln42_s' <Predicate = true> <Delay = 0.00>
ST_1 : Operation 11 [1/1] (2.38ns)   --->   "%mul_ln73_244 = mul i26 %sext_ln70_125, i26 291" [firmware/nnet_utils/nnet_mult.h:73->firmware/nnet_utils/nnet_dense_latency.h:42]   --->   Operation 11 'mul' 'mul_ln73_244' <Predicate = true> <Delay = 2.38> <CoreInst = "Multiplier">   --->   Core 3 'Multiplier' <Latency = 0> <II = 1> <Delay = 2.38> <FuncUnit> <Opcode : 'mul'> <InPorts = 2> <OutPorts = 1>
ST_1 : Operation 12 [1/1] (0.00ns)   --->   "%trunc_ln42_15 = partselect i16 @_ssdm_op_PartSelect.i16.i26.i32.i32, i26 %mul_ln73_244, i32 10, i32 25" [firmware/nnet_utils/nnet_dense_latency.h:42]   --->   Operation 12 'partselect' 'trunc_ln42_15' <Predicate = true> <Delay = 0.00>
ST_1 : Operation 13 [1/1] (0.00ns)   --->   "%tmp = bitconcatenate i19 @_ssdm_op_BitConcatenate.i19.i16.i3, i16 %a, i3 0" [firmware/nnet_utils/nnet_mult.h:73->firmware/nnet_utils/nnet_dense_latency.h:42]   --->   Operation 13 'bitconcatenate' 'tmp' <Predicate = true> <Delay = 0.00>
ST_1 : Operation 14 [1/1] (0.00ns)   --->   "%sext_ln73_79 = sext i19 %tmp" [firmware/nnet_utils/nnet_mult.h:73->firmware/nnet_utils/nnet_dense_latency.h:42]   --->   Operation 14 'sext' 'sext_ln73_79' <Predicate = true> <Delay = 0.00>
ST_1 : Operation 15 [1/1] (0.88ns)   --->   "%add_ln73 = add i21 %sext_ln73_79, i21 %sext_ln70" [firmware/nnet_utils/nnet_mult.h:73->firmware/nnet_utils/nnet_dense_latency.h:42]   --->   Operation 15 'add' 'add_ln73' <Predicate = true> <Delay = 0.88> <CoreInst = "Adder">   --->   Core 1 'Adder' <Latency = 0> <II = 1> <Delay = 0.90> <FuncUnit> <Opcode : 'add' 'sub'> <InPorts = 2> <OutPorts = 1>
ST_1 : Operation 16 [1/1] (0.00ns)   --->   "%trunc_ln42_16 = partselect i11 @_ssdm_op_PartSelect.i11.i21.i32.i32, i21 %add_ln73, i32 10, i32 20" [firmware/nnet_utils/nnet_dense_latency.h:42]   --->   Operation 16 'partselect' 'trunc_ln42_16' <Predicate = true> <Delay = 0.00>
ST_1 : Operation 17 [1/1] (0.00ns)   --->   "%p_cast32_cast = sext i11 %trunc_ln42_16" [firmware/nnet_utils/nnet_dense_latency.h:42]   --->   Operation 17 'sext' 'p_cast32_cast' <Predicate = true> <Delay = 0.00>
ST_1 : Operation 18 [1/1] (0.00ns)   --->   "%a_1 = load i16 %void_compute_output_buffer_2d_array_const_ap_shift_reg_n_chan_stream_weig_7"   --->   Operation 18 'load' 'a_1' <Predicate = true> <Delay = 0.00>
ST_1 : Operation 19 [1/1] (0.00ns)   --->   "%sext_ln70_126 = sext i16 %a_1" [firmware/nnet_utils/nnet_mult.h:70->firmware/nnet_utils/nnet_dense_latency.h:42]   --->   Operation 19 'sext' 'sext_ln70_126' <Predicate = true> <Delay = 0.00>
ST_1 : Operation 20 [1/1] (0.00ns)   --->   "%sext_ln70_127 = sext i16 %a_1" [firmware/nnet_utils/nnet_mult.h:70->firmware/nnet_utils/nnet_dense_latency.h:42]   --->   Operation 20 'sext' 'sext_ln70_127' <Predicate = true> <Delay = 0.00>
ST_1 : Operation 21 [1/1] (2.38ns)   --->   "%mul_ln73_245 = mul i26 %sext_ln70_127, i26 344" [firmware/nnet_utils/nnet_mult.h:73->firmware/nnet_utils/nnet_dense_latency.h:42]   --->   Operation 21 'mul' 'mul_ln73_245' <Predicate = true> <Delay = 2.38> <CoreInst = "Multiplier">   --->   Core 3 'Multiplier' <Latency = 0> <II = 1> <Delay = 2.38> <FuncUnit> <Opcode : 'mul'> <InPorts = 2> <OutPorts = 1>
ST_1 : Operation 22 [1/1] (0.00ns)   --->   "%trunc_ln42_17 = partselect i16 @_ssdm_op_PartSelect.i16.i26.i32.i32, i26 %mul_ln73_245, i32 10, i32 25" [firmware/nnet_utils/nnet_dense_latency.h:42]   --->   Operation 22 'partselect' 'trunc_ln42_17' <Predicate = true> <Delay = 0.00>
ST_1 : Operation 23 [1/1] (2.38ns)   --->   "%mul_ln73_246 = mul i26 %sext_ln70_127, i26 266" [firmware/nnet_utils/nnet_mult.h:73->firmware/nnet_utils/nnet_dense_latency.h:42]   --->   Operation 23 'mul' 'mul_ln73_246' <Predicate = true> <Delay = 2.38> <CoreInst = "Multiplier">   --->   Core 3 'Multiplier' <Latency = 0> <II = 1> <Delay = 2.38> <FuncUnit> <Opcode : 'mul'> <InPorts = 2> <OutPorts = 1>
ST_1 : Operation 24 [1/1] (0.00ns)   --->   "%trunc_ln42_18 = partselect i16 @_ssdm_op_PartSelect.i16.i26.i32.i32, i26 %mul_ln73_246, i32 10, i32 25" [firmware/nnet_utils/nnet_dense_latency.h:42]   --->   Operation 24 'partselect' 'trunc_ln42_18' <Predicate = true> <Delay = 0.00>
ST_1 : Operation 25 [1/1] (2.38ns)   --->   "%mul_ln73_247 = mul i26 %sext_ln70_127, i26 67108599" [firmware/nnet_utils/nnet_mult.h:73->firmware/nnet_utils/nnet_dense_latency.h:42]   --->   Operation 25 'mul' 'mul_ln73_247' <Predicate = true> <Delay = 2.38> <CoreInst = "Multiplier">   --->   Core 3 'Multiplier' <Latency = 0> <II = 1> <Delay = 2.38> <FuncUnit> <Opcode : 'mul'> <InPorts = 2> <OutPorts = 1>
ST_1 : Operation 26 [1/1] (0.00ns)   --->   "%trunc_ln42_19 = partselect i16 @_ssdm_op_PartSelect.i16.i26.i32.i32, i26 %mul_ln73_247, i32 10, i32 25" [firmware/nnet_utils/nnet_dense_latency.h:42]   --->   Operation 26 'partselect' 'trunc_ln42_19' <Predicate = true> <Delay = 0.00>
ST_1 : Operation 27 [1/1] (2.38ns)   --->   "%mul_ln73_248 = mul i24 %sext_ln70_126, i24 99" [firmware/nnet_utils/nnet_mult.h:73->firmware/nnet_utils/nnet_dense_latency.h:42]   --->   Operation 27 'mul' 'mul_ln73_248' <Predicate = true> <Delay = 2.38> <CoreInst = "Multiplier">   --->   Core 3 'Multiplier' <Latency = 0> <II = 1> <Delay = 2.38> <FuncUnit> <Opcode : 'mul'> <InPorts = 2> <OutPorts = 1>
ST_1 : Operation 28 [1/1] (0.00ns)   --->   "%trunc_ln42_20 = partselect i14 @_ssdm_op_PartSelect.i14.i24.i32.i32, i24 %mul_ln73_248, i32 10, i32 23" [firmware/nnet_utils/nnet_dense_latency.h:42]   --->   Operation 28 'partselect' 'trunc_ln42_20' <Predicate = true> <Delay = 0.00>
ST_1 : Operation 29 [1/1] (0.00ns)   --->   "%a_2 = load i16 %void_compute_output_buffer_2d_array_const_ap_shift_reg_n_chan_stream_weig_6"   --->   Operation 29 'load' 'a_2' <Predicate = true> <Delay = 0.00>
ST_1 : Operation 30 [1/1] (0.00ns)   --->   "%sext_ln70_128 = sext i16 %a_2" [firmware/nnet_utils/nnet_mult.h:70->firmware/nnet_utils/nnet_dense_latency.h:42]   --->   Operation 30 'sext' 'sext_ln70_128' <Predicate = true> <Delay = 0.00>
ST_1 : Operation 31 [1/1] (0.00ns)   --->   "%sext_ln70_129 = sext i16 %a_2" [firmware/nnet_utils/nnet_mult.h:70->firmware/nnet_utils/nnet_dense_latency.h:42]   --->   Operation 31 'sext' 'sext_ln70_129' <Predicate = true> <Delay = 0.00>
ST_1 : Operation 32 [1/1] (2.38ns)   --->   "%mul_ln73_249 = mul i26 %sext_ln70_129, i26 67108572" [firmware/nnet_utils/nnet_mult.h:73->firmware/nnet_utils/nnet_dense_latency.h:42]   --->   Operation 32 'mul' 'mul_ln73_249' <Predicate = true> <Delay = 2.38> <CoreInst = "Multiplier">   --->   Core 3 'Multiplier' <Latency = 0> <II = 1> <Delay = 2.38> <FuncUnit> <Opcode : 'mul'> <InPorts = 2> <OutPorts = 1>
ST_1 : Operation 33 [1/1] (0.00ns)   --->   "%trunc_ln42_21 = partselect i16 @_ssdm_op_PartSelect.i16.i26.i32.i32, i26 %mul_ln73_249, i32 10, i32 25" [firmware/nnet_utils/nnet_dense_latency.h:42]   --->   Operation 33 'partselect' 'trunc_ln42_21' <Predicate = true> <Delay = 0.00>
ST_1 : Operation 34 [1/1] (2.38ns)   --->   "%mul_ln73_250 = mul i26 %sext_ln70_129, i26 67108574" [firmware/nnet_utils/nnet_mult.h:73->firmware/nnet_utils/nnet_dense_latency.h:42]   --->   Operation 34 'mul' 'mul_ln73_250' <Predicate = true> <Delay = 2.38> <CoreInst = "Multiplier">   --->   Core 3 'Multiplier' <Latency = 0> <II = 1> <Delay = 2.38> <FuncUnit> <Opcode : 'mul'> <InPorts = 2> <OutPorts = 1>
ST_1 : Operation 35 [1/1] (0.00ns)   --->   "%trunc_ln42_22 = partselect i16 @_ssdm_op_PartSelect.i16.i26.i32.i32, i26 %mul_ln73_250, i32 10, i32 25" [firmware/nnet_utils/nnet_dense_latency.h:42]   --->   Operation 35 'partselect' 'trunc_ln42_22' <Predicate = true> <Delay = 0.00>
ST_1 : Operation 36 [1/1] (2.38ns)   --->   "%mul_ln73_251 = mul i25 %sext_ln70_128, i25 215" [firmware/nnet_utils/nnet_mult.h:73->firmware/nnet_utils/nnet_dense_latency.h:42]   --->   Operation 36 'mul' 'mul_ln73_251' <Predicate = true> <Delay = 2.38> <CoreInst = "Multiplier">   --->   Core 3 'Multiplier' <Latency = 0> <II = 1> <Delay = 2.38> <FuncUnit> <Opcode : 'mul'> <InPorts = 2> <OutPorts = 1>
ST_1 : Operation 37 [1/1] (0.00ns)   --->   "%trunc_ln42_23 = partselect i15 @_ssdm_op_PartSelect.i15.i25.i32.i32, i25 %mul_ln73_251, i32 10, i32 24" [firmware/nnet_utils/nnet_dense_latency.h:42]   --->   Operation 37 'partselect' 'trunc_ln42_23' <Predicate = true> <Delay = 0.00>
ST_1 : Operation 38 [1/1] (0.00ns)   --->   "%sext_ln42_117 = sext i15 %trunc_ln42_23" [firmware/nnet_utils/nnet_dense_latency.h:42]   --->   Operation 38 'sext' 'sext_ln42_117' <Predicate = true> <Delay = 0.00>
ST_1 : Operation 39 [1/1] (2.38ns)   --->   "%mul_ln73_252 = mul i25 %sext_ln70_128, i25 33554244" [firmware/nnet_utils/nnet_mult.h:73->firmware/nnet_utils/nnet_dense_latency.h:42]   --->   Operation 39 'mul' 'mul_ln73_252' <Predicate = true> <Delay = 2.38> <CoreInst = "Multiplier">   --->   Core 3 'Multiplier' <Latency = 0> <II = 1> <Delay = 2.38> <FuncUnit> <Opcode : 'mul'> <InPorts = 2> <OutPorts = 1>
ST_1 : Operation 40 [1/1] (0.00ns)   --->   "%trunc_ln42_24 = partselect i15 @_ssdm_op_PartSelect.i15.i25.i32.i32, i25 %mul_ln73_252, i32 10, i32 24" [firmware/nnet_utils/nnet_dense_latency.h:42]   --->   Operation 40 'partselect' 'trunc_ln42_24' <Predicate = true> <Delay = 0.00>
ST_1 : Operation 41 [1/1] (0.00ns)   --->   "%sext_ln42_118 = sext i15 %trunc_ln42_24" [firmware/nnet_utils/nnet_dense_latency.h:42]   --->   Operation 41 'sext' 'sext_ln42_118' <Predicate = true> <Delay = 0.00>
ST_1 : Operation 42 [1/1] (0.00ns)   --->   "%a_3 = load i16 %void_compute_output_buffer_2d_array_const_ap_shift_reg_n_chan_stream_weig_5"   --->   Operation 42 'load' 'a_3' <Predicate = true> <Delay = 0.00>
ST_1 : Operation 43 [1/1] (0.00ns)   --->   "%sext_ln70_130 = sext i16 %a_3" [firmware/nnet_utils/nnet_mult.h:70->firmware/nnet_utils/nnet_dense_latency.h:42]   --->   Operation 43 'sext' 'sext_ln70_130' <Predicate = true> <Delay = 0.00>
ST_1 : Operation 44 [1/1] (0.00ns)   --->   "%sext_ln70_131 = sext i16 %a_3" [firmware/nnet_utils/nnet_mult.h:70->firmware/nnet_utils/nnet_dense_latency.h:42]   --->   Operation 44 'sext' 'sext_ln70_131' <Predicate = true> <Delay = 0.00>
ST_1 : Operation 45 [1/1] (2.38ns)   --->   "%mul_ln73_253 = mul i25 %sext_ln70_131, i25 227" [firmware/nnet_utils/nnet_mult.h:73->firmware/nnet_utils/nnet_dense_latency.h:42]   --->   Operation 45 'mul' 'mul_ln73_253' <Predicate = true> <Delay = 2.38> <CoreInst = "Multiplier">   --->   Core 3 'Multiplier' <Latency = 0> <II = 1> <Delay = 2.38> <FuncUnit> <Opcode : 'mul'> <InPorts = 2> <OutPorts = 1>
ST_1 : Operation 46 [1/1] (0.00ns)   --->   "%trunc_ln42_25 = partselect i15 @_ssdm_op_PartSelect.i15.i25.i32.i32, i25 %mul_ln73_253, i32 10, i32 24" [firmware/nnet_utils/nnet_dense_latency.h:42]   --->   Operation 46 'partselect' 'trunc_ln42_25' <Predicate = true> <Delay = 0.00>
ST_1 : Operation 47 [1/1] (0.00ns)   --->   "%sext_ln42_119 = sext i15 %trunc_ln42_25" [firmware/nnet_utils/nnet_dense_latency.h:42]   --->   Operation 47 'sext' 'sext_ln42_119' <Predicate = true> <Delay = 0.00>
ST_1 : Operation 48 [1/1] (2.38ns)   --->   "%mul_ln73_254 = mul i26 %sext_ln70_130, i26 67108495" [firmware/nnet_utils/nnet_mult.h:73->firmware/nnet_utils/nnet_dense_latency.h:42]   --->   Operation 48 'mul' 'mul_ln73_254' <Predicate = true> <Delay = 2.38> <CoreInst = "Multiplier">   --->   Core 3 'Multiplier' <Latency = 0> <II = 1> <Delay = 2.38> <FuncUnit> <Opcode : 'mul'> <InPorts = 2> <OutPorts = 1>
ST_1 : Operation 49 [1/1] (0.00ns)   --->   "%trunc_ln42_26 = partselect i16 @_ssdm_op_PartSelect.i16.i26.i32.i32, i26 %mul_ln73_254, i32 10, i32 25" [firmware/nnet_utils/nnet_dense_latency.h:42]   --->   Operation 49 'partselect' 'trunc_ln42_26' <Predicate = true> <Delay = 0.00>
ST_1 : Operation 50 [1/1] (2.38ns)   --->   "%mul_ln73_255 = mul i25 %sext_ln70_131, i25 33554258" [firmware/nnet_utils/nnet_mult.h:73->firmware/nnet_utils/nnet_dense_latency.h:42]   --->   Operation 50 'mul' 'mul_ln73_255' <Predicate = true> <Delay = 2.38> <CoreInst = "Multiplier">   --->   Core 3 'Multiplier' <Latency = 0> <II = 1> <Delay = 2.38> <FuncUnit> <Opcode : 'mul'> <InPorts = 2> <OutPorts = 1>
ST_1 : Operation 51 [1/1] (0.00ns)   --->   "%trunc_ln42_27 = partselect i15 @_ssdm_op_PartSelect.i15.i25.i32.i32, i25 %mul_ln73_255, i32 10, i32 24" [firmware/nnet_utils/nnet_dense_latency.h:42]   --->   Operation 51 'partselect' 'trunc_ln42_27' <Predicate = true> <Delay = 0.00>
ST_1 : Operation 52 [1/1] (0.00ns)   --->   "%sext_ln42_120 = sext i15 %trunc_ln42_27" [firmware/nnet_utils/nnet_dense_latency.h:42]   --->   Operation 52 'sext' 'sext_ln42_120' <Predicate = true> <Delay = 0.00>
ST_1 : Operation 53 [1/1] (2.38ns)   --->   "%mul_ln73_256 = mul i25 %sext_ln70_131, i25 33554189" [firmware/nnet_utils/nnet_mult.h:73->firmware/nnet_utils/nnet_dense_latency.h:42]   --->   Operation 53 'mul' 'mul_ln73_256' <Predicate = true> <Delay = 2.38> <CoreInst = "Multiplier">   --->   Core 3 'Multiplier' <Latency = 0> <II = 1> <Delay = 2.38> <FuncUnit> <Opcode : 'mul'> <InPorts = 2> <OutPorts = 1>
ST_1 : Operation 54 [1/1] (0.00ns)   --->   "%trunc_ln42_28 = partselect i15 @_ssdm_op_PartSelect.i15.i25.i32.i32, i25 %mul_ln73_256, i32 10, i32 24" [firmware/nnet_utils/nnet_dense_latency.h:42]   --->   Operation 54 'partselect' 'trunc_ln42_28' <Predicate = true> <Delay = 0.00>
ST_1 : Operation 55 [1/1] (0.00ns)   --->   "%sext_ln42_121 = sext i15 %trunc_ln42_28" [firmware/nnet_utils/nnet_dense_latency.h:42]   --->   Operation 55 'sext' 'sext_ln42_121' <Predicate = true> <Delay = 0.00>
ST_1 : Operation 56 [1/1] (0.00ns)   --->   "%a_4 = load i16 %void_compute_output_buffer_2d_array_const_ap_shift_reg_n_chan_stream_weig_4"   --->   Operation 56 'load' 'a_4' <Predicate = true> <Delay = 0.00>
ST_1 : Operation 57 [1/1] (0.00ns)   --->   "%sext_ln70_132 = sext i16 %a_4" [firmware/nnet_utils/nnet_mult.h:70->firmware/nnet_utils/nnet_dense_latency.h:42]   --->   Operation 57 'sext' 'sext_ln70_132' <Predicate = true> <Delay = 0.00>
ST_1 : Operation 58 [1/1] (0.00ns)   --->   "%sext_ln70_133 = sext i16 %a_4" [firmware/nnet_utils/nnet_mult.h:70->firmware/nnet_utils/nnet_dense_latency.h:42]   --->   Operation 58 'sext' 'sext_ln70_133' <Predicate = true> <Delay = 0.00>
ST_1 : Operation 59 [1/1] (2.38ns)   --->   "%mul_ln73_257 = mul i26 %sext_ln70_133, i26 293" [firmware/nnet_utils/nnet_mult.h:73->firmware/nnet_utils/nnet_dense_latency.h:42]   --->   Operation 59 'mul' 'mul_ln73_257' <Predicate = true> <Delay = 2.38> <CoreInst = "Multiplier">   --->   Core 3 'Multiplier' <Latency = 0> <II = 1> <Delay = 2.38> <FuncUnit> <Opcode : 'mul'> <InPorts = 2> <OutPorts = 1>
ST_1 : Operation 60 [1/1] (0.00ns)   --->   "%trunc_ln42_29 = partselect i16 @_ssdm_op_PartSelect.i16.i26.i32.i32, i26 %mul_ln73_257, i32 10, i32 25" [firmware/nnet_utils/nnet_dense_latency.h:42]   --->   Operation 60 'partselect' 'trunc_ln42_29' <Predicate = true> <Delay = 0.00>
ST_1 : Operation 61 [1/1] (2.38ns)   --->   "%mul_ln73_258 = mul i26 %sext_ln70_133, i26 67108596" [firmware/nnet_utils/nnet_mult.h:73->firmware/nnet_utils/nnet_dense_latency.h:42]   --->   Operation 61 'mul' 'mul_ln73_258' <Predicate = true> <Delay = 2.38> <CoreInst = "Multiplier">   --->   Core 3 'Multiplier' <Latency = 0> <II = 1> <Delay = 2.38> <FuncUnit> <Opcode : 'mul'> <InPorts = 2> <OutPorts = 1>
ST_1 : Operation 62 [1/1] (0.00ns)   --->   "%trunc_ln42_30 = partselect i16 @_ssdm_op_PartSelect.i16.i26.i32.i32, i26 %mul_ln73_258, i32 10, i32 25" [firmware/nnet_utils/nnet_dense_latency.h:42]   --->   Operation 62 'partselect' 'trunc_ln42_30' <Predicate = true> <Delay = 0.00>
ST_1 : Operation 63 [1/1] (2.38ns)   --->   "%mul_ln73_259 = mul i25 %sext_ln70_132, i25 33554253" [firmware/nnet_utils/nnet_mult.h:73->firmware/nnet_utils/nnet_dense_latency.h:42]   --->   Operation 63 'mul' 'mul_ln73_259' <Predicate = true> <Delay = 2.38> <CoreInst = "Multiplier">   --->   Core 3 'Multiplier' <Latency = 0> <II = 1> <Delay = 2.38> <FuncUnit> <Opcode : 'mul'> <InPorts = 2> <OutPorts = 1>
ST_1 : Operation 64 [1/1] (0.00ns)   --->   "%trunc_ln42_31 = partselect i15 @_ssdm_op_PartSelect.i15.i25.i32.i32, i25 %mul_ln73_259, i32 10, i32 24" [firmware/nnet_utils/nnet_dense_latency.h:42]   --->   Operation 64 'partselect' 'trunc_ln42_31' <Predicate = true> <Delay = 0.00>
ST_1 : Operation 65 [1/1] (0.00ns)   --->   "%sext_ln42_122 = sext i15 %trunc_ln42_31" [firmware/nnet_utils/nnet_dense_latency.h:42]   --->   Operation 65 'sext' 'sext_ln42_122' <Predicate = true> <Delay = 0.00>
ST_1 : Operation 66 [1/1] (2.38ns)   --->   "%mul_ln73_260 = mul i26 %sext_ln70_133, i26 348" [firmware/nnet_utils/nnet_mult.h:73->firmware/nnet_utils/nnet_dense_latency.h:42]   --->   Operation 66 'mul' 'mul_ln73_260' <Predicate = true> <Delay = 2.38> <CoreInst = "Multiplier">   --->   Core 3 'Multiplier' <Latency = 0> <II = 1> <Delay = 2.38> <FuncUnit> <Opcode : 'mul'> <InPorts = 2> <OutPorts = 1>
ST_1 : Operation 67 [1/1] (0.00ns)   --->   "%trunc_ln42_32 = partselect i16 @_ssdm_op_PartSelect.i16.i26.i32.i32, i26 %mul_ln73_260, i32 10, i32 25" [firmware/nnet_utils/nnet_dense_latency.h:42]   --->   Operation 67 'partselect' 'trunc_ln42_32' <Predicate = true> <Delay = 0.00>
ST_1 : Operation 68 [1/1] (0.00ns)   --->   "%a_5 = load i16 %void_compute_output_buffer_2d_array_const_ap_shift_reg_n_chan_stream_weig_3"   --->   Operation 68 'load' 'a_5' <Predicate = true> <Delay = 0.00>
ST_1 : Operation 69 [1/1] (0.00ns)   --->   "%sext_ln70_134 = sext i16 %a_5" [firmware/nnet_utils/nnet_mult.h:70->firmware/nnet_utils/nnet_dense_latency.h:42]   --->   Operation 69 'sext' 'sext_ln70_134' <Predicate = true> <Delay = 0.00>
ST_1 : Operation 70 [1/1] (0.00ns)   --->   "%sext_ln70_135 = sext i16 %a_5" [firmware/nnet_utils/nnet_mult.h:70->firmware/nnet_utils/nnet_dense_latency.h:42]   --->   Operation 70 'sext' 'sext_ln70_135' <Predicate = true> <Delay = 0.00>
ST_1 : Operation 71 [1/1] (0.00ns)   --->   "%sext_ln70_136 = sext i16 %a_5" [firmware/nnet_utils/nnet_mult.h:70->firmware/nnet_utils/nnet_dense_latency.h:42]   --->   Operation 71 'sext' 'sext_ln70_136' <Predicate = true> <Delay = 0.00>
ST_1 : Operation 72 [1/1] (2.38ns)   --->   "%mul_ln73_261 = mul i23 %sext_ln70_136, i23 8388562" [firmware/nnet_utils/nnet_mult.h:73->firmware/nnet_utils/nnet_dense_latency.h:42]   --->   Operation 72 'mul' 'mul_ln73_261' <Predicate = true> <Delay = 2.38> <CoreInst = "Multiplier">   --->   Core 3 'Multiplier' <Latency = 0> <II = 1> <Delay = 2.38> <FuncUnit> <Opcode : 'mul'> <InPorts = 2> <OutPorts = 1>
ST_1 : Operation 73 [1/1] (0.00ns)   --->   "%trunc_ln42_33 = partselect i13 @_ssdm_op_PartSelect.i13.i23.i32.i32, i23 %mul_ln73_261, i32 10, i32 22" [firmware/nnet_utils/nnet_dense_latency.h:42]   --->   Operation 73 'partselect' 'trunc_ln42_33' <Predicate = true> <Delay = 0.00>
ST_1 : Operation 74 [1/1] (0.00ns)   --->   "%sext_ln73 = sext i13 %trunc_ln42_33" [firmware/nnet_utils/nnet_mult.h:73->firmware/nnet_utils/nnet_dense_latency.h:42]   --->   Operation 74 'sext' 'sext_ln73' <Predicate = true> <Delay = 0.00>
ST_1 : Operation 75 [1/1] (2.38ns)   --->   "%mul_ln73_262 = mul i24 %sext_ln70_135, i24 105" [firmware/nnet_utils/nnet_mult.h:73->firmware/nnet_utils/nnet_dense_latency.h:42]   --->   Operation 75 'mul' 'mul_ln73_262' <Predicate = true> <Delay = 2.38> <CoreInst = "Multiplier">   --->   Core 3 'Multiplier' <Latency = 0> <II = 1> <Delay = 2.38> <FuncUnit> <Opcode : 'mul'> <InPorts = 2> <OutPorts = 1>
ST_1 : Operation 76 [1/1] (0.00ns)   --->   "%trunc_ln42_34 = partselect i14 @_ssdm_op_PartSelect.i14.i24.i32.i32, i24 %mul_ln73_262, i32 10, i32 23" [firmware/nnet_utils/nnet_dense_latency.h:42]   --->   Operation 76 'partselect' 'trunc_ln42_34' <Predicate = true> <Delay = 0.00>
ST_1 : Operation 77 [1/1] (0.00ns)   --->   "%sext_ln73_4 = sext i14 %trunc_ln42_34" [firmware/nnet_utils/nnet_mult.h:73->firmware/nnet_utils/nnet_dense_latency.h:42]   --->   Operation 77 'sext' 'sext_ln73_4' <Predicate = true> <Delay = 0.00>
ST_1 : Operation 78 [1/1] (0.00ns)   --->   "%tmp_90 = bitconcatenate i24 @_ssdm_op_BitConcatenate.i24.i16.i8, i16 %a_5, i8 0" [firmware/nnet_utils/nnet_mult.h:73->firmware/nnet_utils/nnet_dense_latency.h:42]   --->   Operation 78 'bitconcatenate' 'tmp_90' <Predicate = true> <Delay = 0.00>
ST_1 : Operation 79 [1/1] (0.00ns)   --->   "%sext_ln73_80 = sext i24 %tmp_90" [firmware/nnet_utils/nnet_mult.h:73->firmware/nnet_utils/nnet_dense_latency.h:42]   --->   Operation 79 'sext' 'sext_ln73_80' <Predicate = true> <Delay = 0.00>
ST_1 : Operation 80 [1/1] (0.00ns)   --->   "%tmp_91 = bitconcatenate i21 @_ssdm_op_BitConcatenate.i21.i16.i5, i16 %a_5, i5 0" [firmware/nnet_utils/nnet_mult.h:73->firmware/nnet_utils/nnet_dense_latency.h:42]   --->   Operation 80 'bitconcatenate' 'tmp_91' <Predicate = true> <Delay = 0.00>
ST_1 : Operation 81 [1/1] (0.00ns)   --->   "%sext_ln73_81 = sext i21 %tmp_91" [firmware/nnet_utils/nnet_mult.h:73->firmware/nnet_utils/nnet_dense_latency.h:42]   --->   Operation 81 'sext' 'sext_ln73_81' <Predicate = true> <Delay = 0.00>
ST_1 : Operation 82 [1/1] (0.93ns)   --->   "%sub_ln73 = sub i25 %sext_ln73_80, i25 %sext_ln73_81" [firmware/nnet_utils/nnet_mult.h:73->firmware/nnet_utils/nnet_dense_latency.h:42]   --->   Operation 82 'sub' 'sub_ln73' <Predicate = true> <Delay = 0.93> <CoreInst = "Adder">   --->   Core 1 'Adder' <Latency = 0> <II = 1> <Delay = 0.94> <FuncUnit> <Opcode : 'add' 'sub'> <InPorts = 2> <OutPorts = 1>
ST_1 : Operation 83 [1/1] (0.00ns)   --->   "%trunc_ln42_35 = partselect i15 @_ssdm_op_PartSelect.i15.i25.i32.i32, i25 %sub_ln73, i32 10, i32 24" [firmware/nnet_utils/nnet_dense_latency.h:42]   --->   Operation 83 'partselect' 'trunc_ln42_35' <Predicate = true> <Delay = 0.00>
ST_1 : Operation 84 [1/1] (2.38ns)   --->   "%mul_ln73_263 = mul i25 %sext_ln70_134, i25 193" [firmware/nnet_utils/nnet_mult.h:73->firmware/nnet_utils/nnet_dense_latency.h:42]   --->   Operation 84 'mul' 'mul_ln73_263' <Predicate = true> <Delay = 2.38> <CoreInst = "Multiplier">   --->   Core 3 'Multiplier' <Latency = 0> <II = 1> <Delay = 2.38> <FuncUnit> <Opcode : 'mul'> <InPorts = 2> <OutPorts = 1>
ST_1 : Operation 85 [1/1] (0.00ns)   --->   "%trunc_ln42_36 = partselect i15 @_ssdm_op_PartSelect.i15.i25.i32.i32, i25 %mul_ln73_263, i32 10, i32 24" [firmware/nnet_utils/nnet_dense_latency.h:42]   --->   Operation 85 'partselect' 'trunc_ln42_36' <Predicate = true> <Delay = 0.00>
ST_1 : Operation 86 [1/1] (0.00ns)   --->   "%a_6 = load i16 %void_compute_output_buffer_2d_array_const_ap_shift_reg_n_chan_stream_weig_2"   --->   Operation 86 'load' 'a_6' <Predicate = true> <Delay = 0.00>
ST_1 : Operation 87 [1/1] (0.00ns)   --->   "%sext_ln70_137 = sext i16 %a_6" [firmware/nnet_utils/nnet_mult.h:70->firmware/nnet_utils/nnet_dense_latency.h:42]   --->   Operation 87 'sext' 'sext_ln70_137' <Predicate = true> <Delay = 0.00>
ST_1 : Operation 88 [1/1] (0.00ns)   --->   "%sext_ln70_138 = sext i16 %a_6" [firmware/nnet_utils/nnet_mult.h:70->firmware/nnet_utils/nnet_dense_latency.h:42]   --->   Operation 88 'sext' 'sext_ln70_138' <Predicate = true> <Delay = 0.00>
ST_1 : Operation 89 [1/1] (0.00ns)   --->   "%sext_ln70_139 = sext i16 %a_6" [firmware/nnet_utils/nnet_mult.h:70->firmware/nnet_utils/nnet_dense_latency.h:42]   --->   Operation 89 'sext' 'sext_ln70_139' <Predicate = true> <Delay = 0.00>
ST_1 : Operation 90 [1/1] (2.38ns)   --->   "%mul_ln73_264 = mul i25 %sext_ln70_139, i25 33554213" [firmware/nnet_utils/nnet_mult.h:73->firmware/nnet_utils/nnet_dense_latency.h:42]   --->   Operation 90 'mul' 'mul_ln73_264' <Predicate = true> <Delay = 2.38> <CoreInst = "Multiplier">   --->   Core 3 'Multiplier' <Latency = 0> <II = 1> <Delay = 2.38> <FuncUnit> <Opcode : 'mul'> <InPorts = 2> <OutPorts = 1>
ST_1 : Operation 91 [1/1] (0.00ns)   --->   "%trunc_ln42_37 = partselect i15 @_ssdm_op_PartSelect.i15.i25.i32.i32, i25 %mul_ln73_264, i32 10, i32 24" [firmware/nnet_utils/nnet_dense_latency.h:42]   --->   Operation 91 'partselect' 'trunc_ln42_37' <Predicate = true> <Delay = 0.00>
ST_1 : Operation 92 [1/1] (2.38ns)   --->   "%mul_ln73_265 = mul i26 %sext_ln70_138, i26 304" [firmware/nnet_utils/nnet_mult.h:73->firmware/nnet_utils/nnet_dense_latency.h:42]   --->   Operation 92 'mul' 'mul_ln73_265' <Predicate = true> <Delay = 2.38> <CoreInst = "Multiplier">   --->   Core 3 'Multiplier' <Latency = 0> <II = 1> <Delay = 2.38> <FuncUnit> <Opcode : 'mul'> <InPorts = 2> <OutPorts = 1>
ST_1 : Operation 93 [1/1] (0.00ns)   --->   "%trunc_ln42_38 = partselect i16 @_ssdm_op_PartSelect.i16.i26.i32.i32, i26 %mul_ln73_265, i32 10, i32 25" [firmware/nnet_utils/nnet_dense_latency.h:42]   --->   Operation 93 'partselect' 'trunc_ln42_38' <Predicate = true> <Delay = 0.00>
ST_1 : Operation 94 [1/1] (2.38ns)   --->   "%mul_ln73_266 = mul i24 %sext_ln70_137, i24 85" [firmware/nnet_utils/nnet_mult.h:73->firmware/nnet_utils/nnet_dense_latency.h:42]   --->   Operation 94 'mul' 'mul_ln73_266' <Predicate = true> <Delay = 2.38> <CoreInst = "Multiplier">   --->   Core 3 'Multiplier' <Latency = 0> <II = 1> <Delay = 2.38> <FuncUnit> <Opcode : 'mul'> <InPorts = 2> <OutPorts = 1>
ST_1 : Operation 95 [1/1] (0.00ns)   --->   "%trunc_ln42_39 = partselect i14 @_ssdm_op_PartSelect.i14.i24.i32.i32, i24 %mul_ln73_266, i32 10, i32 23" [firmware/nnet_utils/nnet_dense_latency.h:42]   --->   Operation 95 'partselect' 'trunc_ln42_39' <Predicate = true> <Delay = 0.00>
ST_1 : Operation 96 [1/1] (2.38ns)   --->   "%mul_ln73_267 = mul i26 %sext_ln70_138, i26 67108495" [firmware/nnet_utils/nnet_mult.h:73->firmware/nnet_utils/nnet_dense_latency.h:42]   --->   Operation 96 'mul' 'mul_ln73_267' <Predicate = true> <Delay = 2.38> <CoreInst = "Multiplier">   --->   Core 3 'Multiplier' <Latency = 0> <II = 1> <Delay = 2.38> <FuncUnit> <Opcode : 'mul'> <InPorts = 2> <OutPorts = 1>
ST_1 : Operation 97 [1/1] (0.00ns)   --->   "%trunc_ln42_40 = partselect i16 @_ssdm_op_PartSelect.i16.i26.i32.i32, i26 %mul_ln73_267, i32 10, i32 25" [firmware/nnet_utils/nnet_dense_latency.h:42]   --->   Operation 97 'partselect' 'trunc_ln42_40' <Predicate = true> <Delay = 0.00>
ST_1 : Operation 98 [1/1] (0.00ns)   --->   "%a_7 = load i16 %void_compute_output_buffer_2d_array_const_ap_shift_reg_n_chan_stream_weig_1"   --->   Operation 98 'load' 'a_7' <Predicate = true> <Delay = 0.00>
ST_1 : Operation 99 [1/1] (0.00ns)   --->   "%sext_ln70_140 = sext i16 %a_7" [firmware/nnet_utils/nnet_mult.h:70->firmware/nnet_utils/nnet_dense_latency.h:42]   --->   Operation 99 'sext' 'sext_ln70_140' <Predicate = true> <Delay = 0.00>
ST_1 : Operation 100 [1/1] (0.00ns)   --->   "%sext_ln70_141 = sext i16 %a_7" [firmware/nnet_utils/nnet_mult.h:70->firmware/nnet_utils/nnet_dense_latency.h:42]   --->   Operation 100 'sext' 'sext_ln70_141' <Predicate = true> <Delay = 0.00>
ST_1 : Operation 101 [1/1] (0.00ns)   --->   "%sext_ln70_142 = sext i16 %a_7" [firmware/nnet_utils/nnet_mult.h:70->firmware/nnet_utils/nnet_dense_latency.h:42]   --->   Operation 101 'sext' 'sext_ln70_142' <Predicate = true> <Delay = 0.00>
ST_1 : Operation 102 [1/1] (2.38ns)   --->   "%mul_ln73_268 = mul i24 %sext_ln70_142, i24 79" [firmware/nnet_utils/nnet_mult.h:73->firmware/nnet_utils/nnet_dense_latency.h:42]   --->   Operation 102 'mul' 'mul_ln73_268' <Predicate = true> <Delay = 2.38> <CoreInst = "Multiplier">   --->   Core 3 'Multiplier' <Latency = 0> <II = 1> <Delay = 2.38> <FuncUnit> <Opcode : 'mul'> <InPorts = 2> <OutPorts = 1>
ST_1 : Operation 103 [1/1] (0.00ns)   --->   "%trunc_ln42_41 = partselect i14 @_ssdm_op_PartSelect.i14.i24.i32.i32, i24 %mul_ln73_268, i32 10, i32 23" [firmware/nnet_utils/nnet_dense_latency.h:42]   --->   Operation 103 'partselect' 'trunc_ln42_41' <Predicate = true> <Delay = 0.00>
ST_1 : Operation 104 [1/1] (0.00ns)   --->   "%tmp_92 = bitconcatenate i19 @_ssdm_op_BitConcatenate.i19.i16.i3, i16 %a_7, i3 0" [firmware/nnet_utils/nnet_mult.h:73->firmware/nnet_utils/nnet_dense_latency.h:42]   --->   Operation 104 'bitconcatenate' 'tmp_92' <Predicate = true> <Delay = 0.00>
ST_1 : Operation 105 [1/1] (0.00ns)   --->   "%sext_ln73_82 = sext i19 %tmp_92" [firmware/nnet_utils/nnet_mult.h:73->firmware/nnet_utils/nnet_dense_latency.h:42]   --->   Operation 105 'sext' 'sext_ln73_82' <Predicate = true> <Delay = 0.00>
ST_1 : Operation 106 [1/1] (0.88ns)   --->   "%add_ln73_15 = add i21 %sext_ln73_82, i21 %sext_ln70_141" [firmware/nnet_utils/nnet_mult.h:73->firmware/nnet_utils/nnet_dense_latency.h:42]   --->   Operation 106 'add' 'add_ln73_15' <Predicate = true> <Delay = 0.88> <CoreInst = "Adder">   --->   Core 1 'Adder' <Latency = 0> <II = 1> <Delay = 0.90> <FuncUnit> <Opcode : 'add' 'sub'> <InPorts = 2> <OutPorts = 1>
ST_1 : Operation 107 [1/1] (0.00ns)   --->   "%trunc_ln42_42 = partselect i11 @_ssdm_op_PartSelect.i11.i21.i32.i32, i21 %add_ln73_15, i32 10, i32 20" [firmware/nnet_utils/nnet_dense_latency.h:42]   --->   Operation 107 'partselect' 'trunc_ln42_42' <Predicate = true> <Delay = 0.00>
ST_1 : Operation 108 [1/1] (0.00ns)   --->   "%sext_ln73_5 = sext i11 %trunc_ln42_42" [firmware/nnet_utils/nnet_mult.h:73->firmware/nnet_utils/nnet_dense_latency.h:42]   --->   Operation 108 'sext' 'sext_ln73_5' <Predicate = true> <Delay = 0.00>
ST_1 : Operation 109 [1/1] (0.00ns)   --->   "%tmp_93 = bitconcatenate i20 @_ssdm_op_BitConcatenate.i20.i16.i4, i16 %a_7, i4 0" [firmware/nnet_utils/nnet_mult.h:73->firmware/nnet_utils/nnet_dense_latency.h:42]   --->   Operation 109 'bitconcatenate' 'tmp_93' <Predicate = true> <Delay = 0.00>
ST_1 : Operation 110 [1/1] (0.00ns)   --->   "%sext_ln73_83 = sext i20 %tmp_93" [firmware/nnet_utils/nnet_mult.h:73->firmware/nnet_utils/nnet_dense_latency.h:42]   --->   Operation 110 'sext' 'sext_ln73_83' <Predicate = true> <Delay = 0.00>
ST_1 : Operation 111 [1/1] (0.00ns)   --->   "%tmp_94 = bitconcatenate i18 @_ssdm_op_BitConcatenate.i18.i16.i2, i16 %a_7, i2 0" [firmware/nnet_utils/nnet_mult.h:73->firmware/nnet_utils/nnet_dense_latency.h:42]   --->   Operation 111 'bitconcatenate' 'tmp_94' <Predicate = true> <Delay = 0.00>
ST_1 : Operation 112 [1/1] (0.00ns)   --->   "%sext_ln73_84 = sext i18 %tmp_94" [firmware/nnet_utils/nnet_mult.h:73->firmware/nnet_utils/nnet_dense_latency.h:42]   --->   Operation 112 'sext' 'sext_ln73_84' <Predicate = true> <Delay = 0.00>
ST_1 : Operation 113 [1/1] (0.89ns)   --->   "%sub_ln73_39 = sub i21 %sext_ln73_84, i21 %sext_ln73_83" [firmware/nnet_utils/nnet_mult.h:73->firmware/nnet_utils/nnet_dense_latency.h:42]   --->   Operation 113 'sub' 'sub_ln73_39' <Predicate = true> <Delay = 0.89> <CoreInst = "Adder">   --->   Core 1 'Adder' <Latency = 0> <II = 1> <Delay = 0.90> <FuncUnit> <Opcode : 'add' 'sub'> <InPorts = 2> <OutPorts = 1>
ST_1 : Operation 114 [1/1] (0.00ns)   --->   "%trunc_ln42_43 = partselect i11 @_ssdm_op_PartSelect.i11.i21.i32.i32, i21 %sub_ln73_39, i32 10, i32 20" [firmware/nnet_utils/nnet_dense_latency.h:42]   --->   Operation 114 'partselect' 'trunc_ln42_43' <Predicate = true> <Delay = 0.00>
ST_1 : Operation 115 [1/1] (0.00ns)   --->   "%sext_ln73_6 = sext i11 %trunc_ln42_43" [firmware/nnet_utils/nnet_mult.h:73->firmware/nnet_utils/nnet_dense_latency.h:42]   --->   Operation 115 'sext' 'sext_ln73_6' <Predicate = true> <Delay = 0.00>
ST_1 : Operation 116 [1/1] (2.38ns)   --->   "%mul_ln73_269 = mul i23 %sext_ln70_140, i23 8388557" [firmware/nnet_utils/nnet_mult.h:73->firmware/nnet_utils/nnet_dense_latency.h:42]   --->   Operation 116 'mul' 'mul_ln73_269' <Predicate = true> <Delay = 2.38> <CoreInst = "Multiplier">   --->   Core 3 'Multiplier' <Latency = 0> <II = 1> <Delay = 2.38> <FuncUnit> <Opcode : 'mul'> <InPorts = 2> <OutPorts = 1>
ST_1 : Operation 117 [1/1] (0.00ns)   --->   "%trunc_ln42_44 = partselect i13 @_ssdm_op_PartSelect.i13.i23.i32.i32, i23 %mul_ln73_269, i32 10, i32 22" [firmware/nnet_utils/nnet_dense_latency.h:42]   --->   Operation 117 'partselect' 'trunc_ln42_44' <Predicate = true> <Delay = 0.00>
ST_1 : Operation 118 [1/1] (0.00ns)   --->   "%p_cast49_cast = sext i13 %trunc_ln42_44" [firmware/nnet_utils/nnet_dense_latency.h:42]   --->   Operation 118 'sext' 'p_cast49_cast' <Predicate = true> <Delay = 0.00>
ST_1 : Operation 119 [1/1] (0.00ns)   --->   "%a_8 = load i16 %void_compute_output_buffer_2d_array_const_ap_shift_reg_n_chan_stream_weig"   --->   Operation 119 'load' 'a_8' <Predicate = true> <Delay = 0.00>
ST_1 : Operation 120 [1/1] (0.00ns)   --->   "%sext_ln70_143 = sext i16 %a_8" [firmware/nnet_utils/nnet_mult.h:70->firmware/nnet_utils/nnet_dense_latency.h:42]   --->   Operation 120 'sext' 'sext_ln70_143' <Predicate = true> <Delay = 0.00>
ST_1 : Operation 121 [1/1] (0.00ns)   --->   "%sext_ln70_144 = sext i16 %a_8" [firmware/nnet_utils/nnet_mult.h:70->firmware/nnet_utils/nnet_dense_latency.h:42]   --->   Operation 121 'sext' 'sext_ln70_144' <Predicate = true> <Delay = 0.00>
ST_1 : Operation 122 [1/1] (0.00ns)   --->   "%tmp_95 = bitconcatenate i18 @_ssdm_op_BitConcatenate.i18.i16.i2, i16 %a_8, i2 0" [firmware/nnet_utils/nnet_mult.h:73->firmware/nnet_utils/nnet_dense_latency.h:42]   --->   Operation 122 'bitconcatenate' 'tmp_95' <Predicate = true> <Delay = 0.00>
ST_1 : Operation 123 [1/1] (0.00ns)   --->   "%sext_ln73_85 = sext i18 %tmp_95" [firmware/nnet_utils/nnet_mult.h:73->firmware/nnet_utils/nnet_dense_latency.h:42]   --->   Operation 123 'sext' 'sext_ln73_85' <Predicate = true> <Delay = 0.00>
ST_1 : Operation 124 [1/1] (0.87ns)   --->   "%sub_ln73_40 = sub i19 0, i19 %sext_ln73_85" [firmware/nnet_utils/nnet_mult.h:73->firmware/nnet_utils/nnet_dense_latency.h:42]   --->   Operation 124 'sub' 'sub_ln73_40' <Predicate = true> <Delay = 0.87> <CoreInst = "Adder">   --->   Core 1 'Adder' <Latency = 0> <II = 1> <Delay = 0.88> <FuncUnit> <Opcode : 'add' 'sub'> <InPorts = 2> <OutPorts = 1>
ST_1 : Operation 125 [1/1] (0.00ns)   --->   "%trunc_ln42_45 = partselect i9 @_ssdm_op_PartSelect.i9.i19.i32.i32, i19 %sub_ln73_40, i32 10, i32 18" [firmware/nnet_utils/nnet_dense_latency.h:42]   --->   Operation 125 'partselect' 'trunc_ln42_45' <Predicate = true> <Delay = 0.00>
ST_1 : Operation 126 [1/1] (0.00ns)   --->   "%sext_ln73_7 = sext i9 %trunc_ln42_45" [firmware/nnet_utils/nnet_mult.h:73->firmware/nnet_utils/nnet_dense_latency.h:42]   --->   Operation 126 'sext' 'sext_ln73_7' <Predicate = true> <Delay = 0.00>
ST_1 : Operation 127 [1/1] (2.38ns)   --->   "%mul_ln73_270 = mul i26 %sext_ln70_144, i26 331" [firmware/nnet_utils/nnet_mult.h:73->firmware/nnet_utils/nnet_dense_latency.h:42]   --->   Operation 127 'mul' 'mul_ln73_270' <Predicate = true> <Delay = 2.38> <CoreInst = "Multiplier">   --->   Core 3 'Multiplier' <Latency = 0> <II = 1> <Delay = 2.38> <FuncUnit> <Opcode : 'mul'> <InPorts = 2> <OutPorts = 1>
ST_1 : Operation 128 [1/1] (0.00ns)   --->   "%trunc_ln42_46 = partselect i16 @_ssdm_op_PartSelect.i16.i26.i32.i32, i26 %mul_ln73_270, i32 10, i32 25" [firmware/nnet_utils/nnet_dense_latency.h:42]   --->   Operation 128 'partselect' 'trunc_ln42_46' <Predicate = true> <Delay = 0.00>
ST_1 : Operation 129 [1/1] (2.38ns)   --->   "%mul_ln73_271 = mul i24 %sext_ln70_143, i24 74" [firmware/nnet_utils/nnet_mult.h:73->firmware/nnet_utils/nnet_dense_latency.h:42]   --->   Operation 129 'mul' 'mul_ln73_271' <Predicate = true> <Delay = 2.38> <CoreInst = "Multiplier">   --->   Core 3 'Multiplier' <Latency = 0> <II = 1> <Delay = 2.38> <FuncUnit> <Opcode : 'mul'> <InPorts = 2> <OutPorts = 1>
ST_1 : Operation 130 [1/1] (0.00ns)   --->   "%trunc_ln42_47 = partselect i14 @_ssdm_op_PartSelect.i14.i24.i32.i32, i24 %mul_ln73_271, i32 10, i32 23" [firmware/nnet_utils/nnet_dense_latency.h:42]   --->   Operation 130 'partselect' 'trunc_ln42_47' <Predicate = true> <Delay = 0.00>
ST_1 : Operation 131 [1/1] (0.00ns)   --->   "%sext_ln73_8 = sext i14 %trunc_ln42_47" [firmware/nnet_utils/nnet_mult.h:73->firmware/nnet_utils/nnet_dense_latency.h:42]   --->   Operation 131 'sext' 'sext_ln73_8' <Predicate = true> <Delay = 0.00>
ST_1 : Operation 132 [1/1] (2.38ns)   --->   "%mul_ln73_272 = mul i26 %sext_ln70_144, i26 67108500" [firmware/nnet_utils/nnet_mult.h:73->firmware/nnet_utils/nnet_dense_latency.h:42]   --->   Operation 132 'mul' 'mul_ln73_272' <Predicate = true> <Delay = 2.38> <CoreInst = "Multiplier">   --->   Core 3 'Multiplier' <Latency = 0> <II = 1> <Delay = 2.38> <FuncUnit> <Opcode : 'mul'> <InPorts = 2> <OutPorts = 1>
ST_1 : Operation 133 [1/1] (0.00ns)   --->   "%trunc_ln42_48 = partselect i16 @_ssdm_op_PartSelect.i16.i26.i32.i32, i26 %mul_ln73_272, i32 10, i32 25" [firmware/nnet_utils/nnet_dense_latency.h:42]   --->   Operation 133 'partselect' 'trunc_ln42_48' <Predicate = true> <Delay = 0.00>
ST_1 : Operation 134 [1/1] (0.85ns)   --->   "%add_ln58 = add i16 %trunc_ln, i16 %trunc_ln42_17" [firmware/nnet_utils/nnet_dense_latency.h:58]   --->   Operation 134 'add' 'add_ln58' <Predicate = true> <Delay = 0.85> <CoreInst = "Adder">   --->   Core 1 'Adder' <Latency = 0> <II = 1> <Delay = 0.85> <FuncUnit> <Opcode : 'add' 'sub'> <InPorts = 2> <OutPorts = 1>
ST_1 : Operation 135 [1/1] (0.00ns) (grouped into TernaryAdder)   --->   "%add_ln58_303 = add i16 %trunc_ln42_29, i16 %sext_ln42_119" [firmware/nnet_utils/nnet_dense_latency.h:58]   --->   Operation 135 'add' 'add_ln58_303' <Predicate = true> <Delay = 0.00> <CoreInst = "TAddSub">   --->   Core 10 'TAddSub' <Latency = 0> <II = 1> <Delay = 0.34> <IPBlock> <Opcode : '' 'add' 'sub'> <InPorts = 3> <OutPorts = 1> <Sync> <CReg>
ST_1 : Operation 136 [1/1] (0.68ns) (root node of TernaryAdder)   --->   "%add_ln58_304 = add i16 %add_ln58_303, i16 %trunc_ln42_21" [firmware/nnet_utils/nnet_dense_latency.h:58]   --->   Operation 136 'add' 'add_ln58_304' <Predicate = true> <Delay = 0.68> <CoreInst = "TAddSub">   --->   Core 10 'TAddSub' <Latency = 0> <II = 1> <Delay = 0.34> <IPBlock> <Opcode : '' 'add' 'sub'> <InPorts = 3> <OutPorts = 1> <Sync> <CReg>
ST_1 : Operation 137 [1/1] (0.77ns)   --->   "%add_ln58_307 = add i10 %sext_ln73_7, i10 1020" [firmware/nnet_utils/nnet_dense_latency.h:58]   --->   Operation 137 'add' 'add_ln58_307' <Predicate = true> <Delay = 0.77> <CoreInst = "Adder">   --->   Core 1 'Adder' <Latency = 0> <II = 1> <Delay = 0.78> <FuncUnit> <Opcode : 'add' 'sub'> <InPorts = 2> <OutPorts = 1>
ST_1 : Operation 138 [1/1] (0.00ns)   --->   "%sext_ln58 = sext i10 %add_ln58_307" [firmware/nnet_utils/nnet_dense_latency.h:58]   --->   Operation 138 'sext' 'sext_ln58' <Predicate = true> <Delay = 0.00>
ST_1 : Operation 139 [1/1] (0.82ns)   --->   "%add_ln58_308 = add i14 %sext_ln58, i14 %sext_ln73" [firmware/nnet_utils/nnet_dense_latency.h:58]   --->   Operation 139 'add' 'add_ln58_308' <Predicate = true> <Delay = 0.82> <CoreInst = "Adder">   --->   Core 1 'Adder' <Latency = 0> <II = 1> <Delay = 0.83> <FuncUnit> <Opcode : 'add' 'sub'> <InPorts = 2> <OutPorts = 1>
ST_1 : Operation 140 [1/1] (0.85ns)   --->   "%add_ln58_311 = add i16 %trunc_ln42_18, i16 %trunc_ln42_22" [firmware/nnet_utils/nnet_dense_latency.h:58]   --->   Operation 140 'add' 'add_ln58_311' <Predicate = true> <Delay = 0.85> <CoreInst = "Adder">   --->   Core 1 'Adder' <Latency = 0> <II = 1> <Delay = 0.85> <FuncUnit> <Opcode : 'add' 'sub'> <InPorts = 2> <OutPorts = 1>
ST_1 : Operation 141 [1/1] (0.00ns) (grouped into TernaryAdder)   --->   "%add_ln58_312 = add i16 %trunc_ln42_30, i16 %trunc_ln42_38" [firmware/nnet_utils/nnet_dense_latency.h:58]   --->   Operation 141 'add' 'add_ln58_312' <Predicate = true> <Delay = 0.00> <CoreInst = "TAddSub">   --->   Core 10 'TAddSub' <Latency = 0> <II = 1> <Delay = 0.34> <IPBlock> <Opcode : '' 'add' 'sub'> <InPorts = 3> <OutPorts = 1> <Sync> <CReg>
ST_1 : Operation 142 [1/1] (0.68ns) (root node of TernaryAdder)   --->   "%add_ln58_313 = add i16 %add_ln58_312, i16 %trunc_ln42_26" [firmware/nnet_utils/nnet_dense_latency.h:58]   --->   Operation 142 'add' 'add_ln58_313' <Predicate = true> <Delay = 0.68> <CoreInst = "TAddSub">   --->   Core 10 'TAddSub' <Latency = 0> <II = 1> <Delay = 0.34> <IPBlock> <Opcode : '' 'add' 'sub'> <InPorts = 3> <OutPorts = 1> <Sync> <CReg>
ST_1 : Operation 143 [1/1] (0.79ns)   --->   "%add_ln58_316 = add i12 %sext_ln73_5, i12 4093" [firmware/nnet_utils/nnet_dense_latency.h:58]   --->   Operation 143 'add' 'add_ln58_316' <Predicate = true> <Delay = 0.79> <CoreInst = "Adder">   --->   Core 1 'Adder' <Latency = 0> <II = 1> <Delay = 0.80> <FuncUnit> <Opcode : 'add' 'sub'> <InPorts = 2> <OutPorts = 1>
ST_1 : Operation 144 [1/1] (0.00ns)   --->   "%sext_ln58_59 = sext i12 %add_ln58_316" [firmware/nnet_utils/nnet_dense_latency.h:58]   --->   Operation 144 'sext' 'sext_ln58_59' <Predicate = true> <Delay = 0.00>
ST_1 : Operation 145 [1/1] (0.83ns)   --->   "%add_ln58_317 = add i15 %sext_ln58_59, i15 %sext_ln73_4" [firmware/nnet_utils/nnet_dense_latency.h:58]   --->   Operation 145 'add' 'add_ln58_317' <Predicate = true> <Delay = 0.83> <CoreInst = "Adder">   --->   Core 1 'Adder' <Latency = 0> <II = 1> <Delay = 0.84> <FuncUnit> <Opcode : 'add' 'sub'> <InPorts = 2> <OutPorts = 1>
ST_1 : Operation 146 [1/1] (0.85ns)   --->   "%add_ln58_320 = add i16 %trunc_ln42_15, i16 %trunc_ln42_19" [firmware/nnet_utils/nnet_dense_latency.h:58]   --->   Operation 146 'add' 'add_ln58_320' <Predicate = true> <Delay = 0.85> <CoreInst = "Adder">   --->   Core 1 'Adder' <Latency = 0> <II = 1> <Delay = 0.85> <FuncUnit> <Opcode : 'add' 'sub'> <InPorts = 2> <OutPorts = 1>
ST_1 : Operation 147 [1/1] (0.00ns) (grouped into TernaryAdder)   --->   "%add_ln58_321 = add i16 %sext_ln42_120, i16 %sext_ln42_122" [firmware/nnet_utils/nnet_dense_latency.h:58]   --->   Operation 147 'add' 'add_ln58_321' <Predicate = true> <Delay = 0.00> <CoreInst = "TAddSub">   --->   Core 10 'TAddSub' <Latency = 0> <II = 1> <Delay = 0.34> <IPBlock> <Opcode : '' 'add' 'sub'> <InPorts = 3> <OutPorts = 1> <Sync> <CReg>
ST_1 : Operation 148 [1/1] (0.68ns) (root node of TernaryAdder)   --->   "%add_ln58_322 = add i16 %add_ln58_321, i16 %sext_ln42_117" [firmware/nnet_utils/nnet_dense_latency.h:58]   --->   Operation 148 'add' 'add_ln58_322' <Predicate = true> <Delay = 0.68> <CoreInst = "TAddSub">   --->   Core 10 'TAddSub' <Latency = 0> <II = 1> <Delay = 0.34> <IPBlock> <Opcode : '' 'add' 'sub'> <InPorts = 3> <OutPorts = 1> <Sync> <CReg>
ST_1 : Operation 149 [1/1] (0.79ns)   --->   "%add_ln58_325 = add i12 %sext_ln73_6, i12 4091" [firmware/nnet_utils/nnet_dense_latency.h:58]   --->   Operation 149 'add' 'add_ln58_325' <Predicate = true> <Delay = 0.79> <CoreInst = "Adder">   --->   Core 1 'Adder' <Latency = 0> <II = 1> <Delay = 0.80> <FuncUnit> <Opcode : 'add' 'sub'> <InPorts = 2> <OutPorts = 1>
ST_1 : Operation 150 [1/1] (0.00ns)   --->   "%sext_ln58_61 = sext i12 %add_ln58_325" [firmware/nnet_utils/nnet_dense_latency.h:58]   --->   Operation 150 'sext' 'sext_ln58_61' <Predicate = true> <Delay = 0.00>
ST_1 : Operation 151 [1/1] (0.83ns)   --->   "%add_ln58_326 = add i15 %sext_ln58_61, i15 %sext_ln73_8" [firmware/nnet_utils/nnet_dense_latency.h:58]   --->   Operation 151 'add' 'add_ln58_326' <Predicate = true> <Delay = 0.83> <CoreInst = "Adder">   --->   Core 1 'Adder' <Latency = 0> <II = 1> <Delay = 0.84> <FuncUnit> <Opcode : 'add' 'sub'> <InPorts = 2> <OutPorts = 1>
ST_1 : Operation 152 [1/1] (0.85ns)   --->   "%add_ln58_329 = add i16 %trunc_ln42_32, i16 %trunc_ln42_40" [firmware/nnet_utils/nnet_dense_latency.h:58]   --->   Operation 152 'add' 'add_ln58_329' <Predicate = true> <Delay = 0.85> <CoreInst = "Adder">   --->   Core 1 'Adder' <Latency = 0> <II = 1> <Delay = 0.85> <FuncUnit> <Opcode : 'add' 'sub'> <InPorts = 2> <OutPorts = 1>
ST_1 : Operation 153 [1/1] (0.00ns) (grouped into TernaryAdder)   --->   "%add_ln58_330 = add i16 %sext_ln42_118, i16 %sext_ln42_121" [firmware/nnet_utils/nnet_dense_latency.h:58]   --->   Operation 153 'add' 'add_ln58_330' <Predicate = true> <Delay = 0.00> <CoreInst = "TAddSub">   --->   Core 10 'TAddSub' <Latency = 0> <II = 1> <Delay = 0.34> <IPBlock> <Opcode : '' 'add' 'sub'> <InPorts = 3> <OutPorts = 1> <Sync> <CReg>
ST_1 : Operation 154 [1/1] (0.68ns) (root node of TernaryAdder)   --->   "%add_ln58_331 = add i16 %add_ln58_330, i16 %trunc_ln42_48" [firmware/nnet_utils/nnet_dense_latency.h:58]   --->   Operation 154 'add' 'add_ln58_331' <Predicate = true> <Delay = 0.68> <CoreInst = "TAddSub">   --->   Core 10 'TAddSub' <Latency = 0> <II = 1> <Delay = 0.34> <IPBlock> <Opcode : '' 'add' 'sub'> <InPorts = 3> <OutPorts = 1> <Sync> <CReg>
ST_1 : Operation 155 [1/1] (0.79ns)   --->   "%add_ln58_334 = add i12 %p_cast32_cast, i12 6" [firmware/nnet_utils/nnet_dense_latency.h:58]   --->   Operation 155 'add' 'add_ln58_334' <Predicate = true> <Delay = 0.79> <CoreInst = "Adder">   --->   Core 1 'Adder' <Latency = 0> <II = 1> <Delay = 0.80> <FuncUnit> <Opcode : 'add' 'sub'> <InPorts = 2> <OutPorts = 1>
ST_1 : Operation 156 [1/1] (0.00ns)   --->   "%sext_ln58_63 = sext i12 %add_ln58_334" [firmware/nnet_utils/nnet_dense_latency.h:58]   --->   Operation 156 'sext' 'sext_ln58_63' <Predicate = true> <Delay = 0.00>
ST_1 : Operation 157 [1/1] (0.82ns)   --->   "%add_ln58_335 = add i14 %sext_ln58_63, i14 %p_cast49_cast" [firmware/nnet_utils/nnet_dense_latency.h:58]   --->   Operation 157 'add' 'add_ln58_335' <Predicate = true> <Delay = 0.82> <CoreInst = "Adder">   --->   Core 1 'Adder' <Latency = 0> <II = 1> <Delay = 0.83> <FuncUnit> <Opcode : 'add' 'sub'> <InPorts = 2> <OutPorts = 1>

State 2 <SV = 1> <Delay = 1.37>
ST_2 : Operation 158 [1/1] (0.00ns)   --->   "%specpipeline_ln13 = specpipeline void @_ssdm_op_SpecPipeline, i32 1, i32 0, i32 0, i32 0, void @empty_3" [firmware/nnet_utils/nnet_dense_latency.h:13]   --->   Operation 158 'specpipeline' 'specpipeline_ln13' <Predicate = true> <Delay = 0.00>
ST_2 : Operation 159 [1/1] (0.00ns)   --->   "%specresourcelimit_ln33 = specresourcelimit void @_ssdm_op_SpecResourceLimit, i64 36, void @empty_5, void @empty_3, void @empty_3, void @empty_3" [firmware/nnet_utils/nnet_dense_latency.h:33]   --->   Operation 159 'specresourcelimit' 'specresourcelimit_ln33' <Predicate = true> <Delay = 0.00>
ST_2 : Operation 160 [1/1] (0.00ns)   --->   "%sext_ln42 = sext i14 %trunc_ln42_s" [firmware/nnet_utils/nnet_dense_latency.h:42]   --->   Operation 160 'sext' 'sext_ln42' <Predicate = true> <Delay = 0.00>
ST_2 : Operation 161 [1/1] (0.00ns)   --->   "%sext_ln42_116 = sext i14 %trunc_ln42_20" [firmware/nnet_utils/nnet_dense_latency.h:42]   --->   Operation 161 'sext' 'sext_ln42_116' <Predicate = true> <Delay = 0.00>
ST_2 : Operation 162 [1/1] (0.00ns)   --->   "%sext_ln42_123 = sext i15 %trunc_ln42_35" [firmware/nnet_utils/nnet_dense_latency.h:42]   --->   Operation 162 'sext' 'sext_ln42_123' <Predicate = true> <Delay = 0.00>
ST_2 : Operation 163 [1/1] (0.00ns)   --->   "%sext_ln42_124 = sext i15 %trunc_ln42_36" [firmware/nnet_utils/nnet_dense_latency.h:42]   --->   Operation 163 'sext' 'sext_ln42_124' <Predicate = true> <Delay = 0.00>
ST_2 : Operation 164 [1/1] (0.00ns)   --->   "%sext_ln42_125 = sext i15 %trunc_ln42_37" [firmware/nnet_utils/nnet_dense_latency.h:42]   --->   Operation 164 'sext' 'sext_ln42_125' <Predicate = true> <Delay = 0.00>
ST_2 : Operation 165 [1/1] (0.00ns)   --->   "%sext_ln42_126 = sext i14 %trunc_ln42_39" [firmware/nnet_utils/nnet_dense_latency.h:42]   --->   Operation 165 'sext' 'sext_ln42_126' <Predicate = true> <Delay = 0.00>
ST_2 : Operation 166 [1/1] (0.00ns)   --->   "%sext_ln42_127 = sext i14 %trunc_ln42_41" [firmware/nnet_utils/nnet_dense_latency.h:42]   --->   Operation 166 'sext' 'sext_ln42_127' <Predicate = true> <Delay = 0.00>
ST_2 : Operation 167 [1/1] (0.00ns) (grouped into TernaryAdder)   --->   "%add_ln58_305 = add i16 %add_ln58_304, i16 %add_ln58" [firmware/nnet_utils/nnet_dense_latency.h:58]   --->   Operation 167 'add' 'add_ln58_305' <Predicate = true> <Delay = 0.00> <CoreInst = "TAddSub">   --->   Core 10 'TAddSub' <Latency = 0> <II = 1> <Delay = 0.34> <IPBlock> <Opcode : '' 'add' 'sub'> <InPorts = 3> <OutPorts = 1> <Sync> <CReg>
ST_2 : Operation 168 [1/1] (0.00ns) (grouped into TernaryAdder)   --->   "%add_ln58_306 = add i16 %sext_ln42_125, i16 %sext_ln42_127" [firmware/nnet_utils/nnet_dense_latency.h:58]   --->   Operation 168 'add' 'add_ln58_306' <Predicate = true> <Delay = 0.00> <CoreInst = "TAddSub">   --->   Core 10 'TAddSub' <Latency = 0> <II = 1> <Delay = 0.34> <IPBlock> <Opcode : '' 'add' 'sub'> <InPorts = 3> <OutPorts = 1> <Sync> <CReg>
ST_2 : Operation 169 [1/1] (0.00ns)   --->   "%sext_ln58_58 = sext i14 %add_ln58_308" [firmware/nnet_utils/nnet_dense_latency.h:58]   --->   Operation 169 'sext' 'sext_ln58_58' <Predicate = true> <Delay = 0.00>
ST_2 : Operation 170 [1/1] (0.68ns) (root node of TernaryAdder)   --->   "%add_ln58_309 = add i16 %sext_ln58_58, i16 %add_ln58_306" [firmware/nnet_utils/nnet_dense_latency.h:58]   --->   Operation 170 'add' 'add_ln58_309' <Predicate = true> <Delay = 0.68> <CoreInst = "TAddSub">   --->   Core 10 'TAddSub' <Latency = 0> <II = 1> <Delay = 0.34> <IPBlock> <Opcode : '' 'add' 'sub'> <InPorts = 3> <OutPorts = 1> <Sync> <CReg>
ST_2 : Operation 171 [1/1] (0.68ns) (root node of TernaryAdder)   --->   "%x = add i16 %add_ln58_309, i16 %add_ln58_305" [firmware/nnet_utils/nnet_dense_latency.h:58]   --->   Operation 171 'add' 'x' <Predicate = true> <Delay = 0.68> <CoreInst = "TAddSub">   --->   Core 10 'TAddSub' <Latency = 0> <II = 1> <Delay = 0.34> <IPBlock> <Opcode : '' 'add' 'sub'> <InPorts = 3> <OutPorts = 1> <Sync> <CReg>
ST_2 : Operation 172 [1/1] (0.00ns) (grouped into TernaryAdder)   --->   "%add_ln58_314 = add i16 %add_ln58_313, i16 %add_ln58_311" [firmware/nnet_utils/nnet_dense_latency.h:58]   --->   Operation 172 'add' 'add_ln58_314' <Predicate = true> <Delay = 0.00> <CoreInst = "TAddSub">   --->   Core 10 'TAddSub' <Latency = 0> <II = 1> <Delay = 0.34> <IPBlock> <Opcode : '' 'add' 'sub'> <InPorts = 3> <OutPorts = 1> <Sync> <CReg>
ST_2 : Operation 173 [1/1] (0.00ns) (grouped into TernaryAdder)   --->   "%add_ln58_315 = add i16 %trunc_ln42_46, i16 %sext_ln42" [firmware/nnet_utils/nnet_dense_latency.h:58]   --->   Operation 173 'add' 'add_ln58_315' <Predicate = true> <Delay = 0.00> <CoreInst = "TAddSub">   --->   Core 10 'TAddSub' <Latency = 0> <II = 1> <Delay = 0.34> <IPBlock> <Opcode : '' 'add' 'sub'> <InPorts = 3> <OutPorts = 1> <Sync> <CReg>
ST_2 : Operation 174 [1/1] (0.00ns)   --->   "%sext_ln58_60 = sext i15 %add_ln58_317" [firmware/nnet_utils/nnet_dense_latency.h:58]   --->   Operation 174 'sext' 'sext_ln58_60' <Predicate = true> <Delay = 0.00>
ST_2 : Operation 175 [1/1] (0.68ns) (root node of TernaryAdder)   --->   "%add_ln58_318 = add i16 %sext_ln58_60, i16 %add_ln58_315" [firmware/nnet_utils/nnet_dense_latency.h:58]   --->   Operation 175 'add' 'add_ln58_318' <Predicate = true> <Delay = 0.68> <CoreInst = "TAddSub">   --->   Core 10 'TAddSub' <Latency = 0> <II = 1> <Delay = 0.34> <IPBlock> <Opcode : '' 'add' 'sub'> <InPorts = 3> <OutPorts = 1> <Sync> <CReg>
ST_2 : Operation 176 [1/1] (0.68ns) (root node of TernaryAdder)   --->   "%x_11 = add i16 %add_ln58_318, i16 %add_ln58_314" [firmware/nnet_utils/nnet_dense_latency.h:58]   --->   Operation 176 'add' 'x_11' <Predicate = true> <Delay = 0.68> <CoreInst = "TAddSub">   --->   Core 10 'TAddSub' <Latency = 0> <II = 1> <Delay = 0.34> <IPBlock> <Opcode : '' 'add' 'sub'> <InPorts = 3> <OutPorts = 1> <Sync> <CReg>
ST_2 : Operation 177 [1/1] (0.00ns) (grouped into TernaryAdder)   --->   "%add_ln58_323 = add i16 %add_ln58_322, i16 %add_ln58_320" [firmware/nnet_utils/nnet_dense_latency.h:58]   --->   Operation 177 'add' 'add_ln58_323' <Predicate = true> <Delay = 0.00> <CoreInst = "TAddSub">   --->   Core 10 'TAddSub' <Latency = 0> <II = 1> <Delay = 0.34> <IPBlock> <Opcode : '' 'add' 'sub'> <InPorts = 3> <OutPorts = 1> <Sync> <CReg>
ST_2 : Operation 178 [1/1] (0.00ns) (grouped into TernaryAdder)   --->   "%add_ln58_324 = add i16 %sext_ln42_123, i16 %sext_ln42_126" [firmware/nnet_utils/nnet_dense_latency.h:58]   --->   Operation 178 'add' 'add_ln58_324' <Predicate = true> <Delay = 0.00> <CoreInst = "TAddSub">   --->   Core 10 'TAddSub' <Latency = 0> <II = 1> <Delay = 0.34> <IPBlock> <Opcode : '' 'add' 'sub'> <InPorts = 3> <OutPorts = 1> <Sync> <CReg>
ST_2 : Operation 179 [1/1] (0.00ns)   --->   "%sext_ln58_62 = sext i15 %add_ln58_326" [firmware/nnet_utils/nnet_dense_latency.h:58]   --->   Operation 179 'sext' 'sext_ln58_62' <Predicate = true> <Delay = 0.00>
ST_2 : Operation 180 [1/1] (0.68ns) (root node of TernaryAdder)   --->   "%add_ln58_327 = add i16 %sext_ln58_62, i16 %add_ln58_324" [firmware/nnet_utils/nnet_dense_latency.h:58]   --->   Operation 180 'add' 'add_ln58_327' <Predicate = true> <Delay = 0.68> <CoreInst = "TAddSub">   --->   Core 10 'TAddSub' <Latency = 0> <II = 1> <Delay = 0.34> <IPBlock> <Opcode : '' 'add' 'sub'> <InPorts = 3> <OutPorts = 1> <Sync> <CReg>
ST_2 : Operation 181 [1/1] (0.68ns) (root node of TernaryAdder)   --->   "%x_12 = add i16 %add_ln58_327, i16 %add_ln58_323" [firmware/nnet_utils/nnet_dense_latency.h:58]   --->   Operation 181 'add' 'x_12' <Predicate = true> <Delay = 0.68> <CoreInst = "TAddSub">   --->   Core 10 'TAddSub' <Latency = 0> <II = 1> <Delay = 0.34> <IPBlock> <Opcode : '' 'add' 'sub'> <InPorts = 3> <OutPorts = 1> <Sync> <CReg>
ST_2 : Operation 182 [1/1] (0.00ns) (grouped into TernaryAdder)   --->   "%add_ln58_332 = add i16 %add_ln58_331, i16 %add_ln58_329" [firmware/nnet_utils/nnet_dense_latency.h:58]   --->   Operation 182 'add' 'add_ln58_332' <Predicate = true> <Delay = 0.00> <CoreInst = "TAddSub">   --->   Core 10 'TAddSub' <Latency = 0> <II = 1> <Delay = 0.34> <IPBlock> <Opcode : '' 'add' 'sub'> <InPorts = 3> <OutPorts = 1> <Sync> <CReg>
ST_2 : Operation 183 [1/1] (0.00ns) (grouped into TernaryAdder)   --->   "%add_ln58_333 = add i16 %sext_ln42_124, i16 %sext_ln42_116" [firmware/nnet_utils/nnet_dense_latency.h:58]   --->   Operation 183 'add' 'add_ln58_333' <Predicate = true> <Delay = 0.00> <CoreInst = "TAddSub">   --->   Core 10 'TAddSub' <Latency = 0> <II = 1> <Delay = 0.34> <IPBlock> <Opcode : '' 'add' 'sub'> <InPorts = 3> <OutPorts = 1> <Sync> <CReg>
ST_2 : Operation 184 [1/1] (0.00ns)   --->   "%sext_ln58_64 = sext i14 %add_ln58_335" [firmware/nnet_utils/nnet_dense_latency.h:58]   --->   Operation 184 'sext' 'sext_ln58_64' <Predicate = true> <Delay = 0.00>
ST_2 : Operation 185 [1/1] (0.68ns) (root node of TernaryAdder)   --->   "%add_ln58_336 = add i16 %sext_ln58_64, i16 %add_ln58_333" [firmware/nnet_utils/nnet_dense_latency.h:58]   --->   Operation 185 'add' 'add_ln58_336' <Predicate = true> <Delay = 0.68> <CoreInst = "TAddSub">   --->   Core 10 'TAddSub' <Latency = 0> <II = 1> <Delay = 0.34> <IPBlock> <Opcode : '' 'add' 'sub'> <InPorts = 3> <OutPorts = 1> <Sync> <CReg>
ST_2 : Operation 186 [1/1] (0.68ns) (root node of TernaryAdder)   --->   "%x_13 = add i16 %add_ln58_336, i16 %add_ln58_332" [firmware/nnet_utils/nnet_dense_latency.h:58]   --->   Operation 186 'add' 'x_13' <Predicate = true> <Delay = 0.68> <CoreInst = "TAddSub">   --->   Core 10 'TAddSub' <Latency = 0> <II = 1> <Delay = 0.34> <IPBlock> <Opcode : '' 'add' 'sub'> <InPorts = 3> <OutPorts = 1> <Sync> <CReg>
ST_2 : Operation 187 [1/1] (0.00ns)   --->   "%shl_ln = bitconcatenate i26 @_ssdm_op_BitConcatenate.i26.i16.i10, i16 %x, i10 0" [firmware/nnet_utils/nnet_mult.h:111->firmware/nnet_utils/nnet_dense_latency.h:66]   --->   Operation 187 'bitconcatenate' 'shl_ln' <Predicate = true> <Delay = 0.00>
ST_2 : Operation 188 [1/1] (0.00ns)   --->   "%sext_ln110 = sext i26 %shl_ln" [firmware/nnet_utils/nnet_mult.h:110->firmware/nnet_utils/nnet_dense_latency.h:66]   --->   Operation 188 'sext' 'sext_ln110' <Predicate = true> <Delay = 0.00>
ST_2 : Operation 189 [1/1] (0.00ns)   --->   "%shl_ln111_9 = bitconcatenate i26 @_ssdm_op_BitConcatenate.i26.i16.i10, i16 %x_11, i10 0" [firmware/nnet_utils/nnet_mult.h:111->firmware/nnet_utils/nnet_dense_latency.h:66]   --->   Operation 189 'bitconcatenate' 'shl_ln111_9' <Predicate = true> <Delay = 0.00>
ST_2 : Operation 190 [1/1] (0.00ns)   --->   "%sext_ln110_7 = sext i26 %shl_ln111_9" [firmware/nnet_utils/nnet_mult.h:110->firmware/nnet_utils/nnet_dense_latency.h:66]   --->   Operation 190 'sext' 'sext_ln110_7' <Predicate = true> <Delay = 0.00>
ST_2 : Operation 191 [1/1] (0.00ns)   --->   "%shl_ln111_s = bitconcatenate i26 @_ssdm_op_BitConcatenate.i26.i16.i10, i16 %x_12, i10 0" [firmware/nnet_utils/nnet_mult.h:111->firmware/nnet_utils/nnet_dense_latency.h:66]   --->   Operation 191 'bitconcatenate' 'shl_ln111_s' <Predicate = true> <Delay = 0.00>
ST_2 : Operation 192 [1/1] (0.00ns)   --->   "%sext_ln110_8 = sext i26 %shl_ln111_s" [firmware/nnet_utils/nnet_mult.h:110->firmware/nnet_utils/nnet_dense_latency.h:66]   --->   Operation 192 'sext' 'sext_ln110_8' <Predicate = true> <Delay = 0.00>
ST_2 : Operation 193 [1/1] (0.00ns)   --->   "%shl_ln111_1 = bitconcatenate i26 @_ssdm_op_BitConcatenate.i26.i16.i10, i16 %x_13, i10 0" [firmware/nnet_utils/nnet_mult.h:111->firmware/nnet_utils/nnet_dense_latency.h:66]   --->   Operation 193 'bitconcatenate' 'shl_ln111_1' <Predicate = true> <Delay = 0.00>
ST_2 : Operation 194 [1/1] (0.00ns)   --->   "%sext_ln68 = sext i26 %shl_ln111_1" [firmware/nnet_utils/nnet_dense_latency.h:68]   --->   Operation 194 'sext' 'sext_ln68' <Predicate = true> <Delay = 0.00>
ST_2 : Operation 195 [1/1] (0.00ns)   --->   "%mrv_i = insertvalue i148 <undef>, i37 %sext_ln110" [firmware/nnet_utils/nnet_dense_latency.h:68]   --->   Operation 195 'insertvalue' 'mrv_i' <Predicate = true> <Delay = 0.00>
ST_2 : Operation 196 [1/1] (0.00ns)   --->   "%mrv_1_i = insertvalue i148 %mrv_i, i37 %sext_ln110_7" [firmware/nnet_utils/nnet_dense_latency.h:68]   --->   Operation 196 'insertvalue' 'mrv_1_i' <Predicate = true> <Delay = 0.00>
ST_2 : Operation 197 [1/1] (0.00ns)   --->   "%mrv_2_i = insertvalue i148 %mrv_1_i, i37 %sext_ln110_8" [firmware/nnet_utils/nnet_dense_latency.h:68]   --->   Operation 197 'insertvalue' 'mrv_2_i' <Predicate = true> <Delay = 0.00>
ST_2 : Operation 198 [1/1] (0.00ns)   --->   "%mrv_3_i = insertvalue i148 %mrv_2_i, i37 %sext_ln68" [firmware/nnet_utils/nnet_dense_latency.h:68]   --->   Operation 198 'insertvalue' 'mrv_3_i' <Predicate = true> <Delay = 0.00>
ST_2 : Operation 199 [1/1] (0.00ns)   --->   "%ret_ln13 = ret i148 %mrv_3_i" [firmware/nnet_utils/nnet_dense_latency.h:13]   --->   Operation 199 'ret' 'ret_ln13' <Predicate = true> <Delay = 0.00>


============================================================
+ Verbose Summary: Binding
============================================================
STG Binding: 
---------------- STG Properties BEGIN ----------------
- Is combinational: 0
- Is one-state seq: 0
- Is datapath-only: 0
- Is pipelined: 1
- Is top level: 0
Port [ Return ] is wired: 1; IO mode=ap_ctrl_hs:ce=0
Port [ void_compute_output_buffer_2d_array_const_ap_shift_reg_n_chan_stream_weig_8]:  wired=1; compound=0; hidden=0; nouse=0; global=1; static=1; extern=0; dir=0; type=0; pingpong=0; private_global=0; IO mode=ap_none:ce=0
Port [ void_compute_output_buffer_2d_array_const_ap_shift_reg_n_chan_stream_weig_7]:  wired=1; compound=0; hidden=0; nouse=0; global=1; static=1; extern=0; dir=0; type=0; pingpong=0; private_global=0; IO mode=ap_none:ce=0
Port [ void_compute_output_buffer_2d_array_const_ap_shift_reg_n_chan_stream_weig_6]:  wired=1; compound=0; hidden=0; nouse=0; global=1; static=1; extern=0; dir=0; type=0; pingpong=0; private_global=0; IO mode=ap_none:ce=0
Port [ void_compute_output_buffer_2d_array_const_ap_shift_reg_n_chan_stream_weig_5]:  wired=1; compound=0; hidden=0; nouse=0; global=1; static=1; extern=0; dir=0; type=0; pingpong=0; private_global=0; IO mode=ap_none:ce=0
Port [ void_compute_output_buffer_2d_array_const_ap_shift_reg_n_chan_stream_weig_4]:  wired=1; compound=0; hidden=0; nouse=0; global=1; static=1; extern=0; dir=0; type=0; pingpong=0; private_global=0; IO mode=ap_none:ce=0
Port [ void_compute_output_buffer_2d_array_const_ap_shift_reg_n_chan_stream_weig_3]:  wired=1; compound=0; hidden=0; nouse=0; global=1; static=1; extern=0; dir=0; type=0; pingpong=0; private_global=0; IO mode=ap_none:ce=0
Port [ void_compute_output_buffer_2d_array_const_ap_shift_reg_n_chan_stream_weig_2]:  wired=1; compound=0; hidden=0; nouse=0; global=1; static=1; extern=0; dir=0; type=0; pingpong=0; private_global=0; IO mode=ap_none:ce=0
Port [ void_compute_output_buffer_2d_array_const_ap_shift_reg_n_chan_stream_weig_1]:  wired=1; compound=0; hidden=0; nouse=0; global=1; static=1; extern=0; dir=0; type=0; pingpong=0; private_global=0; IO mode=ap_none:ce=0
Port [ void_compute_output_buffer_2d_array_const_ap_shift_reg_n_chan_stream_weig]:  wired=1; compound=0; hidden=0; nouse=0; global=1; static=1; extern=0; dir=0; type=0; pingpong=0; private_global=0; IO mode=ap_none:ce=0
---------------- STG Properties END ------------------

---------------- Datapath Model BEGIN ----------------

<LifeTime>
<method=bitvector/>
a                      (load             ) [ 000]
sext_ln70              (sext             ) [ 000]
sext_ln70_124          (sext             ) [ 000]
sext_ln70_125          (sext             ) [ 000]
mul_ln73               (mul              ) [ 000]
trunc_ln               (partselect       ) [ 000]
mul_ln73_243           (mul              ) [ 000]
trunc_ln42_s           (partselect       ) [ 011]
mul_ln73_244           (mul              ) [ 000]
trunc_ln42_15          (partselect       ) [ 000]
tmp                    (bitconcatenate   ) [ 000]
sext_ln73_79           (sext             ) [ 000]
add_ln73               (add              ) [ 000]
trunc_ln42_16          (partselect       ) [ 000]
p_cast32_cast          (sext             ) [ 000]
a_1                    (load             ) [ 000]
sext_ln70_126          (sext             ) [ 000]
sext_ln70_127          (sext             ) [ 000]
mul_ln73_245           (mul              ) [ 000]
trunc_ln42_17          (partselect       ) [ 000]
mul_ln73_246           (mul              ) [ 000]
trunc_ln42_18          (partselect       ) [ 000]
mul_ln73_247           (mul              ) [ 000]
trunc_ln42_19          (partselect       ) [ 000]
mul_ln73_248           (mul              ) [ 000]
trunc_ln42_20          (partselect       ) [ 011]
a_2                    (load             ) [ 000]
sext_ln70_128          (sext             ) [ 000]
sext_ln70_129          (sext             ) [ 000]
mul_ln73_249           (mul              ) [ 000]
trunc_ln42_21          (partselect       ) [ 000]
mul_ln73_250           (mul              ) [ 000]
trunc_ln42_22          (partselect       ) [ 000]
mul_ln73_251           (mul              ) [ 000]
trunc_ln42_23          (partselect       ) [ 000]
sext_ln42_117          (sext             ) [ 000]
mul_ln73_252           (mul              ) [ 000]
trunc_ln42_24          (partselect       ) [ 000]
sext_ln42_118          (sext             ) [ 000]
a_3                    (load             ) [ 000]
sext_ln70_130          (sext             ) [ 000]
sext_ln70_131          (sext             ) [ 000]
mul_ln73_253           (mul              ) [ 000]
trunc_ln42_25          (partselect       ) [ 000]
sext_ln42_119          (sext             ) [ 000]
mul_ln73_254           (mul              ) [ 000]
trunc_ln42_26          (partselect       ) [ 000]
mul_ln73_255           (mul              ) [ 000]
trunc_ln42_27          (partselect       ) [ 000]
sext_ln42_120          (sext             ) [ 000]
mul_ln73_256           (mul              ) [ 000]
trunc_ln42_28          (partselect       ) [ 000]
sext_ln42_121          (sext             ) [ 000]
a_4                    (load             ) [ 000]
sext_ln70_132          (sext             ) [ 000]
sext_ln70_133          (sext             ) [ 000]
mul_ln73_257           (mul              ) [ 000]
trunc_ln42_29          (partselect       ) [ 000]
mul_ln73_258           (mul              ) [ 000]
trunc_ln42_30          (partselect       ) [ 000]
mul_ln73_259           (mul              ) [ 000]
trunc_ln42_31          (partselect       ) [ 000]
sext_ln42_122          (sext             ) [ 000]
mul_ln73_260           (mul              ) [ 000]
trunc_ln42_32          (partselect       ) [ 000]
a_5                    (load             ) [ 000]
sext_ln70_134          (sext             ) [ 000]
sext_ln70_135          (sext             ) [ 000]
sext_ln70_136          (sext             ) [ 000]
mul_ln73_261           (mul              ) [ 000]
trunc_ln42_33          (partselect       ) [ 000]
sext_ln73              (sext             ) [ 000]
mul_ln73_262           (mul              ) [ 000]
trunc_ln42_34          (partselect       ) [ 000]
sext_ln73_4            (sext             ) [ 000]
tmp_90                 (bitconcatenate   ) [ 000]
sext_ln73_80           (sext             ) [ 000]
tmp_91                 (bitconcatenate   ) [ 000]
sext_ln73_81           (sext             ) [ 000]
sub_ln73               (sub              ) [ 000]
trunc_ln42_35          (partselect       ) [ 011]
mul_ln73_263           (mul              ) [ 000]
trunc_ln42_36          (partselect       ) [ 011]
a_6                    (load             ) [ 000]
sext_ln70_137          (sext             ) [ 000]
sext_ln70_138          (sext             ) [ 000]
sext_ln70_139          (sext             ) [ 000]
mul_ln73_264           (mul              ) [ 000]
trunc_ln42_37          (partselect       ) [ 011]
mul_ln73_265           (mul              ) [ 000]
trunc_ln42_38          (partselect       ) [ 000]
mul_ln73_266           (mul              ) [ 000]
trunc_ln42_39          (partselect       ) [ 011]
mul_ln73_267           (mul              ) [ 000]
trunc_ln42_40          (partselect       ) [ 000]
a_7                    (load             ) [ 000]
sext_ln70_140          (sext             ) [ 000]
sext_ln70_141          (sext             ) [ 000]
sext_ln70_142          (sext             ) [ 000]
mul_ln73_268           (mul              ) [ 000]
trunc_ln42_41          (partselect       ) [ 011]
tmp_92                 (bitconcatenate   ) [ 000]
sext_ln73_82           (sext             ) [ 000]
add_ln73_15            (add              ) [ 000]
trunc_ln42_42          (partselect       ) [ 000]
sext_ln73_5            (sext             ) [ 000]
tmp_93                 (bitconcatenate   ) [ 000]
sext_ln73_83           (sext             ) [ 000]
tmp_94                 (bitconcatenate   ) [ 000]
sext_ln73_84           (sext             ) [ 000]
sub_ln73_39            (sub              ) [ 000]
trunc_ln42_43          (partselect       ) [ 000]
sext_ln73_6            (sext             ) [ 000]
mul_ln73_269           (mul              ) [ 000]
trunc_ln42_44          (partselect       ) [ 000]
p_cast49_cast          (sext             ) [ 000]
a_8                    (load             ) [ 000]
sext_ln70_143          (sext             ) [ 000]
sext_ln70_144          (sext             ) [ 000]
tmp_95                 (bitconcatenate   ) [ 000]
sext_ln73_85           (sext             ) [ 000]
sub_ln73_40            (sub              ) [ 000]
trunc_ln42_45          (partselect       ) [ 000]
sext_ln73_7            (sext             ) [ 000]
mul_ln73_270           (mul              ) [ 000]
trunc_ln42_46          (partselect       ) [ 011]
mul_ln73_271           (mul              ) [ 000]
trunc_ln42_47          (partselect       ) [ 000]
sext_ln73_8            (sext             ) [ 000]
mul_ln73_272           (mul              ) [ 000]
trunc_ln42_48          (partselect       ) [ 000]
add_ln58               (add              ) [ 011]
add_ln58_303           (add              ) [ 000]
add_ln58_304           (add              ) [ 011]
add_ln58_307           (add              ) [ 000]
sext_ln58              (sext             ) [ 000]
add_ln58_308           (add              ) [ 011]
add_ln58_311           (add              ) [ 011]
add_ln58_312           (add              ) [ 000]
add_ln58_313           (add              ) [ 011]
add_ln58_316           (add              ) [ 000]
sext_ln58_59           (sext             ) [ 000]
add_ln58_317           (add              ) [ 011]
add_ln58_320           (add              ) [ 011]
add_ln58_321           (add              ) [ 000]
add_ln58_322           (add              ) [ 011]
add_ln58_325           (add              ) [ 000]
sext_ln58_61           (sext             ) [ 000]
add_ln58_326           (add              ) [ 011]
add_ln58_329           (add              ) [ 011]
add_ln58_330           (add              ) [ 000]
add_ln58_331           (add              ) [ 011]
add_ln58_334           (add              ) [ 000]
sext_ln58_63           (sext             ) [ 000]
add_ln58_335           (add              ) [ 011]
specpipeline_ln13      (specpipeline     ) [ 000]
specresourcelimit_ln33 (specresourcelimit) [ 000]
sext_ln42              (sext             ) [ 000]
sext_ln42_116          (sext             ) [ 000]
sext_ln42_123          (sext             ) [ 000]
sext_ln42_124          (sext             ) [ 000]
sext_ln42_125          (sext             ) [ 000]
sext_ln42_126          (sext             ) [ 000]
sext_ln42_127          (sext             ) [ 000]
add_ln58_305           (add              ) [ 000]
add_ln58_306           (add              ) [ 000]
sext_ln58_58           (sext             ) [ 000]
add_ln58_309           (add              ) [ 000]
x                      (add              ) [ 000]
add_ln58_314           (add              ) [ 000]
add_ln58_315           (add              ) [ 000]
sext_ln58_60           (sext             ) [ 000]
add_ln58_318           (add              ) [ 000]
x_11                   (add              ) [ 000]
add_ln58_323           (add              ) [ 000]
add_ln58_324           (add              ) [ 000]
sext_ln58_62           (sext             ) [ 000]
add_ln58_327           (add              ) [ 000]
x_12                   (add              ) [ 000]
add_ln58_332           (add              ) [ 000]
add_ln58_333           (add              ) [ 000]
sext_ln58_64           (sext             ) [ 000]
add_ln58_336           (add              ) [ 000]
x_13                   (add              ) [ 000]
shl_ln                 (bitconcatenate   ) [ 000]
sext_ln110             (sext             ) [ 000]
shl_ln111_9            (bitconcatenate   ) [ 000]
sext_ln110_7           (sext             ) [ 000]
shl_ln111_s            (bitconcatenate   ) [ 000]
sext_ln110_8           (sext             ) [ 000]
shl_ln111_1            (bitconcatenate   ) [ 000]
sext_ln68              (sext             ) [ 000]
mrv_i                  (insertvalue      ) [ 000]
mrv_1_i                (insertvalue      ) [ 000]
mrv_2_i                (insertvalue      ) [ 000]
mrv_3_i                (insertvalue      ) [ 000]
ret_ln13               (ret              ) [ 000]
</LifeTime>

<model>

<comp_list>
<comp id="0" class="1000" name="void_compute_output_buffer_2d_array_const_ap_shift_reg_n_chan_stream_weig_8">
<pin_list>
<pin id="1" dir="1" index="0" bw="1" slack="0"/>
</pin_list>
<bind>
<StgValue><ssdm name="void_compute_output_buffer_2d_array_const_ap_shift_reg_n_chan_stream_weig_8"/></StgValue>
</bind>
</comp>

<comp id="2" class="1000" name="void_compute_output_buffer_2d_array_const_ap_shift_reg_n_chan_stream_weig_7">
<pin_list>
<pin id="3" dir="1" index="0" bw="1" slack="0"/>
</pin_list>
<bind>
<StgValue><ssdm name="void_compute_output_buffer_2d_array_const_ap_shift_reg_n_chan_stream_weig_7"/></StgValue>
</bind>
</comp>

<comp id="4" class="1000" name="void_compute_output_buffer_2d_array_const_ap_shift_reg_n_chan_stream_weig_6">
<pin_list>
<pin id="5" dir="1" index="0" bw="1" slack="0"/>
</pin_list>
<bind>
<StgValue><ssdm name="void_compute_output_buffer_2d_array_const_ap_shift_reg_n_chan_stream_weig_6"/></StgValue>
</bind>
</comp>

<comp id="6" class="1000" name="void_compute_output_buffer_2d_array_const_ap_shift_reg_n_chan_stream_weig_5">
<pin_list>
<pin id="7" dir="1" index="0" bw="1" slack="0"/>
</pin_list>
<bind>
<StgValue><ssdm name="void_compute_output_buffer_2d_array_const_ap_shift_reg_n_chan_stream_weig_5"/></StgValue>
</bind>
</comp>

<comp id="8" class="1000" name="void_compute_output_buffer_2d_array_const_ap_shift_reg_n_chan_stream_weig_4">
<pin_list>
<pin id="9" dir="1" index="0" bw="1" slack="0"/>
</pin_list>
<bind>
<StgValue><ssdm name="void_compute_output_buffer_2d_array_const_ap_shift_reg_n_chan_stream_weig_4"/></StgValue>
</bind>
</comp>

<comp id="10" class="1000" name="void_compute_output_buffer_2d_array_const_ap_shift_reg_n_chan_stream_weig_3">
<pin_list>
<pin id="11" dir="1" index="0" bw="1" slack="0"/>
</pin_list>
<bind>
<StgValue><ssdm name="void_compute_output_buffer_2d_array_const_ap_shift_reg_n_chan_stream_weig_3"/></StgValue>
</bind>
</comp>

<comp id="12" class="1000" name="void_compute_output_buffer_2d_array_const_ap_shift_reg_n_chan_stream_weig_2">
<pin_list>
<pin id="13" dir="1" index="0" bw="1" slack="0"/>
</pin_list>
<bind>
<StgValue><ssdm name="void_compute_output_buffer_2d_array_const_ap_shift_reg_n_chan_stream_weig_2"/></StgValue>
</bind>
</comp>

<comp id="14" class="1000" name="void_compute_output_buffer_2d_array_const_ap_shift_reg_n_chan_stream_weig_1">
<pin_list>
<pin id="15" dir="1" index="0" bw="1" slack="0"/>
</pin_list>
<bind>
<StgValue><ssdm name="void_compute_output_buffer_2d_array_const_ap_shift_reg_n_chan_stream_weig_1"/></StgValue>
</bind>
</comp>

<comp id="16" class="1000" name="void_compute_output_buffer_2d_array_const_ap_shift_reg_n_chan_stream_weig">
<pin_list>
<pin id="17" dir="1" index="0" bw="1" slack="0"/>
</pin_list>
<bind>
<StgValue><ssdm name="void_compute_output_buffer_2d_array_const_ap_shift_reg_n_chan_stream_weig"/></StgValue>
</bind>
</comp>

<comp id="18" class="1001" name="const_18">
<pin_list>
<pin id="19" dir="1" index="0" bw="1" slack="0"/>
</pin_list>
<bind>
<StgValue><ssdm name=""/></StgValue>
</bind>
</comp>

<comp id="20" class="1001" name="const_20">
<pin_list>
<pin id="21" dir="1" index="0" bw="1" slack="0"/>
</pin_list>
<bind>
<StgValue><ssdm name="_ssdm_op_PartSelect.i16.i26.i32.i32"/></StgValue>
</bind>
</comp>

<comp id="22" class="1001" name="const_22">
<pin_list>
<pin id="23" dir="1" index="0" bw="1" slack="0"/>
</pin_list>
<bind>
<StgValue><ssdm name=""/></StgValue>
</bind>
</comp>

<comp id="24" class="1001" name="const_24">
<pin_list>
<pin id="25" dir="1" index="0" bw="1" slack="0"/>
</pin_list>
<bind>
<StgValue><ssdm name=""/></StgValue>
</bind>
</comp>

<comp id="26" class="1001" name="const_26">
<pin_list>
<pin id="27" dir="1" index="0" bw="1" slack="0"/>
</pin_list>
<bind>
<StgValue><ssdm name=""/></StgValue>
</bind>
</comp>

<comp id="28" class="1001" name="const_28">
<pin_list>
<pin id="29" dir="1" index="0" bw="1" slack="0"/>
</pin_list>
<bind>
<StgValue><ssdm name="_ssdm_op_PartSelect.i14.i24.i32.i32"/></StgValue>
</bind>
</comp>

<comp id="30" class="1001" name="const_30">
<pin_list>
<pin id="31" dir="1" index="0" bw="1" slack="0"/>
</pin_list>
<bind>
<StgValue><ssdm name=""/></StgValue>
</bind>
</comp>

<comp id="32" class="1001" name="const_32">
<pin_list>
<pin id="33" dir="1" index="0" bw="1" slack="0"/>
</pin_list>
<bind>
<StgValue><ssdm name=""/></StgValue>
</bind>
</comp>

<comp id="34" class="1001" name="const_34">
<pin_list>
<pin id="35" dir="1" index="0" bw="1" slack="0"/>
</pin_list>
<bind>
<StgValue><ssdm name="_ssdm_op_BitConcatenate.i19.i16.i3"/></StgValue>
</bind>
</comp>

<comp id="36" class="1001" name="const_36">
<pin_list>
<pin id="37" dir="1" index="0" bw="1" slack="0"/>
</pin_list>
<bind>
<StgValue><ssdm name=""/></StgValue>
</bind>
</comp>

<comp id="38" class="1001" name="const_38">
<pin_list>
<pin id="39" dir="1" index="0" bw="1" slack="0"/>
</pin_list>
<bind>
<StgValue><ssdm name="_ssdm_op_PartSelect.i11.i21.i32.i32"/></StgValue>
</bind>
</comp>

<comp id="40" class="1001" name="const_40">
<pin_list>
<pin id="41" dir="1" index="0" bw="1" slack="0"/>
</pin_list>
<bind>
<StgValue><ssdm name=""/></StgValue>
</bind>
</comp>

<comp id="42" class="1001" name="const_42">
<pin_list>
<pin id="43" dir="1" index="0" bw="1" slack="0"/>
</pin_list>
<bind>
<StgValue><ssdm name=""/></StgValue>
</bind>
</comp>

<comp id="44" class="1001" name="const_44">
<pin_list>
<pin id="45" dir="1" index="0" bw="1" slack="0"/>
</pin_list>
<bind>
<StgValue><ssdm name=""/></StgValue>
</bind>
</comp>

<comp id="46" class="1001" name="const_46">
<pin_list>
<pin id="47" dir="1" index="0" bw="1" slack="0"/>
</pin_list>
<bind>
<StgValue><ssdm name=""/></StgValue>
</bind>
</comp>

<comp id="48" class="1001" name="const_48">
<pin_list>
<pin id="49" dir="1" index="0" bw="1" slack="0"/>
</pin_list>
<bind>
<StgValue><ssdm name=""/></StgValue>
</bind>
</comp>

<comp id="50" class="1001" name="const_50">
<pin_list>
<pin id="51" dir="1" index="0" bw="1" slack="0"/>
</pin_list>
<bind>
<StgValue><ssdm name=""/></StgValue>
</bind>
</comp>

<comp id="52" class="1001" name="const_52">
<pin_list>
<pin id="53" dir="1" index="0" bw="1" slack="0"/>
</pin_list>
<bind>
<StgValue><ssdm name=""/></StgValue>
</bind>
</comp>

<comp id="54" class="1001" name="const_54">
<pin_list>
<pin id="55" dir="1" index="0" bw="1" slack="0"/>
</pin_list>
<bind>
<StgValue><ssdm name=""/></StgValue>
</bind>
</comp>

<comp id="56" class="1001" name="const_56">
<pin_list>
<pin id="57" dir="1" index="0" bw="1" slack="0"/>
</pin_list>
<bind>
<StgValue><ssdm name="_ssdm_op_PartSelect.i15.i25.i32.i32"/></StgValue>
</bind>
</comp>

<comp id="58" class="1001" name="const_58">
<pin_list>
<pin id="59" dir="1" index="0" bw="1" slack="0"/>
</pin_list>
<bind>
<StgValue><ssdm name=""/></StgValue>
</bind>
</comp>

<comp id="60" class="1001" name="const_60">
<pin_list>
<pin id="61" dir="1" index="0" bw="1" slack="0"/>
</pin_list>
<bind>
<StgValue><ssdm name=""/></StgValue>
</bind>
</comp>

<comp id="62" class="1001" name="const_62">
<pin_list>
<pin id="63" dir="1" index="0" bw="1" slack="0"/>
</pin_list>
<bind>
<StgValue><ssdm name=""/></StgValue>
</bind>
</comp>

<comp id="64" class="1001" name="const_64">
<pin_list>
<pin id="65" dir="1" index="0" bw="1" slack="0"/>
</pin_list>
<bind>
<StgValue><ssdm name=""/></StgValue>
</bind>
</comp>

<comp id="66" class="1001" name="const_66">
<pin_list>
<pin id="67" dir="1" index="0" bw="1" slack="0"/>
</pin_list>
<bind>
<StgValue><ssdm name=""/></StgValue>
</bind>
</comp>

<comp id="68" class="1001" name="const_68">
<pin_list>
<pin id="69" dir="1" index="0" bw="1" slack="0"/>
</pin_list>
<bind>
<StgValue><ssdm name=""/></StgValue>
</bind>
</comp>

<comp id="70" class="1001" name="const_70">
<pin_list>
<pin id="71" dir="1" index="0" bw="1" slack="0"/>
</pin_list>
<bind>
<StgValue><ssdm name=""/></StgValue>
</bind>
</comp>

<comp id="72" class="1001" name="const_72">
<pin_list>
<pin id="73" dir="1" index="0" bw="1" slack="0"/>
</pin_list>
<bind>
<StgValue><ssdm name=""/></StgValue>
</bind>
</comp>

<comp id="74" class="1001" name="const_74">
<pin_list>
<pin id="75" dir="1" index="0" bw="1" slack="0"/>
</pin_list>
<bind>
<StgValue><ssdm name=""/></StgValue>
</bind>
</comp>

<comp id="76" class="1001" name="const_76">
<pin_list>
<pin id="77" dir="1" index="0" bw="1" slack="0"/>
</pin_list>
<bind>
<StgValue><ssdm name=""/></StgValue>
</bind>
</comp>

<comp id="78" class="1001" name="const_78">
<pin_list>
<pin id="79" dir="1" index="0" bw="1" slack="0"/>
</pin_list>
<bind>
<StgValue><ssdm name=""/></StgValue>
</bind>
</comp>

<comp id="80" class="1001" name="const_80">
<pin_list>
<pin id="81" dir="1" index="0" bw="1" slack="0"/>
</pin_list>
<bind>
<StgValue><ssdm name="_ssdm_op_PartSelect.i13.i23.i32.i32"/></StgValue>
</bind>
</comp>

<comp id="82" class="1001" name="const_82">
<pin_list>
<pin id="83" dir="1" index="0" bw="1" slack="0"/>
</pin_list>
<bind>
<StgValue><ssdm name=""/></StgValue>
</bind>
</comp>

<comp id="84" class="1001" name="const_84">
<pin_list>
<pin id="85" dir="1" index="0" bw="1" slack="0"/>
</pin_list>
<bind>
<StgValue><ssdm name=""/></StgValue>
</bind>
</comp>

<comp id="86" class="1001" name="const_86">
<pin_list>
<pin id="87" dir="1" index="0" bw="1" slack="0"/>
</pin_list>
<bind>
<StgValue><ssdm name="_ssdm_op_BitConcatenate.i24.i16.i8"/></StgValue>
</bind>
</comp>

<comp id="88" class="1001" name="const_88">
<pin_list>
<pin id="89" dir="1" index="0" bw="1" slack="0"/>
</pin_list>
<bind>
<StgValue><ssdm name=""/></StgValue>
</bind>
</comp>

<comp id="90" class="1001" name="const_90">
<pin_list>
<pin id="91" dir="1" index="0" bw="1" slack="0"/>
</pin_list>
<bind>
<StgValue><ssdm name="_ssdm_op_BitConcatenate.i21.i16.i5"/></StgValue>
</bind>
</comp>

<comp id="92" class="1001" name="const_92">
<pin_list>
<pin id="93" dir="1" index="0" bw="1" slack="0"/>
</pin_list>
<bind>
<StgValue><ssdm name=""/></StgValue>
</bind>
</comp>

<comp id="94" class="1001" name="const_94">
<pin_list>
<pin id="95" dir="1" index="0" bw="1" slack="0"/>
</pin_list>
<bind>
<StgValue><ssdm name=""/></StgValue>
</bind>
</comp>

<comp id="96" class="1001" name="const_96">
<pin_list>
<pin id="97" dir="1" index="0" bw="1" slack="0"/>
</pin_list>
<bind>
<StgValue><ssdm name=""/></StgValue>
</bind>
</comp>

<comp id="98" class="1001" name="const_98">
<pin_list>
<pin id="99" dir="1" index="0" bw="1" slack="0"/>
</pin_list>
<bind>
<StgValue><ssdm name=""/></StgValue>
</bind>
</comp>

<comp id="100" class="1001" name="const_100">
<pin_list>
<pin id="101" dir="1" index="0" bw="1" slack="0"/>
</pin_list>
<bind>
<StgValue><ssdm name=""/></StgValue>
</bind>
</comp>

<comp id="102" class="1001" name="const_102">
<pin_list>
<pin id="103" dir="1" index="0" bw="1" slack="0"/>
</pin_list>
<bind>
<StgValue><ssdm name=""/></StgValue>
</bind>
</comp>

<comp id="104" class="1001" name="const_104">
<pin_list>
<pin id="105" dir="1" index="0" bw="1" slack="0"/>
</pin_list>
<bind>
<StgValue><ssdm name="_ssdm_op_BitConcatenate.i20.i16.i4"/></StgValue>
</bind>
</comp>

<comp id="106" class="1001" name="const_106">
<pin_list>
<pin id="107" dir="1" index="0" bw="1" slack="0"/>
</pin_list>
<bind>
<StgValue><ssdm name=""/></StgValue>
</bind>
</comp>

<comp id="108" class="1001" name="const_108">
<pin_list>
<pin id="109" dir="1" index="0" bw="1" slack="0"/>
</pin_list>
<bind>
<StgValue><ssdm name="_ssdm_op_BitConcatenate.i18.i16.i2"/></StgValue>
</bind>
</comp>

<comp id="110" class="1001" name="const_110">
<pin_list>
<pin id="111" dir="1" index="0" bw="1" slack="0"/>
</pin_list>
<bind>
<StgValue><ssdm name=""/></StgValue>
</bind>
</comp>

<comp id="112" class="1001" name="const_112">
<pin_list>
<pin id="113" dir="1" index="0" bw="1" slack="0"/>
</pin_list>
<bind>
<StgValue><ssdm name=""/></StgValue>
</bind>
</comp>

<comp id="114" class="1001" name="const_114">
<pin_list>
<pin id="115" dir="1" index="0" bw="1" slack="0"/>
</pin_list>
<bind>
<StgValue><ssdm name=""/></StgValue>
</bind>
</comp>

<comp id="116" class="1001" name="const_116">
<pin_list>
<pin id="117" dir="1" index="0" bw="1" slack="0"/>
</pin_list>
<bind>
<StgValue><ssdm name="_ssdm_op_PartSelect.i9.i19.i32.i32"/></StgValue>
</bind>
</comp>

<comp id="118" class="1001" name="const_118">
<pin_list>
<pin id="119" dir="1" index="0" bw="1" slack="0"/>
</pin_list>
<bind>
<StgValue><ssdm name=""/></StgValue>
</bind>
</comp>

<comp id="120" class="1001" name="const_120">
<pin_list>
<pin id="121" dir="1" index="0" bw="1" slack="0"/>
</pin_list>
<bind>
<StgValue><ssdm name=""/></StgValue>
</bind>
</comp>

<comp id="122" class="1001" name="const_122">
<pin_list>
<pin id="123" dir="1" index="0" bw="1" slack="0"/>
</pin_list>
<bind>
<StgValue><ssdm name=""/></StgValue>
</bind>
</comp>

<comp id="124" class="1001" name="const_124">
<pin_list>
<pin id="125" dir="1" index="0" bw="1" slack="0"/>
</pin_list>
<bind>
<StgValue><ssdm name=""/></StgValue>
</bind>
</comp>

<comp id="126" class="1001" name="const_126">
<pin_list>
<pin id="127" dir="1" index="0" bw="1" slack="0"/>
</pin_list>
<bind>
<StgValue><ssdm name=""/></StgValue>
</bind>
</comp>

<comp id="128" class="1001" name="const_128">
<pin_list>
<pin id="129" dir="1" index="0" bw="1" slack="0"/>
</pin_list>
<bind>
<StgValue><ssdm name=""/></StgValue>
</bind>
</comp>

<comp id="130" class="1001" name="const_130">
<pin_list>
<pin id="131" dir="1" index="0" bw="1" slack="0"/>
</pin_list>
<bind>
<StgValue><ssdm name=""/></StgValue>
</bind>
</comp>

<comp id="132" class="1001" name="const_132">
<pin_list>
<pin id="133" dir="1" index="0" bw="1" slack="0"/>
</pin_list>
<bind>
<StgValue><ssdm name=""/></StgValue>
</bind>
</comp>

<comp id="134" class="1001" name="const_134">
<pin_list>
<pin id="135" dir="1" index="0" bw="1" slack="2147483647"/>
</pin_list>
<bind>
<StgValue><ssdm name="_ssdm_op_SpecPipeline"/></StgValue>
</bind>
</comp>

<comp id="136" class="1001" name="const_136">
<pin_list>
<pin id="137" dir="1" index="0" bw="1" slack="2147483647"/>
</pin_list>
<bind>
<StgValue><ssdm name=""/></StgValue>
</bind>
</comp>

<comp id="138" class="1001" name="const_138">
<pin_list>
<pin id="139" dir="1" index="0" bw="1" slack="2147483647"/>
</pin_list>
<bind>
<StgValue><ssdm name=""/></StgValue>
</bind>
</comp>

<comp id="140" class="1001" name="const_140">
<pin_list>
<pin id="141" dir="1" index="0" bw="1" slack="2147483647"/>
</pin_list>
<bind>
<StgValue><ssdm name="empty_3"/></StgValue>
</bind>
</comp>

<comp id="142" class="1001" name="const_142">
<pin_list>
<pin id="143" dir="1" index="0" bw="1" slack="2147483647"/>
</pin_list>
<bind>
<StgValue><ssdm name="_ssdm_op_SpecResourceLimit"/></StgValue>
</bind>
</comp>

<comp id="144" class="1001" name="const_144">
<pin_list>
<pin id="145" dir="1" index="0" bw="1" slack="2147483647"/>
</pin_list>
<bind>
<StgValue><ssdm name=""/></StgValue>
</bind>
</comp>

<comp id="146" class="1001" name="const_146">
<pin_list>
<pin id="147" dir="1" index="0" bw="1" slack="2147483647"/>
</pin_list>
<bind>
<StgValue><ssdm name="empty_5"/></StgValue>
</bind>
</comp>

<comp id="148" class="1001" name="const_148">
<pin_list>
<pin id="149" dir="1" index="0" bw="1" slack="0"/>
</pin_list>
<bind>
<StgValue><ssdm name="_ssdm_op_BitConcatenate.i26.i16.i10"/></StgValue>
</bind>
</comp>

<comp id="150" class="1001" name="const_150">
<pin_list>
<pin id="151" dir="1" index="0" bw="1" slack="0"/>
</pin_list>
<bind>
<StgValue><ssdm name=""/></StgValue>
</bind>
</comp>

<comp id="152" class="1001" name="const_152">
<pin_list>
<pin id="153" dir="1" index="0" bw="1" slack="0"/>
</pin_list>
<bind>
<StgValue><ssdm name=""/></StgValue>
</bind>
</comp>

<comp id="154" class="1004" name="mul_ln73_259_fu_154">
<pin_list>
<pin id="4722" dir="0" index="0" bw="16" slack="0"/>
<pin id="4723" dir="0" index="1" bw="9" slack="0"/>
<pin id="4724" dir="1" index="2" bw="25" slack="0"/>
</pin_list>
<bind>
<opcode="mul(12) " fcode="mul"/>
<opset="mul_ln73_259/1 "/>
</bind>
</comp>

<comp id="155" class="1004" name="mul_ln73_248_fu_155">
<pin_list>
<pin id="4678" dir="0" index="0" bw="16" slack="0"/>
<pin id="4679" dir="0" index="1" bw="8" slack="0"/>
<pin id="4680" dir="1" index="2" bw="24" slack="0"/>
</pin_list>
<bind>
<opcode="mul(12) " fcode="mul"/>
<opset="mul_ln73_248/1 "/>
</bind>
</comp>

<comp id="156" class="1004" name="mul_ln73_249_fu_156">
<pin_list>
<pin id="4682" dir="0" index="0" bw="16" slack="0"/>
<pin id="4683" dir="0" index="1" bw="10" slack="0"/>
<pin id="4684" dir="1" index="2" bw="26" slack="0"/>
</pin_list>
<bind>
<opcode="mul(12) " fcode="mul"/>
<opset="mul_ln73_249/1 "/>
</bind>
</comp>

<comp id="157" class="1004" name="mul_ln73_244_fu_157">
<pin_list>
<pin id="4662" dir="0" index="0" bw="16" slack="0"/>
<pin id="4663" dir="0" index="1" bw="10" slack="0"/>
<pin id="4664" dir="1" index="2" bw="26" slack="0"/>
</pin_list>
<bind>
<opcode="mul(12) " fcode="mul"/>
<opset="mul_ln73_244/1 "/>
</bind>
</comp>

<comp id="158" class="1004" name="mul_ln73_fu_158">
<pin_list>
<pin id="4654" dir="0" index="0" bw="16" slack="0"/>
<pin id="4655" dir="0" index="1" bw="10" slack="0"/>
<pin id="4656" dir="1" index="2" bw="26" slack="0"/>
</pin_list>
<bind>
<opcode="mul(12) " fcode="mul"/>
<opset="mul_ln73/1 "/>
</bind>
</comp>

<comp id="159" class="1004" name="mul_ln73_256_fu_159">
<pin_list>
<pin id="4710" dir="0" index="0" bw="16" slack="0"/>
<pin id="4711" dir="0" index="1" bw="9" slack="0"/>
<pin id="4712" dir="1" index="2" bw="25" slack="0"/>
</pin_list>
<bind>
<opcode="mul(12) " fcode="mul"/>
<opset="mul_ln73_256/1 "/>
</bind>
</comp>

<comp id="160" class="1004" name="mul_ln73_267_fu_160">
<pin_list>
<pin id="4754" dir="0" index="0" bw="16" slack="0"/>
<pin id="4755" dir="0" index="1" bw="10" slack="0"/>
<pin id="4756" dir="1" index="2" bw="26" slack="0"/>
</pin_list>
<bind>
<opcode="mul(12) " fcode="mul"/>
<opset="mul_ln73_267/1 "/>
</bind>
</comp>

<comp id="161" class="1004" name="mul_ln73_252_fu_161">
<pin_list>
<pin id="4694" dir="0" index="0" bw="16" slack="0"/>
<pin id="4695" dir="0" index="1" bw="9" slack="0"/>
<pin id="4696" dir="1" index="2" bw="25" slack="0"/>
</pin_list>
<bind>
<opcode="mul(12) " fcode="mul"/>
<opset="mul_ln73_252/1 "/>
</bind>
</comp>

<comp id="162" class="1004" name="mul_ln73_247_fu_162">
<pin_list>
<pin id="4674" dir="0" index="0" bw="16" slack="0"/>
<pin id="4675" dir="0" index="1" bw="10" slack="0"/>
<pin id="4676" dir="1" index="2" bw="26" slack="0"/>
</pin_list>
<bind>
<opcode="mul(12) " fcode="mul"/>
<opset="mul_ln73_247/1 "/>
</bind>
</comp>

<comp id="163" class="1004" name="mul_ln73_268_fu_163">
<pin_list>
<pin id="4758" dir="0" index="0" bw="16" slack="0"/>
<pin id="4759" dir="0" index="1" bw="8" slack="0"/>
<pin id="4760" dir="1" index="2" bw="24" slack="0"/>
</pin_list>
<bind>
<opcode="mul(12) " fcode="mul"/>
<opset="mul_ln73_268/1 "/>
</bind>
</comp>

<comp id="164" class="1004" name="mul_ln73_271_fu_164">
<pin_list>
<pin id="4770" dir="0" index="0" bw="16" slack="0"/>
<pin id="4771" dir="0" index="1" bw="8" slack="0"/>
<pin id="4772" dir="1" index="2" bw="24" slack="0"/>
</pin_list>
<bind>
<opcode="mul(12) " fcode="mul"/>
<opset="mul_ln73_271/1 "/>
</bind>
</comp>

<comp id="165" class="1004" name="mul_ln73_270_fu_165">
<pin_list>
<pin id="4766" dir="0" index="0" bw="16" slack="0"/>
<pin id="4767" dir="0" index="1" bw="10" slack="0"/>
<pin id="4768" dir="1" index="2" bw="26" slack="0"/>
</pin_list>
<bind>
<opcode="mul(12) " fcode="mul"/>
<opset="mul_ln73_270/1 "/>
</bind>
</comp>

<comp id="166" class="1004" name="mul_ln73_263_fu_166">
<pin_list>
<pin id="4738" dir="0" index="0" bw="16" slack="0"/>
<pin id="4739" dir="0" index="1" bw="9" slack="0"/>
<pin id="4740" dir="1" index="2" bw="25" slack="0"/>
</pin_list>
<bind>
<opcode="mul(12) " fcode="mul"/>
<opset="mul_ln73_263/1 "/>
</bind>
</comp>

<comp id="167" class="1004" name="mul_ln73_262_fu_167">
<pin_list>
<pin id="4734" dir="0" index="0" bw="16" slack="0"/>
<pin id="4735" dir="0" index="1" bw="8" slack="0"/>
<pin id="4736" dir="1" index="2" bw="24" slack="0"/>
</pin_list>
<bind>
<opcode="mul(12) " fcode="mul"/>
<opset="mul_ln73_262/1 "/>
</bind>
</comp>

<comp id="169" class="1004" name="mul_ln73_243_fu_169">
<pin_list>
<pin id="4658" dir="0" index="0" bw="16" slack="0"/>
<pin id="4659" dir="0" index="1" bw="8" slack="0"/>
<pin id="4660" dir="1" index="2" bw="24" slack="0"/>
</pin_list>
<bind>
<opcode="mul(12) " fcode="mul"/>
<opset="mul_ln73_243/1 "/>
</bind>
</comp>

<comp id="171" class="1004" name="mul_ln73_245_fu_171">
<pin_list>
<pin id="4666" dir="0" index="0" bw="16" slack="0"/>
<pin id="4667" dir="0" index="1" bw="10" slack="0"/>
<pin id="4668" dir="1" index="2" bw="26" slack="0"/>
</pin_list>
<bind>
<opcode="mul(12) " fcode="mul"/>
<opset="mul_ln73_245/1 "/>
</bind>
</comp>

<comp id="172" class="1004" name="mul_ln73_266_fu_172">
<pin_list>
<pin id="4750" dir="0" index="0" bw="16" slack="0"/>
<pin id="4751" dir="0" index="1" bw="8" slack="0"/>
<pin id="4752" dir="1" index="2" bw="24" slack="0"/>
</pin_list>
<bind>
<opcode="mul(12) " fcode="mul"/>
<opset="mul_ln73_266/1 "/>
</bind>
</comp>

<comp id="173" class="1004" name="mul_ln73_254_fu_173">
<pin_list>
<pin id="4702" dir="0" index="0" bw="16" slack="0"/>
<pin id="4703" dir="0" index="1" bw="10" slack="0"/>
<pin id="4704" dir="1" index="2" bw="26" slack="0"/>
</pin_list>
<bind>
<opcode="mul(12) " fcode="mul"/>
<opset="mul_ln73_254/1 "/>
</bind>
</comp>

<comp id="174" class="1004" name="mul_ln73_257_fu_174">
<pin_list>
<pin id="4714" dir="0" index="0" bw="16" slack="0"/>
<pin id="4715" dir="0" index="1" bw="10" slack="0"/>
<pin id="4716" dir="1" index="2" bw="26" slack="0"/>
</pin_list>
<bind>
<opcode="mul(12) " fcode="mul"/>
<opset="mul_ln73_257/1 "/>
</bind>
</comp>

<comp id="175" class="1004" name="mul_ln73_253_fu_175">
<pin_list>
<pin id="4698" dir="0" index="0" bw="16" slack="0"/>
<pin id="4699" dir="0" index="1" bw="9" slack="0"/>
<pin id="4700" dir="1" index="2" bw="25" slack="0"/>
</pin_list>
<bind>
<opcode="mul(12) " fcode="mul"/>
<opset="mul_ln73_253/1 "/>
</bind>
</comp>

<comp id="176" class="1004" name="mul_ln73_261_fu_176">
<pin_list>
<pin id="4730" dir="0" index="0" bw="16" slack="0"/>
<pin id="4731" dir="0" index="1" bw="7" slack="0"/>
<pin id="4732" dir="1" index="2" bw="23" slack="0"/>
</pin_list>
<bind>
<opcode="mul(12) " fcode="mul"/>
<opset="mul_ln73_261/1 "/>
</bind>
</comp>

<comp id="178" class="1004" name="mul_ln73_251_fu_178">
<pin_list>
<pin id="4690" dir="0" index="0" bw="16" slack="0"/>
<pin id="4691" dir="0" index="1" bw="9" slack="0"/>
<pin id="4692" dir="1" index="2" bw="25" slack="0"/>
</pin_list>
<bind>
<opcode="mul(12) " fcode="mul"/>
<opset="mul_ln73_251/1 "/>
</bind>
</comp>

<comp id="179" class="1004" name="mul_ln73_265_fu_179">
<pin_list>
<pin id="4746" dir="0" index="0" bw="16" slack="0"/>
<pin id="4747" dir="0" index="1" bw="10" slack="0"/>
<pin id="4748" dir="1" index="2" bw="26" slack="0"/>
</pin_list>
<bind>
<opcode="mul(12) " fcode="mul"/>
<opset="mul_ln73_265/1 "/>
</bind>
</comp>

<comp id="180" class="1004" name="mul_ln73_272_fu_180">
<pin_list>
<pin id="4774" dir="0" index="0" bw="16" slack="0"/>
<pin id="4775" dir="0" index="1" bw="10" slack="0"/>
<pin id="4776" dir="1" index="2" bw="26" slack="0"/>
</pin_list>
<bind>
<opcode="mul(12) " fcode="mul"/>
<opset="mul_ln73_272/1 "/>
</bind>
</comp>

<comp id="181" class="1004" name="mul_ln73_260_fu_181">
<pin_list>
<pin id="4726" dir="0" index="0" bw="16" slack="0"/>
<pin id="4727" dir="0" index="1" bw="10" slack="0"/>
<pin id="4728" dir="1" index="2" bw="26" slack="0"/>
</pin_list>
<bind>
<opcode="mul(12) " fcode="mul"/>
<opset="mul_ln73_260/1 "/>
</bind>
</comp>

<comp id="183" class="1004" name="mul_ln73_250_fu_183">
<pin_list>
<pin id="4686" dir="0" index="0" bw="16" slack="0"/>
<pin id="4687" dir="0" index="1" bw="10" slack="0"/>
<pin id="4688" dir="1" index="2" bw="26" slack="0"/>
</pin_list>
<bind>
<opcode="mul(12) " fcode="mul"/>
<opset="mul_ln73_250/1 "/>
</bind>
</comp>

<comp id="184" class="1004" name="mul_ln73_269_fu_184">
<pin_list>
<pin id="4762" dir="0" index="0" bw="16" slack="0"/>
<pin id="4763" dir="0" index="1" bw="7" slack="0"/>
<pin id="4764" dir="1" index="2" bw="23" slack="0"/>
</pin_list>
<bind>
<opcode="mul(12) " fcode="mul"/>
<opset="mul_ln73_269/1 "/>
</bind>
</comp>

<comp id="185" class="1004" name="mul_ln73_258_fu_185">
<pin_list>
<pin id="4718" dir="0" index="0" bw="16" slack="0"/>
<pin id="4719" dir="0" index="1" bw="10" slack="0"/>
<pin id="4720" dir="1" index="2" bw="26" slack="0"/>
</pin_list>
<bind>
<opcode="mul(12) " fcode="mul"/>
<opset="mul_ln73_258/1 "/>
</bind>
</comp>

<comp id="186" class="1004" name="mul_ln73_246_fu_186">
<pin_list>
<pin id="4670" dir="0" index="0" bw="16" slack="0"/>
<pin id="4671" dir="0" index="1" bw="10" slack="0"/>
<pin id="4672" dir="1" index="2" bw="26" slack="0"/>
</pin_list>
<bind>
<opcode="mul(12) " fcode="mul"/>
<opset="mul_ln73_246/1 "/>
</bind>
</comp>

<comp id="187" class="1004" name="mul_ln73_264_fu_187">
<pin_list>
<pin id="4742" dir="0" index="0" bw="16" slack="0"/>
<pin id="4743" dir="0" index="1" bw="9" slack="0"/>
<pin id="4744" dir="1" index="2" bw="25" slack="0"/>
</pin_list>
<bind>
<opcode="mul(12) " fcode="mul"/>
<opset="mul_ln73_264/1 "/>
</bind>
</comp>

<comp id="189" class="1004" name="mul_ln73_255_fu_189">
<pin_list>
<pin id="4706" dir="0" index="0" bw="16" slack="0"/>
<pin id="4707" dir="0" index="1" bw="9" slack="0"/>
<pin id="4708" dir="1" index="2" bw="25" slack="0"/>
</pin_list>
<bind>
<opcode="mul(12) " fcode="mul"/>
<opset="mul_ln73_255/1 "/>
</bind>
</comp>

<comp id="4872" class="1004" name="a_load_fu_4872">
<pin_list>
<pin id="4873" dir="0" index="0" bw="16" slack="0"/>
<pin id="4874" dir="1" index="1" bw="16" slack="0"/>
</pin_list>
<bind>
<opcode="load(27) " fcode="load"/>
<opset="a/1 "/>
</bind>
</comp>

<comp id="4876" class="1004" name="sext_ln70_fu_4876">
<pin_list>
<pin id="4877" dir="0" index="0" bw="16" slack="0"/>
<pin id="4878" dir="1" index="1" bw="21" slack="0"/>
</pin_list>
<bind>
<opcode="sext(35) " fcode="sext"/>
<opset="sext_ln70/1 "/>
</bind>
</comp>

<comp id="4880" class="1004" name="sext_ln70_124_fu_4880">
<pin_list>
<pin id="4881" dir="0" index="0" bw="16" slack="0"/>
<pin id="4882" dir="1" index="1" bw="24" slack="0"/>
</pin_list>
<bind>
<opcode="sext(35) " fcode="sext"/>
<opset="sext_ln70_124/1 "/>
</bind>
</comp>

<comp id="4885" class="1004" name="sext_ln70_125_fu_4885">
<pin_list>
<pin id="4886" dir="0" index="0" bw="16" slack="0"/>
<pin id="4887" dir="1" index="1" bw="26" slack="0"/>
</pin_list>
<bind>
<opcode="sext(35) " fcode="sext"/>
<opset="sext_ln70_125/1 "/>
</bind>
</comp>

<comp id="4891" class="1004" name="trunc_ln_fu_4891">
<pin_list>
<pin id="4892" dir="0" index="0" bw="16" slack="0"/>
<pin id="4893" dir="0" index="1" bw="26" slack="0"/>
<pin id="4894" dir="0" index="2" bw="5" slack="0"/>
<pin id="4895" dir="0" index="3" bw="6" slack="0"/>
<pin id="4896" dir="1" index="4" bw="16" slack="0"/>
</pin_list>
<bind>
<opcode="partselect(1002) " fcode="partselect"/>
<opset="trunc_ln/1 "/>
</bind>
</comp>

<comp id="4901" class="1004" name="trunc_ln42_s_fu_4901">
<pin_list>
<pin id="4902" dir="0" index="0" bw="14" slack="0"/>
<pin id="4903" dir="0" index="1" bw="24" slack="0"/>
<pin id="4904" dir="0" index="2" bw="5" slack="0"/>
<pin id="4905" dir="0" index="3" bw="6" slack="0"/>
<pin id="4906" dir="1" index="4" bw="14" slack="1"/>
</pin_list>
<bind>
<opcode="partselect(1002) " fcode="partselect"/>
<opset="trunc_ln42_s/1 "/>
</bind>
</comp>

<comp id="4911" class="1004" name="trunc_ln42_15_fu_4911">
<pin_list>
<pin id="4912" dir="0" index="0" bw="16" slack="0"/>
<pin id="4913" dir="0" index="1" bw="26" slack="0"/>
<pin id="4914" dir="0" index="2" bw="5" slack="0"/>
<pin id="4915" dir="0" index="3" bw="6" slack="0"/>
<pin id="4916" dir="1" index="4" bw="16" slack="0"/>
</pin_list>
<bind>
<opcode="partselect(1002) " fcode="partselect"/>
<opset="trunc_ln42_15/1 "/>
</bind>
</comp>

<comp id="4921" class="1004" name="tmp_fu_4921">
<pin_list>
<pin id="4922" dir="0" index="0" bw="19" slack="0"/>
<pin id="4923" dir="0" index="1" bw="16" slack="0"/>
<pin id="4924" dir="0" index="2" bw="1" slack="0"/>
<pin id="4925" dir="1" index="3" bw="19" slack="0"/>
</pin_list>
<bind>
<opcode="bitconcatenate(1004) " fcode="bitconcatenate"/>
<opset="tmp/1 "/>
</bind>
</comp>

<comp id="4929" class="1004" name="sext_ln73_79_fu_4929">
<pin_list>
<pin id="4930" dir="0" index="0" bw="19" slack="0"/>
<pin id="4931" dir="1" index="1" bw="21" slack="0"/>
</pin_list>
<bind>
<opcode="sext(35) " fcode="sext"/>
<opset="sext_ln73_79/1 "/>
</bind>
</comp>

<comp id="4933" class="1004" name="add_ln73_fu_4933">
<pin_list>
<pin id="4934" dir="0" index="0" bw="19" slack="0"/>
<pin id="4935" dir="0" index="1" bw="16" slack="0"/>
<pin id="4936" dir="1" index="2" bw="21" slack="0"/>
</pin_list>
<bind>
<opcode="add(8) " fcode="add"/>
<opset="add_ln73/1 "/>
</bind>
</comp>

<comp id="4939" class="1004" name="trunc_ln42_16_fu_4939">
<pin_list>
<pin id="4940" dir="0" index="0" bw="11" slack="0"/>
<pin id="4941" dir="0" index="1" bw="20" slack="0"/>
<pin id="4942" dir="0" index="2" bw="5" slack="0"/>
<pin id="4943" dir="0" index="3" bw="6" slack="0"/>
<pin id="4944" dir="1" index="4" bw="11" slack="0"/>
</pin_list>
<bind>
<opcode="partselect(1002) " fcode="partselect"/>
<opset="trunc_ln42_16/1 "/>
</bind>
</comp>

<comp id="4949" class="1004" name="p_cast32_cast_fu_4949">
<pin_list>
<pin id="4950" dir="0" index="0" bw="11" slack="0"/>
<pin id="4951" dir="1" index="1" bw="12" slack="0"/>
</pin_list>
<bind>
<opcode="sext(35) " fcode="sext"/>
<opset="p_cast32_cast/1 "/>
</bind>
</comp>

<comp id="4953" class="1004" name="a_1_load_fu_4953">
<pin_list>
<pin id="4954" dir="0" index="0" bw="16" slack="0"/>
<pin id="4955" dir="1" index="1" bw="16" slack="0"/>
</pin_list>
<bind>
<opcode="load(27) " fcode="load"/>
<opset="a_1/1 "/>
</bind>
</comp>

<comp id="4957" class="1004" name="sext_ln70_126_fu_4957">
<pin_list>
<pin id="4958" dir="0" index="0" bw="16" slack="0"/>
<pin id="4959" dir="1" index="1" bw="24" slack="0"/>
</pin_list>
<bind>
<opcode="sext(35) " fcode="sext"/>
<opset="sext_ln70_126/1 "/>
</bind>
</comp>

<comp id="4962" class="1004" name="sext_ln70_127_fu_4962">
<pin_list>
<pin id="4963" dir="0" index="0" bw="16" slack="0"/>
<pin id="4964" dir="1" index="1" bw="26" slack="0"/>
</pin_list>
<bind>
<opcode="sext(35) " fcode="sext"/>
<opset="sext_ln70_127/1 "/>
</bind>
</comp>

<comp id="4969" class="1004" name="trunc_ln42_17_fu_4969">
<pin_list>
<pin id="4970" dir="0" index="0" bw="16" slack="0"/>
<pin id="4971" dir="0" index="1" bw="26" slack="0"/>
<pin id="4972" dir="0" index="2" bw="5" slack="0"/>
<pin id="4973" dir="0" index="3" bw="6" slack="0"/>
<pin id="4974" dir="1" index="4" bw="16" slack="0"/>
</pin_list>
<bind>
<opcode="partselect(1002) " fcode="partselect"/>
<opset="trunc_ln42_17/1 "/>
</bind>
</comp>

<comp id="4979" class="1004" name="trunc_ln42_18_fu_4979">
<pin_list>
<pin id="4980" dir="0" index="0" bw="16" slack="0"/>
<pin id="4981" dir="0" index="1" bw="26" slack="0"/>
<pin id="4982" dir="0" index="2" bw="5" slack="0"/>
<pin id="4983" dir="0" index="3" bw="6" slack="0"/>
<pin id="4984" dir="1" index="4" bw="16" slack="0"/>
</pin_list>
<bind>
<opcode="partselect(1002) " fcode="partselect"/>
<opset="trunc_ln42_18/1 "/>
</bind>
</comp>

<comp id="4989" class="1004" name="trunc_ln42_19_fu_4989">
<pin_list>
<pin id="4990" dir="0" index="0" bw="16" slack="0"/>
<pin id="4991" dir="0" index="1" bw="26" slack="0"/>
<pin id="4992" dir="0" index="2" bw="5" slack="0"/>
<pin id="4993" dir="0" index="3" bw="6" slack="0"/>
<pin id="4994" dir="1" index="4" bw="16" slack="0"/>
</pin_list>
<bind>
<opcode="partselect(1002) " fcode="partselect"/>
<opset="trunc_ln42_19/1 "/>
</bind>
</comp>

<comp id="4999" class="1004" name="trunc_ln42_20_fu_4999">
<pin_list>
<pin id="5000" dir="0" index="0" bw="14" slack="0"/>
<pin id="5001" dir="0" index="1" bw="24" slack="0"/>
<pin id="5002" dir="0" index="2" bw="5" slack="0"/>
<pin id="5003" dir="0" index="3" bw="6" slack="0"/>
<pin id="5004" dir="1" index="4" bw="14" slack="1"/>
</pin_list>
<bind>
<opcode="partselect(1002) " fcode="partselect"/>
<opset="trunc_ln42_20/1 "/>
</bind>
</comp>

<comp id="5009" class="1004" name="a_2_load_fu_5009">
<pin_list>
<pin id="5010" dir="0" index="0" bw="16" slack="0"/>
<pin id="5011" dir="1" index="1" bw="16" slack="0"/>
</pin_list>
<bind>
<opcode="load(27) " fcode="load"/>
<opset="a_2/1 "/>
</bind>
</comp>

<comp id="5013" class="1004" name="sext_ln70_128_fu_5013">
<pin_list>
<pin id="5014" dir="0" index="0" bw="16" slack="0"/>
<pin id="5015" dir="1" index="1" bw="25" slack="0"/>
</pin_list>
<bind>
<opcode="sext(35) " fcode="sext"/>
<opset="sext_ln70_128/1 "/>
</bind>
</comp>

<comp id="5019" class="1004" name="sext_ln70_129_fu_5019">
<pin_list>
<pin id="5020" dir="0" index="0" bw="16" slack="0"/>
<pin id="5021" dir="1" index="1" bw="26" slack="0"/>
</pin_list>
<bind>
<opcode="sext(35) " fcode="sext"/>
<opset="sext_ln70_129/1 "/>
</bind>
</comp>

<comp id="5025" class="1004" name="trunc_ln42_21_fu_5025">
<pin_list>
<pin id="5026" dir="0" index="0" bw="16" slack="0"/>
<pin id="5027" dir="0" index="1" bw="26" slack="0"/>
<pin id="5028" dir="0" index="2" bw="5" slack="0"/>
<pin id="5029" dir="0" index="3" bw="6" slack="0"/>
<pin id="5030" dir="1" index="4" bw="16" slack="0"/>
</pin_list>
<bind>
<opcode="partselect(1002) " fcode="partselect"/>
<opset="trunc_ln42_21/1 "/>
</bind>
</comp>

<comp id="5035" class="1004" name="trunc_ln42_22_fu_5035">
<pin_list>
<pin id="5036" dir="0" index="0" bw="16" slack="0"/>
<pin id="5037" dir="0" index="1" bw="26" slack="0"/>
<pin id="5038" dir="0" index="2" bw="5" slack="0"/>
<pin id="5039" dir="0" index="3" bw="6" slack="0"/>
<pin id="5040" dir="1" index="4" bw="16" slack="0"/>
</pin_list>
<bind>
<opcode="partselect(1002) " fcode="partselect"/>
<opset="trunc_ln42_22/1 "/>
</bind>
</comp>

<comp id="5045" class="1004" name="trunc_ln42_23_fu_5045">
<pin_list>
<pin id="5046" dir="0" index="0" bw="15" slack="0"/>
<pin id="5047" dir="0" index="1" bw="25" slack="0"/>
<pin id="5048" dir="0" index="2" bw="5" slack="0"/>
<pin id="5049" dir="0" index="3" bw="6" slack="0"/>
<pin id="5050" dir="1" index="4" bw="15" slack="0"/>
</pin_list>
<bind>
<opcode="partselect(1002) " fcode="partselect"/>
<opset="trunc_ln42_23/1 "/>
</bind>
</comp>

<comp id="5055" class="1004" name="sext_ln42_117_fu_5055">
<pin_list>
<pin id="5056" dir="0" index="0" bw="15" slack="0"/>
<pin id="5057" dir="1" index="1" bw="16" slack="0"/>
</pin_list>
<bind>
<opcode="sext(35) " fcode="sext"/>
<opset="sext_ln42_117/1 "/>
</bind>
</comp>

<comp id="5059" class="1004" name="trunc_ln42_24_fu_5059">
<pin_list>
<pin id="5060" dir="0" index="0" bw="15" slack="0"/>
<pin id="5061" dir="0" index="1" bw="25" slack="0"/>
<pin id="5062" dir="0" index="2" bw="5" slack="0"/>
<pin id="5063" dir="0" index="3" bw="6" slack="0"/>
<pin id="5064" dir="1" index="4" bw="15" slack="0"/>
</pin_list>
<bind>
<opcode="partselect(1002) " fcode="partselect"/>
<opset="trunc_ln42_24/1 "/>
</bind>
</comp>

<comp id="5069" class="1004" name="sext_ln42_118_fu_5069">
<pin_list>
<pin id="5070" dir="0" index="0" bw="15" slack="0"/>
<pin id="5071" dir="1" index="1" bw="16" slack="0"/>
</pin_list>
<bind>
<opcode="sext(35) " fcode="sext"/>
<opset="sext_ln42_118/1 "/>
</bind>
</comp>

<comp id="5073" class="1004" name="a_3_load_fu_5073">
<pin_list>
<pin id="5074" dir="0" index="0" bw="16" slack="0"/>
<pin id="5075" dir="1" index="1" bw="16" slack="0"/>
</pin_list>
<bind>
<opcode="load(27) " fcode="load"/>
<opset="a_3/1 "/>
</bind>
</comp>

<comp id="5077" class="1004" name="sext_ln70_130_fu_5077">
<pin_list>
<pin id="5078" dir="0" index="0" bw="16" slack="0"/>
<pin id="5079" dir="1" index="1" bw="26" slack="0"/>
</pin_list>
<bind>
<opcode="sext(35) " fcode="sext"/>
<opset="sext_ln70_130/1 "/>
</bind>
</comp>

<comp id="5082" class="1004" name="sext_ln70_131_fu_5082">
<pin_list>
<pin id="5083" dir="0" index="0" bw="16" slack="0"/>
<pin id="5084" dir="1" index="1" bw="25" slack="0"/>
</pin_list>
<bind>
<opcode="sext(35) " fcode="sext"/>
<opset="sext_ln70_131/1 "/>
</bind>
</comp>

<comp id="5089" class="1004" name="trunc_ln42_25_fu_5089">
<pin_list>
<pin id="5090" dir="0" index="0" bw="15" slack="0"/>
<pin id="5091" dir="0" index="1" bw="25" slack="0"/>
<pin id="5092" dir="0" index="2" bw="5" slack="0"/>
<pin id="5093" dir="0" index="3" bw="6" slack="0"/>
<pin id="5094" dir="1" index="4" bw="15" slack="0"/>
</pin_list>
<bind>
<opcode="partselect(1002) " fcode="partselect"/>
<opset="trunc_ln42_25/1 "/>
</bind>
</comp>

<comp id="5099" class="1004" name="sext_ln42_119_fu_5099">
<pin_list>
<pin id="5100" dir="0" index="0" bw="15" slack="0"/>
<pin id="5101" dir="1" index="1" bw="16" slack="0"/>
</pin_list>
<bind>
<opcode="sext(35) " fcode="sext"/>
<opset="sext_ln42_119/1 "/>
</bind>
</comp>

<comp id="5103" class="1004" name="trunc_ln42_26_fu_5103">
<pin_list>
<pin id="5104" dir="0" index="0" bw="16" slack="0"/>
<pin id="5105" dir="0" index="1" bw="26" slack="0"/>
<pin id="5106" dir="0" index="2" bw="5" slack="0"/>
<pin id="5107" dir="0" index="3" bw="6" slack="0"/>
<pin id="5108" dir="1" index="4" bw="16" slack="0"/>
</pin_list>
<bind>
<opcode="partselect(1002) " fcode="partselect"/>
<opset="trunc_ln42_26/1 "/>
</bind>
</comp>

<comp id="5113" class="1004" name="trunc_ln42_27_fu_5113">
<pin_list>
<pin id="5114" dir="0" index="0" bw="15" slack="0"/>
<pin id="5115" dir="0" index="1" bw="25" slack="0"/>
<pin id="5116" dir="0" index="2" bw="5" slack="0"/>
<pin id="5117" dir="0" index="3" bw="6" slack="0"/>
<pin id="5118" dir="1" index="4" bw="15" slack="0"/>
</pin_list>
<bind>
<opcode="partselect(1002) " fcode="partselect"/>
<opset="trunc_ln42_27/1 "/>
</bind>
</comp>

<comp id="5123" class="1004" name="sext_ln42_120_fu_5123">
<pin_list>
<pin id="5124" dir="0" index="0" bw="15" slack="0"/>
<pin id="5125" dir="1" index="1" bw="16" slack="0"/>
</pin_list>
<bind>
<opcode="sext(35) " fcode="sext"/>
<opset="sext_ln42_120/1 "/>
</bind>
</comp>

<comp id="5127" class="1004" name="trunc_ln42_28_fu_5127">
<pin_list>
<pin id="5128" dir="0" index="0" bw="15" slack="0"/>
<pin id="5129" dir="0" index="1" bw="25" slack="0"/>
<pin id="5130" dir="0" index="2" bw="5" slack="0"/>
<pin id="5131" dir="0" index="3" bw="6" slack="0"/>
<pin id="5132" dir="1" index="4" bw="15" slack="0"/>
</pin_list>
<bind>
<opcode="partselect(1002) " fcode="partselect"/>
<opset="trunc_ln42_28/1 "/>
</bind>
</comp>

<comp id="5137" class="1004" name="sext_ln42_121_fu_5137">
<pin_list>
<pin id="5138" dir="0" index="0" bw="15" slack="0"/>
<pin id="5139" dir="1" index="1" bw="16" slack="0"/>
</pin_list>
<bind>
<opcode="sext(35) " fcode="sext"/>
<opset="sext_ln42_121/1 "/>
</bind>
</comp>

<comp id="5141" class="1004" name="a_4_load_fu_5141">
<pin_list>
<pin id="5142" dir="0" index="0" bw="16" slack="0"/>
<pin id="5143" dir="1" index="1" bw="16" slack="0"/>
</pin_list>
<bind>
<opcode="load(27) " fcode="load"/>
<opset="a_4/1 "/>
</bind>
</comp>

<comp id="5145" class="1004" name="sext_ln70_132_fu_5145">
<pin_list>
<pin id="5146" dir="0" index="0" bw="16" slack="0"/>
<pin id="5147" dir="1" index="1" bw="25" slack="0"/>
</pin_list>
<bind>
<opcode="sext(35) " fcode="sext"/>
<opset="sext_ln70_132/1 "/>
</bind>
</comp>

<comp id="5150" class="1004" name="sext_ln70_133_fu_5150">
<pin_list>
<pin id="5151" dir="0" index="0" bw="16" slack="0"/>
<pin id="5152" dir="1" index="1" bw="26" slack="0"/>
</pin_list>
<bind>
<opcode="sext(35) " fcode="sext"/>
<opset="sext_ln70_133/1 "/>
</bind>
</comp>

<comp id="5157" class="1004" name="trunc_ln42_29_fu_5157">
<pin_list>
<pin id="5158" dir="0" index="0" bw="16" slack="0"/>
<pin id="5159" dir="0" index="1" bw="26" slack="0"/>
<pin id="5160" dir="0" index="2" bw="5" slack="0"/>
<pin id="5161" dir="0" index="3" bw="6" slack="0"/>
<pin id="5162" dir="1" index="4" bw="16" slack="0"/>
</pin_list>
<bind>
<opcode="partselect(1002) " fcode="partselect"/>
<opset="trunc_ln42_29/1 "/>
</bind>
</comp>

<comp id="5167" class="1004" name="trunc_ln42_30_fu_5167">
<pin_list>
<pin id="5168" dir="0" index="0" bw="16" slack="0"/>
<pin id="5169" dir="0" index="1" bw="26" slack="0"/>
<pin id="5170" dir="0" index="2" bw="5" slack="0"/>
<pin id="5171" dir="0" index="3" bw="6" slack="0"/>
<pin id="5172" dir="1" index="4" bw="16" slack="0"/>
</pin_list>
<bind>
<opcode="partselect(1002) " fcode="partselect"/>
<opset="trunc_ln42_30/1 "/>
</bind>
</comp>

<comp id="5177" class="1004" name="trunc_ln42_31_fu_5177">
<pin_list>
<pin id="5178" dir="0" index="0" bw="15" slack="0"/>
<pin id="5179" dir="0" index="1" bw="25" slack="0"/>
<pin id="5180" dir="0" index="2" bw="5" slack="0"/>
<pin id="5181" dir="0" index="3" bw="6" slack="0"/>
<pin id="5182" dir="1" index="4" bw="15" slack="0"/>
</pin_list>
<bind>
<opcode="partselect(1002) " fcode="partselect"/>
<opset="trunc_ln42_31/1 "/>
</bind>
</comp>

<comp id="5187" class="1004" name="sext_ln42_122_fu_5187">
<pin_list>
<pin id="5188" dir="0" index="0" bw="15" slack="0"/>
<pin id="5189" dir="1" index="1" bw="16" slack="0"/>
</pin_list>
<bind>
<opcode="sext(35) " fcode="sext"/>
<opset="sext_ln42_122/1 "/>
</bind>
</comp>

<comp id="5191" class="1004" name="trunc_ln42_32_fu_5191">
<pin_list>
<pin id="5192" dir="0" index="0" bw="16" slack="0"/>
<pin id="5193" dir="0" index="1" bw="26" slack="0"/>
<pin id="5194" dir="0" index="2" bw="5" slack="0"/>
<pin id="5195" dir="0" index="3" bw="6" slack="0"/>
<pin id="5196" dir="1" index="4" bw="16" slack="0"/>
</pin_list>
<bind>
<opcode="partselect(1002) " fcode="partselect"/>
<opset="trunc_ln42_32/1 "/>
</bind>
</comp>

<comp id="5201" class="1004" name="a_5_load_fu_5201">
<pin_list>
<pin id="5202" dir="0" index="0" bw="16" slack="0"/>
<pin id="5203" dir="1" index="1" bw="16" slack="0"/>
</pin_list>
<bind>
<opcode="load(27) " fcode="load"/>
<opset="a_5/1 "/>
</bind>
</comp>

<comp id="5205" class="1004" name="sext_ln70_134_fu_5205">
<pin_list>
<pin id="5206" dir="0" index="0" bw="16" slack="0"/>
<pin id="5207" dir="1" index="1" bw="25" slack="0"/>
</pin_list>
<bind>
<opcode="sext(35) " fcode="sext"/>
<opset="sext_ln70_134/1 "/>
</bind>
</comp>

<comp id="5210" class="1004" name="sext_ln70_135_fu_5210">
<pin_list>
<pin id="5211" dir="0" index="0" bw="16" slack="0"/>
<pin id="5212" dir="1" index="1" bw="24" slack="0"/>
</pin_list>
<bind>
<opcode="sext(35) " fcode="sext"/>
<opset="sext_ln70_135/1 "/>
</bind>
</comp>

<comp id="5215" class="1004" name="sext_ln70_136_fu_5215">
<pin_list>
<pin id="5216" dir="0" index="0" bw="16" slack="0"/>
<pin id="5217" dir="1" index="1" bw="23" slack="0"/>
</pin_list>
<bind>
<opcode="sext(35) " fcode="sext"/>
<opset="sext_ln70_136/1 "/>
</bind>
</comp>

<comp id="5220" class="1004" name="trunc_ln42_33_fu_5220">
<pin_list>
<pin id="5221" dir="0" index="0" bw="13" slack="0"/>
<pin id="5222" dir="0" index="1" bw="23" slack="0"/>
<pin id="5223" dir="0" index="2" bw="5" slack="0"/>
<pin id="5224" dir="0" index="3" bw="6" slack="0"/>
<pin id="5225" dir="1" index="4" bw="13" slack="0"/>
</pin_list>
<bind>
<opcode="partselect(1002) " fcode="partselect"/>
<opset="trunc_ln42_33/1 "/>
</bind>
</comp>

<comp id="5230" class="1004" name="sext_ln73_fu_5230">
<pin_list>
<pin id="5231" dir="0" index="0" bw="13" slack="0"/>
<pin id="5232" dir="1" index="1" bw="14" slack="0"/>
</pin_list>
<bind>
<opcode="sext(35) " fcode="sext"/>
<opset="sext_ln73/1 "/>
</bind>
</comp>

<comp id="5234" class="1004" name="trunc_ln42_34_fu_5234">
<pin_list>
<pin id="5235" dir="0" index="0" bw="14" slack="0"/>
<pin id="5236" dir="0" index="1" bw="24" slack="0"/>
<pin id="5237" dir="0" index="2" bw="5" slack="0"/>
<pin id="5238" dir="0" index="3" bw="6" slack="0"/>
<pin id="5239" dir="1" index="4" bw="14" slack="0"/>
</pin_list>
<bind>
<opcode="partselect(1002) " fcode="partselect"/>
<opset="trunc_ln42_34/1 "/>
</bind>
</comp>

<comp id="5244" class="1004" name="sext_ln73_4_fu_5244">
<pin_list>
<pin id="5245" dir="0" index="0" bw="14" slack="0"/>
<pin id="5246" dir="1" index="1" bw="15" slack="0"/>
</pin_list>
<bind>
<opcode="sext(35) " fcode="sext"/>
<opset="sext_ln73_4/1 "/>
</bind>
</comp>

<comp id="5248" class="1004" name="tmp_90_fu_5248">
<pin_list>
<pin id="5249" dir="0" index="0" bw="24" slack="0"/>
<pin id="5250" dir="0" index="1" bw="16" slack="0"/>
<pin id="5251" dir="0" index="2" bw="1" slack="0"/>
<pin id="5252" dir="1" index="3" bw="24" slack="0"/>
</pin_list>
<bind>
<opcode="bitconcatenate(1004) " fcode="bitconcatenate"/>
<opset="tmp_90/1 "/>
</bind>
</comp>

<comp id="5256" class="1004" name="sext_ln73_80_fu_5256">
<pin_list>
<pin id="5257" dir="0" index="0" bw="24" slack="0"/>
<pin id="5258" dir="1" index="1" bw="25" slack="0"/>
</pin_list>
<bind>
<opcode="sext(35) " fcode="sext"/>
<opset="sext_ln73_80/1 "/>
</bind>
</comp>

<comp id="5260" class="1004" name="tmp_91_fu_5260">
<pin_list>
<pin id="5261" dir="0" index="0" bw="21" slack="0"/>
<pin id="5262" dir="0" index="1" bw="16" slack="0"/>
<pin id="5263" dir="0" index="2" bw="1" slack="0"/>
<pin id="5264" dir="1" index="3" bw="21" slack="0"/>
</pin_list>
<bind>
<opcode="bitconcatenate(1004) " fcode="bitconcatenate"/>
<opset="tmp_91/1 "/>
</bind>
</comp>

<comp id="5268" class="1004" name="sext_ln73_81_fu_5268">
<pin_list>
<pin id="5269" dir="0" index="0" bw="21" slack="0"/>
<pin id="5270" dir="1" index="1" bw="25" slack="0"/>
</pin_list>
<bind>
<opcode="sext(35) " fcode="sext"/>
<opset="sext_ln73_81/1 "/>
</bind>
</comp>

<comp id="5272" class="1004" name="sub_ln73_fu_5272">
<pin_list>
<pin id="5273" dir="0" index="0" bw="24" slack="0"/>
<pin id="5274" dir="0" index="1" bw="21" slack="0"/>
<pin id="5275" dir="1" index="2" bw="25" slack="0"/>
</pin_list>
<bind>
<opcode="sub(10) " fcode="sub"/>
<opset="sub_ln73/1 "/>
</bind>
</comp>

<comp id="5278" class="1004" name="trunc_ln42_35_fu_5278">
<pin_list>
<pin id="5279" dir="0" index="0" bw="15" slack="0"/>
<pin id="5280" dir="0" index="1" bw="25" slack="0"/>
<pin id="5281" dir="0" index="2" bw="5" slack="0"/>
<pin id="5282" dir="0" index="3" bw="6" slack="0"/>
<pin id="5283" dir="1" index="4" bw="15" slack="1"/>
</pin_list>
<bind>
<opcode="partselect(1002) " fcode="partselect"/>
<opset="trunc_ln42_35/1 "/>
</bind>
</comp>

<comp id="5288" class="1004" name="trunc_ln42_36_fu_5288">
<pin_list>
<pin id="5289" dir="0" index="0" bw="15" slack="0"/>
<pin id="5290" dir="0" index="1" bw="25" slack="0"/>
<pin id="5291" dir="0" index="2" bw="5" slack="0"/>
<pin id="5292" dir="0" index="3" bw="6" slack="0"/>
<pin id="5293" dir="1" index="4" bw="15" slack="1"/>
</pin_list>
<bind>
<opcode="partselect(1002) " fcode="partselect"/>
<opset="trunc_ln42_36/1 "/>
</bind>
</comp>

<comp id="5298" class="1004" name="a_6_load_fu_5298">
<pin_list>
<pin id="5299" dir="0" index="0" bw="16" slack="0"/>
<pin id="5300" dir="1" index="1" bw="16" slack="0"/>
</pin_list>
<bind>
<opcode="load(27) " fcode="load"/>
<opset="a_6/1 "/>
</bind>
</comp>

<comp id="5302" class="1004" name="sext_ln70_137_fu_5302">
<pin_list>
<pin id="5303" dir="0" index="0" bw="16" slack="0"/>
<pin id="5304" dir="1" index="1" bw="24" slack="0"/>
</pin_list>
<bind>
<opcode="sext(35) " fcode="sext"/>
<opset="sext_ln70_137/1 "/>
</bind>
</comp>

<comp id="5307" class="1004" name="sext_ln70_138_fu_5307">
<pin_list>
<pin id="5308" dir="0" index="0" bw="16" slack="0"/>
<pin id="5309" dir="1" index="1" bw="26" slack="0"/>
</pin_list>
<bind>
<opcode="sext(35) " fcode="sext"/>
<opset="sext_ln70_138/1 "/>
</bind>
</comp>

<comp id="5313" class="1004" name="sext_ln70_139_fu_5313">
<pin_list>
<pin id="5314" dir="0" index="0" bw="16" slack="0"/>
<pin id="5315" dir="1" index="1" bw="25" slack="0"/>
</pin_list>
<bind>
<opcode="sext(35) " fcode="sext"/>
<opset="sext_ln70_139/1 "/>
</bind>
</comp>

<comp id="5318" class="1004" name="trunc_ln42_37_fu_5318">
<pin_list>
<pin id="5319" dir="0" index="0" bw="15" slack="0"/>
<pin id="5320" dir="0" index="1" bw="25" slack="0"/>
<pin id="5321" dir="0" index="2" bw="5" slack="0"/>
<pin id="5322" dir="0" index="3" bw="6" slack="0"/>
<pin id="5323" dir="1" index="4" bw="15" slack="1"/>
</pin_list>
<bind>
<opcode="partselect(1002) " fcode="partselect"/>
<opset="trunc_ln42_37/1 "/>
</bind>
</comp>

<comp id="5328" class="1004" name="trunc_ln42_38_fu_5328">
<pin_list>
<pin id="5329" dir="0" index="0" bw="16" slack="0"/>
<pin id="5330" dir="0" index="1" bw="26" slack="0"/>
<pin id="5331" dir="0" index="2" bw="5" slack="0"/>
<pin id="5332" dir="0" index="3" bw="6" slack="0"/>
<pin id="5333" dir="1" index="4" bw="16" slack="0"/>
</pin_list>
<bind>
<opcode="partselect(1002) " fcode="partselect"/>
<opset="trunc_ln42_38/1 "/>
</bind>
</comp>

<comp id="5338" class="1004" name="trunc_ln42_39_fu_5338">
<pin_list>
<pin id="5339" dir="0" index="0" bw="14" slack="0"/>
<pin id="5340" dir="0" index="1" bw="24" slack="0"/>
<pin id="5341" dir="0" index="2" bw="5" slack="0"/>
<pin id="5342" dir="0" index="3" bw="6" slack="0"/>
<pin id="5343" dir="1" index="4" bw="14" slack="1"/>
</pin_list>
<bind>
<opcode="partselect(1002) " fcode="partselect"/>
<opset="trunc_ln42_39/1 "/>
</bind>
</comp>

<comp id="5348" class="1004" name="trunc_ln42_40_fu_5348">
<pin_list>
<pin id="5349" dir="0" index="0" bw="16" slack="0"/>
<pin id="5350" dir="0" index="1" bw="26" slack="0"/>
<pin id="5351" dir="0" index="2" bw="5" slack="0"/>
<pin id="5352" dir="0" index="3" bw="6" slack="0"/>
<pin id="5353" dir="1" index="4" bw="16" slack="0"/>
</pin_list>
<bind>
<opcode="partselect(1002) " fcode="partselect"/>
<opset="trunc_ln42_40/1 "/>
</bind>
</comp>

<comp id="5358" class="1004" name="a_7_load_fu_5358">
<pin_list>
<pin id="5359" dir="0" index="0" bw="16" slack="0"/>
<pin id="5360" dir="1" index="1" bw="16" slack="0"/>
</pin_list>
<bind>
<opcode="load(27) " fcode="load"/>
<opset="a_7/1 "/>
</bind>
</comp>

<comp id="5362" class="1004" name="sext_ln70_140_fu_5362">
<pin_list>
<pin id="5363" dir="0" index="0" bw="16" slack="0"/>
<pin id="5364" dir="1" index="1" bw="23" slack="0"/>
</pin_list>
<bind>
<opcode="sext(35) " fcode="sext"/>
<opset="sext_ln70_140/1 "/>
</bind>
</comp>

<comp id="5367" class="1004" name="sext_ln70_141_fu_5367">
<pin_list>
<pin id="5368" dir="0" index="0" bw="16" slack="0"/>
<pin id="5369" dir="1" index="1" bw="21" slack="0"/>
</pin_list>
<bind>
<opcode="sext(35) " fcode="sext"/>
<opset="sext_ln70_141/1 "/>
</bind>
</comp>

<comp id="5371" class="1004" name="sext_ln70_142_fu_5371">
<pin_list>
<pin id="5372" dir="0" index="0" bw="16" slack="0"/>
<pin id="5373" dir="1" index="1" bw="24" slack="0"/>
</pin_list>
<bind>
<opcode="sext(35) " fcode="sext"/>
<opset="sext_ln70_142/1 "/>
</bind>
</comp>

<comp id="5376" class="1004" name="trunc_ln42_41_fu_5376">
<pin_list>
<pin id="5377" dir="0" index="0" bw="14" slack="0"/>
<pin id="5378" dir="0" index="1" bw="24" slack="0"/>
<pin id="5379" dir="0" index="2" bw="5" slack="0"/>
<pin id="5380" dir="0" index="3" bw="6" slack="0"/>
<pin id="5381" dir="1" index="4" bw="14" slack="1"/>
</pin_list>
<bind>
<opcode="partselect(1002) " fcode="partselect"/>
<opset="trunc_ln42_41/1 "/>
</bind>
</comp>

<comp id="5386" class="1004" name="tmp_92_fu_5386">
<pin_list>
<pin id="5387" dir="0" index="0" bw="19" slack="0"/>
<pin id="5388" dir="0" index="1" bw="16" slack="0"/>
<pin id="5389" dir="0" index="2" bw="1" slack="0"/>
<pin id="5390" dir="1" index="3" bw="19" slack="0"/>
</pin_list>
<bind>
<opcode="bitconcatenate(1004) " fcode="bitconcatenate"/>
<opset="tmp_92/1 "/>
</bind>
</comp>

<comp id="5394" class="1004" name="sext_ln73_82_fu_5394">
<pin_list>
<pin id="5395" dir="0" index="0" bw="19" slack="0"/>
<pin id="5396" dir="1" index="1" bw="21" slack="0"/>
</pin_list>
<bind>
<opcode="sext(35) " fcode="sext"/>
<opset="sext_ln73_82/1 "/>
</bind>
</comp>

<comp id="5398" class="1004" name="add_ln73_15_fu_5398">
<pin_list>
<pin id="5399" dir="0" index="0" bw="19" slack="0"/>
<pin id="5400" dir="0" index="1" bw="16" slack="0"/>
<pin id="5401" dir="1" index="2" bw="21" slack="0"/>
</pin_list>
<bind>
<opcode="add(8) " fcode="add"/>
<opset="add_ln73_15/1 "/>
</bind>
</comp>

<comp id="5404" class="1004" name="trunc_ln42_42_fu_5404">
<pin_list>
<pin id="5405" dir="0" index="0" bw="11" slack="0"/>
<pin id="5406" dir="0" index="1" bw="20" slack="0"/>
<pin id="5407" dir="0" index="2" bw="5" slack="0"/>
<pin id="5408" dir="0" index="3" bw="6" slack="0"/>
<pin id="5409" dir="1" index="4" bw="11" slack="0"/>
</pin_list>
<bind>
<opcode="partselect(1002) " fcode="partselect"/>
<opset="trunc_ln42_42/1 "/>
</bind>
</comp>

<comp id="5414" class="1004" name="sext_ln73_5_fu_5414">
<pin_list>
<pin id="5415" dir="0" index="0" bw="11" slack="0"/>
<pin id="5416" dir="1" index="1" bw="12" slack="0"/>
</pin_list>
<bind>
<opcode="sext(35) " fcode="sext"/>
<opset="sext_ln73_5/1 "/>
</bind>
</comp>

<comp id="5418" class="1004" name="tmp_93_fu_5418">
<pin_list>
<pin id="5419" dir="0" index="0" bw="20" slack="0"/>
<pin id="5420" dir="0" index="1" bw="16" slack="0"/>
<pin id="5421" dir="0" index="2" bw="1" slack="0"/>
<pin id="5422" dir="1" index="3" bw="20" slack="0"/>
</pin_list>
<bind>
<opcode="bitconcatenate(1004) " fcode="bitconcatenate"/>
<opset="tmp_93/1 "/>
</bind>
</comp>

<comp id="5426" class="1004" name="sext_ln73_83_fu_5426">
<pin_list>
<pin id="5427" dir="0" index="0" bw="20" slack="0"/>
<pin id="5428" dir="1" index="1" bw="21" slack="0"/>
</pin_list>
<bind>
<opcode="sext(35) " fcode="sext"/>
<opset="sext_ln73_83/1 "/>
</bind>
</comp>

<comp id="5430" class="1004" name="tmp_94_fu_5430">
<pin_list>
<pin id="5431" dir="0" index="0" bw="18" slack="0"/>
<pin id="5432" dir="0" index="1" bw="16" slack="0"/>
<pin id="5433" dir="0" index="2" bw="1" slack="0"/>
<pin id="5434" dir="1" index="3" bw="18" slack="0"/>
</pin_list>
<bind>
<opcode="bitconcatenate(1004) " fcode="bitconcatenate"/>
<opset="tmp_94/1 "/>
</bind>
</comp>

<comp id="5438" class="1004" name="sext_ln73_84_fu_5438">
<pin_list>
<pin id="5439" dir="0" index="0" bw="18" slack="0"/>
<pin id="5440" dir="1" index="1" bw="21" slack="0"/>
</pin_list>
<bind>
<opcode="sext(35) " fcode="sext"/>
<opset="sext_ln73_84/1 "/>
</bind>
</comp>

<comp id="5442" class="1004" name="sub_ln73_39_fu_5442">
<pin_list>
<pin id="5443" dir="0" index="0" bw="18" slack="0"/>
<pin id="5444" dir="0" index="1" bw="20" slack="0"/>
<pin id="5445" dir="1" index="2" bw="21" slack="0"/>
</pin_list>
<bind>
<opcode="sub(10) " fcode="sub"/>
<opset="sub_ln73_39/1 "/>
</bind>
</comp>

<comp id="5448" class="1004" name="trunc_ln42_43_fu_5448">
<pin_list>
<pin id="5449" dir="0" index="0" bw="11" slack="0"/>
<pin id="5450" dir="0" index="1" bw="21" slack="0"/>
<pin id="5451" dir="0" index="2" bw="5" slack="0"/>
<pin id="5452" dir="0" index="3" bw="6" slack="0"/>
<pin id="5453" dir="1" index="4" bw="11" slack="0"/>
</pin_list>
<bind>
<opcode="partselect(1002) " fcode="partselect"/>
<opset="trunc_ln42_43/1 "/>
</bind>
</comp>

<comp id="5458" class="1004" name="sext_ln73_6_fu_5458">
<pin_list>
<pin id="5459" dir="0" index="0" bw="11" slack="0"/>
<pin id="5460" dir="1" index="1" bw="12" slack="0"/>
</pin_list>
<bind>
<opcode="sext(35) " fcode="sext"/>
<opset="sext_ln73_6/1 "/>
</bind>
</comp>

<comp id="5462" class="1004" name="trunc_ln42_44_fu_5462">
<pin_list>
<pin id="5463" dir="0" index="0" bw="13" slack="0"/>
<pin id="5464" dir="0" index="1" bw="23" slack="0"/>
<pin id="5465" dir="0" index="2" bw="5" slack="0"/>
<pin id="5466" dir="0" index="3" bw="6" slack="0"/>
<pin id="5467" dir="1" index="4" bw="13" slack="0"/>
</pin_list>
<bind>
<opcode="partselect(1002) " fcode="partselect"/>
<opset="trunc_ln42_44/1 "/>
</bind>
</comp>

<comp id="5472" class="1004" name="p_cast49_cast_fu_5472">
<pin_list>
<pin id="5473" dir="0" index="0" bw="13" slack="0"/>
<pin id="5474" dir="1" index="1" bw="14" slack="0"/>
</pin_list>
<bind>
<opcode="sext(35) " fcode="sext"/>
<opset="p_cast49_cast/1 "/>
</bind>
</comp>

<comp id="5476" class="1004" name="a_8_load_fu_5476">
<pin_list>
<pin id="5477" dir="0" index="0" bw="16" slack="0"/>
<pin id="5478" dir="1" index="1" bw="16" slack="0"/>
</pin_list>
<bind>
<opcode="load(27) " fcode="load"/>
<opset="a_8/1 "/>
</bind>
</comp>

<comp id="5480" class="1004" name="sext_ln70_143_fu_5480">
<pin_list>
<pin id="5481" dir="0" index="0" bw="16" slack="0"/>
<pin id="5482" dir="1" index="1" bw="24" slack="0"/>
</pin_list>
<bind>
<opcode="sext(35) " fcode="sext"/>
<opset="sext_ln70_143/1 "/>
</bind>
</comp>

<comp id="5485" class="1004" name="sext_ln70_144_fu_5485">
<pin_list>
<pin id="5486" dir="0" index="0" bw="16" slack="0"/>
<pin id="5487" dir="1" index="1" bw="26" slack="0"/>
</pin_list>
<bind>
<opcode="sext(35) " fcode="sext"/>
<opset="sext_ln70_144/1 "/>
</bind>
</comp>

<comp id="5491" class="1004" name="tmp_95_fu_5491">
<pin_list>
<pin id="5492" dir="0" index="0" bw="18" slack="0"/>
<pin id="5493" dir="0" index="1" bw="16" slack="0"/>
<pin id="5494" dir="0" index="2" bw="1" slack="0"/>
<pin id="5495" dir="1" index="3" bw="18" slack="0"/>
</pin_list>
<bind>
<opcode="bitconcatenate(1004) " fcode="bitconcatenate"/>
<opset="tmp_95/1 "/>
</bind>
</comp>

<comp id="5499" class="1004" name="sext_ln73_85_fu_5499">
<pin_list>
<pin id="5500" dir="0" index="0" bw="18" slack="0"/>
<pin id="5501" dir="1" index="1" bw="19" slack="0"/>
</pin_list>
<bind>
<opcode="sext(35) " fcode="sext"/>
<opset="sext_ln73_85/1 "/>
</bind>
</comp>

<comp id="5503" class="1004" name="sub_ln73_40_fu_5503">
<pin_list>
<pin id="5504" dir="0" index="0" bw="1" slack="0"/>
<pin id="5505" dir="0" index="1" bw="18" slack="0"/>
<pin id="5506" dir="1" index="2" bw="19" slack="0"/>
</pin_list>
<bind>
<opcode="sub(10) " fcode="sub"/>
<opset="sub_ln73_40/1 "/>
</bind>
</comp>

<comp id="5509" class="1004" name="trunc_ln42_45_fu_5509">
<pin_list>
<pin id="5510" dir="0" index="0" bw="9" slack="0"/>
<pin id="5511" dir="0" index="1" bw="19" slack="0"/>
<pin id="5512" dir="0" index="2" bw="5" slack="0"/>
<pin id="5513" dir="0" index="3" bw="6" slack="0"/>
<pin id="5514" dir="1" index="4" bw="9" slack="0"/>
</pin_list>
<bind>
<opcode="partselect(1002) " fcode="partselect"/>
<opset="trunc_ln42_45/1 "/>
</bind>
</comp>

<comp id="5519" class="1004" name="sext_ln73_7_fu_5519">
<pin_list>
<pin id="5520" dir="0" index="0" bw="9" slack="0"/>
<pin id="5521" dir="1" index="1" bw="10" slack="0"/>
</pin_list>
<bind>
<opcode="sext(35) " fcode="sext"/>
<opset="sext_ln73_7/1 "/>
</bind>
</comp>

<comp id="5523" class="1004" name="trunc_ln42_46_fu_5523">
<pin_list>
<pin id="5524" dir="0" index="0" bw="16" slack="0"/>
<pin id="5525" dir="0" index="1" bw="26" slack="0"/>
<pin id="5526" dir="0" index="2" bw="5" slack="0"/>
<pin id="5527" dir="0" index="3" bw="6" slack="0"/>
<pin id="5528" dir="1" index="4" bw="16" slack="1"/>
</pin_list>
<bind>
<opcode="partselect(1002) " fcode="partselect"/>
<opset="trunc_ln42_46/1 "/>
</bind>
</comp>

<comp id="5533" class="1004" name="trunc_ln42_47_fu_5533">
<pin_list>
<pin id="5534" dir="0" index="0" bw="14" slack="0"/>
<pin id="5535" dir="0" index="1" bw="24" slack="0"/>
<pin id="5536" dir="0" index="2" bw="5" slack="0"/>
<pin id="5537" dir="0" index="3" bw="6" slack="0"/>
<pin id="5538" dir="1" index="4" bw="14" slack="0"/>
</pin_list>
<bind>
<opcode="partselect(1002) " fcode="partselect"/>
<opset="trunc_ln42_47/1 "/>
</bind>
</comp>

<comp id="5543" class="1004" name="sext_ln73_8_fu_5543">
<pin_list>
<pin id="5544" dir="0" index="0" bw="14" slack="0"/>
<pin id="5545" dir="1" index="1" bw="15" slack="0"/>
</pin_list>
<bind>
<opcode="sext(35) " fcode="sext"/>
<opset="sext_ln73_8/1 "/>
</bind>
</comp>

<comp id="5547" class="1004" name="trunc_ln42_48_fu_5547">
<pin_list>
<pin id="5548" dir="0" index="0" bw="16" slack="0"/>
<pin id="5549" dir="0" index="1" bw="26" slack="0"/>
<pin id="5550" dir="0" index="2" bw="5" slack="0"/>
<pin id="5551" dir="0" index="3" bw="6" slack="0"/>
<pin id="5552" dir="1" index="4" bw="16" slack="0"/>
</pin_list>
<bind>
<opcode="partselect(1002) " fcode="partselect"/>
<opset="trunc_ln42_48/1 "/>
</bind>
</comp>

<comp id="5557" class="1004" name="add_ln58_fu_5557">
<pin_list>
<pin id="5558" dir="0" index="0" bw="16" slack="0"/>
<pin id="5559" dir="0" index="1" bw="16" slack="0"/>
<pin id="5560" dir="1" index="2" bw="16" slack="1"/>
</pin_list>
<bind>
<opcode="add(8) " fcode="add"/>
<opset="add_ln58/1 "/>
</bind>
</comp>

<comp id="5563" class="1004" name="add_ln58_303_fu_5563">
<pin_list>
<pin id="5564" dir="0" index="0" bw="16" slack="0"/>
<pin id="5565" dir="0" index="1" bw="15" slack="0"/>
<pin id="5566" dir="1" index="2" bw="16" slack="0"/>
</pin_list>
<bind>
<opcode="add(8) " fcode="add"/>
<opset="add_ln58_303/1 "/>
</bind>
</comp>

<comp id="5569" class="1004" name="add_ln58_304_fu_5569">
<pin_list>
<pin id="5570" dir="0" index="0" bw="16" slack="0"/>
<pin id="5571" dir="0" index="1" bw="16" slack="0"/>
<pin id="5572" dir="1" index="2" bw="16" slack="1"/>
</pin_list>
<bind>
<opcode="add(8) " fcode="add"/>
<opset="add_ln58_304/1 "/>
</bind>
</comp>

<comp id="5575" class="1004" name="add_ln58_307_fu_5575">
<pin_list>
<pin id="5576" dir="0" index="0" bw="9" slack="0"/>
<pin id="5577" dir="0" index="1" bw="3" slack="0"/>
<pin id="5578" dir="1" index="2" bw="10" slack="0"/>
</pin_list>
<bind>
<opcode="add(8) " fcode="add"/>
<opset="add_ln58_307/1 "/>
</bind>
</comp>

<comp id="5581" class="1004" name="sext_ln58_fu_5581">
<pin_list>
<pin id="5582" dir="0" index="0" bw="10" slack="0"/>
<pin id="5583" dir="1" index="1" bw="14" slack="0"/>
</pin_list>
<bind>
<opcode="sext(35) " fcode="sext"/>
<opset="sext_ln58/1 "/>
</bind>
</comp>

<comp id="5585" class="1004" name="add_ln58_308_fu_5585">
<pin_list>
<pin id="5586" dir="0" index="0" bw="10" slack="0"/>
<pin id="5587" dir="0" index="1" bw="13" slack="0"/>
<pin id="5588" dir="1" index="2" bw="14" slack="1"/>
</pin_list>
<bind>
<opcode="add(8) " fcode="add"/>
<opset="add_ln58_308/1 "/>
</bind>
</comp>

<comp id="5591" class="1004" name="add_ln58_311_fu_5591">
<pin_list>
<pin id="5592" dir="0" index="0" bw="16" slack="0"/>
<pin id="5593" dir="0" index="1" bw="16" slack="0"/>
<pin id="5594" dir="1" index="2" bw="16" slack="1"/>
</pin_list>
<bind>
<opcode="add(8) " fcode="add"/>
<opset="add_ln58_311/1 "/>
</bind>
</comp>

<comp id="5597" class="1004" name="add_ln58_312_fu_5597">
<pin_list>
<pin id="5598" dir="0" index="0" bw="16" slack="0"/>
<pin id="5599" dir="0" index="1" bw="16" slack="0"/>
<pin id="5600" dir="1" index="2" bw="16" slack="0"/>
</pin_list>
<bind>
<opcode="add(8) " fcode="add"/>
<opset="add_ln58_312/1 "/>
</bind>
</comp>

<comp id="5603" class="1004" name="add_ln58_313_fu_5603">
<pin_list>
<pin id="5604" dir="0" index="0" bw="16" slack="0"/>
<pin id="5605" dir="0" index="1" bw="16" slack="0"/>
<pin id="5606" dir="1" index="2" bw="16" slack="1"/>
</pin_list>
<bind>
<opcode="add(8) " fcode="add"/>
<opset="add_ln58_313/1 "/>
</bind>
</comp>

<comp id="5609" class="1004" name="add_ln58_316_fu_5609">
<pin_list>
<pin id="5610" dir="0" index="0" bw="11" slack="0"/>
<pin id="5611" dir="0" index="1" bw="3" slack="0"/>
<pin id="5612" dir="1" index="2" bw="12" slack="0"/>
</pin_list>
<bind>
<opcode="add(8) " fcode="add"/>
<opset="add_ln58_316/1 "/>
</bind>
</comp>

<comp id="5615" class="1004" name="sext_ln58_59_fu_5615">
<pin_list>
<pin id="5616" dir="0" index="0" bw="12" slack="0"/>
<pin id="5617" dir="1" index="1" bw="15" slack="0"/>
</pin_list>
<bind>
<opcode="sext(35) " fcode="sext"/>
<opset="sext_ln58_59/1 "/>
</bind>
</comp>

<comp id="5619" class="1004" name="add_ln58_317_fu_5619">
<pin_list>
<pin id="5620" dir="0" index="0" bw="12" slack="0"/>
<pin id="5621" dir="0" index="1" bw="14" slack="0"/>
<pin id="5622" dir="1" index="2" bw="15" slack="1"/>
</pin_list>
<bind>
<opcode="add(8) " fcode="add"/>
<opset="add_ln58_317/1 "/>
</bind>
</comp>

<comp id="5625" class="1004" name="add_ln58_320_fu_5625">
<pin_list>
<pin id="5626" dir="0" index="0" bw="16" slack="0"/>
<pin id="5627" dir="0" index="1" bw="16" slack="0"/>
<pin id="5628" dir="1" index="2" bw="16" slack="1"/>
</pin_list>
<bind>
<opcode="add(8) " fcode="add"/>
<opset="add_ln58_320/1 "/>
</bind>
</comp>

<comp id="5631" class="1004" name="add_ln58_321_fu_5631">
<pin_list>
<pin id="5632" dir="0" index="0" bw="15" slack="0"/>
<pin id="5633" dir="0" index="1" bw="15" slack="0"/>
<pin id="5634" dir="1" index="2" bw="16" slack="0"/>
</pin_list>
<bind>
<opcode="add(8) " fcode="add"/>
<opset="add_ln58_321/1 "/>
</bind>
</comp>

<comp id="5637" class="1004" name="add_ln58_322_fu_5637">
<pin_list>
<pin id="5638" dir="0" index="0" bw="16" slack="0"/>
<pin id="5639" dir="0" index="1" bw="15" slack="0"/>
<pin id="5640" dir="1" index="2" bw="16" slack="1"/>
</pin_list>
<bind>
<opcode="add(8) " fcode="add"/>
<opset="add_ln58_322/1 "/>
</bind>
</comp>

<comp id="5643" class="1004" name="add_ln58_325_fu_5643">
<pin_list>
<pin id="5644" dir="0" index="0" bw="11" slack="0"/>
<pin id="5645" dir="0" index="1" bw="4" slack="0"/>
<pin id="5646" dir="1" index="2" bw="12" slack="0"/>
</pin_list>
<bind>
<opcode="add(8) " fcode="add"/>
<opset="add_ln58_325/1 "/>
</bind>
</comp>

<comp id="5649" class="1004" name="sext_ln58_61_fu_5649">
<pin_list>
<pin id="5650" dir="0" index="0" bw="12" slack="0"/>
<pin id="5651" dir="1" index="1" bw="15" slack="0"/>
</pin_list>
<bind>
<opcode="sext(35) " fcode="sext"/>
<opset="sext_ln58_61/1 "/>
</bind>
</comp>

<comp id="5653" class="1004" name="add_ln58_326_fu_5653">
<pin_list>
<pin id="5654" dir="0" index="0" bw="12" slack="0"/>
<pin id="5655" dir="0" index="1" bw="14" slack="0"/>
<pin id="5656" dir="1" index="2" bw="15" slack="1"/>
</pin_list>
<bind>
<opcode="add(8) " fcode="add"/>
<opset="add_ln58_326/1 "/>
</bind>
</comp>

<comp id="5659" class="1004" name="add_ln58_329_fu_5659">
<pin_list>
<pin id="5660" dir="0" index="0" bw="16" slack="0"/>
<pin id="5661" dir="0" index="1" bw="16" slack="0"/>
<pin id="5662" dir="1" index="2" bw="16" slack="1"/>
</pin_list>
<bind>
<opcode="add(8) " fcode="add"/>
<opset="add_ln58_329/1 "/>
</bind>
</comp>

<comp id="5665" class="1004" name="add_ln58_330_fu_5665">
<pin_list>
<pin id="5666" dir="0" index="0" bw="15" slack="0"/>
<pin id="5667" dir="0" index="1" bw="15" slack="0"/>
<pin id="5668" dir="1" index="2" bw="16" slack="0"/>
</pin_list>
<bind>
<opcode="add(8) " fcode="add"/>
<opset="add_ln58_330/1 "/>
</bind>
</comp>

<comp id="5671" class="1004" name="add_ln58_331_fu_5671">
<pin_list>
<pin id="5672" dir="0" index="0" bw="16" slack="0"/>
<pin id="5673" dir="0" index="1" bw="16" slack="0"/>
<pin id="5674" dir="1" index="2" bw="16" slack="1"/>
</pin_list>
<bind>
<opcode="add(8) " fcode="add"/>
<opset="add_ln58_331/1 "/>
</bind>
</comp>

<comp id="5677" class="1004" name="add_ln58_334_fu_5677">
<pin_list>
<pin id="5678" dir="0" index="0" bw="11" slack="0"/>
<pin id="5679" dir="0" index="1" bw="4" slack="0"/>
<pin id="5680" dir="1" index="2" bw="12" slack="0"/>
</pin_list>
<bind>
<opcode="add(8) " fcode="add"/>
<opset="add_ln58_334/1 "/>
</bind>
</comp>

<comp id="5683" class="1004" name="sext_ln58_63_fu_5683">
<pin_list>
<pin id="5684" dir="0" index="0" bw="12" slack="0"/>
<pin id="5685" dir="1" index="1" bw="14" slack="0"/>
</pin_list>
<bind>
<opcode="sext(35) " fcode="sext"/>
<opset="sext_ln58_63/1 "/>
</bind>
</comp>

<comp id="5687" class="1004" name="add_ln58_335_fu_5687">
<pin_list>
<pin id="5688" dir="0" index="0" bw="12" slack="0"/>
<pin id="5689" dir="0" index="1" bw="13" slack="0"/>
<pin id="5690" dir="1" index="2" bw="14" slack="1"/>
</pin_list>
<bind>
<opcode="add(8) " fcode="add"/>
<opset="add_ln58_335/1 "/>
</bind>
</comp>

<comp id="5693" class="1004" name="sext_ln42_fu_5693">
<pin_list>
<pin id="5694" dir="0" index="0" bw="14" slack="1"/>
<pin id="5695" dir="1" index="1" bw="16" slack="0"/>
</pin_list>
<bind>
<opcode="sext(35) " fcode="sext"/>
<opset="sext_ln42/2 "/>
</bind>
</comp>

<comp id="5696" class="1004" name="sext_ln42_116_fu_5696">
<pin_list>
<pin id="5697" dir="0" index="0" bw="14" slack="1"/>
<pin id="5698" dir="1" index="1" bw="16" slack="0"/>
</pin_list>
<bind>
<opcode="sext(35) " fcode="sext"/>
<opset="sext_ln42_116/2 "/>
</bind>
</comp>

<comp id="5699" class="1004" name="sext_ln42_123_fu_5699">
<pin_list>
<pin id="5700" dir="0" index="0" bw="15" slack="1"/>
<pin id="5701" dir="1" index="1" bw="16" slack="0"/>
</pin_list>
<bind>
<opcode="sext(35) " fcode="sext"/>
<opset="sext_ln42_123/2 "/>
</bind>
</comp>

<comp id="5702" class="1004" name="sext_ln42_124_fu_5702">
<pin_list>
<pin id="5703" dir="0" index="0" bw="15" slack="1"/>
<pin id="5704" dir="1" index="1" bw="16" slack="0"/>
</pin_list>
<bind>
<opcode="sext(35) " fcode="sext"/>
<opset="sext_ln42_124/2 "/>
</bind>
</comp>

<comp id="5705" class="1004" name="sext_ln42_125_fu_5705">
<pin_list>
<pin id="5706" dir="0" index="0" bw="15" slack="1"/>
<pin id="5707" dir="1" index="1" bw="16" slack="0"/>
</pin_list>
<bind>
<opcode="sext(35) " fcode="sext"/>
<opset="sext_ln42_125/2 "/>
</bind>
</comp>

<comp id="5708" class="1004" name="sext_ln42_126_fu_5708">
<pin_list>
<pin id="5709" dir="0" index="0" bw="14" slack="1"/>
<pin id="5710" dir="1" index="1" bw="16" slack="0"/>
</pin_list>
<bind>
<opcode="sext(35) " fcode="sext"/>
<opset="sext_ln42_126/2 "/>
</bind>
</comp>

<comp id="5711" class="1004" name="sext_ln42_127_fu_5711">
<pin_list>
<pin id="5712" dir="0" index="0" bw="14" slack="1"/>
<pin id="5713" dir="1" index="1" bw="16" slack="0"/>
</pin_list>
<bind>
<opcode="sext(35) " fcode="sext"/>
<opset="sext_ln42_127/2 "/>
</bind>
</comp>

<comp id="5714" class="1004" name="add_ln58_305_fu_5714">
<pin_list>
<pin id="5715" dir="0" index="0" bw="16" slack="1"/>
<pin id="5716" dir="0" index="1" bw="16" slack="1"/>
<pin id="5717" dir="1" index="2" bw="16" slack="0"/>
</pin_list>
<bind>
<opcode="add(8) " fcode="add"/>
<opset="add_ln58_305/2 "/>
</bind>
</comp>

<comp id="5718" class="1004" name="add_ln58_306_fu_5718">
<pin_list>
<pin id="5719" dir="0" index="0" bw="15" slack="0"/>
<pin id="5720" dir="0" index="1" bw="14" slack="0"/>
<pin id="5721" dir="1" index="2" bw="16" slack="0"/>
</pin_list>
<bind>
<opcode="add(8) " fcode="add"/>
<opset="add_ln58_306/2 "/>
</bind>
</comp>

<comp id="5724" class="1004" name="sext_ln58_58_fu_5724">
<pin_list>
<pin id="5725" dir="0" index="0" bw="14" slack="1"/>
<pin id="5726" dir="1" index="1" bw="16" slack="0"/>
</pin_list>
<bind>
<opcode="sext(35) " fcode="sext"/>
<opset="sext_ln58_58/2 "/>
</bind>
</comp>

<comp id="5727" class="1004" name="add_ln58_309_fu_5727">
<pin_list>
<pin id="5728" dir="0" index="0" bw="14" slack="0"/>
<pin id="5729" dir="0" index="1" bw="16" slack="0"/>
<pin id="5730" dir="1" index="2" bw="16" slack="0"/>
</pin_list>
<bind>
<opcode="add(8) " fcode="add"/>
<opset="add_ln58_309/2 "/>
</bind>
</comp>

<comp id="5733" class="1004" name="x_fu_5733">
<pin_list>
<pin id="5734" dir="0" index="0" bw="16" slack="0"/>
<pin id="5735" dir="0" index="1" bw="16" slack="0"/>
<pin id="5736" dir="1" index="2" bw="16" slack="0"/>
</pin_list>
<bind>
<opcode="add(8) " fcode="add"/>
<opset="x/2 "/>
</bind>
</comp>

<comp id="5739" class="1004" name="add_ln58_314_fu_5739">
<pin_list>
<pin id="5740" dir="0" index="0" bw="16" slack="1"/>
<pin id="5741" dir="0" index="1" bw="16" slack="1"/>
<pin id="5742" dir="1" index="2" bw="16" slack="0"/>
</pin_list>
<bind>
<opcode="add(8) " fcode="add"/>
<opset="add_ln58_314/2 "/>
</bind>
</comp>

<comp id="5743" class="1004" name="add_ln58_315_fu_5743">
<pin_list>
<pin id="5744" dir="0" index="0" bw="16" slack="1"/>
<pin id="5745" dir="0" index="1" bw="14" slack="0"/>
<pin id="5746" dir="1" index="2" bw="16" slack="0"/>
</pin_list>
<bind>
<opcode="add(8) " fcode="add"/>
<opset="add_ln58_315/2 "/>
</bind>
</comp>

<comp id="5748" class="1004" name="sext_ln58_60_fu_5748">
<pin_list>
<pin id="5749" dir="0" index="0" bw="15" slack="1"/>
<pin id="5750" dir="1" index="1" bw="16" slack="0"/>
</pin_list>
<bind>
<opcode="sext(35) " fcode="sext"/>
<opset="sext_ln58_60/2 "/>
</bind>
</comp>

<comp id="5751" class="1004" name="add_ln58_318_fu_5751">
<pin_list>
<pin id="5752" dir="0" index="0" bw="15" slack="0"/>
<pin id="5753" dir="0" index="1" bw="16" slack="0"/>
<pin id="5754" dir="1" index="2" bw="16" slack="0"/>
</pin_list>
<bind>
<opcode="add(8) " fcode="add"/>
<opset="add_ln58_318/2 "/>
</bind>
</comp>

<comp id="5757" class="1004" name="x_11_fu_5757">
<pin_list>
<pin id="5758" dir="0" index="0" bw="16" slack="0"/>
<pin id="5759" dir="0" index="1" bw="16" slack="0"/>
<pin id="5760" dir="1" index="2" bw="16" slack="0"/>
</pin_list>
<bind>
<opcode="add(8) " fcode="add"/>
<opset="x_11/2 "/>
</bind>
</comp>

<comp id="5763" class="1004" name="add_ln58_323_fu_5763">
<pin_list>
<pin id="5764" dir="0" index="0" bw="16" slack="1"/>
<pin id="5765" dir="0" index="1" bw="16" slack="1"/>
<pin id="5766" dir="1" index="2" bw="16" slack="0"/>
</pin_list>
<bind>
<opcode="add(8) " fcode="add"/>
<opset="add_ln58_323/2 "/>
</bind>
</comp>

<comp id="5767" class="1004" name="add_ln58_324_fu_5767">
<pin_list>
<pin id="5768" dir="0" index="0" bw="15" slack="0"/>
<pin id="5769" dir="0" index="1" bw="14" slack="0"/>
<pin id="5770" dir="1" index="2" bw="16" slack="0"/>
</pin_list>
<bind>
<opcode="add(8) " fcode="add"/>
<opset="add_ln58_324/2 "/>
</bind>
</comp>

<comp id="5773" class="1004" name="sext_ln58_62_fu_5773">
<pin_list>
<pin id="5774" dir="0" index="0" bw="15" slack="1"/>
<pin id="5775" dir="1" index="1" bw="16" slack="0"/>
</pin_list>
<bind>
<opcode="sext(35) " fcode="sext"/>
<opset="sext_ln58_62/2 "/>
</bind>
</comp>

<comp id="5776" class="1004" name="add_ln58_327_fu_5776">
<pin_list>
<pin id="5777" dir="0" index="0" bw="15" slack="0"/>
<pin id="5778" dir="0" index="1" bw="16" slack="0"/>
<pin id="5779" dir="1" index="2" bw="16" slack="0"/>
</pin_list>
<bind>
<opcode="add(8) " fcode="add"/>
<opset="add_ln58_327/2 "/>
</bind>
</comp>

<comp id="5782" class="1004" name="x_12_fu_5782">
<pin_list>
<pin id="5783" dir="0" index="0" bw="16" slack="0"/>
<pin id="5784" dir="0" index="1" bw="16" slack="0"/>
<pin id="5785" dir="1" index="2" bw="16" slack="0"/>
</pin_list>
<bind>
<opcode="add(8) " fcode="add"/>
<opset="x_12/2 "/>
</bind>
</comp>

<comp id="5788" class="1004" name="add_ln58_332_fu_5788">
<pin_list>
<pin id="5789" dir="0" index="0" bw="16" slack="1"/>
<pin id="5790" dir="0" index="1" bw="16" slack="1"/>
<pin id="5791" dir="1" index="2" bw="16" slack="0"/>
</pin_list>
<bind>
<opcode="add(8) " fcode="add"/>
<opset="add_ln58_332/2 "/>
</bind>
</comp>

<comp id="5792" class="1004" name="add_ln58_333_fu_5792">
<pin_list>
<pin id="5793" dir="0" index="0" bw="15" slack="0"/>
<pin id="5794" dir="0" index="1" bw="14" slack="0"/>
<pin id="5795" dir="1" index="2" bw="16" slack="0"/>
</pin_list>
<bind>
<opcode="add(8) " fcode="add"/>
<opset="add_ln58_333/2 "/>
</bind>
</comp>

<comp id="5798" class="1004" name="sext_ln58_64_fu_5798">
<pin_list>
<pin id="5799" dir="0" index="0" bw="14" slack="1"/>
<pin id="5800" dir="1" index="1" bw="16" slack="0"/>
</pin_list>
<bind>
<opcode="sext(35) " fcode="sext"/>
<opset="sext_ln58_64/2 "/>
</bind>
</comp>

<comp id="5801" class="1004" name="add_ln58_336_fu_5801">
<pin_list>
<pin id="5802" dir="0" index="0" bw="14" slack="0"/>
<pin id="5803" dir="0" index="1" bw="16" slack="0"/>
<pin id="5804" dir="1" index="2" bw="16" slack="0"/>
</pin_list>
<bind>
<opcode="add(8) " fcode="add"/>
<opset="add_ln58_336/2 "/>
</bind>
</comp>

<comp id="5807" class="1004" name="x_13_fu_5807">
<pin_list>
<pin id="5808" dir="0" index="0" bw="16" slack="0"/>
<pin id="5809" dir="0" index="1" bw="16" slack="0"/>
<pin id="5810" dir="1" index="2" bw="16" slack="0"/>
</pin_list>
<bind>
<opcode="add(8) " fcode="add"/>
<opset="x_13/2 "/>
</bind>
</comp>

<comp id="5813" class="1004" name="shl_ln_fu_5813">
<pin_list>
<pin id="5814" dir="0" index="0" bw="26" slack="0"/>
<pin id="5815" dir="0" index="1" bw="16" slack="0"/>
<pin id="5816" dir="0" index="2" bw="1" slack="0"/>
<pin id="5817" dir="1" index="3" bw="26" slack="0"/>
</pin_list>
<bind>
<opcode="bitconcatenate(1004) " fcode="bitconcatenate"/>
<opset="shl_ln/2 "/>
</bind>
</comp>

<comp id="5821" class="1004" name="sext_ln110_fu_5821">
<pin_list>
<pin id="5822" dir="0" index="0" bw="26" slack="0"/>
<pin id="5823" dir="1" index="1" bw="37" slack="0"/>
</pin_list>
<bind>
<opcode="sext(35) " fcode="sext"/>
<opset="sext_ln110/2 "/>
</bind>
</comp>

<comp id="5825" class="1004" name="shl_ln111_9_fu_5825">
<pin_list>
<pin id="5826" dir="0" index="0" bw="26" slack="0"/>
<pin id="5827" dir="0" index="1" bw="16" slack="0"/>
<pin id="5828" dir="0" index="2" bw="1" slack="0"/>
<pin id="5829" dir="1" index="3" bw="26" slack="0"/>
</pin_list>
<bind>
<opcode="bitconcatenate(1004) " fcode="bitconcatenate"/>
<opset="shl_ln111_9/2 "/>
</bind>
</comp>

<comp id="5833" class="1004" name="sext_ln110_7_fu_5833">
<pin_list>
<pin id="5834" dir="0" index="0" bw="26" slack="0"/>
<pin id="5835" dir="1" index="1" bw="37" slack="0"/>
</pin_list>
<bind>
<opcode="sext(35) " fcode="sext"/>
<opset="sext_ln110_7/2 "/>
</bind>
</comp>

<comp id="5837" class="1004" name="shl_ln111_s_fu_5837">
<pin_list>
<pin id="5838" dir="0" index="0" bw="26" slack="0"/>
<pin id="5839" dir="0" index="1" bw="16" slack="0"/>
<pin id="5840" dir="0" index="2" bw="1" slack="0"/>
<pin id="5841" dir="1" index="3" bw="26" slack="0"/>
</pin_list>
<bind>
<opcode="bitconcatenate(1004) " fcode="bitconcatenate"/>
<opset="shl_ln111_s/2 "/>
</bind>
</comp>

<comp id="5845" class="1004" name="sext_ln110_8_fu_5845">
<pin_list>
<pin id="5846" dir="0" index="0" bw="26" slack="0"/>
<pin id="5847" dir="1" index="1" bw="37" slack="0"/>
</pin_list>
<bind>
<opcode="sext(35) " fcode="sext"/>
<opset="sext_ln110_8/2 "/>
</bind>
</comp>

<comp id="5849" class="1004" name="shl_ln111_1_fu_5849">
<pin_list>
<pin id="5850" dir="0" index="0" bw="26" slack="0"/>
<pin id="5851" dir="0" index="1" bw="16" slack="0"/>
<pin id="5852" dir="0" index="2" bw="1" slack="0"/>
<pin id="5853" dir="1" index="3" bw="26" slack="0"/>
</pin_list>
<bind>
<opcode="bitconcatenate(1004) " fcode="bitconcatenate"/>
<opset="shl_ln111_1/2 "/>
</bind>
</comp>

<comp id="5857" class="1004" name="sext_ln68_fu_5857">
<pin_list>
<pin id="5858" dir="0" index="0" bw="26" slack="0"/>
<pin id="5859" dir="1" index="1" bw="37" slack="0"/>
</pin_list>
<bind>
<opcode="sext(35) " fcode="sext"/>
<opset="sext_ln68/2 "/>
</bind>
</comp>

<comp id="5861" class="1004" name="mrv_i_fu_5861">
<pin_list>
<pin id="5862" dir="0" index="0" bw="148" slack="0"/>
<pin id="5863" dir="0" index="1" bw="26" slack="0"/>
<pin id="5864" dir="1" index="2" bw="148" slack="0"/>
</pin_list>
<bind>
<opcode="insertvalue(57) " fcode="insertvalue"/>
<opset="mrv_i/2 "/>
</bind>
</comp>

<comp id="5867" class="1004" name="mrv_1_i_fu_5867">
<pin_list>
<pin id="5868" dir="0" index="0" bw="148" slack="0"/>
<pin id="5869" dir="0" index="1" bw="26" slack="0"/>
<pin id="5870" dir="1" index="2" bw="148" slack="0"/>
</pin_list>
<bind>
<opcode="insertvalue(57) " fcode="insertvalue"/>
<opset="mrv_1_i/2 "/>
</bind>
</comp>

<comp id="5873" class="1004" name="mrv_2_i_fu_5873">
<pin_list>
<pin id="5874" dir="0" index="0" bw="148" slack="0"/>
<pin id="5875" dir="0" index="1" bw="26" slack="0"/>
<pin id="5876" dir="1" index="2" bw="148" slack="0"/>
</pin_list>
<bind>
<opcode="insertvalue(57) " fcode="insertvalue"/>
<opset="mrv_2_i/2 "/>
</bind>
</comp>

<comp id="5879" class="1004" name="mrv_3_i_fu_5879">
<pin_list>
<pin id="5880" dir="0" index="0" bw="148" slack="0"/>
<pin id="5881" dir="0" index="1" bw="26" slack="0"/>
<pin id="5882" dir="1" index="2" bw="148" slack="2147483647"/>
</pin_list>
<bind>
<opcode="insertvalue(57) " fcode="insertvalue"/>
<opset="mrv_3_i/2 "/>
</bind>
</comp>

<comp id="5885" class="1005" name="trunc_ln42_s_reg_5885">
<pin_list>
<pin id="5886" dir="0" index="0" bw="14" slack="1"/>
<pin id="5887" dir="1" index="1" bw="14" slack="1"/>
</pin_list>
<bind>
<opset="trunc_ln42_s "/>
</bind>
</comp>

<comp id="5890" class="1005" name="trunc_ln42_20_reg_5890">
<pin_list>
<pin id="5891" dir="0" index="0" bw="14" slack="1"/>
<pin id="5892" dir="1" index="1" bw="14" slack="1"/>
</pin_list>
<bind>
<opset="trunc_ln42_20 "/>
</bind>
</comp>

<comp id="5895" class="1005" name="trunc_ln42_35_reg_5895">
<pin_list>
<pin id="5896" dir="0" index="0" bw="15" slack="1"/>
<pin id="5897" dir="1" index="1" bw="15" slack="1"/>
</pin_list>
<bind>
<opset="trunc_ln42_35 "/>
</bind>
</comp>

<comp id="5900" class="1005" name="trunc_ln42_36_reg_5900">
<pin_list>
<pin id="5901" dir="0" index="0" bw="15" slack="1"/>
<pin id="5902" dir="1" index="1" bw="15" slack="1"/>
</pin_list>
<bind>
<opset="trunc_ln42_36 "/>
</bind>
</comp>

<comp id="5905" class="1005" name="trunc_ln42_37_reg_5905">
<pin_list>
<pin id="5906" dir="0" index="0" bw="15" slack="1"/>
<pin id="5907" dir="1" index="1" bw="15" slack="1"/>
</pin_list>
<bind>
<opset="trunc_ln42_37 "/>
</bind>
</comp>

<comp id="5910" class="1005" name="trunc_ln42_39_reg_5910">
<pin_list>
<pin id="5911" dir="0" index="0" bw="14" slack="1"/>
<pin id="5912" dir="1" index="1" bw="14" slack="1"/>
</pin_list>
<bind>
<opset="trunc_ln42_39 "/>
</bind>
</comp>

<comp id="5915" class="1005" name="trunc_ln42_41_reg_5915">
<pin_list>
<pin id="5916" dir="0" index="0" bw="14" slack="1"/>
<pin id="5917" dir="1" index="1" bw="14" slack="1"/>
</pin_list>
<bind>
<opset="trunc_ln42_41 "/>
</bind>
</comp>

<comp id="5920" class="1005" name="trunc_ln42_46_reg_5920">
<pin_list>
<pin id="5921" dir="0" index="0" bw="16" slack="1"/>
<pin id="5922" dir="1" index="1" bw="16" slack="1"/>
</pin_list>
<bind>
<opset="trunc_ln42_46 "/>
</bind>
</comp>

<comp id="5925" class="1005" name="add_ln58_reg_5925">
<pin_list>
<pin id="5926" dir="0" index="0" bw="16" slack="1"/>
<pin id="5927" dir="1" index="1" bw="16" slack="1"/>
</pin_list>
<bind>
<opset="add_ln58 "/>
</bind>
</comp>

<comp id="5930" class="1005" name="add_ln58_304_reg_5930">
<pin_list>
<pin id="5931" dir="0" index="0" bw="16" slack="1"/>
<pin id="5932" dir="1" index="1" bw="16" slack="1"/>
</pin_list>
<bind>
<opset="add_ln58_304 "/>
</bind>
</comp>

<comp id="5935" class="1005" name="add_ln58_308_reg_5935">
<pin_list>
<pin id="5936" dir="0" index="0" bw="14" slack="1"/>
<pin id="5937" dir="1" index="1" bw="14" slack="1"/>
</pin_list>
<bind>
<opset="add_ln58_308 "/>
</bind>
</comp>

<comp id="5940" class="1005" name="add_ln58_311_reg_5940">
<pin_list>
<pin id="5941" dir="0" index="0" bw="16" slack="1"/>
<pin id="5942" dir="1" index="1" bw="16" slack="1"/>
</pin_list>
<bind>
<opset="add_ln58_311 "/>
</bind>
</comp>

<comp id="5945" class="1005" name="add_ln58_313_reg_5945">
<pin_list>
<pin id="5946" dir="0" index="0" bw="16" slack="1"/>
<pin id="5947" dir="1" index="1" bw="16" slack="1"/>
</pin_list>
<bind>
<opset="add_ln58_313 "/>
</bind>
</comp>

<comp id="5950" class="1005" name="add_ln58_317_reg_5950">
<pin_list>
<pin id="5951" dir="0" index="0" bw="15" slack="1"/>
<pin id="5952" dir="1" index="1" bw="15" slack="1"/>
</pin_list>
<bind>
<opset="add_ln58_317 "/>
</bind>
</comp>

<comp id="5955" class="1005" name="add_ln58_320_reg_5955">
<pin_list>
<pin id="5956" dir="0" index="0" bw="16" slack="1"/>
<pin id="5957" dir="1" index="1" bw="16" slack="1"/>
</pin_list>
<bind>
<opset="add_ln58_320 "/>
</bind>
</comp>

<comp id="5960" class="1005" name="add_ln58_322_reg_5960">
<pin_list>
<pin id="5961" dir="0" index="0" bw="16" slack="1"/>
<pin id="5962" dir="1" index="1" bw="16" slack="1"/>
</pin_list>
<bind>
<opset="add_ln58_322 "/>
</bind>
</comp>

<comp id="5965" class="1005" name="add_ln58_326_reg_5965">
<pin_list>
<pin id="5966" dir="0" index="0" bw="15" slack="1"/>
<pin id="5967" dir="1" index="1" bw="15" slack="1"/>
</pin_list>
<bind>
<opset="add_ln58_326 "/>
</bind>
</comp>

<comp id="5970" class="1005" name="add_ln58_329_reg_5970">
<pin_list>
<pin id="5971" dir="0" index="0" bw="16" slack="1"/>
<pin id="5972" dir="1" index="1" bw="16" slack="1"/>
</pin_list>
<bind>
<opset="add_ln58_329 "/>
</bind>
</comp>

<comp id="5975" class="1005" name="add_ln58_331_reg_5975">
<pin_list>
<pin id="5976" dir="0" index="0" bw="16" slack="1"/>
<pin id="5977" dir="1" index="1" bw="16" slack="1"/>
</pin_list>
<bind>
<opset="add_ln58_331 "/>
</bind>
</comp>

<comp id="5980" class="1005" name="add_ln58_335_reg_5980">
<pin_list>
<pin id="5981" dir="0" index="0" bw="14" slack="1"/>
<pin id="5982" dir="1" index="1" bw="14" slack="1"/>
</pin_list>
<bind>
<opset="add_ln58_335 "/>
</bind>
</comp>

</comp_list>

<net_list>
<net id="4657"><net_src comp="18" pin="0"/><net_sink comp="158" pin=1"/></net>

<net id="4661"><net_src comp="26" pin="0"/><net_sink comp="169" pin=1"/></net>

<net id="4665"><net_src comp="32" pin="0"/><net_sink comp="157" pin=1"/></net>

<net id="4669"><net_src comp="42" pin="0"/><net_sink comp="171" pin=1"/></net>

<net id="4673"><net_src comp="44" pin="0"/><net_sink comp="186" pin=1"/></net>

<net id="4677"><net_src comp="46" pin="0"/><net_sink comp="162" pin=1"/></net>

<net id="4681"><net_src comp="48" pin="0"/><net_sink comp="155" pin=1"/></net>

<net id="4685"><net_src comp="50" pin="0"/><net_sink comp="156" pin=1"/></net>

<net id="4689"><net_src comp="52" pin="0"/><net_sink comp="183" pin=1"/></net>

<net id="4693"><net_src comp="54" pin="0"/><net_sink comp="178" pin=1"/></net>

<net id="4697"><net_src comp="60" pin="0"/><net_sink comp="161" pin=1"/></net>

<net id="4701"><net_src comp="62" pin="0"/><net_sink comp="175" pin=1"/></net>

<net id="4705"><net_src comp="64" pin="0"/><net_sink comp="173" pin=1"/></net>

<net id="4709"><net_src comp="66" pin="0"/><net_sink comp="189" pin=1"/></net>

<net id="4713"><net_src comp="68" pin="0"/><net_sink comp="159" pin=1"/></net>

<net id="4717"><net_src comp="70" pin="0"/><net_sink comp="174" pin=1"/></net>

<net id="4721"><net_src comp="72" pin="0"/><net_sink comp="185" pin=1"/></net>

<net id="4725"><net_src comp="74" pin="0"/><net_sink comp="154" pin=1"/></net>

<net id="4729"><net_src comp="76" pin="0"/><net_sink comp="181" pin=1"/></net>

<net id="4733"><net_src comp="78" pin="0"/><net_sink comp="176" pin=1"/></net>

<net id="4737"><net_src comp="84" pin="0"/><net_sink comp="167" pin=1"/></net>

<net id="4741"><net_src comp="94" pin="0"/><net_sink comp="166" pin=1"/></net>

<net id="4745"><net_src comp="96" pin="0"/><net_sink comp="187" pin=1"/></net>

<net id="4749"><net_src comp="98" pin="0"/><net_sink comp="179" pin=1"/></net>

<net id="4753"><net_src comp="100" pin="0"/><net_sink comp="172" pin=1"/></net>

<net id="4757"><net_src comp="64" pin="0"/><net_sink comp="160" pin=1"/></net>

<net id="4761"><net_src comp="102" pin="0"/><net_sink comp="163" pin=1"/></net>

<net id="4765"><net_src comp="112" pin="0"/><net_sink comp="184" pin=1"/></net>

<net id="4769"><net_src comp="120" pin="0"/><net_sink comp="165" pin=1"/></net>

<net id="4773"><net_src comp="122" pin="0"/><net_sink comp="164" pin=1"/></net>

<net id="4777"><net_src comp="124" pin="0"/><net_sink comp="180" pin=1"/></net>

<net id="4875"><net_src comp="0" pin="0"/><net_sink comp="4872" pin=0"/></net>

<net id="4879"><net_src comp="4872" pin="1"/><net_sink comp="4876" pin=0"/></net>

<net id="4883"><net_src comp="4872" pin="1"/><net_sink comp="4880" pin=0"/></net>

<net id="4884"><net_src comp="4880" pin="1"/><net_sink comp="169" pin=0"/></net>

<net id="4888"><net_src comp="4872" pin="1"/><net_sink comp="4885" pin=0"/></net>

<net id="4889"><net_src comp="4885" pin="1"/><net_sink comp="158" pin=0"/></net>

<net id="4890"><net_src comp="4885" pin="1"/><net_sink comp="157" pin=0"/></net>

<net id="4897"><net_src comp="20" pin="0"/><net_sink comp="4891" pin=0"/></net>

<net id="4898"><net_src comp="158" pin="2"/><net_sink comp="4891" pin=1"/></net>

<net id="4899"><net_src comp="22" pin="0"/><net_sink comp="4891" pin=2"/></net>

<net id="4900"><net_src comp="24" pin="0"/><net_sink comp="4891" pin=3"/></net>

<net id="4907"><net_src comp="28" pin="0"/><net_sink comp="4901" pin=0"/></net>

<net id="4908"><net_src comp="169" pin="2"/><net_sink comp="4901" pin=1"/></net>

<net id="4909"><net_src comp="22" pin="0"/><net_sink comp="4901" pin=2"/></net>

<net id="4910"><net_src comp="30" pin="0"/><net_sink comp="4901" pin=3"/></net>

<net id="4917"><net_src comp="20" pin="0"/><net_sink comp="4911" pin=0"/></net>

<net id="4918"><net_src comp="157" pin="2"/><net_sink comp="4911" pin=1"/></net>

<net id="4919"><net_src comp="22" pin="0"/><net_sink comp="4911" pin=2"/></net>

<net id="4920"><net_src comp="24" pin="0"/><net_sink comp="4911" pin=3"/></net>

<net id="4926"><net_src comp="34" pin="0"/><net_sink comp="4921" pin=0"/></net>

<net id="4927"><net_src comp="4872" pin="1"/><net_sink comp="4921" pin=1"/></net>

<net id="4928"><net_src comp="36" pin="0"/><net_sink comp="4921" pin=2"/></net>

<net id="4932"><net_src comp="4921" pin="3"/><net_sink comp="4929" pin=0"/></net>

<net id="4937"><net_src comp="4929" pin="1"/><net_sink comp="4933" pin=0"/></net>

<net id="4938"><net_src comp="4876" pin="1"/><net_sink comp="4933" pin=1"/></net>

<net id="4945"><net_src comp="38" pin="0"/><net_sink comp="4939" pin=0"/></net>

<net id="4946"><net_src comp="4933" pin="2"/><net_sink comp="4939" pin=1"/></net>

<net id="4947"><net_src comp="22" pin="0"/><net_sink comp="4939" pin=2"/></net>

<net id="4948"><net_src comp="40" pin="0"/><net_sink comp="4939" pin=3"/></net>

<net id="4952"><net_src comp="4939" pin="4"/><net_sink comp="4949" pin=0"/></net>

<net id="4956"><net_src comp="2" pin="0"/><net_sink comp="4953" pin=0"/></net>

<net id="4960"><net_src comp="4953" pin="1"/><net_sink comp="4957" pin=0"/></net>

<net id="4961"><net_src comp="4957" pin="1"/><net_sink comp="155" pin=0"/></net>

<net id="4965"><net_src comp="4953" pin="1"/><net_sink comp="4962" pin=0"/></net>

<net id="4966"><net_src comp="4962" pin="1"/><net_sink comp="171" pin=0"/></net>

<net id="4967"><net_src comp="4962" pin="1"/><net_sink comp="186" pin=0"/></net>

<net id="4968"><net_src comp="4962" pin="1"/><net_sink comp="162" pin=0"/></net>

<net id="4975"><net_src comp="20" pin="0"/><net_sink comp="4969" pin=0"/></net>

<net id="4976"><net_src comp="171" pin="2"/><net_sink comp="4969" pin=1"/></net>

<net id="4977"><net_src comp="22" pin="0"/><net_sink comp="4969" pin=2"/></net>

<net id="4978"><net_src comp="24" pin="0"/><net_sink comp="4969" pin=3"/></net>

<net id="4985"><net_src comp="20" pin="0"/><net_sink comp="4979" pin=0"/></net>

<net id="4986"><net_src comp="186" pin="2"/><net_sink comp="4979" pin=1"/></net>

<net id="4987"><net_src comp="22" pin="0"/><net_sink comp="4979" pin=2"/></net>

<net id="4988"><net_src comp="24" pin="0"/><net_sink comp="4979" pin=3"/></net>

<net id="4995"><net_src comp="20" pin="0"/><net_sink comp="4989" pin=0"/></net>

<net id="4996"><net_src comp="162" pin="2"/><net_sink comp="4989" pin=1"/></net>

<net id="4997"><net_src comp="22" pin="0"/><net_sink comp="4989" pin=2"/></net>

<net id="4998"><net_src comp="24" pin="0"/><net_sink comp="4989" pin=3"/></net>

<net id="5005"><net_src comp="28" pin="0"/><net_sink comp="4999" pin=0"/></net>

<net id="5006"><net_src comp="155" pin="2"/><net_sink comp="4999" pin=1"/></net>

<net id="5007"><net_src comp="22" pin="0"/><net_sink comp="4999" pin=2"/></net>

<net id="5008"><net_src comp="30" pin="0"/><net_sink comp="4999" pin=3"/></net>

<net id="5012"><net_src comp="4" pin="0"/><net_sink comp="5009" pin=0"/></net>

<net id="5016"><net_src comp="5009" pin="1"/><net_sink comp="5013" pin=0"/></net>

<net id="5017"><net_src comp="5013" pin="1"/><net_sink comp="178" pin=0"/></net>

<net id="5018"><net_src comp="5013" pin="1"/><net_sink comp="161" pin=0"/></net>

<net id="5022"><net_src comp="5009" pin="1"/><net_sink comp="5019" pin=0"/></net>

<net id="5023"><net_src comp="5019" pin="1"/><net_sink comp="156" pin=0"/></net>

<net id="5024"><net_src comp="5019" pin="1"/><net_sink comp="183" pin=0"/></net>

<net id="5031"><net_src comp="20" pin="0"/><net_sink comp="5025" pin=0"/></net>

<net id="5032"><net_src comp="156" pin="2"/><net_sink comp="5025" pin=1"/></net>

<net id="5033"><net_src comp="22" pin="0"/><net_sink comp="5025" pin=2"/></net>

<net id="5034"><net_src comp="24" pin="0"/><net_sink comp="5025" pin=3"/></net>

<net id="5041"><net_src comp="20" pin="0"/><net_sink comp="5035" pin=0"/></net>

<net id="5042"><net_src comp="183" pin="2"/><net_sink comp="5035" pin=1"/></net>

<net id="5043"><net_src comp="22" pin="0"/><net_sink comp="5035" pin=2"/></net>

<net id="5044"><net_src comp="24" pin="0"/><net_sink comp="5035" pin=3"/></net>

<net id="5051"><net_src comp="56" pin="0"/><net_sink comp="5045" pin=0"/></net>

<net id="5052"><net_src comp="178" pin="2"/><net_sink comp="5045" pin=1"/></net>

<net id="5053"><net_src comp="22" pin="0"/><net_sink comp="5045" pin=2"/></net>

<net id="5054"><net_src comp="58" pin="0"/><net_sink comp="5045" pin=3"/></net>

<net id="5058"><net_src comp="5045" pin="4"/><net_sink comp="5055" pin=0"/></net>

<net id="5065"><net_src comp="56" pin="0"/><net_sink comp="5059" pin=0"/></net>

<net id="5066"><net_src comp="161" pin="2"/><net_sink comp="5059" pin=1"/></net>

<net id="5067"><net_src comp="22" pin="0"/><net_sink comp="5059" pin=2"/></net>

<net id="5068"><net_src comp="58" pin="0"/><net_sink comp="5059" pin=3"/></net>

<net id="5072"><net_src comp="5059" pin="4"/><net_sink comp="5069" pin=0"/></net>

<net id="5076"><net_src comp="6" pin="0"/><net_sink comp="5073" pin=0"/></net>

<net id="5080"><net_src comp="5073" pin="1"/><net_sink comp="5077" pin=0"/></net>

<net id="5081"><net_src comp="5077" pin="1"/><net_sink comp="173" pin=0"/></net>

<net id="5085"><net_src comp="5073" pin="1"/><net_sink comp="5082" pin=0"/></net>

<net id="5086"><net_src comp="5082" pin="1"/><net_sink comp="175" pin=0"/></net>

<net id="5087"><net_src comp="5082" pin="1"/><net_sink comp="189" pin=0"/></net>

<net id="5088"><net_src comp="5082" pin="1"/><net_sink comp="159" pin=0"/></net>

<net id="5095"><net_src comp="56" pin="0"/><net_sink comp="5089" pin=0"/></net>

<net id="5096"><net_src comp="175" pin="2"/><net_sink comp="5089" pin=1"/></net>

<net id="5097"><net_src comp="22" pin="0"/><net_sink comp="5089" pin=2"/></net>

<net id="5098"><net_src comp="58" pin="0"/><net_sink comp="5089" pin=3"/></net>

<net id="5102"><net_src comp="5089" pin="4"/><net_sink comp="5099" pin=0"/></net>

<net id="5109"><net_src comp="20" pin="0"/><net_sink comp="5103" pin=0"/></net>

<net id="5110"><net_src comp="173" pin="2"/><net_sink comp="5103" pin=1"/></net>

<net id="5111"><net_src comp="22" pin="0"/><net_sink comp="5103" pin=2"/></net>

<net id="5112"><net_src comp="24" pin="0"/><net_sink comp="5103" pin=3"/></net>

<net id="5119"><net_src comp="56" pin="0"/><net_sink comp="5113" pin=0"/></net>

<net id="5120"><net_src comp="189" pin="2"/><net_sink comp="5113" pin=1"/></net>

<net id="5121"><net_src comp="22" pin="0"/><net_sink comp="5113" pin=2"/></net>

<net id="5122"><net_src comp="58" pin="0"/><net_sink comp="5113" pin=3"/></net>

<net id="5126"><net_src comp="5113" pin="4"/><net_sink comp="5123" pin=0"/></net>

<net id="5133"><net_src comp="56" pin="0"/><net_sink comp="5127" pin=0"/></net>

<net id="5134"><net_src comp="159" pin="2"/><net_sink comp="5127" pin=1"/></net>

<net id="5135"><net_src comp="22" pin="0"/><net_sink comp="5127" pin=2"/></net>

<net id="5136"><net_src comp="58" pin="0"/><net_sink comp="5127" pin=3"/></net>

<net id="5140"><net_src comp="5127" pin="4"/><net_sink comp="5137" pin=0"/></net>

<net id="5144"><net_src comp="8" pin="0"/><net_sink comp="5141" pin=0"/></net>

<net id="5148"><net_src comp="5141" pin="1"/><net_sink comp="5145" pin=0"/></net>

<net id="5149"><net_src comp="5145" pin="1"/><net_sink comp="154" pin=0"/></net>

<net id="5153"><net_src comp="5141" pin="1"/><net_sink comp="5150" pin=0"/></net>

<net id="5154"><net_src comp="5150" pin="1"/><net_sink comp="174" pin=0"/></net>

<net id="5155"><net_src comp="5150" pin="1"/><net_sink comp="185" pin=0"/></net>

<net id="5156"><net_src comp="5150" pin="1"/><net_sink comp="181" pin=0"/></net>

<net id="5163"><net_src comp="20" pin="0"/><net_sink comp="5157" pin=0"/></net>

<net id="5164"><net_src comp="174" pin="2"/><net_sink comp="5157" pin=1"/></net>

<net id="5165"><net_src comp="22" pin="0"/><net_sink comp="5157" pin=2"/></net>

<net id="5166"><net_src comp="24" pin="0"/><net_sink comp="5157" pin=3"/></net>

<net id="5173"><net_src comp="20" pin="0"/><net_sink comp="5167" pin=0"/></net>

<net id="5174"><net_src comp="185" pin="2"/><net_sink comp="5167" pin=1"/></net>

<net id="5175"><net_src comp="22" pin="0"/><net_sink comp="5167" pin=2"/></net>

<net id="5176"><net_src comp="24" pin="0"/><net_sink comp="5167" pin=3"/></net>

<net id="5183"><net_src comp="56" pin="0"/><net_sink comp="5177" pin=0"/></net>

<net id="5184"><net_src comp="154" pin="2"/><net_sink comp="5177" pin=1"/></net>

<net id="5185"><net_src comp="22" pin="0"/><net_sink comp="5177" pin=2"/></net>

<net id="5186"><net_src comp="58" pin="0"/><net_sink comp="5177" pin=3"/></net>

<net id="5190"><net_src comp="5177" pin="4"/><net_sink comp="5187" pin=0"/></net>

<net id="5197"><net_src comp="20" pin="0"/><net_sink comp="5191" pin=0"/></net>

<net id="5198"><net_src comp="181" pin="2"/><net_sink comp="5191" pin=1"/></net>

<net id="5199"><net_src comp="22" pin="0"/><net_sink comp="5191" pin=2"/></net>

<net id="5200"><net_src comp="24" pin="0"/><net_sink comp="5191" pin=3"/></net>

<net id="5204"><net_src comp="10" pin="0"/><net_sink comp="5201" pin=0"/></net>

<net id="5208"><net_src comp="5201" pin="1"/><net_sink comp="5205" pin=0"/></net>

<net id="5209"><net_src comp="5205" pin="1"/><net_sink comp="166" pin=0"/></net>

<net id="5213"><net_src comp="5201" pin="1"/><net_sink comp="5210" pin=0"/></net>

<net id="5214"><net_src comp="5210" pin="1"/><net_sink comp="167" pin=0"/></net>

<net id="5218"><net_src comp="5201" pin="1"/><net_sink comp="5215" pin=0"/></net>

<net id="5219"><net_src comp="5215" pin="1"/><net_sink comp="176" pin=0"/></net>

<net id="5226"><net_src comp="80" pin="0"/><net_sink comp="5220" pin=0"/></net>

<net id="5227"><net_src comp="176" pin="2"/><net_sink comp="5220" pin=1"/></net>

<net id="5228"><net_src comp="22" pin="0"/><net_sink comp="5220" pin=2"/></net>

<net id="5229"><net_src comp="82" pin="0"/><net_sink comp="5220" pin=3"/></net>

<net id="5233"><net_src comp="5220" pin="4"/><net_sink comp="5230" pin=0"/></net>

<net id="5240"><net_src comp="28" pin="0"/><net_sink comp="5234" pin=0"/></net>

<net id="5241"><net_src comp="167" pin="2"/><net_sink comp="5234" pin=1"/></net>

<net id="5242"><net_src comp="22" pin="0"/><net_sink comp="5234" pin=2"/></net>

<net id="5243"><net_src comp="30" pin="0"/><net_sink comp="5234" pin=3"/></net>

<net id="5247"><net_src comp="5234" pin="4"/><net_sink comp="5244" pin=0"/></net>

<net id="5253"><net_src comp="86" pin="0"/><net_sink comp="5248" pin=0"/></net>

<net id="5254"><net_src comp="5201" pin="1"/><net_sink comp="5248" pin=1"/></net>

<net id="5255"><net_src comp="88" pin="0"/><net_sink comp="5248" pin=2"/></net>

<net id="5259"><net_src comp="5248" pin="3"/><net_sink comp="5256" pin=0"/></net>

<net id="5265"><net_src comp="90" pin="0"/><net_sink comp="5260" pin=0"/></net>

<net id="5266"><net_src comp="5201" pin="1"/><net_sink comp="5260" pin=1"/></net>

<net id="5267"><net_src comp="92" pin="0"/><net_sink comp="5260" pin=2"/></net>

<net id="5271"><net_src comp="5260" pin="3"/><net_sink comp="5268" pin=0"/></net>

<net id="5276"><net_src comp="5256" pin="1"/><net_sink comp="5272" pin=0"/></net>

<net id="5277"><net_src comp="5268" pin="1"/><net_sink comp="5272" pin=1"/></net>

<net id="5284"><net_src comp="56" pin="0"/><net_sink comp="5278" pin=0"/></net>

<net id="5285"><net_src comp="5272" pin="2"/><net_sink comp="5278" pin=1"/></net>

<net id="5286"><net_src comp="22" pin="0"/><net_sink comp="5278" pin=2"/></net>

<net id="5287"><net_src comp="58" pin="0"/><net_sink comp="5278" pin=3"/></net>

<net id="5294"><net_src comp="56" pin="0"/><net_sink comp="5288" pin=0"/></net>

<net id="5295"><net_src comp="166" pin="2"/><net_sink comp="5288" pin=1"/></net>

<net id="5296"><net_src comp="22" pin="0"/><net_sink comp="5288" pin=2"/></net>

<net id="5297"><net_src comp="58" pin="0"/><net_sink comp="5288" pin=3"/></net>

<net id="5301"><net_src comp="12" pin="0"/><net_sink comp="5298" pin=0"/></net>

<net id="5305"><net_src comp="5298" pin="1"/><net_sink comp="5302" pin=0"/></net>

<net id="5306"><net_src comp="5302" pin="1"/><net_sink comp="172" pin=0"/></net>

<net id="5310"><net_src comp="5298" pin="1"/><net_sink comp="5307" pin=0"/></net>

<net id="5311"><net_src comp="5307" pin="1"/><net_sink comp="179" pin=0"/></net>

<net id="5312"><net_src comp="5307" pin="1"/><net_sink comp="160" pin=0"/></net>

<net id="5316"><net_src comp="5298" pin="1"/><net_sink comp="5313" pin=0"/></net>

<net id="5317"><net_src comp="5313" pin="1"/><net_sink comp="187" pin=0"/></net>

<net id="5324"><net_src comp="56" pin="0"/><net_sink comp="5318" pin=0"/></net>

<net id="5325"><net_src comp="187" pin="2"/><net_sink comp="5318" pin=1"/></net>

<net id="5326"><net_src comp="22" pin="0"/><net_sink comp="5318" pin=2"/></net>

<net id="5327"><net_src comp="58" pin="0"/><net_sink comp="5318" pin=3"/></net>

<net id="5334"><net_src comp="20" pin="0"/><net_sink comp="5328" pin=0"/></net>

<net id="5335"><net_src comp="179" pin="2"/><net_sink comp="5328" pin=1"/></net>

<net id="5336"><net_src comp="22" pin="0"/><net_sink comp="5328" pin=2"/></net>

<net id="5337"><net_src comp="24" pin="0"/><net_sink comp="5328" pin=3"/></net>

<net id="5344"><net_src comp="28" pin="0"/><net_sink comp="5338" pin=0"/></net>

<net id="5345"><net_src comp="172" pin="2"/><net_sink comp="5338" pin=1"/></net>

<net id="5346"><net_src comp="22" pin="0"/><net_sink comp="5338" pin=2"/></net>

<net id="5347"><net_src comp="30" pin="0"/><net_sink comp="5338" pin=3"/></net>

<net id="5354"><net_src comp="20" pin="0"/><net_sink comp="5348" pin=0"/></net>

<net id="5355"><net_src comp="160" pin="2"/><net_sink comp="5348" pin=1"/></net>

<net id="5356"><net_src comp="22" pin="0"/><net_sink comp="5348" pin=2"/></net>

<net id="5357"><net_src comp="24" pin="0"/><net_sink comp="5348" pin=3"/></net>

<net id="5361"><net_src comp="14" pin="0"/><net_sink comp="5358" pin=0"/></net>

<net id="5365"><net_src comp="5358" pin="1"/><net_sink comp="5362" pin=0"/></net>

<net id="5366"><net_src comp="5362" pin="1"/><net_sink comp="184" pin=0"/></net>

<net id="5370"><net_src comp="5358" pin="1"/><net_sink comp="5367" pin=0"/></net>

<net id="5374"><net_src comp="5358" pin="1"/><net_sink comp="5371" pin=0"/></net>

<net id="5375"><net_src comp="5371" pin="1"/><net_sink comp="163" pin=0"/></net>

<net id="5382"><net_src comp="28" pin="0"/><net_sink comp="5376" pin=0"/></net>

<net id="5383"><net_src comp="163" pin="2"/><net_sink comp="5376" pin=1"/></net>

<net id="5384"><net_src comp="22" pin="0"/><net_sink comp="5376" pin=2"/></net>

<net id="5385"><net_src comp="30" pin="0"/><net_sink comp="5376" pin=3"/></net>

<net id="5391"><net_src comp="34" pin="0"/><net_sink comp="5386" pin=0"/></net>

<net id="5392"><net_src comp="5358" pin="1"/><net_sink comp="5386" pin=1"/></net>

<net id="5393"><net_src comp="36" pin="0"/><net_sink comp="5386" pin=2"/></net>

<net id="5397"><net_src comp="5386" pin="3"/><net_sink comp="5394" pin=0"/></net>

<net id="5402"><net_src comp="5394" pin="1"/><net_sink comp="5398" pin=0"/></net>

<net id="5403"><net_src comp="5367" pin="1"/><net_sink comp="5398" pin=1"/></net>

<net id="5410"><net_src comp="38" pin="0"/><net_sink comp="5404" pin=0"/></net>

<net id="5411"><net_src comp="5398" pin="2"/><net_sink comp="5404" pin=1"/></net>

<net id="5412"><net_src comp="22" pin="0"/><net_sink comp="5404" pin=2"/></net>

<net id="5413"><net_src comp="40" pin="0"/><net_sink comp="5404" pin=3"/></net>

<net id="5417"><net_src comp="5404" pin="4"/><net_sink comp="5414" pin=0"/></net>

<net id="5423"><net_src comp="104" pin="0"/><net_sink comp="5418" pin=0"/></net>

<net id="5424"><net_src comp="5358" pin="1"/><net_sink comp="5418" pin=1"/></net>

<net id="5425"><net_src comp="106" pin="0"/><net_sink comp="5418" pin=2"/></net>

<net id="5429"><net_src comp="5418" pin="3"/><net_sink comp="5426" pin=0"/></net>

<net id="5435"><net_src comp="108" pin="0"/><net_sink comp="5430" pin=0"/></net>

<net id="5436"><net_src comp="5358" pin="1"/><net_sink comp="5430" pin=1"/></net>

<net id="5437"><net_src comp="110" pin="0"/><net_sink comp="5430" pin=2"/></net>

<net id="5441"><net_src comp="5430" pin="3"/><net_sink comp="5438" pin=0"/></net>

<net id="5446"><net_src comp="5438" pin="1"/><net_sink comp="5442" pin=0"/></net>

<net id="5447"><net_src comp="5426" pin="1"/><net_sink comp="5442" pin=1"/></net>

<net id="5454"><net_src comp="38" pin="0"/><net_sink comp="5448" pin=0"/></net>

<net id="5455"><net_src comp="5442" pin="2"/><net_sink comp="5448" pin=1"/></net>

<net id="5456"><net_src comp="22" pin="0"/><net_sink comp="5448" pin=2"/></net>

<net id="5457"><net_src comp="40" pin="0"/><net_sink comp="5448" pin=3"/></net>

<net id="5461"><net_src comp="5448" pin="4"/><net_sink comp="5458" pin=0"/></net>

<net id="5468"><net_src comp="80" pin="0"/><net_sink comp="5462" pin=0"/></net>

<net id="5469"><net_src comp="184" pin="2"/><net_sink comp="5462" pin=1"/></net>

<net id="5470"><net_src comp="22" pin="0"/><net_sink comp="5462" pin=2"/></net>

<net id="5471"><net_src comp="82" pin="0"/><net_sink comp="5462" pin=3"/></net>

<net id="5475"><net_src comp="5462" pin="4"/><net_sink comp="5472" pin=0"/></net>

<net id="5479"><net_src comp="16" pin="0"/><net_sink comp="5476" pin=0"/></net>

<net id="5483"><net_src comp="5476" pin="1"/><net_sink comp="5480" pin=0"/></net>

<net id="5484"><net_src comp="5480" pin="1"/><net_sink comp="164" pin=0"/></net>

<net id="5488"><net_src comp="5476" pin="1"/><net_sink comp="5485" pin=0"/></net>

<net id="5489"><net_src comp="5485" pin="1"/><net_sink comp="165" pin=0"/></net>

<net id="5490"><net_src comp="5485" pin="1"/><net_sink comp="180" pin=0"/></net>

<net id="5496"><net_src comp="108" pin="0"/><net_sink comp="5491" pin=0"/></net>

<net id="5497"><net_src comp="5476" pin="1"/><net_sink comp="5491" pin=1"/></net>

<net id="5498"><net_src comp="110" pin="0"/><net_sink comp="5491" pin=2"/></net>

<net id="5502"><net_src comp="5491" pin="3"/><net_sink comp="5499" pin=0"/></net>

<net id="5507"><net_src comp="114" pin="0"/><net_sink comp="5503" pin=0"/></net>

<net id="5508"><net_src comp="5499" pin="1"/><net_sink comp="5503" pin=1"/></net>

<net id="5515"><net_src comp="116" pin="0"/><net_sink comp="5509" pin=0"/></net>

<net id="5516"><net_src comp="5503" pin="2"/><net_sink comp="5509" pin=1"/></net>

<net id="5517"><net_src comp="22" pin="0"/><net_sink comp="5509" pin=2"/></net>

<net id="5518"><net_src comp="118" pin="0"/><net_sink comp="5509" pin=3"/></net>

<net id="5522"><net_src comp="5509" pin="4"/><net_sink comp="5519" pin=0"/></net>

<net id="5529"><net_src comp="20" pin="0"/><net_sink comp="5523" pin=0"/></net>

<net id="5530"><net_src comp="165" pin="2"/><net_sink comp="5523" pin=1"/></net>

<net id="5531"><net_src comp="22" pin="0"/><net_sink comp="5523" pin=2"/></net>

<net id="5532"><net_src comp="24" pin="0"/><net_sink comp="5523" pin=3"/></net>

<net id="5539"><net_src comp="28" pin="0"/><net_sink comp="5533" pin=0"/></net>

<net id="5540"><net_src comp="164" pin="2"/><net_sink comp="5533" pin=1"/></net>

<net id="5541"><net_src comp="22" pin="0"/><net_sink comp="5533" pin=2"/></net>

<net id="5542"><net_src comp="30" pin="0"/><net_sink comp="5533" pin=3"/></net>

<net id="5546"><net_src comp="5533" pin="4"/><net_sink comp="5543" pin=0"/></net>

<net id="5553"><net_src comp="20" pin="0"/><net_sink comp="5547" pin=0"/></net>

<net id="5554"><net_src comp="180" pin="2"/><net_sink comp="5547" pin=1"/></net>

<net id="5555"><net_src comp="22" pin="0"/><net_sink comp="5547" pin=2"/></net>

<net id="5556"><net_src comp="24" pin="0"/><net_sink comp="5547" pin=3"/></net>

<net id="5561"><net_src comp="4891" pin="4"/><net_sink comp="5557" pin=0"/></net>

<net id="5562"><net_src comp="4969" pin="4"/><net_sink comp="5557" pin=1"/></net>

<net id="5567"><net_src comp="5157" pin="4"/><net_sink comp="5563" pin=0"/></net>

<net id="5568"><net_src comp="5099" pin="1"/><net_sink comp="5563" pin=1"/></net>

<net id="5573"><net_src comp="5563" pin="2"/><net_sink comp="5569" pin=0"/></net>

<net id="5574"><net_src comp="5025" pin="4"/><net_sink comp="5569" pin=1"/></net>

<net id="5579"><net_src comp="5519" pin="1"/><net_sink comp="5575" pin=0"/></net>

<net id="5580"><net_src comp="126" pin="0"/><net_sink comp="5575" pin=1"/></net>

<net id="5584"><net_src comp="5575" pin="2"/><net_sink comp="5581" pin=0"/></net>

<net id="5589"><net_src comp="5581" pin="1"/><net_sink comp="5585" pin=0"/></net>

<net id="5590"><net_src comp="5230" pin="1"/><net_sink comp="5585" pin=1"/></net>

<net id="5595"><net_src comp="4979" pin="4"/><net_sink comp="5591" pin=0"/></net>

<net id="5596"><net_src comp="5035" pin="4"/><net_sink comp="5591" pin=1"/></net>

<net id="5601"><net_src comp="5167" pin="4"/><net_sink comp="5597" pin=0"/></net>

<net id="5602"><net_src comp="5328" pin="4"/><net_sink comp="5597" pin=1"/></net>

<net id="5607"><net_src comp="5597" pin="2"/><net_sink comp="5603" pin=0"/></net>

<net id="5608"><net_src comp="5103" pin="4"/><net_sink comp="5603" pin=1"/></net>

<net id="5613"><net_src comp="5414" pin="1"/><net_sink comp="5609" pin=0"/></net>

<net id="5614"><net_src comp="128" pin="0"/><net_sink comp="5609" pin=1"/></net>

<net id="5618"><net_src comp="5609" pin="2"/><net_sink comp="5615" pin=0"/></net>

<net id="5623"><net_src comp="5615" pin="1"/><net_sink comp="5619" pin=0"/></net>

<net id="5624"><net_src comp="5244" pin="1"/><net_sink comp="5619" pin=1"/></net>

<net id="5629"><net_src comp="4911" pin="4"/><net_sink comp="5625" pin=0"/></net>

<net id="5630"><net_src comp="4989" pin="4"/><net_sink comp="5625" pin=1"/></net>

<net id="5635"><net_src comp="5123" pin="1"/><net_sink comp="5631" pin=0"/></net>

<net id="5636"><net_src comp="5187" pin="1"/><net_sink comp="5631" pin=1"/></net>

<net id="5641"><net_src comp="5631" pin="2"/><net_sink comp="5637" pin=0"/></net>

<net id="5642"><net_src comp="5055" pin="1"/><net_sink comp="5637" pin=1"/></net>

<net id="5647"><net_src comp="5458" pin="1"/><net_sink comp="5643" pin=0"/></net>

<net id="5648"><net_src comp="130" pin="0"/><net_sink comp="5643" pin=1"/></net>

<net id="5652"><net_src comp="5643" pin="2"/><net_sink comp="5649" pin=0"/></net>

<net id="5657"><net_src comp="5649" pin="1"/><net_sink comp="5653" pin=0"/></net>

<net id="5658"><net_src comp="5543" pin="1"/><net_sink comp="5653" pin=1"/></net>

<net id="5663"><net_src comp="5191" pin="4"/><net_sink comp="5659" pin=0"/></net>

<net id="5664"><net_src comp="5348" pin="4"/><net_sink comp="5659" pin=1"/></net>

<net id="5669"><net_src comp="5069" pin="1"/><net_sink comp="5665" pin=0"/></net>

<net id="5670"><net_src comp="5137" pin="1"/><net_sink comp="5665" pin=1"/></net>

<net id="5675"><net_src comp="5665" pin="2"/><net_sink comp="5671" pin=0"/></net>

<net id="5676"><net_src comp="5547" pin="4"/><net_sink comp="5671" pin=1"/></net>

<net id="5681"><net_src comp="4949" pin="1"/><net_sink comp="5677" pin=0"/></net>

<net id="5682"><net_src comp="132" pin="0"/><net_sink comp="5677" pin=1"/></net>

<net id="5686"><net_src comp="5677" pin="2"/><net_sink comp="5683" pin=0"/></net>

<net id="5691"><net_src comp="5683" pin="1"/><net_sink comp="5687" pin=0"/></net>

<net id="5692"><net_src comp="5472" pin="1"/><net_sink comp="5687" pin=1"/></net>

<net id="5722"><net_src comp="5705" pin="1"/><net_sink comp="5718" pin=0"/></net>

<net id="5723"><net_src comp="5711" pin="1"/><net_sink comp="5718" pin=1"/></net>

<net id="5731"><net_src comp="5724" pin="1"/><net_sink comp="5727" pin=0"/></net>

<net id="5732"><net_src comp="5718" pin="2"/><net_sink comp="5727" pin=1"/></net>

<net id="5737"><net_src comp="5727" pin="2"/><net_sink comp="5733" pin=0"/></net>

<net id="5738"><net_src comp="5714" pin="2"/><net_sink comp="5733" pin=1"/></net>

<net id="5747"><net_src comp="5693" pin="1"/><net_sink comp="5743" pin=1"/></net>

<net id="5755"><net_src comp="5748" pin="1"/><net_sink comp="5751" pin=0"/></net>

<net id="5756"><net_src comp="5743" pin="2"/><net_sink comp="5751" pin=1"/></net>

<net id="5761"><net_src comp="5751" pin="2"/><net_sink comp="5757" pin=0"/></net>

<net id="5762"><net_src comp="5739" pin="2"/><net_sink comp="5757" pin=1"/></net>

<net id="5771"><net_src comp="5699" pin="1"/><net_sink comp="5767" pin=0"/></net>

<net id="5772"><net_src comp="5708" pin="1"/><net_sink comp="5767" pin=1"/></net>

<net id="5780"><net_src comp="5773" pin="1"/><net_sink comp="5776" pin=0"/></net>

<net id="5781"><net_src comp="5767" pin="2"/><net_sink comp="5776" pin=1"/></net>

<net id="5786"><net_src comp="5776" pin="2"/><net_sink comp="5782" pin=0"/></net>

<net id="5787"><net_src comp="5763" pin="2"/><net_sink comp="5782" pin=1"/></net>

<net id="5796"><net_src comp="5702" pin="1"/><net_sink comp="5792" pin=0"/></net>

<net id="5797"><net_src comp="5696" pin="1"/><net_sink comp="5792" pin=1"/></net>

<net id="5805"><net_src comp="5798" pin="1"/><net_sink comp="5801" pin=0"/></net>

<net id="5806"><net_src comp="5792" pin="2"/><net_sink comp="5801" pin=1"/></net>

<net id="5811"><net_src comp="5801" pin="2"/><net_sink comp="5807" pin=0"/></net>

<net id="5812"><net_src comp="5788" pin="2"/><net_sink comp="5807" pin=1"/></net>

<net id="5818"><net_src comp="148" pin="0"/><net_sink comp="5813" pin=0"/></net>

<net id="5819"><net_src comp="5733" pin="2"/><net_sink comp="5813" pin=1"/></net>

<net id="5820"><net_src comp="150" pin="0"/><net_sink comp="5813" pin=2"/></net>

<net id="5824"><net_src comp="5813" pin="3"/><net_sink comp="5821" pin=0"/></net>

<net id="5830"><net_src comp="148" pin="0"/><net_sink comp="5825" pin=0"/></net>

<net id="5831"><net_src comp="5757" pin="2"/><net_sink comp="5825" pin=1"/></net>

<net id="5832"><net_src comp="150" pin="0"/><net_sink comp="5825" pin=2"/></net>

<net id="5836"><net_src comp="5825" pin="3"/><net_sink comp="5833" pin=0"/></net>

<net id="5842"><net_src comp="148" pin="0"/><net_sink comp="5837" pin=0"/></net>

<net id="5843"><net_src comp="5782" pin="2"/><net_sink comp="5837" pin=1"/></net>

<net id="5844"><net_src comp="150" pin="0"/><net_sink comp="5837" pin=2"/></net>

<net id="5848"><net_src comp="5837" pin="3"/><net_sink comp="5845" pin=0"/></net>

<net id="5854"><net_src comp="148" pin="0"/><net_sink comp="5849" pin=0"/></net>

<net id="5855"><net_src comp="5807" pin="2"/><net_sink comp="5849" pin=1"/></net>

<net id="5856"><net_src comp="150" pin="0"/><net_sink comp="5849" pin=2"/></net>

<net id="5860"><net_src comp="5849" pin="3"/><net_sink comp="5857" pin=0"/></net>

<net id="5865"><net_src comp="152" pin="0"/><net_sink comp="5861" pin=0"/></net>

<net id="5866"><net_src comp="5821" pin="1"/><net_sink comp="5861" pin=1"/></net>

<net id="5871"><net_src comp="5861" pin="2"/><net_sink comp="5867" pin=0"/></net>

<net id="5872"><net_src comp="5833" pin="1"/><net_sink comp="5867" pin=1"/></net>

<net id="5877"><net_src comp="5867" pin="2"/><net_sink comp="5873" pin=0"/></net>

<net id="5878"><net_src comp="5845" pin="1"/><net_sink comp="5873" pin=1"/></net>

<net id="5883"><net_src comp="5873" pin="2"/><net_sink comp="5879" pin=0"/></net>

<net id="5884"><net_src comp="5857" pin="1"/><net_sink comp="5879" pin=1"/></net>

<net id="5888"><net_src comp="4901" pin="4"/><net_sink comp="5885" pin=0"/></net>

<net id="5889"><net_src comp="5885" pin="1"/><net_sink comp="5693" pin=0"/></net>

<net id="5893"><net_src comp="4999" pin="4"/><net_sink comp="5890" pin=0"/></net>

<net id="5894"><net_src comp="5890" pin="1"/><net_sink comp="5696" pin=0"/></net>

<net id="5898"><net_src comp="5278" pin="4"/><net_sink comp="5895" pin=0"/></net>

<net id="5899"><net_src comp="5895" pin="1"/><net_sink comp="5699" pin=0"/></net>

<net id="5903"><net_src comp="5288" pin="4"/><net_sink comp="5900" pin=0"/></net>

<net id="5904"><net_src comp="5900" pin="1"/><net_sink comp="5702" pin=0"/></net>

<net id="5908"><net_src comp="5318" pin="4"/><net_sink comp="5905" pin=0"/></net>

<net id="5909"><net_src comp="5905" pin="1"/><net_sink comp="5705" pin=0"/></net>

<net id="5913"><net_src comp="5338" pin="4"/><net_sink comp="5910" pin=0"/></net>

<net id="5914"><net_src comp="5910" pin="1"/><net_sink comp="5708" pin=0"/></net>

<net id="5918"><net_src comp="5376" pin="4"/><net_sink comp="5915" pin=0"/></net>

<net id="5919"><net_src comp="5915" pin="1"/><net_sink comp="5711" pin=0"/></net>

<net id="5923"><net_src comp="5523" pin="4"/><net_sink comp="5920" pin=0"/></net>

<net id="5924"><net_src comp="5920" pin="1"/><net_sink comp="5743" pin=0"/></net>

<net id="5928"><net_src comp="5557" pin="2"/><net_sink comp="5925" pin=0"/></net>

<net id="5929"><net_src comp="5925" pin="1"/><net_sink comp="5714" pin=1"/></net>

<net id="5933"><net_src comp="5569" pin="2"/><net_sink comp="5930" pin=0"/></net>

<net id="5934"><net_src comp="5930" pin="1"/><net_sink comp="5714" pin=0"/></net>

<net id="5938"><net_src comp="5585" pin="2"/><net_sink comp="5935" pin=0"/></net>

<net id="5939"><net_src comp="5935" pin="1"/><net_sink comp="5724" pin=0"/></net>

<net id="5943"><net_src comp="5591" pin="2"/><net_sink comp="5940" pin=0"/></net>

<net id="5944"><net_src comp="5940" pin="1"/><net_sink comp="5739" pin=1"/></net>

<net id="5948"><net_src comp="5603" pin="2"/><net_sink comp="5945" pin=0"/></net>

<net id="5949"><net_src comp="5945" pin="1"/><net_sink comp="5739" pin=0"/></net>

<net id="5953"><net_src comp="5619" pin="2"/><net_sink comp="5950" pin=0"/></net>

<net id="5954"><net_src comp="5950" pin="1"/><net_sink comp="5748" pin=0"/></net>

<net id="5958"><net_src comp="5625" pin="2"/><net_sink comp="5955" pin=0"/></net>

<net id="5959"><net_src comp="5955" pin="1"/><net_sink comp="5763" pin=1"/></net>

<net id="5963"><net_src comp="5637" pin="2"/><net_sink comp="5960" pin=0"/></net>

<net id="5964"><net_src comp="5960" pin="1"/><net_sink comp="5763" pin=0"/></net>

<net id="5968"><net_src comp="5653" pin="2"/><net_sink comp="5965" pin=0"/></net>

<net id="5969"><net_src comp="5965" pin="1"/><net_sink comp="5773" pin=0"/></net>

<net id="5973"><net_src comp="5659" pin="2"/><net_sink comp="5970" pin=0"/></net>

<net id="5974"><net_src comp="5970" pin="1"/><net_sink comp="5788" pin=1"/></net>

<net id="5978"><net_src comp="5671" pin="2"/><net_sink comp="5975" pin=0"/></net>

<net id="5979"><net_src comp="5975" pin="1"/><net_sink comp="5788" pin=0"/></net>

<net id="5983"><net_src comp="5687" pin="2"/><net_sink comp="5980" pin=0"/></net>

<net id="5984"><net_src comp="5980" pin="1"/><net_sink comp="5798" pin=0"/></net>

</net_list>

</model> 
---------------- Datapath Model END ------------------

* FSMD analyzer results:
  - Output states:
	Port: void_compute_output_buffer_2d_array_const_ap_shift_reg_n_chan_stream_weig_8 | {}
	Port: void_compute_output_buffer_2d_array_const_ap_shift_reg_n_chan_stream_weig_7 | {}
	Port: void_compute_output_buffer_2d_array_const_ap_shift_reg_n_chan_stream_weig_6 | {}
	Port: void_compute_output_buffer_2d_array_const_ap_shift_reg_n_chan_stream_weig_5 | {}
	Port: void_compute_output_buffer_2d_array_const_ap_shift_reg_n_chan_stream_weig_4 | {}
	Port: void_compute_output_buffer_2d_array_const_ap_shift_reg_n_chan_stream_weig_3 | {}
	Port: void_compute_output_buffer_2d_array_const_ap_shift_reg_n_chan_stream_weig_2 | {}
	Port: void_compute_output_buffer_2d_array_const_ap_shift_reg_n_chan_stream_weig_1 | {}
	Port: void_compute_output_buffer_2d_array_const_ap_shift_reg_n_chan_stream_weig | {}
 - Input state : 
	Port: dense_latency<ap_fixed<16, 6, 5, 3, 0>, ap_fixed<37, 17, 5, 3, 0>, config2_mult> : void_compute_output_buffer_2d_array_const_ap_shift_reg_n_chan_stream_weig_8 | {1 }
	Port: dense_latency<ap_fixed<16, 6, 5, 3, 0>, ap_fixed<37, 17, 5, 3, 0>, config2_mult> : void_compute_output_buffer_2d_array_const_ap_shift_reg_n_chan_stream_weig_7 | {1 }
	Port: dense_latency<ap_fixed<16, 6, 5, 3, 0>, ap_fixed<37, 17, 5, 3, 0>, config2_mult> : void_compute_output_buffer_2d_array_const_ap_shift_reg_n_chan_stream_weig_6 | {1 }
	Port: dense_latency<ap_fixed<16, 6, 5, 3, 0>, ap_fixed<37, 17, 5, 3, 0>, config2_mult> : void_compute_output_buffer_2d_array_const_ap_shift_reg_n_chan_stream_weig_5 | {1 }
	Port: dense_latency<ap_fixed<16, 6, 5, 3, 0>, ap_fixed<37, 17, 5, 3, 0>, config2_mult> : void_compute_output_buffer_2d_array_const_ap_shift_reg_n_chan_stream_weig_4 | {1 }
	Port: dense_latency<ap_fixed<16, 6, 5, 3, 0>, ap_fixed<37, 17, 5, 3, 0>, config2_mult> : void_compute_output_buffer_2d_array_const_ap_shift_reg_n_chan_stream_weig_3 | {1 }
	Port: dense_latency<ap_fixed<16, 6, 5, 3, 0>, ap_fixed<37, 17, 5, 3, 0>, config2_mult> : void_compute_output_buffer_2d_array_const_ap_shift_reg_n_chan_stream_weig_2 | {1 }
	Port: dense_latency<ap_fixed<16, 6, 5, 3, 0>, ap_fixed<37, 17, 5, 3, 0>, config2_mult> : void_compute_output_buffer_2d_array_const_ap_shift_reg_n_chan_stream_weig_1 | {1 }
	Port: dense_latency<ap_fixed<16, 6, 5, 3, 0>, ap_fixed<37, 17, 5, 3, 0>, config2_mult> : void_compute_output_buffer_2d_array_const_ap_shift_reg_n_chan_stream_weig | {1 }
  - Chain level:
	State 1
		sext_ln70 : 1
		sext_ln70_124 : 1
		sext_ln70_125 : 1
		mul_ln73 : 2
		trunc_ln : 3
		mul_ln73_243 : 2
		trunc_ln42_s : 3
		mul_ln73_244 : 2
		trunc_ln42_15 : 3
		tmp : 1
		sext_ln73_79 : 2
		add_ln73 : 3
		trunc_ln42_16 : 4
		p_cast32_cast : 5
		sext_ln70_126 : 1
		sext_ln70_127 : 1
		mul_ln73_245 : 2
		trunc_ln42_17 : 3
		mul_ln73_246 : 2
		trunc_ln42_18 : 3
		mul_ln73_247 : 2
		trunc_ln42_19 : 3
		mul_ln73_248 : 2
		trunc_ln42_20 : 3
		sext_ln70_128 : 1
		sext_ln70_129 : 1
		mul_ln73_249 : 2
		trunc_ln42_21 : 3
		mul_ln73_250 : 2
		trunc_ln42_22 : 3
		mul_ln73_251 : 2
		trunc_ln42_23 : 3
		sext_ln42_117 : 4
		mul_ln73_252 : 2
		trunc_ln42_24 : 3
		sext_ln42_118 : 4
		sext_ln70_130 : 1
		sext_ln70_131 : 1
		mul_ln73_253 : 2
		trunc_ln42_25 : 3
		sext_ln42_119 : 4
		mul_ln73_254 : 2
		trunc_ln42_26 : 3
		mul_ln73_255 : 2
		trunc_ln42_27 : 3
		sext_ln42_120 : 4
		mul_ln73_256 : 2
		trunc_ln42_28 : 3
		sext_ln42_121 : 4
		sext_ln70_132 : 1
		sext_ln70_133 : 1
		mul_ln73_257 : 2
		trunc_ln42_29 : 3
		mul_ln73_258 : 2
		trunc_ln42_30 : 3
		mul_ln73_259 : 2
		trunc_ln42_31 : 3
		sext_ln42_122 : 4
		mul_ln73_260 : 2
		trunc_ln42_32 : 3
		sext_ln70_134 : 1
		sext_ln70_135 : 1
		sext_ln70_136 : 1
		mul_ln73_261 : 2
		trunc_ln42_33 : 3
		sext_ln73 : 4
		mul_ln73_262 : 2
		trunc_ln42_34 : 3
		sext_ln73_4 : 4
		tmp_90 : 1
		sext_ln73_80 : 2
		tmp_91 : 1
		sext_ln73_81 : 2
		sub_ln73 : 3
		trunc_ln42_35 : 4
		mul_ln73_263 : 2
		trunc_ln42_36 : 3
		sext_ln70_137 : 1
		sext_ln70_138 : 1
		sext_ln70_139 : 1
		mul_ln73_264 : 2
		trunc_ln42_37 : 3
		mul_ln73_265 : 2
		trunc_ln42_38 : 3
		mul_ln73_266 : 2
		trunc_ln42_39 : 3
		mul_ln73_267 : 2
		trunc_ln42_40 : 3
		sext_ln70_140 : 1
		sext_ln70_141 : 1
		sext_ln70_142 : 1
		mul_ln73_268 : 2
		trunc_ln42_41 : 3
		tmp_92 : 1
		sext_ln73_82 : 2
		add_ln73_15 : 3
		trunc_ln42_42 : 4
		sext_ln73_5 : 5
		tmp_93 : 1
		sext_ln73_83 : 2
		tmp_94 : 1
		sext_ln73_84 : 2
		sub_ln73_39 : 3
		trunc_ln42_43 : 4
		sext_ln73_6 : 5
		mul_ln73_269 : 2
		trunc_ln42_44 : 3
		p_cast49_cast : 4
		sext_ln70_143 : 1
		sext_ln70_144 : 1
		tmp_95 : 1
		sext_ln73_85 : 2
		sub_ln73_40 : 3
		trunc_ln42_45 : 4
		sext_ln73_7 : 5
		mul_ln73_270 : 2
		trunc_ln42_46 : 3
		mul_ln73_271 : 2
		trunc_ln42_47 : 3
		sext_ln73_8 : 4
		mul_ln73_272 : 2
		trunc_ln42_48 : 3
		add_ln58 : 4
		add_ln58_303 : 5
		add_ln58_304 : 6
		add_ln58_307 : 6
		sext_ln58 : 7
		add_ln58_308 : 8
		add_ln58_311 : 4
		add_ln58_312 : 4
		add_ln58_313 : 5
		add_ln58_316 : 6
		sext_ln58_59 : 7
		add_ln58_317 : 8
		add_ln58_320 : 4
		add_ln58_321 : 5
		add_ln58_322 : 6
		add_ln58_325 : 6
		sext_ln58_61 : 7
		add_ln58_326 : 8
		add_ln58_329 : 4
		add_ln58_330 : 5
		add_ln58_331 : 6
		add_ln58_334 : 6
		sext_ln58_63 : 7
		add_ln58_335 : 8
	State 2
		add_ln58_306 : 1
		add_ln58_309 : 2
		x : 3
		add_ln58_315 : 1
		add_ln58_318 : 2
		x_11 : 3
		add_ln58_324 : 1
		add_ln58_327 : 2
		x_12 : 3
		add_ln58_333 : 1
		add_ln58_336 : 2
		x_13 : 3
		shl_ln : 4
		sext_ln110 : 5
		shl_ln111_9 : 4
		sext_ln110_7 : 5
		shl_ln111_s : 4
		sext_ln110_8 : 5
		shl_ln111_1 : 4
		sext_ln68 : 5
		mrv_i : 6
		mrv_1_i : 7
		mrv_2_i : 8
		mrv_3_i : 9
		ret_ln13 : 10


============================================================
+ Verbose Summary: Datapath Resource usage 
============================================================

* Functional unit list:
|----------|-----------------------|---------|---------|---------|
| Operation|    Functional Unit    |   DSP   |    FF   |   LUT   |
|----------|-----------------------|---------|---------|---------|
|          |    add_ln73_fu_4933   |    0    |    0    |    26   |
|          |  add_ln73_15_fu_5398  |    0    |    0    |    26   |
|          |    add_ln58_fu_5557   |    0    |    0    |    23   |
|          |  add_ln58_303_fu_5563 |    0    |    0    |    16   |
|          |  add_ln58_304_fu_5569 |    0    |    0    |    16   |
|          |  add_ln58_307_fu_5575 |    0    |    0    |    16   |
|          |  add_ln58_308_fu_5585 |    0    |    0    |    20   |
|          |  add_ln58_311_fu_5591 |    0    |    0    |    23   |
|          |  add_ln58_312_fu_5597 |    0    |    0    |    16   |
|          |  add_ln58_313_fu_5603 |    0    |    0    |    16   |
|          |  add_ln58_316_fu_5609 |    0    |    0    |    18   |
|          |  add_ln58_317_fu_5619 |    0    |    0    |    21   |
|          |  add_ln58_320_fu_5625 |    0    |    0    |    23   |
|          |  add_ln58_321_fu_5631 |    0    |    0    |    16   |
|          |  add_ln58_322_fu_5637 |    0    |    0    |    16   |
|          |  add_ln58_325_fu_5643 |    0    |    0    |    18   |
|          |  add_ln58_326_fu_5653 |    0    |    0    |    21   |
|          |  add_ln58_329_fu_5659 |    0    |    0    |    23   |
|    add   |  add_ln58_330_fu_5665 |    0    |    0    |    16   |
|          |  add_ln58_331_fu_5671 |    0    |    0    |    16   |
|          |  add_ln58_334_fu_5677 |    0    |    0    |    18   |
|          |  add_ln58_335_fu_5687 |    0    |    0    |    20   |
|          |  add_ln58_305_fu_5714 |    0    |    0    |    16   |
|          |  add_ln58_306_fu_5718 |    0    |    0    |    16   |
|          |  add_ln58_309_fu_5727 |    0    |    0    |    16   |
|          |       x_fu_5733       |    0    |    0    |    16   |
|          |  add_ln58_314_fu_5739 |    0    |    0    |    16   |
|          |  add_ln58_315_fu_5743 |    0    |    0    |    16   |
|          |  add_ln58_318_fu_5751 |    0    |    0    |    16   |
|          |      x_11_fu_5757     |    0    |    0    |    16   |
|          |  add_ln58_323_fu_5763 |    0    |    0    |    16   |
|          |  add_ln58_324_fu_5767 |    0    |    0    |    16   |
|          |  add_ln58_327_fu_5776 |    0    |    0    |    16   |
|          |      x_12_fu_5782     |    0    |    0    |    16   |
|          |  add_ln58_332_fu_5788 |    0    |    0    |    16   |
|          |  add_ln58_333_fu_5792 |    0    |    0    |    16   |
|          |  add_ln58_336_fu_5801 |    0    |    0    |    16   |
|          |      x_13_fu_5807     |    0    |    0    |    16   |
|----------|-----------------------|---------|---------|---------|
|          |  mul_ln73_259_fu_154  |    1    |    0    |    5    |
|          |  mul_ln73_248_fu_155  |    1    |    0    |    5    |
|          |  mul_ln73_249_fu_156  |    1    |    0    |    5    |
|          |  mul_ln73_244_fu_157  |    1    |    0    |    5    |
|          |    mul_ln73_fu_158    |    1    |    0    |    5    |
|          |  mul_ln73_256_fu_159  |    1    |    0    |    5    |
|          |  mul_ln73_267_fu_160  |    1    |    0    |    5    |
|          |  mul_ln73_252_fu_161  |    1    |    0    |    5    |
|          |  mul_ln73_247_fu_162  |    1    |    0    |    5    |
|          |  mul_ln73_268_fu_163  |    1    |    0    |    5    |
|          |  mul_ln73_271_fu_164  |    1    |    0    |    5    |
|          |  mul_ln73_270_fu_165  |    1    |    0    |    5    |
|          |  mul_ln73_263_fu_166  |    1    |    0    |    5    |
|          |  mul_ln73_262_fu_167  |    1    |    0    |    5    |
|          |  mul_ln73_243_fu_169  |    1    |    0    |    5    |
|    mul   |  mul_ln73_245_fu_171  |    1    |    0    |    5    |
|          |  mul_ln73_266_fu_172  |    1    |    0    |    5    |
|          |  mul_ln73_254_fu_173  |    1    |    0    |    5    |
|          |  mul_ln73_257_fu_174  |    1    |    0    |    5    |
|          |  mul_ln73_253_fu_175  |    1    |    0    |    5    |
|          |  mul_ln73_261_fu_176  |    1    |    0    |    5    |
|          |  mul_ln73_251_fu_178  |    1    |    0    |    5    |
|          |  mul_ln73_265_fu_179  |    1    |    0    |    5    |
|          |  mul_ln73_272_fu_180  |    1    |    0    |    5    |
|          |  mul_ln73_260_fu_181  |    1    |    0    |    5    |
|          |  mul_ln73_250_fu_183  |    1    |    0    |    5    |
|          |  mul_ln73_269_fu_184  |    1    |    0    |    5    |
|          |  mul_ln73_258_fu_185  |    1    |    0    |    5    |
|          |  mul_ln73_246_fu_186  |    1    |    0    |    5    |
|          |  mul_ln73_264_fu_187  |    1    |    0    |    5    |
|          |  mul_ln73_255_fu_189  |    1    |    0    |    5    |
|----------|-----------------------|---------|---------|---------|
|          |    sub_ln73_fu_5272   |    0    |    0    |    31   |
|    sub   |  sub_ln73_39_fu_5442  |    0    |    0    |    27   |
|          |  sub_ln73_40_fu_5503  |    0    |    0    |    25   |
|----------|-----------------------|---------|---------|---------|
|          |   sext_ln70_fu_4876   |    0    |    0    |    0    |
|          | sext_ln70_124_fu_4880 |    0    |    0    |    0    |
|          | sext_ln70_125_fu_4885 |    0    |    0    |    0    |
|          |  sext_ln73_79_fu_4929 |    0    |    0    |    0    |
|          | p_cast32_cast_fu_4949 |    0    |    0    |    0    |
|          | sext_ln70_126_fu_4957 |    0    |    0    |    0    |
|          | sext_ln70_127_fu_4962 |    0    |    0    |    0    |
|          | sext_ln70_128_fu_5013 |    0    |    0    |    0    |
|          | sext_ln70_129_fu_5019 |    0    |    0    |    0    |
|          | sext_ln42_117_fu_5055 |    0    |    0    |    0    |
|          | sext_ln42_118_fu_5069 |    0    |    0    |    0    |
|          | sext_ln70_130_fu_5077 |    0    |    0    |    0    |
|          | sext_ln70_131_fu_5082 |    0    |    0    |    0    |
|          | sext_ln42_119_fu_5099 |    0    |    0    |    0    |
|          | sext_ln42_120_fu_5123 |    0    |    0    |    0    |
|          | sext_ln42_121_fu_5137 |    0    |    0    |    0    |
|          | sext_ln70_132_fu_5145 |    0    |    0    |    0    |
|          | sext_ln70_133_fu_5150 |    0    |    0    |    0    |
|          | sext_ln42_122_fu_5187 |    0    |    0    |    0    |
|          | sext_ln70_134_fu_5205 |    0    |    0    |    0    |
|          | sext_ln70_135_fu_5210 |    0    |    0    |    0    |
|          | sext_ln70_136_fu_5215 |    0    |    0    |    0    |
|          |   sext_ln73_fu_5230   |    0    |    0    |    0    |
|          |  sext_ln73_4_fu_5244  |    0    |    0    |    0    |
|          |  sext_ln73_80_fu_5256 |    0    |    0    |    0    |
|          |  sext_ln73_81_fu_5268 |    0    |    0    |    0    |
|          | sext_ln70_137_fu_5302 |    0    |    0    |    0    |
|          | sext_ln70_138_fu_5307 |    0    |    0    |    0    |
|          | sext_ln70_139_fu_5313 |    0    |    0    |    0    |
|          | sext_ln70_140_fu_5362 |    0    |    0    |    0    |
|   sext   | sext_ln70_141_fu_5367 |    0    |    0    |    0    |
|          | sext_ln70_142_fu_5371 |    0    |    0    |    0    |
|          |  sext_ln73_82_fu_5394 |    0    |    0    |    0    |
|          |  sext_ln73_5_fu_5414  |    0    |    0    |    0    |
|          |  sext_ln73_83_fu_5426 |    0    |    0    |    0    |
|          |  sext_ln73_84_fu_5438 |    0    |    0    |    0    |
|          |  sext_ln73_6_fu_5458  |    0    |    0    |    0    |
|          | p_cast49_cast_fu_5472 |    0    |    0    |    0    |
|          | sext_ln70_143_fu_5480 |    0    |    0    |    0    |
|          | sext_ln70_144_fu_5485 |    0    |    0    |    0    |
|          |  sext_ln73_85_fu_5499 |    0    |    0    |    0    |
|          |  sext_ln73_7_fu_5519  |    0    |    0    |    0    |
|          |  sext_ln73_8_fu_5543  |    0    |    0    |    0    |
|          |   sext_ln58_fu_5581   |    0    |    0    |    0    |
|          |  sext_ln58_59_fu_5615 |    0    |    0    |    0    |
|          |  sext_ln58_61_fu_5649 |    0    |    0    |    0    |
|          |  sext_ln58_63_fu_5683 |    0    |    0    |    0    |
|          |   sext_ln42_fu_5693   |    0    |    0    |    0    |
|          | sext_ln42_116_fu_5696 |    0    |    0    |    0    |
|          | sext_ln42_123_fu_5699 |    0    |    0    |    0    |
|          | sext_ln42_124_fu_5702 |    0    |    0    |    0    |
|          | sext_ln42_125_fu_5705 |    0    |    0    |    0    |
|          | sext_ln42_126_fu_5708 |    0    |    0    |    0    |
|          | sext_ln42_127_fu_5711 |    0    |    0    |    0    |
|          |  sext_ln58_58_fu_5724 |    0    |    0    |    0    |
|          |  sext_ln58_60_fu_5748 |    0    |    0    |    0    |
|          |  sext_ln58_62_fu_5773 |    0    |    0    |    0    |
|          |  sext_ln58_64_fu_5798 |    0    |    0    |    0    |
|          |   sext_ln110_fu_5821  |    0    |    0    |    0    |
|          |  sext_ln110_7_fu_5833 |    0    |    0    |    0    |
|          |  sext_ln110_8_fu_5845 |    0    |    0    |    0    |
|          |   sext_ln68_fu_5857   |    0    |    0    |    0    |
|----------|-----------------------|---------|---------|---------|
|          |    trunc_ln_fu_4891   |    0    |    0    |    0    |
|          |  trunc_ln42_s_fu_4901 |    0    |    0    |    0    |
|          | trunc_ln42_15_fu_4911 |    0    |    0    |    0    |
|          | trunc_ln42_16_fu_4939 |    0    |    0    |    0    |
|          | trunc_ln42_17_fu_4969 |    0    |    0    |    0    |
|          | trunc_ln42_18_fu_4979 |    0    |    0    |    0    |
|          | trunc_ln42_19_fu_4989 |    0    |    0    |    0    |
|          | trunc_ln42_20_fu_4999 |    0    |    0    |    0    |
|          | trunc_ln42_21_fu_5025 |    0    |    0    |    0    |
|          | trunc_ln42_22_fu_5035 |    0    |    0    |    0    |
|          | trunc_ln42_23_fu_5045 |    0    |    0    |    0    |
|          | trunc_ln42_24_fu_5059 |    0    |    0    |    0    |
|          | trunc_ln42_25_fu_5089 |    0    |    0    |    0    |
|          | trunc_ln42_26_fu_5103 |    0    |    0    |    0    |
|          | trunc_ln42_27_fu_5113 |    0    |    0    |    0    |
|          | trunc_ln42_28_fu_5127 |    0    |    0    |    0    |
|          | trunc_ln42_29_fu_5157 |    0    |    0    |    0    |
|partselect| trunc_ln42_30_fu_5167 |    0    |    0    |    0    |
|          | trunc_ln42_31_fu_5177 |    0    |    0    |    0    |
|          | trunc_ln42_32_fu_5191 |    0    |    0    |    0    |
|          | trunc_ln42_33_fu_5220 |    0    |    0    |    0    |
|          | trunc_ln42_34_fu_5234 |    0    |    0    |    0    |
|          | trunc_ln42_35_fu_5278 |    0    |    0    |    0    |
|          | trunc_ln42_36_fu_5288 |    0    |    0    |    0    |
|          | trunc_ln42_37_fu_5318 |    0    |    0    |    0    |
|          | trunc_ln42_38_fu_5328 |    0    |    0    |    0    |
|          | trunc_ln42_39_fu_5338 |    0    |    0    |    0    |
|          | trunc_ln42_40_fu_5348 |    0    |    0    |    0    |
|          | trunc_ln42_41_fu_5376 |    0    |    0    |    0    |
|          | trunc_ln42_42_fu_5404 |    0    |    0    |    0    |
|          | trunc_ln42_43_fu_5448 |    0    |    0    |    0    |
|          | trunc_ln42_44_fu_5462 |    0    |    0    |    0    |
|          | trunc_ln42_45_fu_5509 |    0    |    0    |    0    |
|          | trunc_ln42_46_fu_5523 |    0    |    0    |    0    |
|          | trunc_ln42_47_fu_5533 |    0    |    0    |    0    |
|          | trunc_ln42_48_fu_5547 |    0    |    0    |    0    |
|----------|-----------------------|---------|---------|---------|
|          |      tmp_fu_4921      |    0    |    0    |    0    |
|          |     tmp_90_fu_5248    |    0    |    0    |    0    |
|          |     tmp_91_fu_5260    |    0    |    0    |    0    |
|          |     tmp_92_fu_5386    |    0    |    0    |    0    |
|          |     tmp_93_fu_5418    |    0    |    0    |    0    |
|bitconcatenate|     tmp_94_fu_5430    |    0    |    0    |    0    |
|          |     tmp_95_fu_5491    |    0    |    0    |    0    |
|          |     shl_ln_fu_5813    |    0    |    0    |    0    |
|          |  shl_ln111_9_fu_5825  |    0    |    0    |    0    |
|          |  shl_ln111_s_fu_5837  |    0    |    0    |    0    |
|          |  shl_ln111_1_fu_5849  |    0    |    0    |    0    |
|----------|-----------------------|---------|---------|---------|
|          |     mrv_i_fu_5861     |    0    |    0    |    0    |
|insertvalue|    mrv_1_i_fu_5867    |    0    |    0    |    0    |
|          |    mrv_2_i_fu_5873    |    0    |    0    |    0    |
|          |    mrv_3_i_fu_5879    |    0    |    0    |    0    |
|----------|-----------------------|---------|---------|---------|
|   Total  |                       |    31   |    0    |   918   |
|----------|-----------------------|---------|---------|---------|

Memories:
N/A

* Register list:
+----------------------+--------+
|                      |   FF   |
+----------------------+--------+
| add_ln58_304_reg_5930|   16   |
| add_ln58_308_reg_5935|   14   |
| add_ln58_311_reg_5940|   16   |
| add_ln58_313_reg_5945|   16   |
| add_ln58_317_reg_5950|   15   |
| add_ln58_320_reg_5955|   16   |
| add_ln58_322_reg_5960|   16   |
| add_ln58_326_reg_5965|   15   |
| add_ln58_329_reg_5970|   16   |
| add_ln58_331_reg_5975|   16   |
| add_ln58_335_reg_5980|   14   |
|   add_ln58_reg_5925  |   16   |
|trunc_ln42_20_reg_5890|   14   |
|trunc_ln42_35_reg_5895|   15   |
|trunc_ln42_36_reg_5900|   15   |
|trunc_ln42_37_reg_5905|   15   |
|trunc_ln42_39_reg_5910|   14   |
|trunc_ln42_41_reg_5915|   14   |
|trunc_ln42_46_reg_5920|   16   |
| trunc_ln42_s_reg_5885|   14   |
+----------------------+--------+
|         Total        |   303  |
+----------------------+--------+

* Multiplexer (MUX) list: 
|--------|------|------|------|--------|
|  Comp  |  Pin | Size |  BW  | S x BW |
|--------|------|------|------|--------|
|  Total |      |      |      |    0   |
|--------|------|------|------|--------|



* Summary:
+-----------+--------+--------+--------+
|           |   DSP  |   FF   |   LUT  |
+-----------+--------+--------+--------+
|  Function |   31   |    0   |   918  |
|   Memory  |    -   |    -   |    -   |
|Multiplexer|    -   |    -   |    -   |
|  Register |    -   |   303  |    -   |
+-----------+--------+--------+--------+
|   Total   |   31   |   303  |   918  |
+-----------+--------+--------+--------+
