

================================================================
== Vitis HLS Report for 'dense_latency_wrapper_ap_fixed_ap_fixed_39_19_5_3_0_config6_s'
================================================================
* Date:           Mon Mar 23 21:37:51 2026

* Version:        2024.2 (Build 5238294 on Nov  8 2024)
* Project:        myproject_prj
* Solution:       solution1 (Vivado IP Flow Target)
* Product family: zynquplus
* Target device:  xczu7ev-ffvc1156-2-e


================================================================
== Performance Estimates
================================================================
+ Timing: 
    * Summary: 
    +--------+---------+----------+------------+
    |  Clock |  Target | Estimated| Uncertainty|
    +--------+---------+----------+------------+
    |ap_clk  |  5.00 ns|  3.289 ns|     1.35 ns|
    +--------+---------+----------+------------+

+ Latency: 
    * Summary: 
    +---------+---------+-----------+-----------+-----+-----+---------+
    |  Latency (cycles) |   Latency (absolute)  |  Interval | Pipeline|
    |   min   |   max   |    min    |    max    | min | max |   Type  |
    +---------+---------+-----------+-----------+-----+-----+---------+
    |        2|        2|  10.000 ns|  10.000 ns|    1|    1|      yes|
    +---------+---------+-----------+-----------+-----+-----+---------+

    + Detail: 
        * Instance: 
        N/A

        * Loop: 
        N/A

============================================================
+ Verbose Summary: Synthesis Manager
============================================================
InlineROM: 1
ExposeGlobal: 0
============================================================
+ Verbose Summary: CDFG Model
============================================================
IsTopModel: 0
ResetActiveHigh: 1
IsCombinational: 0
IsDatapathOnly: 0
HasWiredReturn: 1
HasMFsm: 2
HasVarLatency: 0
IsPipeline: 1
IsRtlPipelined: 1
IsInstanceOverlapped: 0
IsDontTouch: 0
HasImplIP: 0
IsGatedGlobalClock: 0

+ Individual pipeline summary: 
  * Pipeline-0: initiation interval (II) = 1, depth = 3


============================================================
+ Verbose Summary: Schedule
============================================================
* Number of FSM states : 3
* Pipeline : 1
  Pipeline-0 : II = 1, D = 3, States = { 1 2 3 }
* Dataflow Pipeline: 0

* FSM state transitions: 
1 --> 2 
2 --> 3 
3 --> 

* FSM state operations: 

State 1 <SV = 0> <Delay = 3.28>
ST_1 : Operation 4 [1/1] (0.00ns)   --->   "%data_35_val36_read = read i16 @_ssdm_op_Read.ap_auto.i16, i16 %data_35_val36" [firmware/nnet_utils/nnet_mult.h:70->firmware/nnet_utils/nnet_dense_latency.h:42->firmware/nnet_utils/nnet_dense_stream.h:17]   --->   Operation 4 'read' 'data_35_val36_read' <Predicate = true> <Delay = 0.00>
ST_1 : Operation 5 [1/1] (0.00ns)   --->   "%data_34_val35_read = read i16 @_ssdm_op_Read.ap_auto.i16, i16 %data_34_val35" [firmware/nnet_utils/nnet_mult.h:70->firmware/nnet_utils/nnet_dense_latency.h:42->firmware/nnet_utils/nnet_dense_stream.h:17]   --->   Operation 5 'read' 'data_34_val35_read' <Predicate = true> <Delay = 0.00>
ST_1 : Operation 6 [1/1] (0.00ns)   --->   "%data_33_val34_read = read i16 @_ssdm_op_Read.ap_auto.i16, i16 %data_33_val34" [firmware/nnet_utils/nnet_mult.h:70->firmware/nnet_utils/nnet_dense_latency.h:42->firmware/nnet_utils/nnet_dense_stream.h:17]   --->   Operation 6 'read' 'data_33_val34_read' <Predicate = true> <Delay = 0.00>
ST_1 : Operation 7 [1/1] (0.00ns)   --->   "%data_32_val33_read = read i16 @_ssdm_op_Read.ap_auto.i16, i16 %data_32_val33" [firmware/nnet_utils/nnet_mult.h:70->firmware/nnet_utils/nnet_dense_latency.h:42->firmware/nnet_utils/nnet_dense_stream.h:17]   --->   Operation 7 'read' 'data_32_val33_read' <Predicate = true> <Delay = 0.00>
ST_1 : Operation 8 [1/1] (0.00ns)   --->   "%data_31_val32_read = read i16 @_ssdm_op_Read.ap_auto.i16, i16 %data_31_val32" [firmware/nnet_utils/nnet_mult.h:70->firmware/nnet_utils/nnet_dense_latency.h:42->firmware/nnet_utils/nnet_dense_stream.h:17]   --->   Operation 8 'read' 'data_31_val32_read' <Predicate = true> <Delay = 0.00>
ST_1 : Operation 9 [1/1] (0.00ns)   --->   "%data_30_val31_read = read i16 @_ssdm_op_Read.ap_auto.i16, i16 %data_30_val31" [firmware/nnet_utils/nnet_mult.h:70->firmware/nnet_utils/nnet_dense_latency.h:42->firmware/nnet_utils/nnet_dense_stream.h:17]   --->   Operation 9 'read' 'data_30_val31_read' <Predicate = true> <Delay = 0.00>
ST_1 : Operation 10 [1/1] (0.00ns)   --->   "%data_29_val30_read = read i16 @_ssdm_op_Read.ap_auto.i16, i16 %data_29_val30" [firmware/nnet_utils/nnet_mult.h:70->firmware/nnet_utils/nnet_dense_latency.h:42->firmware/nnet_utils/nnet_dense_stream.h:17]   --->   Operation 10 'read' 'data_29_val30_read' <Predicate = true> <Delay = 0.00>
ST_1 : Operation 11 [1/1] (0.00ns)   --->   "%data_28_val29_read = read i16 @_ssdm_op_Read.ap_auto.i16, i16 %data_28_val29" [firmware/nnet_utils/nnet_mult.h:70->firmware/nnet_utils/nnet_dense_latency.h:42->firmware/nnet_utils/nnet_dense_stream.h:17]   --->   Operation 11 'read' 'data_28_val29_read' <Predicate = true> <Delay = 0.00>
ST_1 : Operation 12 [1/1] (0.00ns)   --->   "%data_27_val28_read = read i16 @_ssdm_op_Read.ap_auto.i16, i16 %data_27_val28" [firmware/nnet_utils/nnet_mult.h:70->firmware/nnet_utils/nnet_dense_latency.h:42->firmware/nnet_utils/nnet_dense_stream.h:17]   --->   Operation 12 'read' 'data_27_val28_read' <Predicate = true> <Delay = 0.00>
ST_1 : Operation 13 [1/1] (0.00ns)   --->   "%data_26_val27_read = read i16 @_ssdm_op_Read.ap_auto.i16, i16 %data_26_val27" [firmware/nnet_utils/nnet_mult.h:70->firmware/nnet_utils/nnet_dense_latency.h:42->firmware/nnet_utils/nnet_dense_stream.h:17]   --->   Operation 13 'read' 'data_26_val27_read' <Predicate = true> <Delay = 0.00>
ST_1 : Operation 14 [1/1] (0.00ns)   --->   "%data_25_val26_read = read i16 @_ssdm_op_Read.ap_auto.i16, i16 %data_25_val26" [firmware/nnet_utils/nnet_mult.h:70->firmware/nnet_utils/nnet_dense_latency.h:42->firmware/nnet_utils/nnet_dense_stream.h:17]   --->   Operation 14 'read' 'data_25_val26_read' <Predicate = true> <Delay = 0.00>
ST_1 : Operation 15 [1/1] (0.00ns)   --->   "%data_24_val25_read = read i16 @_ssdm_op_Read.ap_auto.i16, i16 %data_24_val25" [firmware/nnet_utils/nnet_mult.h:70->firmware/nnet_utils/nnet_dense_latency.h:42->firmware/nnet_utils/nnet_dense_stream.h:17]   --->   Operation 15 'read' 'data_24_val25_read' <Predicate = true> <Delay = 0.00>
ST_1 : Operation 16 [1/1] (0.00ns)   --->   "%data_23_val24_read = read i16 @_ssdm_op_Read.ap_auto.i16, i16 %data_23_val24" [firmware/nnet_utils/nnet_mult.h:70->firmware/nnet_utils/nnet_dense_latency.h:42->firmware/nnet_utils/nnet_dense_stream.h:17]   --->   Operation 16 'read' 'data_23_val24_read' <Predicate = true> <Delay = 0.00>
ST_1 : Operation 17 [1/1] (0.00ns)   --->   "%data_22_val23_read = read i16 @_ssdm_op_Read.ap_auto.i16, i16 %data_22_val23" [firmware/nnet_utils/nnet_mult.h:70->firmware/nnet_utils/nnet_dense_latency.h:42->firmware/nnet_utils/nnet_dense_stream.h:17]   --->   Operation 17 'read' 'data_22_val23_read' <Predicate = true> <Delay = 0.00>
ST_1 : Operation 18 [1/1] (0.00ns)   --->   "%data_21_val22_read = read i16 @_ssdm_op_Read.ap_auto.i16, i16 %data_21_val22" [firmware/nnet_utils/nnet_mult.h:70->firmware/nnet_utils/nnet_dense_latency.h:42->firmware/nnet_utils/nnet_dense_stream.h:17]   --->   Operation 18 'read' 'data_21_val22_read' <Predicate = true> <Delay = 0.00>
ST_1 : Operation 19 [1/1] (0.00ns)   --->   "%data_20_val21_read = read i16 @_ssdm_op_Read.ap_auto.i16, i16 %data_20_val21" [firmware/nnet_utils/nnet_mult.h:70->firmware/nnet_utils/nnet_dense_latency.h:42->firmware/nnet_utils/nnet_dense_stream.h:17]   --->   Operation 19 'read' 'data_20_val21_read' <Predicate = true> <Delay = 0.00>
ST_1 : Operation 20 [1/1] (0.00ns)   --->   "%data_19_val20_read = read i16 @_ssdm_op_Read.ap_auto.i16, i16 %data_19_val20" [firmware/nnet_utils/nnet_mult.h:70->firmware/nnet_utils/nnet_dense_latency.h:42->firmware/nnet_utils/nnet_dense_stream.h:17]   --->   Operation 20 'read' 'data_19_val20_read' <Predicate = true> <Delay = 0.00>
ST_1 : Operation 21 [1/1] (0.00ns)   --->   "%data_18_val19_read = read i16 @_ssdm_op_Read.ap_auto.i16, i16 %data_18_val19" [firmware/nnet_utils/nnet_mult.h:70->firmware/nnet_utils/nnet_dense_latency.h:42->firmware/nnet_utils/nnet_dense_stream.h:17]   --->   Operation 21 'read' 'data_18_val19_read' <Predicate = true> <Delay = 0.00>
ST_1 : Operation 22 [1/1] (0.00ns)   --->   "%data_17_val18_read = read i16 @_ssdm_op_Read.ap_auto.i16, i16 %data_17_val18" [firmware/nnet_utils/nnet_mult.h:70->firmware/nnet_utils/nnet_dense_latency.h:42->firmware/nnet_utils/nnet_dense_stream.h:17]   --->   Operation 22 'read' 'data_17_val18_read' <Predicate = true> <Delay = 0.00>
ST_1 : Operation 23 [1/1] (0.00ns)   --->   "%data_16_val17_read = read i16 @_ssdm_op_Read.ap_auto.i16, i16 %data_16_val17" [firmware/nnet_utils/nnet_mult.h:70->firmware/nnet_utils/nnet_dense_latency.h:42->firmware/nnet_utils/nnet_dense_stream.h:17]   --->   Operation 23 'read' 'data_16_val17_read' <Predicate = true> <Delay = 0.00>
ST_1 : Operation 24 [1/1] (0.00ns)   --->   "%data_15_val16_read = read i16 @_ssdm_op_Read.ap_auto.i16, i16 %data_15_val16" [firmware/nnet_utils/nnet_mult.h:70->firmware/nnet_utils/nnet_dense_latency.h:42->firmware/nnet_utils/nnet_dense_stream.h:17]   --->   Operation 24 'read' 'data_15_val16_read' <Predicate = true> <Delay = 0.00>
ST_1 : Operation 25 [1/1] (0.00ns)   --->   "%data_14_val15_read = read i16 @_ssdm_op_Read.ap_auto.i16, i16 %data_14_val15" [firmware/nnet_utils/nnet_mult.h:70->firmware/nnet_utils/nnet_dense_latency.h:42->firmware/nnet_utils/nnet_dense_stream.h:17]   --->   Operation 25 'read' 'data_14_val15_read' <Predicate = true> <Delay = 0.00>
ST_1 : Operation 26 [1/1] (0.00ns)   --->   "%data_13_val14_read = read i16 @_ssdm_op_Read.ap_auto.i16, i16 %data_13_val14" [firmware/nnet_utils/nnet_mult.h:70->firmware/nnet_utils/nnet_dense_latency.h:42->firmware/nnet_utils/nnet_dense_stream.h:17]   --->   Operation 26 'read' 'data_13_val14_read' <Predicate = true> <Delay = 0.00>
ST_1 : Operation 27 [1/1] (0.00ns)   --->   "%data_12_val13_read = read i16 @_ssdm_op_Read.ap_auto.i16, i16 %data_12_val13" [firmware/nnet_utils/nnet_mult.h:70->firmware/nnet_utils/nnet_dense_latency.h:42->firmware/nnet_utils/nnet_dense_stream.h:17]   --->   Operation 27 'read' 'data_12_val13_read' <Predicate = true> <Delay = 0.00>
ST_1 : Operation 28 [1/1] (0.00ns)   --->   "%data_11_val12_read = read i16 @_ssdm_op_Read.ap_auto.i16, i16 %data_11_val12" [firmware/nnet_utils/nnet_mult.h:70->firmware/nnet_utils/nnet_dense_latency.h:42->firmware/nnet_utils/nnet_dense_stream.h:17]   --->   Operation 28 'read' 'data_11_val12_read' <Predicate = true> <Delay = 0.00>
ST_1 : Operation 29 [1/1] (0.00ns)   --->   "%data_10_val11_read = read i16 @_ssdm_op_Read.ap_auto.i16, i16 %data_10_val11" [firmware/nnet_utils/nnet_mult.h:70->firmware/nnet_utils/nnet_dense_latency.h:42->firmware/nnet_utils/nnet_dense_stream.h:17]   --->   Operation 29 'read' 'data_10_val11_read' <Predicate = true> <Delay = 0.00>
ST_1 : Operation 30 [1/1] (0.00ns)   --->   "%data_9_val10_read = read i16 @_ssdm_op_Read.ap_auto.i16, i16 %data_9_val10" [firmware/nnet_utils/nnet_mult.h:70->firmware/nnet_utils/nnet_dense_latency.h:42->firmware/nnet_utils/nnet_dense_stream.h:17]   --->   Operation 30 'read' 'data_9_val10_read' <Predicate = true> <Delay = 0.00>
ST_1 : Operation 31 [1/1] (0.00ns)   --->   "%data_8_val9_read = read i16 @_ssdm_op_Read.ap_auto.i16, i16 %data_8_val9" [firmware/nnet_utils/nnet_mult.h:70->firmware/nnet_utils/nnet_dense_latency.h:42->firmware/nnet_utils/nnet_dense_stream.h:17]   --->   Operation 31 'read' 'data_8_val9_read' <Predicate = true> <Delay = 0.00>
ST_1 : Operation 32 [1/1] (0.00ns)   --->   "%data_7_val8_read = read i16 @_ssdm_op_Read.ap_auto.i16, i16 %data_7_val8" [firmware/nnet_utils/nnet_mult.h:70->firmware/nnet_utils/nnet_dense_latency.h:42->firmware/nnet_utils/nnet_dense_stream.h:17]   --->   Operation 32 'read' 'data_7_val8_read' <Predicate = true> <Delay = 0.00>
ST_1 : Operation 33 [1/1] (0.00ns)   --->   "%data_6_val7_read = read i16 @_ssdm_op_Read.ap_auto.i16, i16 %data_6_val7" [firmware/nnet_utils/nnet_mult.h:70->firmware/nnet_utils/nnet_dense_latency.h:42->firmware/nnet_utils/nnet_dense_stream.h:17]   --->   Operation 33 'read' 'data_6_val7_read' <Predicate = true> <Delay = 0.00>
ST_1 : Operation 34 [1/1] (0.00ns)   --->   "%data_5_val6_read = read i16 @_ssdm_op_Read.ap_auto.i16, i16 %data_5_val6" [firmware/nnet_utils/nnet_mult.h:70->firmware/nnet_utils/nnet_dense_latency.h:42->firmware/nnet_utils/nnet_dense_stream.h:17]   --->   Operation 34 'read' 'data_5_val6_read' <Predicate = true> <Delay = 0.00>
ST_1 : Operation 35 [1/1] (0.00ns)   --->   "%data_4_val5_read = read i16 @_ssdm_op_Read.ap_auto.i16, i16 %data_4_val5" [firmware/nnet_utils/nnet_mult.h:70->firmware/nnet_utils/nnet_dense_latency.h:42->firmware/nnet_utils/nnet_dense_stream.h:17]   --->   Operation 35 'read' 'data_4_val5_read' <Predicate = true> <Delay = 0.00>
ST_1 : Operation 36 [1/1] (0.00ns)   --->   "%data_3_val4_read = read i16 @_ssdm_op_Read.ap_auto.i16, i16 %data_3_val4" [firmware/nnet_utils/nnet_mult.h:70->firmware/nnet_utils/nnet_dense_latency.h:42->firmware/nnet_utils/nnet_dense_stream.h:17]   --->   Operation 36 'read' 'data_3_val4_read' <Predicate = true> <Delay = 0.00>
ST_1 : Operation 37 [1/1] (0.00ns)   --->   "%data_2_val3_read = read i16 @_ssdm_op_Read.ap_auto.i16, i16 %data_2_val3" [firmware/nnet_utils/nnet_mult.h:70->firmware/nnet_utils/nnet_dense_latency.h:42->firmware/nnet_utils/nnet_dense_stream.h:17]   --->   Operation 37 'read' 'data_2_val3_read' <Predicate = true> <Delay = 0.00>
ST_1 : Operation 38 [1/1] (0.00ns)   --->   "%data_1_val2_read = read i16 @_ssdm_op_Read.ap_auto.i16, i16 %data_1_val2" [firmware/nnet_utils/nnet_mult.h:70->firmware/nnet_utils/nnet_dense_latency.h:42->firmware/nnet_utils/nnet_dense_stream.h:17]   --->   Operation 38 'read' 'data_1_val2_read' <Predicate = true> <Delay = 0.00>
ST_1 : Operation 39 [1/1] (0.00ns)   --->   "%data_0_val1_read = read i16 @_ssdm_op_Read.ap_auto.i16, i16 %data_0_val1" [firmware/nnet_utils/nnet_mult.h:70->firmware/nnet_utils/nnet_dense_latency.h:42->firmware/nnet_utils/nnet_dense_stream.h:17]   --->   Operation 39 'read' 'data_0_val1_read' <Predicate = true> <Delay = 0.00>
ST_1 : Operation 40 [1/1] (0.00ns)   --->   "%sext_ln70 = sext i16 %data_0_val1_read" [firmware/nnet_utils/nnet_mult.h:70->firmware/nnet_utils/nnet_dense_latency.h:42->firmware/nnet_utils/nnet_dense_stream.h:17]   --->   Operation 40 'sext' 'sext_ln70' <Predicate = true> <Delay = 0.00>
ST_1 : Operation 41 [1/1] (0.00ns)   --->   "%sext_ln70_1 = sext i16 %data_0_val1_read" [firmware/nnet_utils/nnet_mult.h:70->firmware/nnet_utils/nnet_dense_latency.h:42->firmware/nnet_utils/nnet_dense_stream.h:17]   --->   Operation 41 'sext' 'sext_ln70_1' <Predicate = true> <Delay = 0.00>
ST_1 : Operation 42 [1/1] (0.00ns)   --->   "%sext_ln70_2 = sext i16 %data_0_val1_read" [firmware/nnet_utils/nnet_mult.h:70->firmware/nnet_utils/nnet_dense_latency.h:42->firmware/nnet_utils/nnet_dense_stream.h:17]   --->   Operation 42 'sext' 'sext_ln70_2' <Predicate = true> <Delay = 0.00>
ST_1 : Operation 43 [1/1] (2.38ns)   --->   "%mul_ln73 = mul i24 %sext_ln70_2, i24 69" [firmware/nnet_utils/nnet_mult.h:73->firmware/nnet_utils/nnet_dense_latency.h:42->firmware/nnet_utils/nnet_dense_stream.h:17]   --->   Operation 43 'mul' 'mul_ln73' <Predicate = true> <Delay = 2.38> <CoreInst = "Multiplier">   --->   Core 3 'Multiplier' <Latency = 0> <II = 1> <Delay = 2.38> <FuncUnit> <Opcode : 'mul'> <InPorts = 2> <OutPorts = 1>
ST_1 : Operation 44 [1/1] (0.00ns)   --->   "%mult = partselect i14 @_ssdm_op_PartSelect.i14.i24.i32.i32, i24 %mul_ln73, i32 10, i32 23" [firmware/nnet_utils/nnet_dense_latency.h:42->firmware/nnet_utils/nnet_dense_stream.h:17]   --->   Operation 44 'partselect' 'mult' <Predicate = true> <Delay = 0.00>
ST_1 : Operation 45 [1/1] (0.00ns)   --->   "%sext_ln17 = sext i14 %mult" [firmware/nnet_utils/nnet_dense_latency.h:17->firmware/nnet_utils/nnet_dense_stream.h:17]   --->   Operation 45 'sext' 'sext_ln17' <Predicate = true> <Delay = 0.00>
ST_1 : Operation 46 [1/1] (0.00ns)   --->   "%tmp = bitconcatenate i20 @_ssdm_op_BitConcatenate.i20.i16.i4, i16 %data_0_val1_read, i4 0" [firmware/nnet_utils/nnet_mult.h:73->firmware/nnet_utils/nnet_dense_latency.h:42->firmware/nnet_utils/nnet_dense_stream.h:17]   --->   Operation 46 'bitconcatenate' 'tmp' <Predicate = true> <Delay = 0.00>
ST_1 : Operation 47 [1/1] (0.00ns)   --->   "%sext_ln73 = sext i20 %tmp" [firmware/nnet_utils/nnet_mult.h:73->firmware/nnet_utils/nnet_dense_latency.h:42->firmware/nnet_utils/nnet_dense_stream.h:17]   --->   Operation 47 'sext' 'sext_ln73' <Predicate = true> <Delay = 0.00>
ST_1 : Operation 48 [1/1] (0.00ns) (grouped into TernaryAdder)   --->   "%sub_ln73 = sub i22 0, i22 %sext_ln73" [firmware/nnet_utils/nnet_mult.h:73->firmware/nnet_utils/nnet_dense_latency.h:42->firmware/nnet_utils/nnet_dense_stream.h:17]   --->   Operation 48 'sub' 'sub_ln73' <Predicate = true> <Delay = 0.00> <CoreInst = "TAddSub">   --->   Core 10 'TAddSub' <Latency = 0> <II = 1> <Delay = 0.34> <IPBlock> <Opcode : '' 'add' 'sub'> <InPorts = 3> <OutPorts = 1> <Sync> <CReg>
ST_1 : Operation 49 [1/1] (0.00ns)   --->   "%tmp_14 = bitconcatenate i17 @_ssdm_op_BitConcatenate.i17.i16.i1, i16 %data_0_val1_read, i1 0" [firmware/nnet_utils/nnet_mult.h:73->firmware/nnet_utils/nnet_dense_latency.h:42->firmware/nnet_utils/nnet_dense_stream.h:17]   --->   Operation 49 'bitconcatenate' 'tmp_14' <Predicate = true> <Delay = 0.00>
ST_1 : Operation 50 [1/1] (0.00ns)   --->   "%sext_ln73_1 = sext i17 %tmp_14" [firmware/nnet_utils/nnet_mult.h:73->firmware/nnet_utils/nnet_dense_latency.h:42->firmware/nnet_utils/nnet_dense_stream.h:17]   --->   Operation 50 'sext' 'sext_ln73_1' <Predicate = true> <Delay = 0.00>
ST_1 : Operation 51 [1/1] (0.70ns) (root node of TernaryAdder)   --->   "%sub_ln73_1 = sub i22 %sub_ln73, i22 %sext_ln73_1" [firmware/nnet_utils/nnet_mult.h:73->firmware/nnet_utils/nnet_dense_latency.h:42->firmware/nnet_utils/nnet_dense_stream.h:17]   --->   Operation 51 'sub' 'sub_ln73_1' <Predicate = true> <Delay = 0.70> <CoreInst = "TAddSub">   --->   Core 10 'TAddSub' <Latency = 0> <II = 1> <Delay = 0.34> <IPBlock> <Opcode : '' 'add' 'sub'> <InPorts = 3> <OutPorts = 1> <Sync> <CReg>
ST_1 : Operation 52 [1/1] (0.00ns)   --->   "%mult_1 = partselect i12 @_ssdm_op_PartSelect.i12.i22.i32.i32, i22 %sub_ln73_1, i32 10, i32 21" [firmware/nnet_utils/nnet_dense_latency.h:42->firmware/nnet_utils/nnet_dense_stream.h:17]   --->   Operation 52 'partselect' 'mult_1' <Predicate = true> <Delay = 0.00>
ST_1 : Operation 53 [1/1] (0.00ns)   --->   "%sext_ln17_1 = sext i12 %mult_1" [firmware/nnet_utils/nnet_dense_latency.h:17->firmware/nnet_utils/nnet_dense_stream.h:17]   --->   Operation 53 'sext' 'sext_ln17_1' <Predicate = true> <Delay = 0.00>
ST_1 : Operation 54 [1/1] (2.38ns)   --->   "%mul_ln73_1 = mul i26 %sext_ln70_1, i26 67108519" [firmware/nnet_utils/nnet_mult.h:73->firmware/nnet_utils/nnet_dense_latency.h:42->firmware/nnet_utils/nnet_dense_stream.h:17]   --->   Operation 54 'mul' 'mul_ln73_1' <Predicate = true> <Delay = 2.38> <CoreInst = "Multiplier">   --->   Core 3 'Multiplier' <Latency = 0> <II = 1> <Delay = 2.38> <FuncUnit> <Opcode : 'mul'> <InPorts = 2> <OutPorts = 1>
ST_1 : Operation 55 [1/1] (0.00ns)   --->   "%mult_2 = partselect i16 @_ssdm_op_PartSelect.i16.i26.i32.i32, i26 %mul_ln73_1, i32 10, i32 25" [firmware/nnet_utils/nnet_dense_latency.h:42->firmware/nnet_utils/nnet_dense_stream.h:17]   --->   Operation 55 'partselect' 'mult_2' <Predicate = true> <Delay = 0.00>
ST_1 : Operation 56 [1/1] (0.00ns)   --->   "%tmp_15 = bitconcatenate i18 @_ssdm_op_BitConcatenate.i18.i16.i2, i16 %data_0_val1_read, i2 0" [firmware/nnet_utils/nnet_mult.h:73->firmware/nnet_utils/nnet_dense_latency.h:42->firmware/nnet_utils/nnet_dense_stream.h:17]   --->   Operation 56 'bitconcatenate' 'tmp_15' <Predicate = true> <Delay = 0.00>
ST_1 : Operation 57 [1/1] (0.00ns)   --->   "%sext_ln73_2 = sext i18 %tmp_15" [firmware/nnet_utils/nnet_mult.h:73->firmware/nnet_utils/nnet_dense_latency.h:42->firmware/nnet_utils/nnet_dense_stream.h:17]   --->   Operation 57 'sext' 'sext_ln73_2' <Predicate = true> <Delay = 0.00>
ST_1 : Operation 58 [1/1] (0.89ns)   --->   "%add_ln73 = add i22 %sext_ln73, i22 %sext_ln73_2" [firmware/nnet_utils/nnet_mult.h:73->firmware/nnet_utils/nnet_dense_latency.h:42->firmware/nnet_utils/nnet_dense_stream.h:17]   --->   Operation 58 'add' 'add_ln73' <Predicate = true> <Delay = 0.89> <CoreInst = "Adder">   --->   Core 1 'Adder' <Latency = 0> <II = 1> <Delay = 0.89> <FuncUnit> <Opcode : 'add' 'sub'> <InPorts = 2> <OutPorts = 1>
ST_1 : Operation 59 [1/1] (0.00ns)   --->   "%mult_3 = partselect i12 @_ssdm_op_PartSelect.i12.i22.i32.i32, i22 %add_ln73, i32 10, i32 21" [firmware/nnet_utils/nnet_dense_latency.h:42->firmware/nnet_utils/nnet_dense_stream.h:17]   --->   Operation 59 'partselect' 'mult_3' <Predicate = true> <Delay = 0.00>
ST_1 : Operation 60 [1/1] (0.00ns)   --->   "%sext_ln17_2 = sext i12 %mult_3" [firmware/nnet_utils/nnet_dense_latency.h:17->firmware/nnet_utils/nnet_dense_stream.h:17]   --->   Operation 60 'sext' 'sext_ln17_2' <Predicate = true> <Delay = 0.00>
ST_1 : Operation 61 [1/1] (0.00ns)   --->   "%tmp_16 = bitconcatenate i21 @_ssdm_op_BitConcatenate.i21.i16.i5, i16 %data_0_val1_read, i5 0" [firmware/nnet_utils/nnet_mult.h:73->firmware/nnet_utils/nnet_dense_latency.h:42->firmware/nnet_utils/nnet_dense_stream.h:17]   --->   Operation 61 'bitconcatenate' 'tmp_16' <Predicate = true> <Delay = 0.00>
ST_1 : Operation 62 [1/1] (0.00ns)   --->   "%sext_ln73_3 = sext i21 %tmp_16" [firmware/nnet_utils/nnet_mult.h:73->firmware/nnet_utils/nnet_dense_latency.h:42->firmware/nnet_utils/nnet_dense_stream.h:17]   --->   Operation 62 'sext' 'sext_ln73_3' <Predicate = true> <Delay = 0.00>
ST_1 : Operation 63 [1/1] (0.00ns) (grouped into TernaryAdder)   --->   "%sub_ln73_2 = sub i23 0, i23 %sext_ln73_3" [firmware/nnet_utils/nnet_mult.h:73->firmware/nnet_utils/nnet_dense_latency.h:42->firmware/nnet_utils/nnet_dense_stream.h:17]   --->   Operation 63 'sub' 'sub_ln73_2' <Predicate = true> <Delay = 0.00> <CoreInst = "TAddSub">   --->   Core 10 'TAddSub' <Latency = 0> <II = 1> <Delay = 0.34> <IPBlock> <Opcode : '' 'add' 'sub'> <InPorts = 3> <OutPorts = 1> <Sync> <CReg>
ST_1 : Operation 64 [1/1] (0.00ns)   --->   "%tmp_17 = bitconcatenate i19 @_ssdm_op_BitConcatenate.i19.i16.i3, i16 %data_0_val1_read, i3 0" [firmware/nnet_utils/nnet_mult.h:73->firmware/nnet_utils/nnet_dense_latency.h:42->firmware/nnet_utils/nnet_dense_stream.h:17]   --->   Operation 64 'bitconcatenate' 'tmp_17' <Predicate = true> <Delay = 0.00>
ST_1 : Operation 65 [1/1] (0.00ns)   --->   "%sext_ln73_4 = sext i19 %tmp_17" [firmware/nnet_utils/nnet_mult.h:73->firmware/nnet_utils/nnet_dense_latency.h:42->firmware/nnet_utils/nnet_dense_stream.h:17]   --->   Operation 65 'sext' 'sext_ln73_4' <Predicate = true> <Delay = 0.00>
ST_1 : Operation 66 [1/1] (0.70ns) (root node of TernaryAdder)   --->   "%sub_ln73_3 = sub i23 %sub_ln73_2, i23 %sext_ln73_4" [firmware/nnet_utils/nnet_mult.h:73->firmware/nnet_utils/nnet_dense_latency.h:42->firmware/nnet_utils/nnet_dense_stream.h:17]   --->   Operation 66 'sub' 'sub_ln73_3' <Predicate = true> <Delay = 0.70> <CoreInst = "TAddSub">   --->   Core 10 'TAddSub' <Latency = 0> <II = 1> <Delay = 0.34> <IPBlock> <Opcode : '' 'add' 'sub'> <InPorts = 3> <OutPorts = 1> <Sync> <CReg>
ST_1 : Operation 67 [1/1] (0.00ns)   --->   "%mult_4 = partselect i13 @_ssdm_op_PartSelect.i13.i23.i32.i32, i23 %sub_ln73_3, i32 10, i32 22" [firmware/nnet_utils/nnet_dense_latency.h:42->firmware/nnet_utils/nnet_dense_stream.h:17]   --->   Operation 67 'partselect' 'mult_4' <Predicate = true> <Delay = 0.00>
ST_1 : Operation 68 [1/1] (0.00ns)   --->   "%sext_ln17_3 = sext i13 %mult_4" [firmware/nnet_utils/nnet_dense_latency.h:17->firmware/nnet_utils/nnet_dense_stream.h:17]   --->   Operation 68 'sext' 'sext_ln17_3' <Predicate = true> <Delay = 0.00>
ST_1 : Operation 69 [1/1] (2.38ns)   --->   "%mul_ln73_2 = mul i25 %sext_ln70, i25 164" [firmware/nnet_utils/nnet_mult.h:73->firmware/nnet_utils/nnet_dense_latency.h:42->firmware/nnet_utils/nnet_dense_stream.h:17]   --->   Operation 69 'mul' 'mul_ln73_2' <Predicate = true> <Delay = 2.38> <CoreInst = "Multiplier">   --->   Core 3 'Multiplier' <Latency = 0> <II = 1> <Delay = 2.38> <FuncUnit> <Opcode : 'mul'> <InPorts = 2> <OutPorts = 1>
ST_1 : Operation 70 [1/1] (0.00ns)   --->   "%mult_5 = partselect i15 @_ssdm_op_PartSelect.i15.i25.i32.i32, i25 %mul_ln73_2, i32 10, i32 24" [firmware/nnet_utils/nnet_dense_latency.h:42->firmware/nnet_utils/nnet_dense_stream.h:17]   --->   Operation 70 'partselect' 'mult_5' <Predicate = true> <Delay = 0.00>
ST_1 : Operation 71 [1/1] (0.00ns)   --->   "%sext_ln42 = sext i15 %mult_5" [firmware/nnet_utils/nnet_dense_latency.h:42->firmware/nnet_utils/nnet_dense_stream.h:17]   --->   Operation 71 'sext' 'sext_ln42' <Predicate = true> <Delay = 0.00>
ST_1 : Operation 72 [1/1] (2.38ns)   --->   "%mul_ln73_3 = mul i25 %sext_ln70, i25 247" [firmware/nnet_utils/nnet_mult.h:73->firmware/nnet_utils/nnet_dense_latency.h:42->firmware/nnet_utils/nnet_dense_stream.h:17]   --->   Operation 72 'mul' 'mul_ln73_3' <Predicate = true> <Delay = 2.38> <CoreInst = "Multiplier">   --->   Core 3 'Multiplier' <Latency = 0> <II = 1> <Delay = 2.38> <FuncUnit> <Opcode : 'mul'> <InPorts = 2> <OutPorts = 1>
ST_1 : Operation 73 [1/1] (0.00ns)   --->   "%mult_6 = partselect i15 @_ssdm_op_PartSelect.i15.i25.i32.i32, i25 %mul_ln73_3, i32 10, i32 24" [firmware/nnet_utils/nnet_dense_latency.h:42->firmware/nnet_utils/nnet_dense_stream.h:17]   --->   Operation 73 'partselect' 'mult_6' <Predicate = true> <Delay = 0.00>
ST_1 : Operation 74 [1/1] (2.38ns)   --->   "%mul_ln73_4 = mul i24 %sext_ln70_2, i24 86" [firmware/nnet_utils/nnet_mult.h:73->firmware/nnet_utils/nnet_dense_latency.h:42->firmware/nnet_utils/nnet_dense_stream.h:17]   --->   Operation 74 'mul' 'mul_ln73_4' <Predicate = true> <Delay = 2.38> <CoreInst = "Multiplier">   --->   Core 3 'Multiplier' <Latency = 0> <II = 1> <Delay = 2.38> <FuncUnit> <Opcode : 'mul'> <InPorts = 2> <OutPorts = 1>
ST_1 : Operation 75 [1/1] (0.00ns)   --->   "%mult_7 = partselect i14 @_ssdm_op_PartSelect.i14.i24.i32.i32, i24 %mul_ln73_4, i32 10, i32 23" [firmware/nnet_utils/nnet_dense_latency.h:42->firmware/nnet_utils/nnet_dense_stream.h:17]   --->   Operation 75 'partselect' 'mult_7' <Predicate = true> <Delay = 0.00>
ST_1 : Operation 76 [1/1] (0.00ns)   --->   "%sext_ln17_4 = sext i14 %mult_7" [firmware/nnet_utils/nnet_dense_latency.h:17->firmware/nnet_utils/nnet_dense_stream.h:17]   --->   Operation 76 'sext' 'sext_ln17_4' <Predicate = true> <Delay = 0.00>
ST_1 : Operation 77 [1/1] (0.00ns)   --->   "%sext_ln70_3 = sext i16 %data_1_val2_read" [firmware/nnet_utils/nnet_mult.h:70->firmware/nnet_utils/nnet_dense_latency.h:42->firmware/nnet_utils/nnet_dense_stream.h:17]   --->   Operation 77 'sext' 'sext_ln70_3' <Predicate = true> <Delay = 0.00>
ST_1 : Operation 78 [1/1] (0.00ns)   --->   "%sext_ln70_4 = sext i16 %data_1_val2_read" [firmware/nnet_utils/nnet_mult.h:70->firmware/nnet_utils/nnet_dense_latency.h:42->firmware/nnet_utils/nnet_dense_stream.h:17]   --->   Operation 78 'sext' 'sext_ln70_4' <Predicate = true> <Delay = 0.00>
ST_1 : Operation 79 [1/1] (0.00ns)   --->   "%sext_ln70_5 = sext i16 %data_1_val2_read" [firmware/nnet_utils/nnet_mult.h:70->firmware/nnet_utils/nnet_dense_latency.h:42->firmware/nnet_utils/nnet_dense_stream.h:17]   --->   Operation 79 'sext' 'sext_ln70_5' <Predicate = true> <Delay = 0.00>
ST_1 : Operation 80 [1/1] (2.38ns)   --->   "%mul_ln73_5 = mul i25 %sext_ln70_5, i25 33554256" [firmware/nnet_utils/nnet_mult.h:73->firmware/nnet_utils/nnet_dense_latency.h:42->firmware/nnet_utils/nnet_dense_stream.h:17]   --->   Operation 80 'mul' 'mul_ln73_5' <Predicate = true> <Delay = 2.38> <CoreInst = "Multiplier">   --->   Core 3 'Multiplier' <Latency = 0> <II = 1> <Delay = 2.38> <FuncUnit> <Opcode : 'mul'> <InPorts = 2> <OutPorts = 1>
ST_1 : Operation 81 [1/1] (0.00ns)   --->   "%mult_8 = partselect i15 @_ssdm_op_PartSelect.i15.i25.i32.i32, i25 %mul_ln73_5, i32 10, i32 24" [firmware/nnet_utils/nnet_dense_latency.h:42->firmware/nnet_utils/nnet_dense_stream.h:17]   --->   Operation 81 'partselect' 'mult_8' <Predicate = true> <Delay = 0.00>
ST_1 : Operation 82 [1/1] (0.00ns)   --->   "%sext_ln42_2 = sext i15 %mult_8" [firmware/nnet_utils/nnet_dense_latency.h:42->firmware/nnet_utils/nnet_dense_stream.h:17]   --->   Operation 82 'sext' 'sext_ln42_2' <Predicate = true> <Delay = 0.00>
ST_1 : Operation 83 [1/1] (2.38ns)   --->   "%mul_ln73_6 = mul i26 %sext_ln70_4, i26 67108597" [firmware/nnet_utils/nnet_mult.h:73->firmware/nnet_utils/nnet_dense_latency.h:42->firmware/nnet_utils/nnet_dense_stream.h:17]   --->   Operation 83 'mul' 'mul_ln73_6' <Predicate = true> <Delay = 2.38> <CoreInst = "Multiplier">   --->   Core 3 'Multiplier' <Latency = 0> <II = 1> <Delay = 2.38> <FuncUnit> <Opcode : 'mul'> <InPorts = 2> <OutPorts = 1>
ST_1 : Operation 84 [1/1] (0.00ns)   --->   "%mult_9 = partselect i16 @_ssdm_op_PartSelect.i16.i26.i32.i32, i26 %mul_ln73_6, i32 10, i32 25" [firmware/nnet_utils/nnet_dense_latency.h:42->firmware/nnet_utils/nnet_dense_stream.h:17]   --->   Operation 84 'partselect' 'mult_9' <Predicate = true> <Delay = 0.00>
ST_1 : Operation 85 [1/1] (2.38ns)   --->   "%mul_ln73_7 = mul i23 %sext_ln70_3, i23 8388554" [firmware/nnet_utils/nnet_mult.h:73->firmware/nnet_utils/nnet_dense_latency.h:42->firmware/nnet_utils/nnet_dense_stream.h:17]   --->   Operation 85 'mul' 'mul_ln73_7' <Predicate = true> <Delay = 2.38> <CoreInst = "Multiplier">   --->   Core 3 'Multiplier' <Latency = 0> <II = 1> <Delay = 2.38> <FuncUnit> <Opcode : 'mul'> <InPorts = 2> <OutPorts = 1>
ST_1 : Operation 86 [1/1] (0.00ns)   --->   "%mult_10 = partselect i13 @_ssdm_op_PartSelect.i13.i23.i32.i32, i23 %mul_ln73_7, i32 10, i32 22" [firmware/nnet_utils/nnet_dense_latency.h:42->firmware/nnet_utils/nnet_dense_stream.h:17]   --->   Operation 86 'partselect' 'mult_10' <Predicate = true> <Delay = 0.00>
ST_1 : Operation 87 [1/1] (0.00ns)   --->   "%sext_ln17_5 = sext i13 %mult_10" [firmware/nnet_utils/nnet_dense_latency.h:17->firmware/nnet_utils/nnet_dense_stream.h:17]   --->   Operation 87 'sext' 'sext_ln17_5' <Predicate = true> <Delay = 0.00>
ST_1 : Operation 88 [1/1] (0.00ns)   --->   "%tmp_18 = bitconcatenate i23 @_ssdm_op_BitConcatenate.i23.i16.i7, i16 %data_1_val2_read, i7 0" [firmware/nnet_utils/nnet_mult.h:73->firmware/nnet_utils/nnet_dense_latency.h:42->firmware/nnet_utils/nnet_dense_stream.h:17]   --->   Operation 88 'bitconcatenate' 'tmp_18' <Predicate = true> <Delay = 0.00>
ST_1 : Operation 89 [1/1] (0.00ns)   --->   "%sext_ln73_5 = sext i23 %tmp_18" [firmware/nnet_utils/nnet_mult.h:73->firmware/nnet_utils/nnet_dense_latency.h:42->firmware/nnet_utils/nnet_dense_stream.h:17]   --->   Operation 89 'sext' 'sext_ln73_5' <Predicate = true> <Delay = 0.00>
ST_1 : Operation 90 [1/1] (0.92ns)   --->   "%add_ln73_1 = add i25 %sext_ln73_5, i25 %sext_ln70_5" [firmware/nnet_utils/nnet_mult.h:73->firmware/nnet_utils/nnet_dense_latency.h:42->firmware/nnet_utils/nnet_dense_stream.h:17]   --->   Operation 90 'add' 'add_ln73_1' <Predicate = true> <Delay = 0.92> <CoreInst = "Adder">   --->   Core 1 'Adder' <Latency = 0> <II = 1> <Delay = 0.92> <FuncUnit> <Opcode : 'add' 'sub'> <InPorts = 2> <OutPorts = 1>
ST_1 : Operation 91 [1/1] (0.00ns)   --->   "%mult_11 = partselect i15 @_ssdm_op_PartSelect.i15.i25.i32.i32, i25 %add_ln73_1, i32 10, i32 24" [firmware/nnet_utils/nnet_dense_latency.h:42->firmware/nnet_utils/nnet_dense_stream.h:17]   --->   Operation 91 'partselect' 'mult_11' <Predicate = true> <Delay = 0.00>
ST_1 : Operation 92 [1/1] (0.00ns)   --->   "%sext_ln42_3 = sext i15 %mult_11" [firmware/nnet_utils/nnet_dense_latency.h:42->firmware/nnet_utils/nnet_dense_stream.h:17]   --->   Operation 92 'sext' 'sext_ln42_3' <Predicate = true> <Delay = 0.00>
ST_1 : Operation 93 [1/1] (2.38ns)   --->   "%mul_ln73_8 = mul i25 %sext_ln70_5, i25 33554254" [firmware/nnet_utils/nnet_mult.h:73->firmware/nnet_utils/nnet_dense_latency.h:42->firmware/nnet_utils/nnet_dense_stream.h:17]   --->   Operation 93 'mul' 'mul_ln73_8' <Predicate = true> <Delay = 2.38> <CoreInst = "Multiplier">   --->   Core 3 'Multiplier' <Latency = 0> <II = 1> <Delay = 2.38> <FuncUnit> <Opcode : 'mul'> <InPorts = 2> <OutPorts = 1>
ST_1 : Operation 94 [1/1] (0.00ns)   --->   "%mult_12 = partselect i15 @_ssdm_op_PartSelect.i15.i25.i32.i32, i25 %mul_ln73_8, i32 10, i32 24" [firmware/nnet_utils/nnet_dense_latency.h:42->firmware/nnet_utils/nnet_dense_stream.h:17]   --->   Operation 94 'partselect' 'mult_12' <Predicate = true> <Delay = 0.00>
ST_1 : Operation 95 [1/1] (0.00ns)   --->   "%sext_ln42_4 = sext i15 %mult_12" [firmware/nnet_utils/nnet_dense_latency.h:42->firmware/nnet_utils/nnet_dense_stream.h:17]   --->   Operation 95 'sext' 'sext_ln42_4' <Predicate = true> <Delay = 0.00>
ST_1 : Operation 96 [1/1] (2.38ns)   --->   "%mul_ln73_9 = mul i25 %sext_ln70_5, i25 185" [firmware/nnet_utils/nnet_mult.h:73->firmware/nnet_utils/nnet_dense_latency.h:42->firmware/nnet_utils/nnet_dense_stream.h:17]   --->   Operation 96 'mul' 'mul_ln73_9' <Predicate = true> <Delay = 2.38> <CoreInst = "Multiplier">   --->   Core 3 'Multiplier' <Latency = 0> <II = 1> <Delay = 2.38> <FuncUnit> <Opcode : 'mul'> <InPorts = 2> <OutPorts = 1>
ST_1 : Operation 97 [1/1] (0.00ns)   --->   "%mult_13 = partselect i15 @_ssdm_op_PartSelect.i15.i25.i32.i32, i25 %mul_ln73_9, i32 10, i32 24" [firmware/nnet_utils/nnet_dense_latency.h:42->firmware/nnet_utils/nnet_dense_stream.h:17]   --->   Operation 97 'partselect' 'mult_13' <Predicate = true> <Delay = 0.00>
ST_1 : Operation 98 [1/1] (0.00ns)   --->   "%sext_ln42_5 = sext i15 %mult_13" [firmware/nnet_utils/nnet_dense_latency.h:42->firmware/nnet_utils/nnet_dense_stream.h:17]   --->   Operation 98 'sext' 'sext_ln42_5' <Predicate = true> <Delay = 0.00>
ST_1 : Operation 99 [1/1] (2.38ns)   --->   "%mul_ln73_10 = mul i25 %sext_ln70_5, i25 33554289" [firmware/nnet_utils/nnet_mult.h:73->firmware/nnet_utils/nnet_dense_latency.h:42->firmware/nnet_utils/nnet_dense_stream.h:17]   --->   Operation 99 'mul' 'mul_ln73_10' <Predicate = true> <Delay = 2.38> <CoreInst = "Multiplier">   --->   Core 3 'Multiplier' <Latency = 0> <II = 1> <Delay = 2.38> <FuncUnit> <Opcode : 'mul'> <InPorts = 2> <OutPorts = 1>
ST_1 : Operation 100 [1/1] (0.00ns)   --->   "%mult_14 = partselect i15 @_ssdm_op_PartSelect.i15.i25.i32.i32, i25 %mul_ln73_10, i32 10, i32 24" [firmware/nnet_utils/nnet_dense_latency.h:42->firmware/nnet_utils/nnet_dense_stream.h:17]   --->   Operation 100 'partselect' 'mult_14' <Predicate = true> <Delay = 0.00>
ST_1 : Operation 101 [1/1] (0.00ns)   --->   "%sext_ln42_6 = sext i15 %mult_14" [firmware/nnet_utils/nnet_dense_latency.h:42->firmware/nnet_utils/nnet_dense_stream.h:17]   --->   Operation 101 'sext' 'sext_ln42_6' <Predicate = true> <Delay = 0.00>
ST_1 : Operation 102 [1/1] (2.38ns)   --->   "%mul_ln73_11 = mul i25 %sext_ln70_5, i25 33554230" [firmware/nnet_utils/nnet_mult.h:73->firmware/nnet_utils/nnet_dense_latency.h:42->firmware/nnet_utils/nnet_dense_stream.h:17]   --->   Operation 102 'mul' 'mul_ln73_11' <Predicate = true> <Delay = 2.38> <CoreInst = "Multiplier">   --->   Core 3 'Multiplier' <Latency = 0> <II = 1> <Delay = 2.38> <FuncUnit> <Opcode : 'mul'> <InPorts = 2> <OutPorts = 1>
ST_1 : Operation 103 [1/1] (0.00ns)   --->   "%mult_15 = partselect i15 @_ssdm_op_PartSelect.i15.i25.i32.i32, i25 %mul_ln73_11, i32 10, i32 24" [firmware/nnet_utils/nnet_dense_latency.h:42->firmware/nnet_utils/nnet_dense_stream.h:17]   --->   Operation 103 'partselect' 'mult_15' <Predicate = true> <Delay = 0.00>
ST_1 : Operation 104 [1/1] (0.00ns)   --->   "%sext_ln42_7 = sext i15 %mult_15" [firmware/nnet_utils/nnet_dense_latency.h:42->firmware/nnet_utils/nnet_dense_stream.h:17]   --->   Operation 104 'sext' 'sext_ln42_7' <Predicate = true> <Delay = 0.00>
ST_1 : Operation 105 [1/1] (0.00ns)   --->   "%sext_ln70_6 = sext i16 %data_2_val3_read" [firmware/nnet_utils/nnet_mult.h:70->firmware/nnet_utils/nnet_dense_latency.h:42->firmware/nnet_utils/nnet_dense_stream.h:17]   --->   Operation 105 'sext' 'sext_ln70_6' <Predicate = true> <Delay = 0.00>
ST_1 : Operation 106 [1/1] (0.00ns)   --->   "%sext_ln70_7 = sext i16 %data_2_val3_read" [firmware/nnet_utils/nnet_mult.h:70->firmware/nnet_utils/nnet_dense_latency.h:42->firmware/nnet_utils/nnet_dense_stream.h:17]   --->   Operation 106 'sext' 'sext_ln70_7' <Predicate = true> <Delay = 0.00>
ST_1 : Operation 107 [1/1] (0.00ns)   --->   "%sext_ln70_8 = sext i16 %data_2_val3_read" [firmware/nnet_utils/nnet_mult.h:70->firmware/nnet_utils/nnet_dense_latency.h:42->firmware/nnet_utils/nnet_dense_stream.h:17]   --->   Operation 107 'sext' 'sext_ln70_8' <Predicate = true> <Delay = 0.00>
ST_1 : Operation 108 [1/1] (2.38ns)   --->   "%mul_ln73_12 = mul i26 %sext_ln70_8, i26 67108590" [firmware/nnet_utils/nnet_mult.h:73->firmware/nnet_utils/nnet_dense_latency.h:42->firmware/nnet_utils/nnet_dense_stream.h:17]   --->   Operation 108 'mul' 'mul_ln73_12' <Predicate = true> <Delay = 2.38> <CoreInst = "Multiplier">   --->   Core 3 'Multiplier' <Latency = 0> <II = 1> <Delay = 2.38> <FuncUnit> <Opcode : 'mul'> <InPorts = 2> <OutPorts = 1>
ST_1 : Operation 109 [1/1] (0.00ns)   --->   "%mult_16 = partselect i16 @_ssdm_op_PartSelect.i16.i26.i32.i32, i26 %mul_ln73_12, i32 10, i32 25" [firmware/nnet_utils/nnet_dense_latency.h:42->firmware/nnet_utils/nnet_dense_stream.h:17]   --->   Operation 109 'partselect' 'mult_16' <Predicate = true> <Delay = 0.00>
ST_1 : Operation 110 [1/1] (2.38ns)   --->   "%mul_ln73_13 = mul i26 %sext_ln70_8, i26 67108523" [firmware/nnet_utils/nnet_mult.h:73->firmware/nnet_utils/nnet_dense_latency.h:42->firmware/nnet_utils/nnet_dense_stream.h:17]   --->   Operation 110 'mul' 'mul_ln73_13' <Predicate = true> <Delay = 2.38> <CoreInst = "Multiplier">   --->   Core 3 'Multiplier' <Latency = 0> <II = 1> <Delay = 2.38> <FuncUnit> <Opcode : 'mul'> <InPorts = 2> <OutPorts = 1>
ST_1 : Operation 111 [1/1] (0.00ns)   --->   "%mult_17 = partselect i16 @_ssdm_op_PartSelect.i16.i26.i32.i32, i26 %mul_ln73_13, i32 10, i32 25" [firmware/nnet_utils/nnet_dense_latency.h:42->firmware/nnet_utils/nnet_dense_stream.h:17]   --->   Operation 111 'partselect' 'mult_17' <Predicate = true> <Delay = 0.00>
ST_1 : Operation 112 [1/1] (2.38ns)   --->   "%mul_ln73_14 = mul i26 %sext_ln70_8, i26 297" [firmware/nnet_utils/nnet_mult.h:73->firmware/nnet_utils/nnet_dense_latency.h:42->firmware/nnet_utils/nnet_dense_stream.h:17]   --->   Operation 112 'mul' 'mul_ln73_14' <Predicate = true> <Delay = 2.38> <CoreInst = "Multiplier">   --->   Core 3 'Multiplier' <Latency = 0> <II = 1> <Delay = 2.38> <FuncUnit> <Opcode : 'mul'> <InPorts = 2> <OutPorts = 1>
ST_1 : Operation 113 [1/1] (0.00ns)   --->   "%mult_18 = partselect i16 @_ssdm_op_PartSelect.i16.i26.i32.i32, i26 %mul_ln73_14, i32 10, i32 25" [firmware/nnet_utils/nnet_dense_latency.h:42->firmware/nnet_utils/nnet_dense_stream.h:17]   --->   Operation 113 'partselect' 'mult_18' <Predicate = true> <Delay = 0.00>
ST_1 : Operation 114 [1/1] (0.00ns)   --->   "%tmp_19 = bitconcatenate i19 @_ssdm_op_BitConcatenate.i19.i16.i3, i16 %data_2_val3_read, i3 0" [firmware/nnet_utils/nnet_mult.h:73->firmware/nnet_utils/nnet_dense_latency.h:42->firmware/nnet_utils/nnet_dense_stream.h:17]   --->   Operation 114 'bitconcatenate' 'tmp_19' <Predicate = true> <Delay = 0.00>
ST_1 : Operation 115 [1/1] (0.00ns)   --->   "%sext_ln73_6 = sext i19 %tmp_19" [firmware/nnet_utils/nnet_mult.h:73->firmware/nnet_utils/nnet_dense_latency.h:42->firmware/nnet_utils/nnet_dense_stream.h:17]   --->   Operation 115 'sext' 'sext_ln73_6' <Predicate = true> <Delay = 0.00>
ST_1 : Operation 116 [1/1] (0.00ns)   --->   "%tmp_20 = bitconcatenate i17 @_ssdm_op_BitConcatenate.i17.i16.i1, i16 %data_2_val3_read, i1 0" [firmware/nnet_utils/nnet_mult.h:73->firmware/nnet_utils/nnet_dense_latency.h:42->firmware/nnet_utils/nnet_dense_stream.h:17]   --->   Operation 116 'bitconcatenate' 'tmp_20' <Predicate = true> <Delay = 0.00>
ST_1 : Operation 117 [1/1] (0.00ns)   --->   "%sext_ln73_7 = sext i17 %tmp_20" [firmware/nnet_utils/nnet_mult.h:73->firmware/nnet_utils/nnet_dense_latency.h:42->firmware/nnet_utils/nnet_dense_stream.h:17]   --->   Operation 117 'sext' 'sext_ln73_7' <Predicate = true> <Delay = 0.00>
ST_1 : Operation 118 [1/1] (0.88ns)   --->   "%add_ln73_2 = add i21 %sext_ln73_6, i21 %sext_ln73_7" [firmware/nnet_utils/nnet_mult.h:73->firmware/nnet_utils/nnet_dense_latency.h:42->firmware/nnet_utils/nnet_dense_stream.h:17]   --->   Operation 118 'add' 'add_ln73_2' <Predicate = true> <Delay = 0.88> <CoreInst = "Adder">   --->   Core 1 'Adder' <Latency = 0> <II = 1> <Delay = 0.88> <FuncUnit> <Opcode : 'add' 'sub'> <InPorts = 2> <OutPorts = 1>
ST_1 : Operation 119 [1/1] (0.00ns)   --->   "%mult_19 = partselect i11 @_ssdm_op_PartSelect.i11.i21.i32.i32, i21 %add_ln73_2, i32 10, i32 20" [firmware/nnet_utils/nnet_dense_latency.h:42->firmware/nnet_utils/nnet_dense_stream.h:17]   --->   Operation 119 'partselect' 'mult_19' <Predicate = true> <Delay = 0.00>
ST_1 : Operation 120 [1/1] (0.00ns)   --->   "%sext_ln17_6 = sext i11 %mult_19" [firmware/nnet_utils/nnet_dense_latency.h:17->firmware/nnet_utils/nnet_dense_stream.h:17]   --->   Operation 120 'sext' 'sext_ln17_6' <Predicate = true> <Delay = 0.00>
ST_1 : Operation 121 [1/1] (2.38ns)   --->   "%mul_ln73_15 = mul i24 %sext_ln70_7, i24 16777093" [firmware/nnet_utils/nnet_mult.h:73->firmware/nnet_utils/nnet_dense_latency.h:42->firmware/nnet_utils/nnet_dense_stream.h:17]   --->   Operation 121 'mul' 'mul_ln73_15' <Predicate = true> <Delay = 2.38> <CoreInst = "Multiplier">   --->   Core 3 'Multiplier' <Latency = 0> <II = 1> <Delay = 2.38> <FuncUnit> <Opcode : 'mul'> <InPorts = 2> <OutPorts = 1>
ST_1 : Operation 122 [1/1] (0.00ns)   --->   "%mult_20 = partselect i14 @_ssdm_op_PartSelect.i14.i24.i32.i32, i24 %mul_ln73_15, i32 10, i32 23" [firmware/nnet_utils/nnet_dense_latency.h:42->firmware/nnet_utils/nnet_dense_stream.h:17]   --->   Operation 122 'partselect' 'mult_20' <Predicate = true> <Delay = 0.00>
ST_1 : Operation 123 [1/1] (0.00ns)   --->   "%sext_ln42_8 = sext i14 %mult_20" [firmware/nnet_utils/nnet_dense_latency.h:42->firmware/nnet_utils/nnet_dense_stream.h:17]   --->   Operation 123 'sext' 'sext_ln42_8' <Predicate = true> <Delay = 0.00>
ST_1 : Operation 124 [1/1] (0.00ns)   --->   "%tmp_21 = bitconcatenate i21 @_ssdm_op_BitConcatenate.i21.i16.i5, i16 %data_2_val3_read, i5 0" [firmware/nnet_utils/nnet_mult.h:73->firmware/nnet_utils/nnet_dense_latency.h:42->firmware/nnet_utils/nnet_dense_stream.h:17]   --->   Operation 124 'bitconcatenate' 'tmp_21' <Predicate = true> <Delay = 0.00>
ST_1 : Operation 125 [1/1] (0.00ns)   --->   "%sext_ln73_8 = sext i21 %tmp_21" [firmware/nnet_utils/nnet_mult.h:73->firmware/nnet_utils/nnet_dense_latency.h:42->firmware/nnet_utils/nnet_dense_stream.h:17]   --->   Operation 125 'sext' 'sext_ln73_8' <Predicate = true> <Delay = 0.00>
ST_1 : Operation 126 [1/1] (0.90ns)   --->   "%add_ln73_3 = add i23 %sext_ln73_8, i23 %sext_ln70_6" [firmware/nnet_utils/nnet_mult.h:73->firmware/nnet_utils/nnet_dense_latency.h:42->firmware/nnet_utils/nnet_dense_stream.h:17]   --->   Operation 126 'add' 'add_ln73_3' <Predicate = true> <Delay = 0.90> <CoreInst = "Adder">   --->   Core 1 'Adder' <Latency = 0> <II = 1> <Delay = 0.90> <FuncUnit> <Opcode : 'add' 'sub'> <InPorts = 2> <OutPorts = 1>
ST_1 : Operation 127 [1/1] (0.00ns)   --->   "%mult_21 = partselect i13 @_ssdm_op_PartSelect.i13.i23.i32.i32, i23 %add_ln73_3, i32 10, i32 22" [firmware/nnet_utils/nnet_dense_latency.h:42->firmware/nnet_utils/nnet_dense_stream.h:17]   --->   Operation 127 'partselect' 'mult_21' <Predicate = true> <Delay = 0.00>
ST_1 : Operation 128 [1/1] (0.00ns)   --->   "%sext_ln17_7 = sext i13 %mult_21" [firmware/nnet_utils/nnet_dense_latency.h:17->firmware/nnet_utils/nnet_dense_stream.h:17]   --->   Operation 128 'sext' 'sext_ln17_7' <Predicate = true> <Delay = 0.00>
ST_1 : Operation 129 [1/1] (2.38ns)   --->   "%mul_ln73_16 = mul i24 %sext_ln70_7, i24 16777142" [firmware/nnet_utils/nnet_mult.h:73->firmware/nnet_utils/nnet_dense_latency.h:42->firmware/nnet_utils/nnet_dense_stream.h:17]   --->   Operation 129 'mul' 'mul_ln73_16' <Predicate = true> <Delay = 2.38> <CoreInst = "Multiplier">   --->   Core 3 'Multiplier' <Latency = 0> <II = 1> <Delay = 2.38> <FuncUnit> <Opcode : 'mul'> <InPorts = 2> <OutPorts = 1>
ST_1 : Operation 130 [1/1] (0.00ns)   --->   "%mult_22 = partselect i14 @_ssdm_op_PartSelect.i14.i24.i32.i32, i24 %mul_ln73_16, i32 10, i32 23" [firmware/nnet_utils/nnet_dense_latency.h:42->firmware/nnet_utils/nnet_dense_stream.h:17]   --->   Operation 130 'partselect' 'mult_22' <Predicate = true> <Delay = 0.00>
ST_1 : Operation 131 [1/1] (2.38ns)   --->   "%mul_ln73_17 = mul i24 %sext_ln70_7, i24 123" [firmware/nnet_utils/nnet_mult.h:73->firmware/nnet_utils/nnet_dense_latency.h:42->firmware/nnet_utils/nnet_dense_stream.h:17]   --->   Operation 131 'mul' 'mul_ln73_17' <Predicate = true> <Delay = 2.38> <CoreInst = "Multiplier">   --->   Core 3 'Multiplier' <Latency = 0> <II = 1> <Delay = 2.38> <FuncUnit> <Opcode : 'mul'> <InPorts = 2> <OutPorts = 1>
ST_1 : Operation 132 [1/1] (0.00ns)   --->   "%mult_23 = partselect i14 @_ssdm_op_PartSelect.i14.i24.i32.i32, i24 %mul_ln73_17, i32 10, i32 23" [firmware/nnet_utils/nnet_dense_latency.h:42->firmware/nnet_utils/nnet_dense_stream.h:17]   --->   Operation 132 'partselect' 'mult_23' <Predicate = true> <Delay = 0.00>
ST_1 : Operation 133 [1/1] (0.00ns)   --->   "%sext_ln17_8 = sext i14 %mult_23" [firmware/nnet_utils/nnet_dense_latency.h:17->firmware/nnet_utils/nnet_dense_stream.h:17]   --->   Operation 133 'sext' 'sext_ln17_8' <Predicate = true> <Delay = 0.00>
ST_1 : Operation 134 [1/1] (0.00ns)   --->   "%sext_ln70_9 = sext i16 %data_3_val4_read" [firmware/nnet_utils/nnet_mult.h:70->firmware/nnet_utils/nnet_dense_latency.h:42->firmware/nnet_utils/nnet_dense_stream.h:17]   --->   Operation 134 'sext' 'sext_ln70_9' <Predicate = true> <Delay = 0.00>
ST_1 : Operation 135 [1/1] (0.00ns)   --->   "%sext_ln70_10 = sext i16 %data_3_val4_read" [firmware/nnet_utils/nnet_mult.h:70->firmware/nnet_utils/nnet_dense_latency.h:42->firmware/nnet_utils/nnet_dense_stream.h:17]   --->   Operation 135 'sext' 'sext_ln70_10' <Predicate = true> <Delay = 0.00>
ST_1 : Operation 136 [1/1] (0.00ns)   --->   "%sext_ln70_11 = sext i16 %data_3_val4_read" [firmware/nnet_utils/nnet_mult.h:70->firmware/nnet_utils/nnet_dense_latency.h:42->firmware/nnet_utils/nnet_dense_stream.h:17]   --->   Operation 136 'sext' 'sext_ln70_11' <Predicate = true> <Delay = 0.00>
ST_1 : Operation 137 [1/1] (0.00ns)   --->   "%tmp_22 = bitconcatenate i24 @_ssdm_op_BitConcatenate.i24.i16.i8, i16 %data_3_val4_read, i8 0" [firmware/nnet_utils/nnet_mult.h:73->firmware/nnet_utils/nnet_dense_latency.h:42->firmware/nnet_utils/nnet_dense_stream.h:17]   --->   Operation 137 'bitconcatenate' 'tmp_22' <Predicate = true> <Delay = 0.00>
ST_1 : Operation 138 [1/1] (0.00ns)   --->   "%sext_ln73_9 = sext i24 %tmp_22" [firmware/nnet_utils/nnet_mult.h:73->firmware/nnet_utils/nnet_dense_latency.h:42->firmware/nnet_utils/nnet_dense_stream.h:17]   --->   Operation 138 'sext' 'sext_ln73_9' <Predicate = true> <Delay = 0.00>
ST_1 : Operation 139 [1/1] (0.00ns) (grouped into TernaryAdder)   --->   "%sub_ln73_4 = sub i26 0, i26 %sext_ln73_9" [firmware/nnet_utils/nnet_mult.h:73->firmware/nnet_utils/nnet_dense_latency.h:42->firmware/nnet_utils/nnet_dense_stream.h:17]   --->   Operation 139 'sub' 'sub_ln73_4' <Predicate = true> <Delay = 0.00> <CoreInst = "TAddSub">   --->   Core 10 'TAddSub' <Latency = 0> <II = 1> <Delay = 0.34> <IPBlock> <Opcode : '' 'add' 'sub'> <InPorts = 3> <OutPorts = 1> <Sync> <CReg>
ST_1 : Operation 140 [1/1] (0.00ns)   --->   "%tmp_23 = bitconcatenate i22 @_ssdm_op_BitConcatenate.i22.i16.i6, i16 %data_3_val4_read, i6 0" [firmware/nnet_utils/nnet_mult.h:73->firmware/nnet_utils/nnet_dense_latency.h:42->firmware/nnet_utils/nnet_dense_stream.h:17]   --->   Operation 140 'bitconcatenate' 'tmp_23' <Predicate = true> <Delay = 0.00>
ST_1 : Operation 141 [1/1] (0.00ns)   --->   "%sext_ln73_10 = sext i22 %tmp_23" [firmware/nnet_utils/nnet_mult.h:73->firmware/nnet_utils/nnet_dense_latency.h:42->firmware/nnet_utils/nnet_dense_stream.h:17]   --->   Operation 141 'sext' 'sext_ln73_10' <Predicate = true> <Delay = 0.00>
ST_1 : Operation 142 [1/1] (0.71ns) (root node of TernaryAdder)   --->   "%sub_ln73_5 = sub i26 %sub_ln73_4, i26 %sext_ln73_10" [firmware/nnet_utils/nnet_mult.h:73->firmware/nnet_utils/nnet_dense_latency.h:42->firmware/nnet_utils/nnet_dense_stream.h:17]   --->   Operation 142 'sub' 'sub_ln73_5' <Predicate = true> <Delay = 0.71> <CoreInst = "TAddSub">   --->   Core 10 'TAddSub' <Latency = 0> <II = 1> <Delay = 0.34> <IPBlock> <Opcode : '' 'add' 'sub'> <InPorts = 3> <OutPorts = 1> <Sync> <CReg>
ST_1 : Operation 143 [1/1] (0.00ns)   --->   "%mult_24 = partselect i16 @_ssdm_op_PartSelect.i16.i26.i32.i32, i26 %sub_ln73_5, i32 10, i32 25" [firmware/nnet_utils/nnet_dense_latency.h:42->firmware/nnet_utils/nnet_dense_stream.h:17]   --->   Operation 143 'partselect' 'mult_24' <Predicate = true> <Delay = 0.00>
ST_1 : Operation 144 [1/1] (2.38ns)   --->   "%mul_ln73_18 = mul i25 %sext_ln70_10, i25 33554187" [firmware/nnet_utils/nnet_mult.h:73->firmware/nnet_utils/nnet_dense_latency.h:42->firmware/nnet_utils/nnet_dense_stream.h:17]   --->   Operation 144 'mul' 'mul_ln73_18' <Predicate = true> <Delay = 2.38> <CoreInst = "Multiplier">   --->   Core 3 'Multiplier' <Latency = 0> <II = 1> <Delay = 2.38> <FuncUnit> <Opcode : 'mul'> <InPorts = 2> <OutPorts = 1>
ST_1 : Operation 145 [1/1] (0.00ns)   --->   "%mult_25 = partselect i15 @_ssdm_op_PartSelect.i15.i25.i32.i32, i25 %mul_ln73_18, i32 10, i32 24" [firmware/nnet_utils/nnet_dense_latency.h:42->firmware/nnet_utils/nnet_dense_stream.h:17]   --->   Operation 145 'partselect' 'mult_25' <Predicate = true> <Delay = 0.00>
ST_1 : Operation 146 [1/1] (0.00ns)   --->   "%sext_ln42_10 = sext i15 %mult_25" [firmware/nnet_utils/nnet_dense_latency.h:42->firmware/nnet_utils/nnet_dense_stream.h:17]   --->   Operation 146 'sext' 'sext_ln42_10' <Predicate = true> <Delay = 0.00>
ST_1 : Operation 147 [1/1] (2.38ns)   --->   "%mul_ln73_19 = mul i25 %sext_ln70_10, i25 33554279" [firmware/nnet_utils/nnet_mult.h:73->firmware/nnet_utils/nnet_dense_latency.h:42->firmware/nnet_utils/nnet_dense_stream.h:17]   --->   Operation 147 'mul' 'mul_ln73_19' <Predicate = true> <Delay = 2.38> <CoreInst = "Multiplier">   --->   Core 3 'Multiplier' <Latency = 0> <II = 1> <Delay = 2.38> <FuncUnit> <Opcode : 'mul'> <InPorts = 2> <OutPorts = 1>
ST_1 : Operation 148 [1/1] (0.00ns)   --->   "%mult_26 = partselect i15 @_ssdm_op_PartSelect.i15.i25.i32.i32, i25 %mul_ln73_19, i32 10, i32 24" [firmware/nnet_utils/nnet_dense_latency.h:42->firmware/nnet_utils/nnet_dense_stream.h:17]   --->   Operation 148 'partselect' 'mult_26' <Predicate = true> <Delay = 0.00>
ST_1 : Operation 149 [1/1] (0.00ns)   --->   "%sext_ln42_11 = sext i15 %mult_26" [firmware/nnet_utils/nnet_dense_latency.h:42->firmware/nnet_utils/nnet_dense_stream.h:17]   --->   Operation 149 'sext' 'sext_ln42_11' <Predicate = true> <Delay = 0.00>
ST_1 : Operation 150 [1/1] (0.00ns)   --->   "%tmp_24 = bitconcatenate i23 @_ssdm_op_BitConcatenate.i23.i16.i7, i16 %data_3_val4_read, i7 0" [firmware/nnet_utils/nnet_mult.h:73->firmware/nnet_utils/nnet_dense_latency.h:42->firmware/nnet_utils/nnet_dense_stream.h:17]   --->   Operation 150 'bitconcatenate' 'tmp_24' <Predicate = true> <Delay = 0.00>
ST_1 : Operation 151 [1/1] (0.00ns)   --->   "%sext_ln73_11 = sext i23 %tmp_24" [firmware/nnet_utils/nnet_mult.h:73->firmware/nnet_utils/nnet_dense_latency.h:42->firmware/nnet_utils/nnet_dense_stream.h:17]   --->   Operation 151 'sext' 'sext_ln73_11' <Predicate = true> <Delay = 0.00>
ST_1 : Operation 152 [1/1] (0.00ns)   --->   "%tmp_25 = bitconcatenate i17 @_ssdm_op_BitConcatenate.i17.i16.i1, i16 %data_3_val4_read, i1 0" [firmware/nnet_utils/nnet_mult.h:73->firmware/nnet_utils/nnet_dense_latency.h:42->firmware/nnet_utils/nnet_dense_stream.h:17]   --->   Operation 152 'bitconcatenate' 'tmp_25' <Predicate = true> <Delay = 0.00>
ST_1 : Operation 153 [1/1] (0.00ns)   --->   "%sext_ln73_12 = sext i17 %tmp_25" [firmware/nnet_utils/nnet_mult.h:73->firmware/nnet_utils/nnet_dense_latency.h:42->firmware/nnet_utils/nnet_dense_stream.h:17]   --->   Operation 153 'sext' 'sext_ln73_12' <Predicate = true> <Delay = 0.00>
ST_1 : Operation 154 [1/1] (0.92ns)   --->   "%sub_ln73_6 = sub i24 %sext_ln73_12, i24 %sext_ln73_11" [firmware/nnet_utils/nnet_mult.h:73->firmware/nnet_utils/nnet_dense_latency.h:42->firmware/nnet_utils/nnet_dense_stream.h:17]   --->   Operation 154 'sub' 'sub_ln73_6' <Predicate = true> <Delay = 0.92> <CoreInst = "Adder">   --->   Core 1 'Adder' <Latency = 0> <II = 1> <Delay = 0.92> <FuncUnit> <Opcode : 'add' 'sub'> <InPorts = 2> <OutPorts = 1>
ST_1 : Operation 155 [1/1] (0.00ns)   --->   "%mult_27 = partselect i14 @_ssdm_op_PartSelect.i14.i24.i32.i32, i24 %sub_ln73_6, i32 10, i32 23" [firmware/nnet_utils/nnet_dense_latency.h:42->firmware/nnet_utils/nnet_dense_stream.h:17]   --->   Operation 155 'partselect' 'mult_27' <Predicate = true> <Delay = 0.00>
ST_1 : Operation 156 [1/1] (0.00ns)   --->   "%sext_ln17_9 = sext i14 %mult_27" [firmware/nnet_utils/nnet_dense_latency.h:17->firmware/nnet_utils/nnet_dense_stream.h:17]   --->   Operation 156 'sext' 'sext_ln17_9' <Predicate = true> <Delay = 0.00>
ST_1 : Operation 157 [1/1] (2.38ns)   --->   "%mul_ln73_20 = mul i26 %sext_ln70_11, i26 67108575" [firmware/nnet_utils/nnet_mult.h:73->firmware/nnet_utils/nnet_dense_latency.h:42->firmware/nnet_utils/nnet_dense_stream.h:17]   --->   Operation 157 'mul' 'mul_ln73_20' <Predicate = true> <Delay = 2.38> <CoreInst = "Multiplier">   --->   Core 3 'Multiplier' <Latency = 0> <II = 1> <Delay = 2.38> <FuncUnit> <Opcode : 'mul'> <InPorts = 2> <OutPorts = 1>
ST_1 : Operation 158 [1/1] (0.00ns)   --->   "%mult_28 = partselect i16 @_ssdm_op_PartSelect.i16.i26.i32.i32, i26 %mul_ln73_20, i32 10, i32 25" [firmware/nnet_utils/nnet_dense_latency.h:42->firmware/nnet_utils/nnet_dense_stream.h:17]   --->   Operation 158 'partselect' 'mult_28' <Predicate = true> <Delay = 0.00>
ST_1 : Operation 159 [1/1] (2.38ns)   --->   "%mul_ln73_21 = mul i24 %sext_ln70_9, i24 16777109" [firmware/nnet_utils/nnet_mult.h:73->firmware/nnet_utils/nnet_dense_latency.h:42->firmware/nnet_utils/nnet_dense_stream.h:17]   --->   Operation 159 'mul' 'mul_ln73_21' <Predicate = true> <Delay = 2.38> <CoreInst = "Multiplier">   --->   Core 3 'Multiplier' <Latency = 0> <II = 1> <Delay = 2.38> <FuncUnit> <Opcode : 'mul'> <InPorts = 2> <OutPorts = 1>
ST_1 : Operation 160 [1/1] (0.00ns)   --->   "%mult_29 = partselect i14 @_ssdm_op_PartSelect.i14.i24.i32.i32, i24 %mul_ln73_21, i32 10, i32 23" [firmware/nnet_utils/nnet_dense_latency.h:42->firmware/nnet_utils/nnet_dense_stream.h:17]   --->   Operation 160 'partselect' 'mult_29' <Predicate = true> <Delay = 0.00>
ST_1 : Operation 161 [1/1] (2.38ns)   --->   "%mul_ln73_22 = mul i26 %sext_ln70_11, i26 67108483" [firmware/nnet_utils/nnet_mult.h:73->firmware/nnet_utils/nnet_dense_latency.h:42->firmware/nnet_utils/nnet_dense_stream.h:17]   --->   Operation 161 'mul' 'mul_ln73_22' <Predicate = true> <Delay = 2.38> <CoreInst = "Multiplier">   --->   Core 3 'Multiplier' <Latency = 0> <II = 1> <Delay = 2.38> <FuncUnit> <Opcode : 'mul'> <InPorts = 2> <OutPorts = 1>
ST_1 : Operation 162 [1/1] (0.00ns)   --->   "%mult_30 = partselect i16 @_ssdm_op_PartSelect.i16.i26.i32.i32, i26 %mul_ln73_22, i32 10, i32 25" [firmware/nnet_utils/nnet_dense_latency.h:42->firmware/nnet_utils/nnet_dense_stream.h:17]   --->   Operation 162 'partselect' 'mult_30' <Predicate = true> <Delay = 0.00>
ST_1 : Operation 163 [1/1] (2.38ns)   --->   "%mul_ln73_23 = mul i25 %sext_ln70_10, i25 172" [firmware/nnet_utils/nnet_mult.h:73->firmware/nnet_utils/nnet_dense_latency.h:42->firmware/nnet_utils/nnet_dense_stream.h:17]   --->   Operation 163 'mul' 'mul_ln73_23' <Predicate = true> <Delay = 2.38> <CoreInst = "Multiplier">   --->   Core 3 'Multiplier' <Latency = 0> <II = 1> <Delay = 2.38> <FuncUnit> <Opcode : 'mul'> <InPorts = 2> <OutPorts = 1>
ST_1 : Operation 164 [1/1] (0.00ns)   --->   "%mult_31 = partselect i15 @_ssdm_op_PartSelect.i15.i25.i32.i32, i25 %mul_ln73_23, i32 10, i32 24" [firmware/nnet_utils/nnet_dense_latency.h:42->firmware/nnet_utils/nnet_dense_stream.h:17]   --->   Operation 164 'partselect' 'mult_31' <Predicate = true> <Delay = 0.00>
ST_1 : Operation 165 [1/1] (0.00ns)   --->   "%sext_ln42_13 = sext i15 %mult_31" [firmware/nnet_utils/nnet_dense_latency.h:42->firmware/nnet_utils/nnet_dense_stream.h:17]   --->   Operation 165 'sext' 'sext_ln42_13' <Predicate = true> <Delay = 0.00>
ST_1 : Operation 166 [1/1] (0.00ns)   --->   "%sext_ln70_12 = sext i16 %data_4_val5_read" [firmware/nnet_utils/nnet_mult.h:70->firmware/nnet_utils/nnet_dense_latency.h:42->firmware/nnet_utils/nnet_dense_stream.h:17]   --->   Operation 166 'sext' 'sext_ln70_12' <Predicate = true> <Delay = 0.00>
ST_1 : Operation 167 [1/1] (0.00ns)   --->   "%sext_ln70_13 = sext i16 %data_4_val5_read" [firmware/nnet_utils/nnet_mult.h:70->firmware/nnet_utils/nnet_dense_latency.h:42->firmware/nnet_utils/nnet_dense_stream.h:17]   --->   Operation 167 'sext' 'sext_ln70_13' <Predicate = true> <Delay = 0.00>
ST_1 : Operation 168 [1/1] (0.00ns)   --->   "%sext_ln70_14 = sext i16 %data_4_val5_read" [firmware/nnet_utils/nnet_mult.h:70->firmware/nnet_utils/nnet_dense_latency.h:42->firmware/nnet_utils/nnet_dense_stream.h:17]   --->   Operation 168 'sext' 'sext_ln70_14' <Predicate = true> <Delay = 0.00>
ST_1 : Operation 169 [1/1] (2.38ns)   --->   "%mul_ln73_24 = mul i24 %sext_ln70_14, i24 98" [firmware/nnet_utils/nnet_mult.h:73->firmware/nnet_utils/nnet_dense_latency.h:42->firmware/nnet_utils/nnet_dense_stream.h:17]   --->   Operation 169 'mul' 'mul_ln73_24' <Predicate = true> <Delay = 2.38> <CoreInst = "Multiplier">   --->   Core 3 'Multiplier' <Latency = 0> <II = 1> <Delay = 2.38> <FuncUnit> <Opcode : 'mul'> <InPorts = 2> <OutPorts = 1>
ST_1 : Operation 170 [1/1] (0.00ns)   --->   "%mult_32 = partselect i14 @_ssdm_op_PartSelect.i14.i24.i32.i32, i24 %mul_ln73_24, i32 10, i32 23" [firmware/nnet_utils/nnet_dense_latency.h:42->firmware/nnet_utils/nnet_dense_stream.h:17]   --->   Operation 170 'partselect' 'mult_32' <Predicate = true> <Delay = 0.00>
ST_1 : Operation 171 [1/1] (0.00ns)   --->   "%sext_ln17_10 = sext i14 %mult_32" [firmware/nnet_utils/nnet_dense_latency.h:17->firmware/nnet_utils/nnet_dense_stream.h:17]   --->   Operation 171 'sext' 'sext_ln17_10' <Predicate = true> <Delay = 0.00>
ST_1 : Operation 172 [1/1] (2.38ns)   --->   "%mul_ln73_25 = mul i25 %sext_ln70_13, i25 183" [firmware/nnet_utils/nnet_mult.h:73->firmware/nnet_utils/nnet_dense_latency.h:42->firmware/nnet_utils/nnet_dense_stream.h:17]   --->   Operation 172 'mul' 'mul_ln73_25' <Predicate = true> <Delay = 2.38> <CoreInst = "Multiplier">   --->   Core 3 'Multiplier' <Latency = 0> <II = 1> <Delay = 2.38> <FuncUnit> <Opcode : 'mul'> <InPorts = 2> <OutPorts = 1>
ST_1 : Operation 173 [1/1] (0.00ns)   --->   "%mult_33 = partselect i15 @_ssdm_op_PartSelect.i15.i25.i32.i32, i25 %mul_ln73_25, i32 10, i32 24" [firmware/nnet_utils/nnet_dense_latency.h:42->firmware/nnet_utils/nnet_dense_stream.h:17]   --->   Operation 173 'partselect' 'mult_33' <Predicate = true> <Delay = 0.00>
ST_1 : Operation 174 [1/1] (0.00ns)   --->   "%sext_ln42_14 = sext i15 %mult_33" [firmware/nnet_utils/nnet_dense_latency.h:42->firmware/nnet_utils/nnet_dense_stream.h:17]   --->   Operation 174 'sext' 'sext_ln42_14' <Predicate = true> <Delay = 0.00>
ST_1 : Operation 175 [1/1] (0.00ns)   --->   "%tmp_26 = bitconcatenate i24 @_ssdm_op_BitConcatenate.i24.i16.i8, i16 %data_4_val5_read, i8 0" [firmware/nnet_utils/nnet_mult.h:73->firmware/nnet_utils/nnet_dense_latency.h:42->firmware/nnet_utils/nnet_dense_stream.h:17]   --->   Operation 175 'bitconcatenate' 'tmp_26' <Predicate = true> <Delay = 0.00>
ST_1 : Operation 176 [1/1] (0.00ns)   --->   "%sext_ln73_13 = sext i24 %tmp_26" [firmware/nnet_utils/nnet_mult.h:73->firmware/nnet_utils/nnet_dense_latency.h:42->firmware/nnet_utils/nnet_dense_stream.h:17]   --->   Operation 176 'sext' 'sext_ln73_13' <Predicate = true> <Delay = 0.00>
ST_1 : Operation 177 [1/1] (0.00ns)   --->   "%tmp_27 = bitconcatenate i22 @_ssdm_op_BitConcatenate.i22.i16.i6, i16 %data_4_val5_read, i6 0" [firmware/nnet_utils/nnet_mult.h:73->firmware/nnet_utils/nnet_dense_latency.h:42->firmware/nnet_utils/nnet_dense_stream.h:17]   --->   Operation 177 'bitconcatenate' 'tmp_27' <Predicate = true> <Delay = 0.00>
ST_1 : Operation 178 [1/1] (0.00ns)   --->   "%sext_ln73_14 = sext i22 %tmp_27" [firmware/nnet_utils/nnet_mult.h:73->firmware/nnet_utils/nnet_dense_latency.h:42->firmware/nnet_utils/nnet_dense_stream.h:17]   --->   Operation 178 'sext' 'sext_ln73_14' <Predicate = true> <Delay = 0.00>
ST_1 : Operation 179 [1/1] (0.93ns)   --->   "%sub_ln73_7 = sub i25 %sext_ln73_14, i25 %sext_ln73_13" [firmware/nnet_utils/nnet_mult.h:73->firmware/nnet_utils/nnet_dense_latency.h:42->firmware/nnet_utils/nnet_dense_stream.h:17]   --->   Operation 179 'sub' 'sub_ln73_7' <Predicate = true> <Delay = 0.93> <CoreInst = "Adder">   --->   Core 1 'Adder' <Latency = 0> <II = 1> <Delay = 0.93> <FuncUnit> <Opcode : 'add' 'sub'> <InPorts = 2> <OutPorts = 1>
ST_1 : Operation 180 [1/1] (0.00ns)   --->   "%mult_34 = partselect i15 @_ssdm_op_PartSelect.i15.i25.i32.i32, i25 %sub_ln73_7, i32 10, i32 24" [firmware/nnet_utils/nnet_dense_latency.h:42->firmware/nnet_utils/nnet_dense_stream.h:17]   --->   Operation 180 'partselect' 'mult_34' <Predicate = true> <Delay = 0.00>
ST_1 : Operation 181 [1/1] (0.00ns)   --->   "%tmp_28 = bitconcatenate i20 @_ssdm_op_BitConcatenate.i20.i16.i4, i16 %data_4_val5_read, i4 0" [firmware/nnet_utils/nnet_mult.h:73->firmware/nnet_utils/nnet_dense_latency.h:42->firmware/nnet_utils/nnet_dense_stream.h:17]   --->   Operation 181 'bitconcatenate' 'tmp_28' <Predicate = true> <Delay = 0.00>
ST_1 : Operation 182 [1/1] (0.00ns)   --->   "%sext_ln73_15 = sext i20 %tmp_28" [firmware/nnet_utils/nnet_mult.h:73->firmware/nnet_utils/nnet_dense_latency.h:42->firmware/nnet_utils/nnet_dense_stream.h:17]   --->   Operation 182 'sext' 'sext_ln73_15' <Predicate = true> <Delay = 0.00>
ST_1 : Operation 183 [1/1] (0.00ns)   --->   "%tmp_29 = bitconcatenate i17 @_ssdm_op_BitConcatenate.i17.i16.i1, i16 %data_4_val5_read, i1 0" [firmware/nnet_utils/nnet_mult.h:73->firmware/nnet_utils/nnet_dense_latency.h:42->firmware/nnet_utils/nnet_dense_stream.h:17]   --->   Operation 183 'bitconcatenate' 'tmp_29' <Predicate = true> <Delay = 0.00>
ST_1 : Operation 184 [1/1] (0.00ns)   --->   "%sext_ln73_16 = sext i17 %tmp_29" [firmware/nnet_utils/nnet_mult.h:73->firmware/nnet_utils/nnet_dense_latency.h:42->firmware/nnet_utils/nnet_dense_stream.h:17]   --->   Operation 184 'sext' 'sext_ln73_16' <Predicate = true> <Delay = 0.00>
ST_1 : Operation 185 [1/1] (0.89ns)   --->   "%sub_ln73_8 = sub i21 %sext_ln73_15, i21 %sext_ln73_16" [firmware/nnet_utils/nnet_mult.h:73->firmware/nnet_utils/nnet_dense_latency.h:42->firmware/nnet_utils/nnet_dense_stream.h:17]   --->   Operation 185 'sub' 'sub_ln73_8' <Predicate = true> <Delay = 0.89> <CoreInst = "Adder">   --->   Core 1 'Adder' <Latency = 0> <II = 1> <Delay = 0.89> <FuncUnit> <Opcode : 'add' 'sub'> <InPorts = 2> <OutPorts = 1>
ST_1 : Operation 186 [1/1] (0.00ns)   --->   "%mult_35 = partselect i11 @_ssdm_op_PartSelect.i11.i21.i32.i32, i21 %sub_ln73_8, i32 10, i32 20" [firmware/nnet_utils/nnet_dense_latency.h:42->firmware/nnet_utils/nnet_dense_stream.h:17]   --->   Operation 186 'partselect' 'mult_35' <Predicate = true> <Delay = 0.00>
ST_1 : Operation 187 [1/1] (0.00ns)   --->   "%sext_ln17_11 = sext i11 %mult_35" [firmware/nnet_utils/nnet_dense_latency.h:17->firmware/nnet_utils/nnet_dense_stream.h:17]   --->   Operation 187 'sext' 'sext_ln17_11' <Predicate = true> <Delay = 0.00>
ST_1 : Operation 188 [1/1] (2.38ns)   --->   "%mul_ln73_26 = mul i26 %sext_ln70_12, i26 67108541" [firmware/nnet_utils/nnet_mult.h:73->firmware/nnet_utils/nnet_dense_latency.h:42->firmware/nnet_utils/nnet_dense_stream.h:17]   --->   Operation 188 'mul' 'mul_ln73_26' <Predicate = true> <Delay = 2.38> <CoreInst = "Multiplier">   --->   Core 3 'Multiplier' <Latency = 0> <II = 1> <Delay = 2.38> <FuncUnit> <Opcode : 'mul'> <InPorts = 2> <OutPorts = 1>
ST_1 : Operation 189 [1/1] (0.00ns)   --->   "%mult_36 = partselect i16 @_ssdm_op_PartSelect.i16.i26.i32.i32, i26 %mul_ln73_26, i32 10, i32 25" [firmware/nnet_utils/nnet_dense_latency.h:42->firmware/nnet_utils/nnet_dense_stream.h:17]   --->   Operation 189 'partselect' 'mult_36' <Predicate = true> <Delay = 0.00>
ST_1 : Operation 190 [1/1] (0.00ns)   --->   "%mult_37 = partselect i9 @_ssdm_op_PartSelect.i9.i16.i32.i32, i16 %data_4_val5_read, i32 7, i32 15" [firmware/nnet_utils/nnet_dense_latency.h:42->firmware/nnet_utils/nnet_dense_stream.h:17]   --->   Operation 190 'partselect' 'mult_37' <Predicate = true> <Delay = 0.00>
ST_1 : Operation 191 [1/1] (0.00ns)   --->   "%sext_ln17_12 = sext i9 %mult_37" [firmware/nnet_utils/nnet_dense_latency.h:17->firmware/nnet_utils/nnet_dense_stream.h:17]   --->   Operation 191 'sext' 'sext_ln17_12' <Predicate = true> <Delay = 0.00>
ST_1 : Operation 192 [1/1] (2.38ns)   --->   "%mul_ln73_27 = mul i26 %sext_ln70_12, i26 277" [firmware/nnet_utils/nnet_mult.h:73->firmware/nnet_utils/nnet_dense_latency.h:42->firmware/nnet_utils/nnet_dense_stream.h:17]   --->   Operation 192 'mul' 'mul_ln73_27' <Predicate = true> <Delay = 2.38> <CoreInst = "Multiplier">   --->   Core 3 'Multiplier' <Latency = 0> <II = 1> <Delay = 2.38> <FuncUnit> <Opcode : 'mul'> <InPorts = 2> <OutPorts = 1>
ST_1 : Operation 193 [1/1] (0.00ns)   --->   "%mult_38 = partselect i16 @_ssdm_op_PartSelect.i16.i26.i32.i32, i26 %mul_ln73_27, i32 10, i32 25" [firmware/nnet_utils/nnet_dense_latency.h:42->firmware/nnet_utils/nnet_dense_stream.h:17]   --->   Operation 193 'partselect' 'mult_38' <Predicate = true> <Delay = 0.00>
ST_1 : Operation 194 [1/1] (2.38ns)   --->   "%mul_ln73_28 = mul i26 %sext_ln70_12, i26 355" [firmware/nnet_utils/nnet_mult.h:73->firmware/nnet_utils/nnet_dense_latency.h:42->firmware/nnet_utils/nnet_dense_stream.h:17]   --->   Operation 194 'mul' 'mul_ln73_28' <Predicate = true> <Delay = 2.38> <CoreInst = "Multiplier">   --->   Core 3 'Multiplier' <Latency = 0> <II = 1> <Delay = 2.38> <FuncUnit> <Opcode : 'mul'> <InPorts = 2> <OutPorts = 1>
ST_1 : Operation 195 [1/1] (0.00ns)   --->   "%mult_39 = partselect i16 @_ssdm_op_PartSelect.i16.i26.i32.i32, i26 %mul_ln73_28, i32 10, i32 25" [firmware/nnet_utils/nnet_dense_latency.h:42->firmware/nnet_utils/nnet_dense_stream.h:17]   --->   Operation 195 'partselect' 'mult_39' <Predicate = true> <Delay = 0.00>
ST_1 : Operation 196 [1/1] (0.00ns)   --->   "%sext_ln70_15 = sext i16 %data_5_val6_read" [firmware/nnet_utils/nnet_mult.h:70->firmware/nnet_utils/nnet_dense_latency.h:42->firmware/nnet_utils/nnet_dense_stream.h:17]   --->   Operation 196 'sext' 'sext_ln70_15' <Predicate = true> <Delay = 0.00>
ST_1 : Operation 197 [1/1] (0.00ns)   --->   "%sext_ln70_16 = sext i16 %data_5_val6_read" [firmware/nnet_utils/nnet_mult.h:70->firmware/nnet_utils/nnet_dense_latency.h:42->firmware/nnet_utils/nnet_dense_stream.h:17]   --->   Operation 197 'sext' 'sext_ln70_16' <Predicate = true> <Delay = 0.00>
ST_1 : Operation 198 [1/1] (0.00ns)   --->   "%sext_ln70_17 = sext i16 %data_5_val6_read" [firmware/nnet_utils/nnet_mult.h:70->firmware/nnet_utils/nnet_dense_latency.h:42->firmware/nnet_utils/nnet_dense_stream.h:17]   --->   Operation 198 'sext' 'sext_ln70_17' <Predicate = true> <Delay = 0.00>
ST_1 : Operation 199 [1/1] (0.00ns)   --->   "%sext_ln70_18 = sext i16 %data_5_val6_read" [firmware/nnet_utils/nnet_mult.h:70->firmware/nnet_utils/nnet_dense_latency.h:42->firmware/nnet_utils/nnet_dense_stream.h:17]   --->   Operation 199 'sext' 'sext_ln70_18' <Predicate = true> <Delay = 0.00>
ST_1 : Operation 200 [1/1] (0.00ns)   --->   "%sext_ln70_19 = sext i16 %data_5_val6_read" [firmware/nnet_utils/nnet_mult.h:70->firmware/nnet_utils/nnet_dense_latency.h:42->firmware/nnet_utils/nnet_dense_stream.h:17]   --->   Operation 200 'sext' 'sext_ln70_19' <Predicate = true> <Delay = 0.00>
ST_1 : Operation 201 [1/1] (0.00ns)   --->   "%tmp_30 = bitconcatenate i23 @_ssdm_op_BitConcatenate.i23.i16.i7, i16 %data_5_val6_read, i7 0" [firmware/nnet_utils/nnet_mult.h:73->firmware/nnet_utils/nnet_dense_latency.h:42->firmware/nnet_utils/nnet_dense_stream.h:17]   --->   Operation 201 'bitconcatenate' 'tmp_30' <Predicate = true> <Delay = 0.00>
ST_1 : Operation 202 [1/1] (0.00ns)   --->   "%sext_ln73_17 = sext i23 %tmp_30" [firmware/nnet_utils/nnet_mult.h:73->firmware/nnet_utils/nnet_dense_latency.h:42->firmware/nnet_utils/nnet_dense_stream.h:17]   --->   Operation 202 'sext' 'sext_ln73_17' <Predicate = true> <Delay = 0.00>
ST_1 : Operation 203 [1/1] (0.00ns)   --->   "%tmp_31 = bitconcatenate i20 @_ssdm_op_BitConcatenate.i20.i16.i4, i16 %data_5_val6_read, i4 0" [firmware/nnet_utils/nnet_mult.h:73->firmware/nnet_utils/nnet_dense_latency.h:42->firmware/nnet_utils/nnet_dense_stream.h:17]   --->   Operation 203 'bitconcatenate' 'tmp_31' <Predicate = true> <Delay = 0.00>
ST_1 : Operation 204 [1/1] (0.00ns)   --->   "%sext_ln73_18 = sext i20 %tmp_31" [firmware/nnet_utils/nnet_mult.h:73->firmware/nnet_utils/nnet_dense_latency.h:42->firmware/nnet_utils/nnet_dense_stream.h:17]   --->   Operation 204 'sext' 'sext_ln73_18' <Predicate = true> <Delay = 0.00>
ST_1 : Operation 205 [1/1] (0.92ns)   --->   "%add_ln73_4 = add i25 %sext_ln73_17, i25 %sext_ln73_18" [firmware/nnet_utils/nnet_mult.h:73->firmware/nnet_utils/nnet_dense_latency.h:42->firmware/nnet_utils/nnet_dense_stream.h:17]   --->   Operation 205 'add' 'add_ln73_4' <Predicate = true> <Delay = 0.92> <CoreInst = "Adder">   --->   Core 1 'Adder' <Latency = 0> <II = 1> <Delay = 0.92> <FuncUnit> <Opcode : 'add' 'sub'> <InPorts = 2> <OutPorts = 1>
ST_1 : Operation 206 [1/1] (0.00ns)   --->   "%mult_40 = partselect i15 @_ssdm_op_PartSelect.i15.i25.i32.i32, i25 %add_ln73_4, i32 10, i32 24" [firmware/nnet_utils/nnet_dense_latency.h:42->firmware/nnet_utils/nnet_dense_stream.h:17]   --->   Operation 206 'partselect' 'mult_40' <Predicate = true> <Delay = 0.00>
ST_1 : Operation 207 [1/1] (2.38ns)   --->   "%mul_ln73_29 = mul i26 %sext_ln70_18, i26 339" [firmware/nnet_utils/nnet_mult.h:73->firmware/nnet_utils/nnet_dense_latency.h:42->firmware/nnet_utils/nnet_dense_stream.h:17]   --->   Operation 207 'mul' 'mul_ln73_29' <Predicate = true> <Delay = 2.38> <CoreInst = "Multiplier">   --->   Core 3 'Multiplier' <Latency = 0> <II = 1> <Delay = 2.38> <FuncUnit> <Opcode : 'mul'> <InPorts = 2> <OutPorts = 1>
ST_1 : Operation 208 [1/1] (0.00ns)   --->   "%mult_41 = partselect i16 @_ssdm_op_PartSelect.i16.i26.i32.i32, i26 %mul_ln73_29, i32 10, i32 25" [firmware/nnet_utils/nnet_dense_latency.h:42->firmware/nnet_utils/nnet_dense_stream.h:17]   --->   Operation 208 'partselect' 'mult_41' <Predicate = true> <Delay = 0.00>
ST_1 : Operation 209 [1/1] (2.38ns)   --->   "%mul_ln73_30 = mul i25 %sext_ln70_19, i25 33554252" [firmware/nnet_utils/nnet_mult.h:73->firmware/nnet_utils/nnet_dense_latency.h:42->firmware/nnet_utils/nnet_dense_stream.h:17]   --->   Operation 209 'mul' 'mul_ln73_30' <Predicate = true> <Delay = 2.38> <CoreInst = "Multiplier">   --->   Core 3 'Multiplier' <Latency = 0> <II = 1> <Delay = 2.38> <FuncUnit> <Opcode : 'mul'> <InPorts = 2> <OutPorts = 1>
ST_1 : Operation 210 [1/1] (0.00ns)   --->   "%mult_42 = partselect i15 @_ssdm_op_PartSelect.i15.i25.i32.i32, i25 %mul_ln73_30, i32 10, i32 24" [firmware/nnet_utils/nnet_dense_latency.h:42->firmware/nnet_utils/nnet_dense_stream.h:17]   --->   Operation 210 'partselect' 'mult_42' <Predicate = true> <Delay = 0.00>
ST_1 : Operation 211 [1/1] (2.38ns)   --->   "%mul_ln73_31 = mul i23 %sext_ln70_17, i23 8388569" [firmware/nnet_utils/nnet_mult.h:73->firmware/nnet_utils/nnet_dense_latency.h:42->firmware/nnet_utils/nnet_dense_stream.h:17]   --->   Operation 211 'mul' 'mul_ln73_31' <Predicate = true> <Delay = 2.38> <CoreInst = "Multiplier">   --->   Core 3 'Multiplier' <Latency = 0> <II = 1> <Delay = 2.38> <FuncUnit> <Opcode : 'mul'> <InPorts = 2> <OutPorts = 1>
ST_1 : Operation 212 [1/1] (0.00ns)   --->   "%mult_43 = partselect i13 @_ssdm_op_PartSelect.i13.i23.i32.i32, i23 %mul_ln73_31, i32 10, i32 22" [firmware/nnet_utils/nnet_dense_latency.h:42->firmware/nnet_utils/nnet_dense_stream.h:17]   --->   Operation 212 'partselect' 'mult_43' <Predicate = true> <Delay = 0.00>
ST_1 : Operation 213 [1/1] (0.00ns)   --->   "%sext_ln17_13 = sext i13 %mult_43" [firmware/nnet_utils/nnet_dense_latency.h:17->firmware/nnet_utils/nnet_dense_stream.h:17]   --->   Operation 213 'sext' 'sext_ln17_13' <Predicate = true> <Delay = 0.00>
ST_1 : Operation 214 [1/1] (2.38ns)   --->   "%mul_ln73_32 = mul i24 %sext_ln70_16, i24 16777141" [firmware/nnet_utils/nnet_mult.h:73->firmware/nnet_utils/nnet_dense_latency.h:42->firmware/nnet_utils/nnet_dense_stream.h:17]   --->   Operation 214 'mul' 'mul_ln73_32' <Predicate = true> <Delay = 2.38> <CoreInst = "Multiplier">   --->   Core 3 'Multiplier' <Latency = 0> <II = 1> <Delay = 2.38> <FuncUnit> <Opcode : 'mul'> <InPorts = 2> <OutPorts = 1>
ST_1 : Operation 215 [1/1] (0.00ns)   --->   "%mult_44 = partselect i14 @_ssdm_op_PartSelect.i14.i24.i32.i32, i24 %mul_ln73_32, i32 10, i32 23" [firmware/nnet_utils/nnet_dense_latency.h:42->firmware/nnet_utils/nnet_dense_stream.h:17]   --->   Operation 215 'partselect' 'mult_44' <Predicate = true> <Delay = 0.00>
ST_1 : Operation 216 [1/1] (0.00ns)   --->   "%sext_ln17_14 = sext i14 %mult_44" [firmware/nnet_utils/nnet_dense_latency.h:17->firmware/nnet_utils/nnet_dense_stream.h:17]   --->   Operation 216 'sext' 'sext_ln17_14' <Predicate = true> <Delay = 0.00>
ST_1 : Operation 217 [1/1] (2.38ns)   --->   "%mul_ln73_33 = mul i24 %sext_ln70_16, i24 16777140" [firmware/nnet_utils/nnet_mult.h:73->firmware/nnet_utils/nnet_dense_latency.h:42->firmware/nnet_utils/nnet_dense_stream.h:17]   --->   Operation 217 'mul' 'mul_ln73_33' <Predicate = true> <Delay = 2.38> <CoreInst = "Multiplier">   --->   Core 3 'Multiplier' <Latency = 0> <II = 1> <Delay = 2.38> <FuncUnit> <Opcode : 'mul'> <InPorts = 2> <OutPorts = 1>
ST_1 : Operation 218 [1/1] (0.00ns)   --->   "%mult_45 = partselect i14 @_ssdm_op_PartSelect.i14.i24.i32.i32, i24 %mul_ln73_33, i32 10, i32 23" [firmware/nnet_utils/nnet_dense_latency.h:42->firmware/nnet_utils/nnet_dense_stream.h:17]   --->   Operation 218 'partselect' 'mult_45' <Predicate = true> <Delay = 0.00>
ST_1 : Operation 219 [1/1] (2.38ns)   --->   "%mul_ln73_34 = mul i26 %sext_ln70_18, i26 67108494" [firmware/nnet_utils/nnet_mult.h:73->firmware/nnet_utils/nnet_dense_latency.h:42->firmware/nnet_utils/nnet_dense_stream.h:17]   --->   Operation 219 'mul' 'mul_ln73_34' <Predicate = true> <Delay = 2.38> <CoreInst = "Multiplier">   --->   Core 3 'Multiplier' <Latency = 0> <II = 1> <Delay = 2.38> <FuncUnit> <Opcode : 'mul'> <InPorts = 2> <OutPorts = 1>
ST_1 : Operation 220 [1/1] (0.00ns)   --->   "%mult_46 = partselect i16 @_ssdm_op_PartSelect.i16.i26.i32.i32, i26 %mul_ln73_34, i32 10, i32 25" [firmware/nnet_utils/nnet_dense_latency.h:42->firmware/nnet_utils/nnet_dense_stream.h:17]   --->   Operation 220 'partselect' 'mult_46' <Predicate = true> <Delay = 0.00>
ST_1 : Operation 221 [1/1] (0.00ns)   --->   "%tmp_32 = bitconcatenate i21 @_ssdm_op_BitConcatenate.i21.i16.i5, i16 %data_5_val6_read, i5 0" [firmware/nnet_utils/nnet_mult.h:73->firmware/nnet_utils/nnet_dense_latency.h:42->firmware/nnet_utils/nnet_dense_stream.h:17]   --->   Operation 221 'bitconcatenate' 'tmp_32' <Predicate = true> <Delay = 0.00>
ST_1 : Operation 222 [1/1] (0.00ns)   --->   "%sext_ln73_19 = sext i21 %tmp_32" [firmware/nnet_utils/nnet_mult.h:73->firmware/nnet_utils/nnet_dense_latency.h:42->firmware/nnet_utils/nnet_dense_stream.h:17]   --->   Operation 222 'sext' 'sext_ln73_19' <Predicate = true> <Delay = 0.00>
ST_1 : Operation 223 [1/1] (0.90ns)   --->   "%sub_ln73_9 = sub i22 %sext_ln70_15, i22 %sext_ln73_19" [firmware/nnet_utils/nnet_mult.h:73->firmware/nnet_utils/nnet_dense_latency.h:42->firmware/nnet_utils/nnet_dense_stream.h:17]   --->   Operation 223 'sub' 'sub_ln73_9' <Predicate = true> <Delay = 0.90> <CoreInst = "Adder">   --->   Core 1 'Adder' <Latency = 0> <II = 1> <Delay = 0.90> <FuncUnit> <Opcode : 'add' 'sub'> <InPorts = 2> <OutPorts = 1>
ST_1 : Operation 224 [1/1] (0.00ns)   --->   "%mult_47 = partselect i12 @_ssdm_op_PartSelect.i12.i22.i32.i32, i22 %sub_ln73_9, i32 10, i32 21" [firmware/nnet_utils/nnet_dense_latency.h:42->firmware/nnet_utils/nnet_dense_stream.h:17]   --->   Operation 224 'partselect' 'mult_47' <Predicate = true> <Delay = 0.00>
ST_1 : Operation 225 [1/1] (0.00ns)   --->   "%sext_ln17_15 = sext i12 %mult_47" [firmware/nnet_utils/nnet_dense_latency.h:17->firmware/nnet_utils/nnet_dense_stream.h:17]   --->   Operation 225 'sext' 'sext_ln17_15' <Predicate = true> <Delay = 0.00>
ST_1 : Operation 226 [1/1] (0.00ns)   --->   "%sext_ln70_20 = sext i16 %data_6_val7_read" [firmware/nnet_utils/nnet_mult.h:70->firmware/nnet_utils/nnet_dense_latency.h:42->firmware/nnet_utils/nnet_dense_stream.h:17]   --->   Operation 226 'sext' 'sext_ln70_20' <Predicate = true> <Delay = 0.00>
ST_1 : Operation 227 [1/1] (0.00ns)   --->   "%sext_ln70_21 = sext i16 %data_6_val7_read" [firmware/nnet_utils/nnet_mult.h:70->firmware/nnet_utils/nnet_dense_latency.h:42->firmware/nnet_utils/nnet_dense_stream.h:17]   --->   Operation 227 'sext' 'sext_ln70_21' <Predicate = true> <Delay = 0.00>
ST_1 : Operation 228 [1/1] (0.00ns)   --->   "%sext_ln70_22 = sext i16 %data_6_val7_read" [firmware/nnet_utils/nnet_mult.h:70->firmware/nnet_utils/nnet_dense_latency.h:42->firmware/nnet_utils/nnet_dense_stream.h:17]   --->   Operation 228 'sext' 'sext_ln70_22' <Predicate = true> <Delay = 0.00>
ST_1 : Operation 229 [1/1] (2.38ns)   --->   "%mul_ln73_35 = mul i26 %sext_ln70_22, i26 287" [firmware/nnet_utils/nnet_mult.h:73->firmware/nnet_utils/nnet_dense_latency.h:42->firmware/nnet_utils/nnet_dense_stream.h:17]   --->   Operation 229 'mul' 'mul_ln73_35' <Predicate = true> <Delay = 2.38> <CoreInst = "Multiplier">   --->   Core 3 'Multiplier' <Latency = 0> <II = 1> <Delay = 2.38> <FuncUnit> <Opcode : 'mul'> <InPorts = 2> <OutPorts = 1>
ST_1 : Operation 230 [1/1] (0.00ns)   --->   "%mult_48 = partselect i16 @_ssdm_op_PartSelect.i16.i26.i32.i32, i26 %mul_ln73_35, i32 10, i32 25" [firmware/nnet_utils/nnet_dense_latency.h:42->firmware/nnet_utils/nnet_dense_stream.h:17]   --->   Operation 230 'partselect' 'mult_48' <Predicate = true> <Delay = 0.00>
ST_1 : Operation 231 [1/1] (2.38ns)   --->   "%mul_ln73_36 = mul i24 %sext_ln70_21, i24 16777127" [firmware/nnet_utils/nnet_mult.h:73->firmware/nnet_utils/nnet_dense_latency.h:42->firmware/nnet_utils/nnet_dense_stream.h:17]   --->   Operation 231 'mul' 'mul_ln73_36' <Predicate = true> <Delay = 2.38> <CoreInst = "Multiplier">   --->   Core 3 'Multiplier' <Latency = 0> <II = 1> <Delay = 2.38> <FuncUnit> <Opcode : 'mul'> <InPorts = 2> <OutPorts = 1>
ST_1 : Operation 232 [1/1] (0.00ns)   --->   "%mult_49 = partselect i14 @_ssdm_op_PartSelect.i14.i24.i32.i32, i24 %mul_ln73_36, i32 10, i32 23" [firmware/nnet_utils/nnet_dense_latency.h:42->firmware/nnet_utils/nnet_dense_stream.h:17]   --->   Operation 232 'partselect' 'mult_49' <Predicate = true> <Delay = 0.00>
ST_1 : Operation 233 [1/1] (0.00ns)   --->   "%sext_ln17_16 = sext i14 %mult_49" [firmware/nnet_utils/nnet_dense_latency.h:17->firmware/nnet_utils/nnet_dense_stream.h:17]   --->   Operation 233 'sext' 'sext_ln17_16' <Predicate = true> <Delay = 0.00>
ST_1 : Operation 234 [1/1] (2.38ns)   --->   "%mul_ln73_37 = mul i25 %sext_ln70_20, i25 189" [firmware/nnet_utils/nnet_mult.h:73->firmware/nnet_utils/nnet_dense_latency.h:42->firmware/nnet_utils/nnet_dense_stream.h:17]   --->   Operation 234 'mul' 'mul_ln73_37' <Predicate = true> <Delay = 2.38> <CoreInst = "Multiplier">   --->   Core 3 'Multiplier' <Latency = 0> <II = 1> <Delay = 2.38> <FuncUnit> <Opcode : 'mul'> <InPorts = 2> <OutPorts = 1>
ST_1 : Operation 235 [1/1] (0.00ns)   --->   "%mult_50 = partselect i15 @_ssdm_op_PartSelect.i15.i25.i32.i32, i25 %mul_ln73_37, i32 10, i32 24" [firmware/nnet_utils/nnet_dense_latency.h:42->firmware/nnet_utils/nnet_dense_stream.h:17]   --->   Operation 235 'partselect' 'mult_50' <Predicate = true> <Delay = 0.00>
ST_1 : Operation 236 [1/1] (0.00ns)   --->   "%sext_ln42_19 = sext i15 %mult_50" [firmware/nnet_utils/nnet_dense_latency.h:42->firmware/nnet_utils/nnet_dense_stream.h:17]   --->   Operation 236 'sext' 'sext_ln42_19' <Predicate = true> <Delay = 0.00>
ST_1 : Operation 237 [1/1] (2.38ns)   --->   "%mul_ln73_38 = mul i26 %sext_ln70_22, i26 370" [firmware/nnet_utils/nnet_mult.h:73->firmware/nnet_utils/nnet_dense_latency.h:42->firmware/nnet_utils/nnet_dense_stream.h:17]   --->   Operation 237 'mul' 'mul_ln73_38' <Predicate = true> <Delay = 2.38> <CoreInst = "Multiplier">   --->   Core 3 'Multiplier' <Latency = 0> <II = 1> <Delay = 2.38> <FuncUnit> <Opcode : 'mul'> <InPorts = 2> <OutPorts = 1>
ST_1 : Operation 238 [1/1] (0.00ns)   --->   "%mult_51 = partselect i16 @_ssdm_op_PartSelect.i16.i26.i32.i32, i26 %mul_ln73_38, i32 10, i32 25" [firmware/nnet_utils/nnet_dense_latency.h:42->firmware/nnet_utils/nnet_dense_stream.h:17]   --->   Operation 238 'partselect' 'mult_51' <Predicate = true> <Delay = 0.00>
ST_1 : Operation 239 [1/1] (2.38ns)   --->   "%mul_ln73_39 = mul i26 %sext_ln70_22, i26 67108500" [firmware/nnet_utils/nnet_mult.h:73->firmware/nnet_utils/nnet_dense_latency.h:42->firmware/nnet_utils/nnet_dense_stream.h:17]   --->   Operation 239 'mul' 'mul_ln73_39' <Predicate = true> <Delay = 2.38> <CoreInst = "Multiplier">   --->   Core 3 'Multiplier' <Latency = 0> <II = 1> <Delay = 2.38> <FuncUnit> <Opcode : 'mul'> <InPorts = 2> <OutPorts = 1>
ST_1 : Operation 240 [1/1] (0.00ns)   --->   "%mult_52 = partselect i16 @_ssdm_op_PartSelect.i16.i26.i32.i32, i26 %mul_ln73_39, i32 10, i32 25" [firmware/nnet_utils/nnet_dense_latency.h:42->firmware/nnet_utils/nnet_dense_stream.h:17]   --->   Operation 240 'partselect' 'mult_52' <Predicate = true> <Delay = 0.00>
ST_1 : Operation 241 [1/1] (2.38ns)   --->   "%mul_ln73_40 = mul i25 %sext_ln70_20, i25 33554257" [firmware/nnet_utils/nnet_mult.h:73->firmware/nnet_utils/nnet_dense_latency.h:42->firmware/nnet_utils/nnet_dense_stream.h:17]   --->   Operation 241 'mul' 'mul_ln73_40' <Predicate = true> <Delay = 2.38> <CoreInst = "Multiplier">   --->   Core 3 'Multiplier' <Latency = 0> <II = 1> <Delay = 2.38> <FuncUnit> <Opcode : 'mul'> <InPorts = 2> <OutPorts = 1>
ST_1 : Operation 242 [1/1] (0.00ns)   --->   "%mult_53 = partselect i15 @_ssdm_op_PartSelect.i15.i25.i32.i32, i25 %mul_ln73_40, i32 10, i32 24" [firmware/nnet_utils/nnet_dense_latency.h:42->firmware/nnet_utils/nnet_dense_stream.h:17]   --->   Operation 242 'partselect' 'mult_53' <Predicate = true> <Delay = 0.00>
ST_1 : Operation 243 [1/1] (2.38ns)   --->   "%mul_ln73_41 = mul i25 %sext_ln70_20, i25 145" [firmware/nnet_utils/nnet_mult.h:73->firmware/nnet_utils/nnet_dense_latency.h:42->firmware/nnet_utils/nnet_dense_stream.h:17]   --->   Operation 243 'mul' 'mul_ln73_41' <Predicate = true> <Delay = 2.38> <CoreInst = "Multiplier">   --->   Core 3 'Multiplier' <Latency = 0> <II = 1> <Delay = 2.38> <FuncUnit> <Opcode : 'mul'> <InPorts = 2> <OutPorts = 1>
ST_1 : Operation 244 [1/1] (0.00ns)   --->   "%mult_54 = partselect i15 @_ssdm_op_PartSelect.i15.i25.i32.i32, i25 %mul_ln73_41, i32 10, i32 24" [firmware/nnet_utils/nnet_dense_latency.h:42->firmware/nnet_utils/nnet_dense_stream.h:17]   --->   Operation 244 'partselect' 'mult_54' <Predicate = true> <Delay = 0.00>
ST_1 : Operation 245 [1/1] (0.00ns)   --->   "%sext_ln42_21 = sext i15 %mult_54" [firmware/nnet_utils/nnet_dense_latency.h:42->firmware/nnet_utils/nnet_dense_stream.h:17]   --->   Operation 245 'sext' 'sext_ln42_21' <Predicate = true> <Delay = 0.00>
ST_1 : Operation 246 [1/1] (2.38ns)   --->   "%mul_ln73_42 = mul i25 %sext_ln70_20, i25 33554207" [firmware/nnet_utils/nnet_mult.h:73->firmware/nnet_utils/nnet_dense_latency.h:42->firmware/nnet_utils/nnet_dense_stream.h:17]   --->   Operation 246 'mul' 'mul_ln73_42' <Predicate = true> <Delay = 2.38> <CoreInst = "Multiplier">   --->   Core 3 'Multiplier' <Latency = 0> <II = 1> <Delay = 2.38> <FuncUnit> <Opcode : 'mul'> <InPorts = 2> <OutPorts = 1>
ST_1 : Operation 247 [1/1] (0.00ns)   --->   "%mult_55 = partselect i15 @_ssdm_op_PartSelect.i15.i25.i32.i32, i25 %mul_ln73_42, i32 10, i32 24" [firmware/nnet_utils/nnet_dense_latency.h:42->firmware/nnet_utils/nnet_dense_stream.h:17]   --->   Operation 247 'partselect' 'mult_55' <Predicate = true> <Delay = 0.00>
ST_1 : Operation 248 [1/1] (0.00ns)   --->   "%sext_ln42_22 = sext i15 %mult_55" [firmware/nnet_utils/nnet_dense_latency.h:42->firmware/nnet_utils/nnet_dense_stream.h:17]   --->   Operation 248 'sext' 'sext_ln42_22' <Predicate = true> <Delay = 0.00>
ST_1 : Operation 249 [1/1] (0.00ns)   --->   "%sext_ln70_23 = sext i16 %data_7_val8_read" [firmware/nnet_utils/nnet_mult.h:70->firmware/nnet_utils/nnet_dense_latency.h:42->firmware/nnet_utils/nnet_dense_stream.h:17]   --->   Operation 249 'sext' 'sext_ln70_23' <Predicate = true> <Delay = 0.00>
ST_1 : Operation 250 [1/1] (0.00ns)   --->   "%sext_ln70_24 = sext i16 %data_7_val8_read" [firmware/nnet_utils/nnet_mult.h:70->firmware/nnet_utils/nnet_dense_latency.h:42->firmware/nnet_utils/nnet_dense_stream.h:17]   --->   Operation 250 'sext' 'sext_ln70_24' <Predicate = true> <Delay = 0.00>
ST_1 : Operation 251 [1/1] (0.00ns)   --->   "%sext_ln70_25 = sext i16 %data_7_val8_read" [firmware/nnet_utils/nnet_mult.h:70->firmware/nnet_utils/nnet_dense_latency.h:42->firmware/nnet_utils/nnet_dense_stream.h:17]   --->   Operation 251 'sext' 'sext_ln70_25' <Predicate = true> <Delay = 0.00>
ST_1 : Operation 252 [1/1] (2.38ns)   --->   "%mul_ln73_43 = mul i23 %sext_ln70_25, i23 55" [firmware/nnet_utils/nnet_mult.h:73->firmware/nnet_utils/nnet_dense_latency.h:42->firmware/nnet_utils/nnet_dense_stream.h:17]   --->   Operation 252 'mul' 'mul_ln73_43' <Predicate = true> <Delay = 2.38> <CoreInst = "Multiplier">   --->   Core 3 'Multiplier' <Latency = 0> <II = 1> <Delay = 2.38> <FuncUnit> <Opcode : 'mul'> <InPorts = 2> <OutPorts = 1>
ST_1 : Operation 253 [1/1] (0.00ns)   --->   "%mult_56 = partselect i13 @_ssdm_op_PartSelect.i13.i23.i32.i32, i23 %mul_ln73_43, i32 10, i32 22" [firmware/nnet_utils/nnet_dense_latency.h:42->firmware/nnet_utils/nnet_dense_stream.h:17]   --->   Operation 253 'partselect' 'mult_56' <Predicate = true> <Delay = 0.00>
ST_1 : Operation 254 [1/1] (0.00ns)   --->   "%sext_ln17_17 = sext i13 %mult_56" [firmware/nnet_utils/nnet_dense_latency.h:17->firmware/nnet_utils/nnet_dense_stream.h:17]   --->   Operation 254 'sext' 'sext_ln17_17' <Predicate = true> <Delay = 0.00>
ST_1 : Operation 255 [1/1] (0.00ns)   --->   "%tmp_33 = bitconcatenate i24 @_ssdm_op_BitConcatenate.i24.i16.i8, i16 %data_7_val8_read, i8 0" [firmware/nnet_utils/nnet_mult.h:73->firmware/nnet_utils/nnet_dense_latency.h:42->firmware/nnet_utils/nnet_dense_stream.h:17]   --->   Operation 255 'bitconcatenate' 'tmp_33' <Predicate = true> <Delay = 0.00>
ST_1 : Operation 256 [1/1] (0.00ns)   --->   "%sext_ln73_20 = sext i24 %tmp_33" [firmware/nnet_utils/nnet_mult.h:73->firmware/nnet_utils/nnet_dense_latency.h:42->firmware/nnet_utils/nnet_dense_stream.h:17]   --->   Operation 256 'sext' 'sext_ln73_20' <Predicate = true> <Delay = 0.00>
ST_1 : Operation 257 [1/1] (0.93ns)   --->   "%sub_ln73_10 = sub i25 0, i25 %sext_ln73_20" [firmware/nnet_utils/nnet_mult.h:73->firmware/nnet_utils/nnet_dense_latency.h:42->firmware/nnet_utils/nnet_dense_stream.h:17]   --->   Operation 257 'sub' 'sub_ln73_10' <Predicate = true> <Delay = 0.93> <CoreInst = "Adder">   --->   Core 1 'Adder' <Latency = 0> <II = 1> <Delay = 0.93> <FuncUnit> <Opcode : 'add' 'sub'> <InPorts = 2> <OutPorts = 1>
ST_1 : Operation 258 [1/1] (0.00ns)   --->   "%mult_57 = partselect i15 @_ssdm_op_PartSelect.i15.i25.i32.i32, i25 %sub_ln73_10, i32 10, i32 24" [firmware/nnet_utils/nnet_dense_latency.h:42->firmware/nnet_utils/nnet_dense_stream.h:17]   --->   Operation 258 'partselect' 'mult_57' <Predicate = true> <Delay = 0.00>
ST_1 : Operation 259 [1/1] (0.00ns)   --->   "%sext_ln42_23 = sext i15 %mult_57" [firmware/nnet_utils/nnet_dense_latency.h:42->firmware/nnet_utils/nnet_dense_stream.h:17]   --->   Operation 259 'sext' 'sext_ln42_23' <Predicate = true> <Delay = 0.00>
ST_1 : Operation 260 [1/1] (2.38ns)   --->   "%mul_ln73_44 = mul i25 %sext_ln70_24, i25 246" [firmware/nnet_utils/nnet_mult.h:73->firmware/nnet_utils/nnet_dense_latency.h:42->firmware/nnet_utils/nnet_dense_stream.h:17]   --->   Operation 260 'mul' 'mul_ln73_44' <Predicate = true> <Delay = 2.38> <CoreInst = "Multiplier">   --->   Core 3 'Multiplier' <Latency = 0> <II = 1> <Delay = 2.38> <FuncUnit> <Opcode : 'mul'> <InPorts = 2> <OutPorts = 1>
ST_1 : Operation 261 [1/1] (0.00ns)   --->   "%mult_58 = partselect i15 @_ssdm_op_PartSelect.i15.i25.i32.i32, i25 %mul_ln73_44, i32 10, i32 24" [firmware/nnet_utils/nnet_dense_latency.h:42->firmware/nnet_utils/nnet_dense_stream.h:17]   --->   Operation 261 'partselect' 'mult_58' <Predicate = true> <Delay = 0.00>
ST_1 : Operation 262 [1/1] (0.00ns)   --->   "%sext_ln42_24 = sext i15 %mult_58" [firmware/nnet_utils/nnet_dense_latency.h:42->firmware/nnet_utils/nnet_dense_stream.h:17]   --->   Operation 262 'sext' 'sext_ln42_24' <Predicate = true> <Delay = 0.00>
ST_1 : Operation 263 [1/1] (2.38ns)   --->   "%mul_ln73_45 = mul i26 %sext_ln70_23, i26 67108499" [firmware/nnet_utils/nnet_mult.h:73->firmware/nnet_utils/nnet_dense_latency.h:42->firmware/nnet_utils/nnet_dense_stream.h:17]   --->   Operation 263 'mul' 'mul_ln73_45' <Predicate = true> <Delay = 2.38> <CoreInst = "Multiplier">   --->   Core 3 'Multiplier' <Latency = 0> <II = 1> <Delay = 2.38> <FuncUnit> <Opcode : 'mul'> <InPorts = 2> <OutPorts = 1>
ST_1 : Operation 264 [1/1] (0.00ns)   --->   "%mult_59 = partselect i16 @_ssdm_op_PartSelect.i16.i26.i32.i32, i26 %mul_ln73_45, i32 10, i32 25" [firmware/nnet_utils/nnet_dense_latency.h:42->firmware/nnet_utils/nnet_dense_stream.h:17]   --->   Operation 264 'partselect' 'mult_59' <Predicate = true> <Delay = 0.00>
ST_1 : Operation 265 [1/1] (2.38ns)   --->   "%mul_ln73_46 = mul i25 %sext_ln70_24, i25 33554221" [firmware/nnet_utils/nnet_mult.h:73->firmware/nnet_utils/nnet_dense_latency.h:42->firmware/nnet_utils/nnet_dense_stream.h:17]   --->   Operation 265 'mul' 'mul_ln73_46' <Predicate = true> <Delay = 2.38> <CoreInst = "Multiplier">   --->   Core 3 'Multiplier' <Latency = 0> <II = 1> <Delay = 2.38> <FuncUnit> <Opcode : 'mul'> <InPorts = 2> <OutPorts = 1>
ST_1 : Operation 266 [1/1] (0.00ns)   --->   "%mult_60 = partselect i15 @_ssdm_op_PartSelect.i15.i25.i32.i32, i25 %mul_ln73_46, i32 10, i32 24" [firmware/nnet_utils/nnet_dense_latency.h:42->firmware/nnet_utils/nnet_dense_stream.h:17]   --->   Operation 266 'partselect' 'mult_60' <Predicate = true> <Delay = 0.00>
ST_1 : Operation 267 [1/1] (0.00ns)   --->   "%sext_ln42_25 = sext i15 %mult_60" [firmware/nnet_utils/nnet_dense_latency.h:42->firmware/nnet_utils/nnet_dense_stream.h:17]   --->   Operation 267 'sext' 'sext_ln42_25' <Predicate = true> <Delay = 0.00>
ST_1 : Operation 268 [1/1] (2.38ns)   --->   "%mul_ln73_47 = mul i26 %sext_ln70_23, i26 67108569" [firmware/nnet_utils/nnet_mult.h:73->firmware/nnet_utils/nnet_dense_latency.h:42->firmware/nnet_utils/nnet_dense_stream.h:17]   --->   Operation 268 'mul' 'mul_ln73_47' <Predicate = true> <Delay = 2.38> <CoreInst = "Multiplier">   --->   Core 3 'Multiplier' <Latency = 0> <II = 1> <Delay = 2.38> <FuncUnit> <Opcode : 'mul'> <InPorts = 2> <OutPorts = 1>
ST_1 : Operation 269 [1/1] (0.00ns)   --->   "%mult_61 = partselect i16 @_ssdm_op_PartSelect.i16.i26.i32.i32, i26 %mul_ln73_47, i32 10, i32 25" [firmware/nnet_utils/nnet_dense_latency.h:42->firmware/nnet_utils/nnet_dense_stream.h:17]   --->   Operation 269 'partselect' 'mult_61' <Predicate = true> <Delay = 0.00>
ST_1 : Operation 270 [1/1] (2.38ns)   --->   "%mul_ln73_48 = mul i26 %sext_ln70_23, i26 370" [firmware/nnet_utils/nnet_mult.h:73->firmware/nnet_utils/nnet_dense_latency.h:42->firmware/nnet_utils/nnet_dense_stream.h:17]   --->   Operation 270 'mul' 'mul_ln73_48' <Predicate = true> <Delay = 2.38> <CoreInst = "Multiplier">   --->   Core 3 'Multiplier' <Latency = 0> <II = 1> <Delay = 2.38> <FuncUnit> <Opcode : 'mul'> <InPorts = 2> <OutPorts = 1>
ST_1 : Operation 271 [1/1] (0.00ns)   --->   "%mult_62 = partselect i16 @_ssdm_op_PartSelect.i16.i26.i32.i32, i26 %mul_ln73_48, i32 10, i32 25" [firmware/nnet_utils/nnet_dense_latency.h:42->firmware/nnet_utils/nnet_dense_stream.h:17]   --->   Operation 271 'partselect' 'mult_62' <Predicate = true> <Delay = 0.00>
ST_1 : Operation 272 [1/1] (0.00ns)   --->   "%tmp_34 = bitconcatenate i21 @_ssdm_op_BitConcatenate.i21.i16.i5, i16 %data_7_val8_read, i5 0" [firmware/nnet_utils/nnet_mult.h:73->firmware/nnet_utils/nnet_dense_latency.h:42->firmware/nnet_utils/nnet_dense_stream.h:17]   --->   Operation 272 'bitconcatenate' 'tmp_34' <Predicate = true> <Delay = 0.00>
ST_1 : Operation 273 [1/1] (0.00ns)   --->   "%sext_ln73_21 = sext i21 %tmp_34" [firmware/nnet_utils/nnet_mult.h:73->firmware/nnet_utils/nnet_dense_latency.h:42->firmware/nnet_utils/nnet_dense_stream.h:17]   --->   Operation 273 'sext' 'sext_ln73_21' <Predicate = true> <Delay = 0.00>
ST_1 : Operation 274 [1/1] (0.00ns)   --->   "%tmp_35 = bitconcatenate i19 @_ssdm_op_BitConcatenate.i19.i16.i3, i16 %data_7_val8_read, i3 0" [firmware/nnet_utils/nnet_mult.h:73->firmware/nnet_utils/nnet_dense_latency.h:42->firmware/nnet_utils/nnet_dense_stream.h:17]   --->   Operation 274 'bitconcatenate' 'tmp_35' <Predicate = true> <Delay = 0.00>
ST_1 : Operation 275 [1/1] (0.00ns)   --->   "%sext_ln73_22 = sext i19 %tmp_35" [firmware/nnet_utils/nnet_mult.h:73->firmware/nnet_utils/nnet_dense_latency.h:42->firmware/nnet_utils/nnet_dense_stream.h:17]   --->   Operation 275 'sext' 'sext_ln73_22' <Predicate = true> <Delay = 0.00>
ST_1 : Operation 276 [1/1] (0.90ns)   --->   "%add_ln73_5 = add i23 %sext_ln73_21, i23 %sext_ln73_22" [firmware/nnet_utils/nnet_mult.h:73->firmware/nnet_utils/nnet_dense_latency.h:42->firmware/nnet_utils/nnet_dense_stream.h:17]   --->   Operation 276 'add' 'add_ln73_5' <Predicate = true> <Delay = 0.90> <CoreInst = "Adder">   --->   Core 1 'Adder' <Latency = 0> <II = 1> <Delay = 0.90> <FuncUnit> <Opcode : 'add' 'sub'> <InPorts = 2> <OutPorts = 1>
ST_1 : Operation 277 [1/1] (0.00ns)   --->   "%mult_63 = partselect i13 @_ssdm_op_PartSelect.i13.i23.i32.i32, i23 %add_ln73_5, i32 10, i32 22" [firmware/nnet_utils/nnet_dense_latency.h:42->firmware/nnet_utils/nnet_dense_stream.h:17]   --->   Operation 277 'partselect' 'mult_63' <Predicate = true> <Delay = 0.00>
ST_1 : Operation 278 [1/1] (0.00ns)   --->   "%sext_ln17_18 = sext i13 %mult_63" [firmware/nnet_utils/nnet_dense_latency.h:17->firmware/nnet_utils/nnet_dense_stream.h:17]   --->   Operation 278 'sext' 'sext_ln17_18' <Predicate = true> <Delay = 0.00>
ST_1 : Operation 279 [1/1] (0.00ns)   --->   "%sext_ln70_26 = sext i16 %data_8_val9_read" [firmware/nnet_utils/nnet_mult.h:70->firmware/nnet_utils/nnet_dense_latency.h:42->firmware/nnet_utils/nnet_dense_stream.h:17]   --->   Operation 279 'sext' 'sext_ln70_26' <Predicate = true> <Delay = 0.00>
ST_1 : Operation 280 [1/1] (0.00ns)   --->   "%sext_ln70_27 = sext i16 %data_8_val9_read" [firmware/nnet_utils/nnet_mult.h:70->firmware/nnet_utils/nnet_dense_latency.h:42->firmware/nnet_utils/nnet_dense_stream.h:17]   --->   Operation 280 'sext' 'sext_ln70_27' <Predicate = true> <Delay = 0.00>
ST_1 : Operation 281 [1/1] (0.00ns)   --->   "%sext_ln70_28 = sext i16 %data_8_val9_read" [firmware/nnet_utils/nnet_mult.h:70->firmware/nnet_utils/nnet_dense_latency.h:42->firmware/nnet_utils/nnet_dense_stream.h:17]   --->   Operation 281 'sext' 'sext_ln70_28' <Predicate = true> <Delay = 0.00>
ST_1 : Operation 282 [1/1] (2.38ns)   --->   "%mul_ln73_49 = mul i26 %sext_ln70_28, i26 67108574" [firmware/nnet_utils/nnet_mult.h:73->firmware/nnet_utils/nnet_dense_latency.h:42->firmware/nnet_utils/nnet_dense_stream.h:17]   --->   Operation 282 'mul' 'mul_ln73_49' <Predicate = true> <Delay = 2.38> <CoreInst = "Multiplier">   --->   Core 3 'Multiplier' <Latency = 0> <II = 1> <Delay = 2.38> <FuncUnit> <Opcode : 'mul'> <InPorts = 2> <OutPorts = 1>
ST_1 : Operation 283 [1/1] (0.00ns)   --->   "%mult_64 = partselect i16 @_ssdm_op_PartSelect.i16.i26.i32.i32, i26 %mul_ln73_49, i32 10, i32 25" [firmware/nnet_utils/nnet_dense_latency.h:42->firmware/nnet_utils/nnet_dense_stream.h:17]   --->   Operation 283 'partselect' 'mult_64' <Predicate = true> <Delay = 0.00>
ST_1 : Operation 284 [1/1] (2.38ns)   --->   "%mul_ln73_50 = mul i26 %sext_ln70_28, i26 67108583" [firmware/nnet_utils/nnet_mult.h:73->firmware/nnet_utils/nnet_dense_latency.h:42->firmware/nnet_utils/nnet_dense_stream.h:17]   --->   Operation 284 'mul' 'mul_ln73_50' <Predicate = true> <Delay = 2.38> <CoreInst = "Multiplier">   --->   Core 3 'Multiplier' <Latency = 0> <II = 1> <Delay = 2.38> <FuncUnit> <Opcode : 'mul'> <InPorts = 2> <OutPorts = 1>
ST_1 : Operation 285 [1/1] (0.00ns)   --->   "%mult_65 = partselect i16 @_ssdm_op_PartSelect.i16.i26.i32.i32, i26 %mul_ln73_50, i32 10, i32 25" [firmware/nnet_utils/nnet_dense_latency.h:42->firmware/nnet_utils/nnet_dense_stream.h:17]   --->   Operation 285 'partselect' 'mult_65' <Predicate = true> <Delay = 0.00>
ST_1 : Operation 286 [1/1] (2.38ns)   --->   "%mul_ln73_51 = mul i26 %sext_ln70_28, i26 67108593" [firmware/nnet_utils/nnet_mult.h:73->firmware/nnet_utils/nnet_dense_latency.h:42->firmware/nnet_utils/nnet_dense_stream.h:17]   --->   Operation 286 'mul' 'mul_ln73_51' <Predicate = true> <Delay = 2.38> <CoreInst = "Multiplier">   --->   Core 3 'Multiplier' <Latency = 0> <II = 1> <Delay = 2.38> <FuncUnit> <Opcode : 'mul'> <InPorts = 2> <OutPorts = 1>
ST_1 : Operation 287 [1/1] (0.00ns)   --->   "%mult_66 = partselect i16 @_ssdm_op_PartSelect.i16.i26.i32.i32, i26 %mul_ln73_51, i32 10, i32 25" [firmware/nnet_utils/nnet_dense_latency.h:42->firmware/nnet_utils/nnet_dense_stream.h:17]   --->   Operation 287 'partselect' 'mult_66' <Predicate = true> <Delay = 0.00>
ST_1 : Operation 288 [1/1] (2.38ns)   --->   "%mul_ln73_52 = mul i23 %sext_ln70_27, i23 54" [firmware/nnet_utils/nnet_mult.h:73->firmware/nnet_utils/nnet_dense_latency.h:42->firmware/nnet_utils/nnet_dense_stream.h:17]   --->   Operation 288 'mul' 'mul_ln73_52' <Predicate = true> <Delay = 2.38> <CoreInst = "Multiplier">   --->   Core 3 'Multiplier' <Latency = 0> <II = 1> <Delay = 2.38> <FuncUnit> <Opcode : 'mul'> <InPorts = 2> <OutPorts = 1>
ST_1 : Operation 289 [1/1] (0.00ns)   --->   "%mult_67 = partselect i13 @_ssdm_op_PartSelect.i13.i23.i32.i32, i23 %mul_ln73_52, i32 10, i32 22" [firmware/nnet_utils/nnet_dense_latency.h:42->firmware/nnet_utils/nnet_dense_stream.h:17]   --->   Operation 289 'partselect' 'mult_67' <Predicate = true> <Delay = 0.00>
ST_1 : Operation 290 [1/1] (0.00ns)   --->   "%sext_ln17_19 = sext i13 %mult_67" [firmware/nnet_utils/nnet_dense_latency.h:17->firmware/nnet_utils/nnet_dense_stream.h:17]   --->   Operation 290 'sext' 'sext_ln17_19' <Predicate = true> <Delay = 0.00>
ST_1 : Operation 291 [1/1] (2.38ns)   --->   "%mul_ln73_53 = mul i26 %sext_ln70_28, i26 344" [firmware/nnet_utils/nnet_mult.h:73->firmware/nnet_utils/nnet_dense_latency.h:42->firmware/nnet_utils/nnet_dense_stream.h:17]   --->   Operation 291 'mul' 'mul_ln73_53' <Predicate = true> <Delay = 2.38> <CoreInst = "Multiplier">   --->   Core 3 'Multiplier' <Latency = 0> <II = 1> <Delay = 2.38> <FuncUnit> <Opcode : 'mul'> <InPorts = 2> <OutPorts = 1>
ST_1 : Operation 292 [1/1] (0.00ns)   --->   "%mult_68 = partselect i16 @_ssdm_op_PartSelect.i16.i26.i32.i32, i26 %mul_ln73_53, i32 10, i32 25" [firmware/nnet_utils/nnet_dense_latency.h:42->firmware/nnet_utils/nnet_dense_stream.h:17]   --->   Operation 292 'partselect' 'mult_68' <Predicate = true> <Delay = 0.00>
ST_1 : Operation 293 [1/1] (2.38ns)   --->   "%mul_ln73_54 = mul i25 %sext_ln70_26, i25 33554250" [firmware/nnet_utils/nnet_mult.h:73->firmware/nnet_utils/nnet_dense_latency.h:42->firmware/nnet_utils/nnet_dense_stream.h:17]   --->   Operation 293 'mul' 'mul_ln73_54' <Predicate = true> <Delay = 2.38> <CoreInst = "Multiplier">   --->   Core 3 'Multiplier' <Latency = 0> <II = 1> <Delay = 2.38> <FuncUnit> <Opcode : 'mul'> <InPorts = 2> <OutPorts = 1>
ST_1 : Operation 294 [1/1] (0.00ns)   --->   "%mult_69 = partselect i15 @_ssdm_op_PartSelect.i15.i25.i32.i32, i25 %mul_ln73_54, i32 10, i32 24" [firmware/nnet_utils/nnet_dense_latency.h:42->firmware/nnet_utils/nnet_dense_stream.h:17]   --->   Operation 294 'partselect' 'mult_69' <Predicate = true> <Delay = 0.00>
ST_1 : Operation 295 [1/1] (2.38ns)   --->   "%mul_ln73_55 = mul i26 %sext_ln70_28, i26 269" [firmware/nnet_utils/nnet_mult.h:73->firmware/nnet_utils/nnet_dense_latency.h:42->firmware/nnet_utils/nnet_dense_stream.h:17]   --->   Operation 295 'mul' 'mul_ln73_55' <Predicate = true> <Delay = 2.38> <CoreInst = "Multiplier">   --->   Core 3 'Multiplier' <Latency = 0> <II = 1> <Delay = 2.38> <FuncUnit> <Opcode : 'mul'> <InPorts = 2> <OutPorts = 1>
ST_1 : Operation 296 [1/1] (0.00ns)   --->   "%mult_70 = partselect i16 @_ssdm_op_PartSelect.i16.i26.i32.i32, i26 %mul_ln73_55, i32 10, i32 25" [firmware/nnet_utils/nnet_dense_latency.h:42->firmware/nnet_utils/nnet_dense_stream.h:17]   --->   Operation 296 'partselect' 'mult_70' <Predicate = true> <Delay = 0.00>
ST_1 : Operation 297 [1/1] (2.38ns)   --->   "%mul_ln73_56 = mul i23 %sext_ln70_27, i23 8388570" [firmware/nnet_utils/nnet_mult.h:73->firmware/nnet_utils/nnet_dense_latency.h:42->firmware/nnet_utils/nnet_dense_stream.h:17]   --->   Operation 297 'mul' 'mul_ln73_56' <Predicate = true> <Delay = 2.38> <CoreInst = "Multiplier">   --->   Core 3 'Multiplier' <Latency = 0> <II = 1> <Delay = 2.38> <FuncUnit> <Opcode : 'mul'> <InPorts = 2> <OutPorts = 1>
ST_1 : Operation 298 [1/1] (0.00ns)   --->   "%mult_71 = partselect i13 @_ssdm_op_PartSelect.i13.i23.i32.i32, i23 %mul_ln73_56, i32 10, i32 22" [firmware/nnet_utils/nnet_dense_latency.h:42->firmware/nnet_utils/nnet_dense_stream.h:17]   --->   Operation 298 'partselect' 'mult_71' <Predicate = true> <Delay = 0.00>
ST_1 : Operation 299 [1/1] (0.00ns)   --->   "%sext_ln17_20 = sext i13 %mult_71" [firmware/nnet_utils/nnet_dense_latency.h:17->firmware/nnet_utils/nnet_dense_stream.h:17]   --->   Operation 299 'sext' 'sext_ln17_20' <Predicate = true> <Delay = 0.00>
ST_1 : Operation 300 [1/1] (0.00ns)   --->   "%sext_ln70_29 = sext i16 %data_9_val10_read" [firmware/nnet_utils/nnet_mult.h:70->firmware/nnet_utils/nnet_dense_latency.h:42->firmware/nnet_utils/nnet_dense_stream.h:17]   --->   Operation 300 'sext' 'sext_ln70_29' <Predicate = true> <Delay = 0.00>
ST_1 : Operation 301 [1/1] (0.00ns)   --->   "%sext_ln70_30 = sext i16 %data_9_val10_read" [firmware/nnet_utils/nnet_mult.h:70->firmware/nnet_utils/nnet_dense_latency.h:42->firmware/nnet_utils/nnet_dense_stream.h:17]   --->   Operation 301 'sext' 'sext_ln70_30' <Predicate = true> <Delay = 0.00>
ST_1 : Operation 302 [1/1] (0.00ns)   --->   "%sext_ln70_31 = sext i16 %data_9_val10_read" [firmware/nnet_utils/nnet_mult.h:70->firmware/nnet_utils/nnet_dense_latency.h:42->firmware/nnet_utils/nnet_dense_stream.h:17]   --->   Operation 302 'sext' 'sext_ln70_31' <Predicate = true> <Delay = 0.00>
ST_1 : Operation 303 [1/1] (0.00ns)   --->   "%sext_ln70_32 = sext i16 %data_9_val10_read" [firmware/nnet_utils/nnet_mult.h:70->firmware/nnet_utils/nnet_dense_latency.h:42->firmware/nnet_utils/nnet_dense_stream.h:17]   --->   Operation 303 'sext' 'sext_ln70_32' <Predicate = true> <Delay = 0.00>
ST_1 : Operation 304 [1/1] (2.38ns)   --->   "%mul_ln73_57 = mul i25 %sext_ln70_32, i25 33554206" [firmware/nnet_utils/nnet_mult.h:73->firmware/nnet_utils/nnet_dense_latency.h:42->firmware/nnet_utils/nnet_dense_stream.h:17]   --->   Operation 304 'mul' 'mul_ln73_57' <Predicate = true> <Delay = 2.38> <CoreInst = "Multiplier">   --->   Core 3 'Multiplier' <Latency = 0> <II = 1> <Delay = 2.38> <FuncUnit> <Opcode : 'mul'> <InPorts = 2> <OutPorts = 1>
ST_1 : Operation 305 [1/1] (0.00ns)   --->   "%mult_72 = partselect i15 @_ssdm_op_PartSelect.i15.i25.i32.i32, i25 %mul_ln73_57, i32 10, i32 24" [firmware/nnet_utils/nnet_dense_latency.h:42->firmware/nnet_utils/nnet_dense_stream.h:17]   --->   Operation 305 'partselect' 'mult_72' <Predicate = true> <Delay = 0.00>
ST_1 : Operation 306 [1/1] (2.38ns)   --->   "%mul_ln73_58 = mul i24 %sext_ln70_31, i24 16777130" [firmware/nnet_utils/nnet_mult.h:73->firmware/nnet_utils/nnet_dense_latency.h:42->firmware/nnet_utils/nnet_dense_stream.h:17]   --->   Operation 306 'mul' 'mul_ln73_58' <Predicate = true> <Delay = 2.38> <CoreInst = "Multiplier">   --->   Core 3 'Multiplier' <Latency = 0> <II = 1> <Delay = 2.38> <FuncUnit> <Opcode : 'mul'> <InPorts = 2> <OutPorts = 1>
ST_1 : Operation 307 [1/1] (0.00ns)   --->   "%mult_73 = partselect i14 @_ssdm_op_PartSelect.i14.i24.i32.i32, i24 %mul_ln73_58, i32 10, i32 23" [firmware/nnet_utils/nnet_dense_latency.h:42->firmware/nnet_utils/nnet_dense_stream.h:17]   --->   Operation 307 'partselect' 'mult_73' <Predicate = true> <Delay = 0.00>
ST_1 : Operation 308 [1/1] (0.00ns)   --->   "%sext_ln17_21 = sext i14 %mult_73" [firmware/nnet_utils/nnet_dense_latency.h:17->firmware/nnet_utils/nnet_dense_stream.h:17]   --->   Operation 308 'sext' 'sext_ln17_21' <Predicate = true> <Delay = 0.00>
ST_1 : Operation 309 [1/1] (2.38ns)   --->   "%mul_ln73_59 = mul i26 %sext_ln70_30, i26 259" [firmware/nnet_utils/nnet_mult.h:73->firmware/nnet_utils/nnet_dense_latency.h:42->firmware/nnet_utils/nnet_dense_stream.h:17]   --->   Operation 309 'mul' 'mul_ln73_59' <Predicate = true> <Delay = 2.38> <CoreInst = "Multiplier">   --->   Core 3 'Multiplier' <Latency = 0> <II = 1> <Delay = 2.38> <FuncUnit> <Opcode : 'mul'> <InPorts = 2> <OutPorts = 1>
ST_1 : Operation 310 [1/1] (0.00ns)   --->   "%mult_74 = partselect i16 @_ssdm_op_PartSelect.i16.i26.i32.i32, i26 %mul_ln73_59, i32 10, i32 25" [firmware/nnet_utils/nnet_dense_latency.h:42->firmware/nnet_utils/nnet_dense_stream.h:17]   --->   Operation 310 'partselect' 'mult_74' <Predicate = true> <Delay = 0.00>
ST_1 : Operation 311 [1/1] (2.38ns)   --->   "%mul_ln73_60 = mul i26 %sext_ln70_30, i26 67108570" [firmware/nnet_utils/nnet_mult.h:73->firmware/nnet_utils/nnet_dense_latency.h:42->firmware/nnet_utils/nnet_dense_stream.h:17]   --->   Operation 311 'mul' 'mul_ln73_60' <Predicate = true> <Delay = 2.38> <CoreInst = "Multiplier">   --->   Core 3 'Multiplier' <Latency = 0> <II = 1> <Delay = 2.38> <FuncUnit> <Opcode : 'mul'> <InPorts = 2> <OutPorts = 1>
ST_1 : Operation 312 [1/1] (0.00ns)   --->   "%mult_75 = partselect i16 @_ssdm_op_PartSelect.i16.i26.i32.i32, i26 %mul_ln73_60, i32 10, i32 25" [firmware/nnet_utils/nnet_dense_latency.h:42->firmware/nnet_utils/nnet_dense_stream.h:17]   --->   Operation 312 'partselect' 'mult_75' <Predicate = true> <Delay = 0.00>
ST_1 : Operation 313 [1/1] (2.38ns)   --->   "%mul_ln73_61 = mul i23 %sext_ln70_29, i23 8388558" [firmware/nnet_utils/nnet_mult.h:73->firmware/nnet_utils/nnet_dense_latency.h:42->firmware/nnet_utils/nnet_dense_stream.h:17]   --->   Operation 313 'mul' 'mul_ln73_61' <Predicate = true> <Delay = 2.38> <CoreInst = "Multiplier">   --->   Core 3 'Multiplier' <Latency = 0> <II = 1> <Delay = 2.38> <FuncUnit> <Opcode : 'mul'> <InPorts = 2> <OutPorts = 1>
ST_1 : Operation 314 [1/1] (0.00ns)   --->   "%mult_76 = partselect i13 @_ssdm_op_PartSelect.i13.i23.i32.i32, i23 %mul_ln73_61, i32 10, i32 22" [firmware/nnet_utils/nnet_dense_latency.h:42->firmware/nnet_utils/nnet_dense_stream.h:17]   --->   Operation 314 'partselect' 'mult_76' <Predicate = true> <Delay = 0.00>
ST_1 : Operation 315 [1/1] (0.00ns)   --->   "%sext_ln17_22 = sext i13 %mult_76" [firmware/nnet_utils/nnet_dense_latency.h:17->firmware/nnet_utils/nnet_dense_stream.h:17]   --->   Operation 315 'sext' 'sext_ln17_22' <Predicate = true> <Delay = 0.00>
ST_1 : Operation 316 [1/1] (2.38ns)   --->   "%mul_ln73_62 = mul i25 %sext_ln70_32, i25 33554254" [firmware/nnet_utils/nnet_mult.h:73->firmware/nnet_utils/nnet_dense_latency.h:42->firmware/nnet_utils/nnet_dense_stream.h:17]   --->   Operation 316 'mul' 'mul_ln73_62' <Predicate = true> <Delay = 2.38> <CoreInst = "Multiplier">   --->   Core 3 'Multiplier' <Latency = 0> <II = 1> <Delay = 2.38> <FuncUnit> <Opcode : 'mul'> <InPorts = 2> <OutPorts = 1>
ST_1 : Operation 317 [1/1] (0.00ns)   --->   "%mult_77 = partselect i15 @_ssdm_op_PartSelect.i15.i25.i32.i32, i25 %mul_ln73_62, i32 10, i32 24" [firmware/nnet_utils/nnet_dense_latency.h:42->firmware/nnet_utils/nnet_dense_stream.h:17]   --->   Operation 317 'partselect' 'mult_77' <Predicate = true> <Delay = 0.00>
ST_1 : Operation 318 [1/1] (0.00ns)   --->   "%sext_ln42_28 = sext i15 %mult_77" [firmware/nnet_utils/nnet_dense_latency.h:42->firmware/nnet_utils/nnet_dense_stream.h:17]   --->   Operation 318 'sext' 'sext_ln42_28' <Predicate = true> <Delay = 0.00>
ST_1 : Operation 319 [1/1] (2.38ns)   --->   "%mul_ln73_63 = mul i26 %sext_ln70_30, i26 67108540" [firmware/nnet_utils/nnet_mult.h:73->firmware/nnet_utils/nnet_dense_latency.h:42->firmware/nnet_utils/nnet_dense_stream.h:17]   --->   Operation 319 'mul' 'mul_ln73_63' <Predicate = true> <Delay = 2.38> <CoreInst = "Multiplier">   --->   Core 3 'Multiplier' <Latency = 0> <II = 1> <Delay = 2.38> <FuncUnit> <Opcode : 'mul'> <InPorts = 2> <OutPorts = 1>
ST_1 : Operation 320 [1/1] (0.00ns)   --->   "%mult_78 = partselect i16 @_ssdm_op_PartSelect.i16.i26.i32.i32, i26 %mul_ln73_63, i32 10, i32 25" [firmware/nnet_utils/nnet_dense_latency.h:42->firmware/nnet_utils/nnet_dense_stream.h:17]   --->   Operation 320 'partselect' 'mult_78' <Predicate = true> <Delay = 0.00>
ST_1 : Operation 321 [1/1] (2.38ns)   --->   "%mul_ln73_64 = mul i25 %sext_ln70_32, i25 189" [firmware/nnet_utils/nnet_mult.h:73->firmware/nnet_utils/nnet_dense_latency.h:42->firmware/nnet_utils/nnet_dense_stream.h:17]   --->   Operation 321 'mul' 'mul_ln73_64' <Predicate = true> <Delay = 2.38> <CoreInst = "Multiplier">   --->   Core 3 'Multiplier' <Latency = 0> <II = 1> <Delay = 2.38> <FuncUnit> <Opcode : 'mul'> <InPorts = 2> <OutPorts = 1>
ST_1 : Operation 322 [1/1] (0.00ns)   --->   "%mult_79 = partselect i15 @_ssdm_op_PartSelect.i15.i25.i32.i32, i25 %mul_ln73_64, i32 10, i32 24" [firmware/nnet_utils/nnet_dense_latency.h:42->firmware/nnet_utils/nnet_dense_stream.h:17]   --->   Operation 322 'partselect' 'mult_79' <Predicate = true> <Delay = 0.00>
ST_1 : Operation 323 [1/1] (0.00ns)   --->   "%sext_ln42_29 = sext i15 %mult_79" [firmware/nnet_utils/nnet_dense_latency.h:42->firmware/nnet_utils/nnet_dense_stream.h:17]   --->   Operation 323 'sext' 'sext_ln42_29' <Predicate = true> <Delay = 0.00>
ST_1 : Operation 324 [1/1] (0.00ns)   --->   "%sext_ln70_33 = sext i16 %data_10_val11_read" [firmware/nnet_utils/nnet_mult.h:70->firmware/nnet_utils/nnet_dense_latency.h:42->firmware/nnet_utils/nnet_dense_stream.h:17]   --->   Operation 324 'sext' 'sext_ln70_33' <Predicate = true> <Delay = 0.00>
ST_1 : Operation 325 [1/1] (0.00ns)   --->   "%sext_ln70_34 = sext i16 %data_10_val11_read" [firmware/nnet_utils/nnet_mult.h:70->firmware/nnet_utils/nnet_dense_latency.h:42->firmware/nnet_utils/nnet_dense_stream.h:17]   --->   Operation 325 'sext' 'sext_ln70_34' <Predicate = true> <Delay = 0.00>
ST_1 : Operation 326 [1/1] (0.00ns)   --->   "%sext_ln70_35 = sext i16 %data_10_val11_read" [firmware/nnet_utils/nnet_mult.h:70->firmware/nnet_utils/nnet_dense_latency.h:42->firmware/nnet_utils/nnet_dense_stream.h:17]   --->   Operation 326 'sext' 'sext_ln70_35' <Predicate = true> <Delay = 0.00>
ST_1 : Operation 327 [1/1] (2.38ns)   --->   "%mul_ln73_65 = mul i25 %sext_ln70_35, i25 163" [firmware/nnet_utils/nnet_mult.h:73->firmware/nnet_utils/nnet_dense_latency.h:42->firmware/nnet_utils/nnet_dense_stream.h:17]   --->   Operation 327 'mul' 'mul_ln73_65' <Predicate = true> <Delay = 2.38> <CoreInst = "Multiplier">   --->   Core 3 'Multiplier' <Latency = 0> <II = 1> <Delay = 2.38> <FuncUnit> <Opcode : 'mul'> <InPorts = 2> <OutPorts = 1>
ST_1 : Operation 328 [1/1] (0.00ns)   --->   "%mult_80 = partselect i15 @_ssdm_op_PartSelect.i15.i25.i32.i32, i25 %mul_ln73_65, i32 10, i32 24" [firmware/nnet_utils/nnet_dense_latency.h:42->firmware/nnet_utils/nnet_dense_stream.h:17]   --->   Operation 328 'partselect' 'mult_80' <Predicate = true> <Delay = 0.00>
ST_1 : Operation 329 [1/1] (0.00ns)   --->   "%sext_ln42_30 = sext i15 %mult_80" [firmware/nnet_utils/nnet_dense_latency.h:42->firmware/nnet_utils/nnet_dense_stream.h:17]   --->   Operation 329 'sext' 'sext_ln42_30' <Predicate = true> <Delay = 0.00>
ST_1 : Operation 330 [1/1] (2.38ns)   --->   "%mul_ln73_66 = mul i25 %sext_ln70_35, i25 33554259" [firmware/nnet_utils/nnet_mult.h:73->firmware/nnet_utils/nnet_dense_latency.h:42->firmware/nnet_utils/nnet_dense_stream.h:17]   --->   Operation 330 'mul' 'mul_ln73_66' <Predicate = true> <Delay = 2.38> <CoreInst = "Multiplier">   --->   Core 3 'Multiplier' <Latency = 0> <II = 1> <Delay = 2.38> <FuncUnit> <Opcode : 'mul'> <InPorts = 2> <OutPorts = 1>
ST_1 : Operation 331 [1/1] (0.00ns)   --->   "%mult_81 = partselect i15 @_ssdm_op_PartSelect.i15.i25.i32.i32, i25 %mul_ln73_66, i32 10, i32 24" [firmware/nnet_utils/nnet_dense_latency.h:42->firmware/nnet_utils/nnet_dense_stream.h:17]   --->   Operation 331 'partselect' 'mult_81' <Predicate = true> <Delay = 0.00>
ST_1 : Operation 332 [1/1] (0.00ns)   --->   "%sext_ln42_31 = sext i15 %mult_81" [firmware/nnet_utils/nnet_dense_latency.h:42->firmware/nnet_utils/nnet_dense_stream.h:17]   --->   Operation 332 'sext' 'sext_ln42_31' <Predicate = true> <Delay = 0.00>
ST_1 : Operation 333 [1/1] (2.38ns)   --->   "%mul_ln73_67 = mul i25 %sext_ln70_35, i25 193" [firmware/nnet_utils/nnet_mult.h:73->firmware/nnet_utils/nnet_dense_latency.h:42->firmware/nnet_utils/nnet_dense_stream.h:17]   --->   Operation 333 'mul' 'mul_ln73_67' <Predicate = true> <Delay = 2.38> <CoreInst = "Multiplier">   --->   Core 3 'Multiplier' <Latency = 0> <II = 1> <Delay = 2.38> <FuncUnit> <Opcode : 'mul'> <InPorts = 2> <OutPorts = 1>
ST_1 : Operation 334 [1/1] (0.00ns)   --->   "%mult_82 = partselect i15 @_ssdm_op_PartSelect.i15.i25.i32.i32, i25 %mul_ln73_67, i32 10, i32 24" [firmware/nnet_utils/nnet_dense_latency.h:42->firmware/nnet_utils/nnet_dense_stream.h:17]   --->   Operation 334 'partselect' 'mult_82' <Predicate = true> <Delay = 0.00>
ST_1 : Operation 335 [1/1] (2.38ns)   --->   "%mul_ln73_68 = mul i25 %sext_ln70_35, i25 171" [firmware/nnet_utils/nnet_mult.h:73->firmware/nnet_utils/nnet_dense_latency.h:42->firmware/nnet_utils/nnet_dense_stream.h:17]   --->   Operation 335 'mul' 'mul_ln73_68' <Predicate = true> <Delay = 2.38> <CoreInst = "Multiplier">   --->   Core 3 'Multiplier' <Latency = 0> <II = 1> <Delay = 2.38> <FuncUnit> <Opcode : 'mul'> <InPorts = 2> <OutPorts = 1>
ST_1 : Operation 336 [1/1] (0.00ns)   --->   "%mult_83 = partselect i15 @_ssdm_op_PartSelect.i15.i25.i32.i32, i25 %mul_ln73_68, i32 10, i32 24" [firmware/nnet_utils/nnet_dense_latency.h:42->firmware/nnet_utils/nnet_dense_stream.h:17]   --->   Operation 336 'partselect' 'mult_83' <Predicate = true> <Delay = 0.00>
ST_1 : Operation 337 [1/1] (2.38ns)   --->   "%mul_ln73_69 = mul i25 %sext_ln70_35, i25 205" [firmware/nnet_utils/nnet_mult.h:73->firmware/nnet_utils/nnet_dense_latency.h:42->firmware/nnet_utils/nnet_dense_stream.h:17]   --->   Operation 337 'mul' 'mul_ln73_69' <Predicate = true> <Delay = 2.38> <CoreInst = "Multiplier">   --->   Core 3 'Multiplier' <Latency = 0> <II = 1> <Delay = 2.38> <FuncUnit> <Opcode : 'mul'> <InPorts = 2> <OutPorts = 1>
ST_1 : Operation 338 [1/1] (0.00ns)   --->   "%mult_84 = partselect i15 @_ssdm_op_PartSelect.i15.i25.i32.i32, i25 %mul_ln73_69, i32 10, i32 24" [firmware/nnet_utils/nnet_dense_latency.h:42->firmware/nnet_utils/nnet_dense_stream.h:17]   --->   Operation 338 'partselect' 'mult_84' <Predicate = true> <Delay = 0.00>
ST_1 : Operation 339 [1/1] (0.00ns)   --->   "%sext_ln42_34 = sext i15 %mult_84" [firmware/nnet_utils/nnet_dense_latency.h:42->firmware/nnet_utils/nnet_dense_stream.h:17]   --->   Operation 339 'sext' 'sext_ln42_34' <Predicate = true> <Delay = 0.00>
ST_1 : Operation 340 [1/1] (2.38ns)   --->   "%mul_ln73_70 = mul i26 %sext_ln70_34, i26 67108487" [firmware/nnet_utils/nnet_mult.h:73->firmware/nnet_utils/nnet_dense_latency.h:42->firmware/nnet_utils/nnet_dense_stream.h:17]   --->   Operation 340 'mul' 'mul_ln73_70' <Predicate = true> <Delay = 2.38> <CoreInst = "Multiplier">   --->   Core 3 'Multiplier' <Latency = 0> <II = 1> <Delay = 2.38> <FuncUnit> <Opcode : 'mul'> <InPorts = 2> <OutPorts = 1>
ST_1 : Operation 341 [1/1] (0.00ns)   --->   "%mult_85 = partselect i16 @_ssdm_op_PartSelect.i16.i26.i32.i32, i26 %mul_ln73_70, i32 10, i32 25" [firmware/nnet_utils/nnet_dense_latency.h:42->firmware/nnet_utils/nnet_dense_stream.h:17]   --->   Operation 341 'partselect' 'mult_85' <Predicate = true> <Delay = 0.00>
ST_1 : Operation 342 [1/1] (2.38ns)   --->   "%mul_ln73_71 = mul i26 %sext_ln70_34, i26 67108497" [firmware/nnet_utils/nnet_mult.h:73->firmware/nnet_utils/nnet_dense_latency.h:42->firmware/nnet_utils/nnet_dense_stream.h:17]   --->   Operation 342 'mul' 'mul_ln73_71' <Predicate = true> <Delay = 2.38> <CoreInst = "Multiplier">   --->   Core 3 'Multiplier' <Latency = 0> <II = 1> <Delay = 2.38> <FuncUnit> <Opcode : 'mul'> <InPorts = 2> <OutPorts = 1>
ST_1 : Operation 343 [1/1] (0.00ns)   --->   "%mult_86 = partselect i16 @_ssdm_op_PartSelect.i16.i26.i32.i32, i26 %mul_ln73_71, i32 10, i32 25" [firmware/nnet_utils/nnet_dense_latency.h:42->firmware/nnet_utils/nnet_dense_stream.h:17]   --->   Operation 343 'partselect' 'mult_86' <Predicate = true> <Delay = 0.00>
ST_1 : Operation 344 [1/1] (2.38ns)   --->   "%mul_ln73_72 = mul i24 %sext_ln70_33, i24 16777147" [firmware/nnet_utils/nnet_mult.h:73->firmware/nnet_utils/nnet_dense_latency.h:42->firmware/nnet_utils/nnet_dense_stream.h:17]   --->   Operation 344 'mul' 'mul_ln73_72' <Predicate = true> <Delay = 2.38> <CoreInst = "Multiplier">   --->   Core 3 'Multiplier' <Latency = 0> <II = 1> <Delay = 2.38> <FuncUnit> <Opcode : 'mul'> <InPorts = 2> <OutPorts = 1>
ST_1 : Operation 345 [1/1] (0.00ns)   --->   "%mult_87 = partselect i14 @_ssdm_op_PartSelect.i14.i24.i32.i32, i24 %mul_ln73_72, i32 10, i32 23" [firmware/nnet_utils/nnet_dense_latency.h:42->firmware/nnet_utils/nnet_dense_stream.h:17]   --->   Operation 345 'partselect' 'mult_87' <Predicate = true> <Delay = 0.00>
ST_1 : Operation 346 [1/1] (0.00ns)   --->   "%sext_ln17_23 = sext i14 %mult_87" [firmware/nnet_utils/nnet_dense_latency.h:17->firmware/nnet_utils/nnet_dense_stream.h:17]   --->   Operation 346 'sext' 'sext_ln17_23' <Predicate = true> <Delay = 0.00>
ST_1 : Operation 347 [1/1] (0.00ns)   --->   "%sext_ln70_36 = sext i16 %data_11_val12_read" [firmware/nnet_utils/nnet_mult.h:70->firmware/nnet_utils/nnet_dense_latency.h:42->firmware/nnet_utils/nnet_dense_stream.h:17]   --->   Operation 347 'sext' 'sext_ln70_36' <Predicate = true> <Delay = 0.00>
ST_1 : Operation 348 [1/1] (0.00ns)   --->   "%sext_ln70_37 = sext i16 %data_11_val12_read" [firmware/nnet_utils/nnet_mult.h:70->firmware/nnet_utils/nnet_dense_latency.h:42->firmware/nnet_utils/nnet_dense_stream.h:17]   --->   Operation 348 'sext' 'sext_ln70_37' <Predicate = true> <Delay = 0.00>
ST_1 : Operation 349 [1/1] (0.00ns)   --->   "%sext_ln70_38 = sext i16 %data_11_val12_read" [firmware/nnet_utils/nnet_mult.h:70->firmware/nnet_utils/nnet_dense_latency.h:42->firmware/nnet_utils/nnet_dense_stream.h:17]   --->   Operation 349 'sext' 'sext_ln70_38' <Predicate = true> <Delay = 0.00>
ST_1 : Operation 350 [1/1] (0.00ns)   --->   "%sext_ln70_39 = sext i16 %data_11_val12_read" [firmware/nnet_utils/nnet_mult.h:70->firmware/nnet_utils/nnet_dense_latency.h:42->firmware/nnet_utils/nnet_dense_stream.h:17]   --->   Operation 350 'sext' 'sext_ln70_39' <Predicate = true> <Delay = 0.00>
ST_1 : Operation 351 [1/1] (2.38ns)   --->   "%mul_ln73_73 = mul i24 %sext_ln70_39, i24 83" [firmware/nnet_utils/nnet_mult.h:73->firmware/nnet_utils/nnet_dense_latency.h:42->firmware/nnet_utils/nnet_dense_stream.h:17]   --->   Operation 351 'mul' 'mul_ln73_73' <Predicate = true> <Delay = 2.38> <CoreInst = "Multiplier">   --->   Core 3 'Multiplier' <Latency = 0> <II = 1> <Delay = 2.38> <FuncUnit> <Opcode : 'mul'> <InPorts = 2> <OutPorts = 1>
ST_1 : Operation 352 [1/1] (0.00ns)   --->   "%mult_88 = partselect i14 @_ssdm_op_PartSelect.i14.i24.i32.i32, i24 %mul_ln73_73, i32 10, i32 23" [firmware/nnet_utils/nnet_dense_latency.h:42->firmware/nnet_utils/nnet_dense_stream.h:17]   --->   Operation 352 'partselect' 'mult_88' <Predicate = true> <Delay = 0.00>
ST_1 : Operation 353 [1/1] (2.38ns)   --->   "%mul_ln73_74 = mul i21 %sext_ln70_38, i21 2097141" [firmware/nnet_utils/nnet_mult.h:73->firmware/nnet_utils/nnet_dense_latency.h:42->firmware/nnet_utils/nnet_dense_stream.h:17]   --->   Operation 353 'mul' 'mul_ln73_74' <Predicate = true> <Delay = 2.38> <CoreInst = "Multiplier">   --->   Core 3 'Multiplier' <Latency = 0> <II = 1> <Delay = 2.38> <FuncUnit> <Opcode : 'mul'> <InPorts = 2> <OutPorts = 1>
ST_1 : Operation 354 [1/1] (0.00ns)   --->   "%mult_89 = partselect i11 @_ssdm_op_PartSelect.i11.i21.i32.i32, i21 %mul_ln73_74, i32 10, i32 20" [firmware/nnet_utils/nnet_dense_latency.h:42->firmware/nnet_utils/nnet_dense_stream.h:17]   --->   Operation 354 'partselect' 'mult_89' <Predicate = true> <Delay = 0.00>
ST_1 : Operation 355 [1/1] (0.00ns)   --->   "%sext_ln17_24 = sext i11 %mult_89" [firmware/nnet_utils/nnet_dense_latency.h:17->firmware/nnet_utils/nnet_dense_stream.h:17]   --->   Operation 355 'sext' 'sext_ln17_24' <Predicate = true> <Delay = 0.00>
ST_1 : Operation 356 [1/1] (2.38ns)   --->   "%mul_ln73_75 = mul i24 %sext_ln70_39, i24 16777143" [firmware/nnet_utils/nnet_mult.h:73->firmware/nnet_utils/nnet_dense_latency.h:42->firmware/nnet_utils/nnet_dense_stream.h:17]   --->   Operation 356 'mul' 'mul_ln73_75' <Predicate = true> <Delay = 2.38> <CoreInst = "Multiplier">   --->   Core 3 'Multiplier' <Latency = 0> <II = 1> <Delay = 2.38> <FuncUnit> <Opcode : 'mul'> <InPorts = 2> <OutPorts = 1>
ST_1 : Operation 357 [1/1] (0.00ns)   --->   "%mult_90 = partselect i14 @_ssdm_op_PartSelect.i14.i24.i32.i32, i24 %mul_ln73_75, i32 10, i32 23" [firmware/nnet_utils/nnet_dense_latency.h:42->firmware/nnet_utils/nnet_dense_stream.h:17]   --->   Operation 357 'partselect' 'mult_90' <Predicate = true> <Delay = 0.00>
ST_1 : Operation 358 [1/1] (0.00ns)   --->   "%sext_ln17_25 = sext i14 %mult_90" [firmware/nnet_utils/nnet_dense_latency.h:17->firmware/nnet_utils/nnet_dense_stream.h:17]   --->   Operation 358 'sext' 'sext_ln17_25' <Predicate = true> <Delay = 0.00>
ST_1 : Operation 359 [1/1] (0.00ns)   --->   "%tmp_36 = bitconcatenate i22 @_ssdm_op_BitConcatenate.i22.i16.i6, i16 %data_11_val12_read, i6 0" [firmware/nnet_utils/nnet_mult.h:73->firmware/nnet_utils/nnet_dense_latency.h:42->firmware/nnet_utils/nnet_dense_stream.h:17]   --->   Operation 359 'bitconcatenate' 'tmp_36' <Predicate = true> <Delay = 0.00>
ST_1 : Operation 360 [1/1] (0.00ns)   --->   "%sext_ln73_23 = sext i22 %tmp_36" [firmware/nnet_utils/nnet_mult.h:73->firmware/nnet_utils/nnet_dense_latency.h:42->firmware/nnet_utils/nnet_dense_stream.h:17]   --->   Operation 360 'sext' 'sext_ln73_23' <Predicate = true> <Delay = 0.00>
ST_1 : Operation 361 [1/1] (0.00ns)   --->   "%tmp_37 = bitconcatenate i19 @_ssdm_op_BitConcatenate.i19.i16.i3, i16 %data_11_val12_read, i3 0" [firmware/nnet_utils/nnet_mult.h:73->firmware/nnet_utils/nnet_dense_latency.h:42->firmware/nnet_utils/nnet_dense_stream.h:17]   --->   Operation 361 'bitconcatenate' 'tmp_37' <Predicate = true> <Delay = 0.00>
ST_1 : Operation 362 [1/1] (0.00ns)   --->   "%sext_ln73_24 = sext i19 %tmp_37" [firmware/nnet_utils/nnet_mult.h:73->firmware/nnet_utils/nnet_dense_latency.h:42->firmware/nnet_utils/nnet_dense_stream.h:17]   --->   Operation 362 'sext' 'sext_ln73_24' <Predicate = true> <Delay = 0.00>
ST_1 : Operation 363 [1/1] (0.91ns)   --->   "%sub_ln73_11 = sub i23 %sext_ln73_24, i23 %sext_ln73_23" [firmware/nnet_utils/nnet_mult.h:73->firmware/nnet_utils/nnet_dense_latency.h:42->firmware/nnet_utils/nnet_dense_stream.h:17]   --->   Operation 363 'sub' 'sub_ln73_11' <Predicate = true> <Delay = 0.91> <CoreInst = "Adder">   --->   Core 1 'Adder' <Latency = 0> <II = 1> <Delay = 0.91> <FuncUnit> <Opcode : 'add' 'sub'> <InPorts = 2> <OutPorts = 1>
ST_1 : Operation 364 [1/1] (0.00ns)   --->   "%mult_91 = partselect i13 @_ssdm_op_PartSelect.i13.i23.i32.i32, i23 %sub_ln73_11, i32 10, i32 22" [firmware/nnet_utils/nnet_dense_latency.h:42->firmware/nnet_utils/nnet_dense_stream.h:17]   --->   Operation 364 'partselect' 'mult_91' <Predicate = true> <Delay = 0.00>
ST_1 : Operation 365 [1/1] (0.00ns)   --->   "%sext_ln17_26 = sext i13 %mult_91" [firmware/nnet_utils/nnet_dense_latency.h:17->firmware/nnet_utils/nnet_dense_stream.h:17]   --->   Operation 365 'sext' 'sext_ln17_26' <Predicate = true> <Delay = 0.00>
ST_1 : Operation 366 [1/1] (2.38ns)   --->   "%mul_ln73_76 = mul i21 %sext_ln70_38, i21 2097139" [firmware/nnet_utils/nnet_mult.h:73->firmware/nnet_utils/nnet_dense_latency.h:42->firmware/nnet_utils/nnet_dense_stream.h:17]   --->   Operation 366 'mul' 'mul_ln73_76' <Predicate = true> <Delay = 2.38> <CoreInst = "Multiplier">   --->   Core 3 'Multiplier' <Latency = 0> <II = 1> <Delay = 2.38> <FuncUnit> <Opcode : 'mul'> <InPorts = 2> <OutPorts = 1>
ST_1 : Operation 367 [1/1] (0.00ns)   --->   "%mult_92 = partselect i11 @_ssdm_op_PartSelect.i11.i21.i32.i32, i21 %mul_ln73_76, i32 10, i32 20" [firmware/nnet_utils/nnet_dense_latency.h:42->firmware/nnet_utils/nnet_dense_stream.h:17]   --->   Operation 367 'partselect' 'mult_92' <Predicate = true> <Delay = 0.00>
ST_1 : Operation 368 [1/1] (0.00ns)   --->   "%sext_ln17_27 = sext i11 %mult_92" [firmware/nnet_utils/nnet_dense_latency.h:17->firmware/nnet_utils/nnet_dense_stream.h:17]   --->   Operation 368 'sext' 'sext_ln17_27' <Predicate = true> <Delay = 0.00>
ST_1 : Operation 369 [1/1] (0.00ns)   --->   "%tmp_38 = bitconcatenate i21 @_ssdm_op_BitConcatenate.i21.i16.i5, i16 %data_11_val12_read, i5 0" [firmware/nnet_utils/nnet_mult.h:73->firmware/nnet_utils/nnet_dense_latency.h:42->firmware/nnet_utils/nnet_dense_stream.h:17]   --->   Operation 369 'bitconcatenate' 'tmp_38' <Predicate = true> <Delay = 0.00>
ST_1 : Operation 370 [1/1] (0.00ns)   --->   "%sext_ln73_25 = sext i21 %tmp_38" [firmware/nnet_utils/nnet_mult.h:73->firmware/nnet_utils/nnet_dense_latency.h:42->firmware/nnet_utils/nnet_dense_stream.h:17]   --->   Operation 370 'sext' 'sext_ln73_25' <Predicate = true> <Delay = 0.00>
ST_1 : Operation 371 [1/1] (0.90ns)   --->   "%add_ln73_6 = add i23 %sext_ln73_25, i23 %sext_ln73_24" [firmware/nnet_utils/nnet_mult.h:73->firmware/nnet_utils/nnet_dense_latency.h:42->firmware/nnet_utils/nnet_dense_stream.h:17]   --->   Operation 371 'add' 'add_ln73_6' <Predicate = true> <Delay = 0.90> <CoreInst = "Adder">   --->   Core 1 'Adder' <Latency = 0> <II = 1> <Delay = 0.90> <FuncUnit> <Opcode : 'add' 'sub'> <InPorts = 2> <OutPorts = 1>
ST_1 : Operation 372 [1/1] (0.00ns)   --->   "%mult_93 = partselect i13 @_ssdm_op_PartSelect.i13.i23.i32.i32, i23 %add_ln73_6, i32 10, i32 22" [firmware/nnet_utils/nnet_dense_latency.h:42->firmware/nnet_utils/nnet_dense_stream.h:17]   --->   Operation 372 'partselect' 'mult_93' <Predicate = true> <Delay = 0.00>
ST_1 : Operation 373 [1/1] (0.00ns)   --->   "%sext_ln17_28 = sext i13 %mult_93" [firmware/nnet_utils/nnet_dense_latency.h:17->firmware/nnet_utils/nnet_dense_stream.h:17]   --->   Operation 373 'sext' 'sext_ln17_28' <Predicate = true> <Delay = 0.00>
ST_1 : Operation 374 [1/1] (2.38ns)   --->   "%mul_ln73_77 = mul i25 %sext_ln70_37, i25 33554215" [firmware/nnet_utils/nnet_mult.h:73->firmware/nnet_utils/nnet_dense_latency.h:42->firmware/nnet_utils/nnet_dense_stream.h:17]   --->   Operation 374 'mul' 'mul_ln73_77' <Predicate = true> <Delay = 2.38> <CoreInst = "Multiplier">   --->   Core 3 'Multiplier' <Latency = 0> <II = 1> <Delay = 2.38> <FuncUnit> <Opcode : 'mul'> <InPorts = 2> <OutPorts = 1>
ST_1 : Operation 375 [1/1] (0.00ns)   --->   "%mult_94 = partselect i15 @_ssdm_op_PartSelect.i15.i25.i32.i32, i25 %mul_ln73_77, i32 10, i32 24" [firmware/nnet_utils/nnet_dense_latency.h:42->firmware/nnet_utils/nnet_dense_stream.h:17]   --->   Operation 375 'partselect' 'mult_94' <Predicate = true> <Delay = 0.00>
ST_1 : Operation 376 [1/1] (2.38ns)   --->   "%mul_ln73_78 = mul i26 %sext_ln70_36, i26 67108593" [firmware/nnet_utils/nnet_mult.h:73->firmware/nnet_utils/nnet_dense_latency.h:42->firmware/nnet_utils/nnet_dense_stream.h:17]   --->   Operation 376 'mul' 'mul_ln73_78' <Predicate = true> <Delay = 2.38> <CoreInst = "Multiplier">   --->   Core 3 'Multiplier' <Latency = 0> <II = 1> <Delay = 2.38> <FuncUnit> <Opcode : 'mul'> <InPorts = 2> <OutPorts = 1>
ST_1 : Operation 377 [1/1] (0.00ns)   --->   "%mult_95 = partselect i16 @_ssdm_op_PartSelect.i16.i26.i32.i32, i26 %mul_ln73_78, i32 10, i32 25" [firmware/nnet_utils/nnet_dense_latency.h:42->firmware/nnet_utils/nnet_dense_stream.h:17]   --->   Operation 377 'partselect' 'mult_95' <Predicate = true> <Delay = 0.00>
ST_1 : Operation 378 [1/1] (0.00ns)   --->   "%sext_ln70_40 = sext i16 %data_12_val13_read" [firmware/nnet_utils/nnet_mult.h:70->firmware/nnet_utils/nnet_dense_latency.h:42->firmware/nnet_utils/nnet_dense_stream.h:17]   --->   Operation 378 'sext' 'sext_ln70_40' <Predicate = true> <Delay = 0.00>
ST_1 : Operation 379 [1/1] (0.00ns)   --->   "%sext_ln70_41 = sext i16 %data_12_val13_read" [firmware/nnet_utils/nnet_mult.h:70->firmware/nnet_utils/nnet_dense_latency.h:42->firmware/nnet_utils/nnet_dense_stream.h:17]   --->   Operation 379 'sext' 'sext_ln70_41' <Predicate = true> <Delay = 0.00>
ST_1 : Operation 380 [1/1] (0.00ns)   --->   "%sext_ln70_42 = sext i16 %data_12_val13_read" [firmware/nnet_utils/nnet_mult.h:70->firmware/nnet_utils/nnet_dense_latency.h:42->firmware/nnet_utils/nnet_dense_stream.h:17]   --->   Operation 380 'sext' 'sext_ln70_42' <Predicate = true> <Delay = 0.00>
ST_1 : Operation 381 [1/1] (0.00ns)   --->   "%sext_ln70_43 = sext i16 %data_12_val13_read" [firmware/nnet_utils/nnet_mult.h:70->firmware/nnet_utils/nnet_dense_latency.h:42->firmware/nnet_utils/nnet_dense_stream.h:17]   --->   Operation 381 'sext' 'sext_ln70_43' <Predicate = true> <Delay = 0.00>
ST_1 : Operation 382 [1/1] (2.38ns)   --->   "%mul_ln73_79 = mul i25 %sext_ln70_43, i25 33554216" [firmware/nnet_utils/nnet_mult.h:73->firmware/nnet_utils/nnet_dense_latency.h:42->firmware/nnet_utils/nnet_dense_stream.h:17]   --->   Operation 382 'mul' 'mul_ln73_79' <Predicate = true> <Delay = 2.38> <CoreInst = "Multiplier">   --->   Core 3 'Multiplier' <Latency = 0> <II = 1> <Delay = 2.38> <FuncUnit> <Opcode : 'mul'> <InPorts = 2> <OutPorts = 1>
ST_1 : Operation 383 [1/1] (0.00ns)   --->   "%mult_96 = partselect i15 @_ssdm_op_PartSelect.i15.i25.i32.i32, i25 %mul_ln73_79, i32 10, i32 24" [firmware/nnet_utils/nnet_dense_latency.h:42->firmware/nnet_utils/nnet_dense_stream.h:17]   --->   Operation 383 'partselect' 'mult_96' <Predicate = true> <Delay = 0.00>
ST_1 : Operation 384 [1/1] (0.00ns)   --->   "%sext_ln42_37 = sext i15 %mult_96" [firmware/nnet_utils/nnet_dense_latency.h:42->firmware/nnet_utils/nnet_dense_stream.h:17]   --->   Operation 384 'sext' 'sext_ln42_37' <Predicate = true> <Delay = 0.00>
ST_1 : Operation 385 [1/1] (2.38ns)   --->   "%mul_ln73_80 = mul i25 %sext_ln70_43, i25 234" [firmware/nnet_utils/nnet_mult.h:73->firmware/nnet_utils/nnet_dense_latency.h:42->firmware/nnet_utils/nnet_dense_stream.h:17]   --->   Operation 385 'mul' 'mul_ln73_80' <Predicate = true> <Delay = 2.38> <CoreInst = "Multiplier">   --->   Core 3 'Multiplier' <Latency = 0> <II = 1> <Delay = 2.38> <FuncUnit> <Opcode : 'mul'> <InPorts = 2> <OutPorts = 1>
ST_1 : Operation 386 [1/1] (0.00ns)   --->   "%mult_97 = partselect i15 @_ssdm_op_PartSelect.i15.i25.i32.i32, i25 %mul_ln73_80, i32 10, i32 24" [firmware/nnet_utils/nnet_dense_latency.h:42->firmware/nnet_utils/nnet_dense_stream.h:17]   --->   Operation 386 'partselect' 'mult_97' <Predicate = true> <Delay = 0.00>
ST_1 : Operation 387 [1/1] (0.00ns)   --->   "%sext_ln42_38 = sext i15 %mult_97" [firmware/nnet_utils/nnet_dense_latency.h:42->firmware/nnet_utils/nnet_dense_stream.h:17]   --->   Operation 387 'sext' 'sext_ln42_38' <Predicate = true> <Delay = 0.00>
ST_1 : Operation 388 [1/1] (2.38ns)   --->   "%mul_ln73_81 = mul i26 %sext_ln70_42, i26 294" [firmware/nnet_utils/nnet_mult.h:73->firmware/nnet_utils/nnet_dense_latency.h:42->firmware/nnet_utils/nnet_dense_stream.h:17]   --->   Operation 388 'mul' 'mul_ln73_81' <Predicate = true> <Delay = 2.38> <CoreInst = "Multiplier">   --->   Core 3 'Multiplier' <Latency = 0> <II = 1> <Delay = 2.38> <FuncUnit> <Opcode : 'mul'> <InPorts = 2> <OutPorts = 1>
ST_1 : Operation 389 [1/1] (0.00ns)   --->   "%mult_98 = partselect i16 @_ssdm_op_PartSelect.i16.i26.i32.i32, i26 %mul_ln73_81, i32 10, i32 25" [firmware/nnet_utils/nnet_dense_latency.h:42->firmware/nnet_utils/nnet_dense_stream.h:17]   --->   Operation 389 'partselect' 'mult_98' <Predicate = true> <Delay = 0.00>
ST_1 : Operation 390 [1/1] (2.38ns)   --->   "%mul_ln73_82 = mul i23 %sext_ln70_41, i23 8388555" [firmware/nnet_utils/nnet_mult.h:73->firmware/nnet_utils/nnet_dense_latency.h:42->firmware/nnet_utils/nnet_dense_stream.h:17]   --->   Operation 390 'mul' 'mul_ln73_82' <Predicate = true> <Delay = 2.38> <CoreInst = "Multiplier">   --->   Core 3 'Multiplier' <Latency = 0> <II = 1> <Delay = 2.38> <FuncUnit> <Opcode : 'mul'> <InPorts = 2> <OutPorts = 1>
ST_1 : Operation 391 [1/1] (0.00ns)   --->   "%mult_99 = partselect i13 @_ssdm_op_PartSelect.i13.i23.i32.i32, i23 %mul_ln73_82, i32 10, i32 22" [firmware/nnet_utils/nnet_dense_latency.h:42->firmware/nnet_utils/nnet_dense_stream.h:17]   --->   Operation 391 'partselect' 'mult_99' <Predicate = true> <Delay = 0.00>
ST_1 : Operation 392 [1/1] (0.00ns)   --->   "%sext_ln17_29 = sext i13 %mult_99" [firmware/nnet_utils/nnet_dense_latency.h:17->firmware/nnet_utils/nnet_dense_stream.h:17]   --->   Operation 392 'sext' 'sext_ln17_29' <Predicate = true> <Delay = 0.00>
ST_1 : Operation 393 [1/1] (2.38ns)   --->   "%mul_ln73_83 = mul i24 %sext_ln70_40, i24 105" [firmware/nnet_utils/nnet_mult.h:73->firmware/nnet_utils/nnet_dense_latency.h:42->firmware/nnet_utils/nnet_dense_stream.h:17]   --->   Operation 393 'mul' 'mul_ln73_83' <Predicate = true> <Delay = 2.38> <CoreInst = "Multiplier">   --->   Core 3 'Multiplier' <Latency = 0> <II = 1> <Delay = 2.38> <FuncUnit> <Opcode : 'mul'> <InPorts = 2> <OutPorts = 1>
ST_1 : Operation 394 [1/1] (0.00ns)   --->   "%mult_100 = partselect i14 @_ssdm_op_PartSelect.i14.i24.i32.i32, i24 %mul_ln73_83, i32 10, i32 23" [firmware/nnet_utils/nnet_dense_latency.h:42->firmware/nnet_utils/nnet_dense_stream.h:17]   --->   Operation 394 'partselect' 'mult_100' <Predicate = true> <Delay = 0.00>
ST_1 : Operation 395 [1/1] (0.00ns)   --->   "%sext_ln17_30 = sext i14 %mult_100" [firmware/nnet_utils/nnet_dense_latency.h:17->firmware/nnet_utils/nnet_dense_stream.h:17]   --->   Operation 395 'sext' 'sext_ln17_30' <Predicate = true> <Delay = 0.00>
ST_1 : Operation 396 [1/1] (2.38ns)   --->   "%mul_ln73_84 = mul i24 %sext_ln70_40, i24 103" [firmware/nnet_utils/nnet_mult.h:73->firmware/nnet_utils/nnet_dense_latency.h:42->firmware/nnet_utils/nnet_dense_stream.h:17]   --->   Operation 396 'mul' 'mul_ln73_84' <Predicate = true> <Delay = 2.38> <CoreInst = "Multiplier">   --->   Core 3 'Multiplier' <Latency = 0> <II = 1> <Delay = 2.38> <FuncUnit> <Opcode : 'mul'> <InPorts = 2> <OutPorts = 1>
ST_1 : Operation 397 [1/1] (0.00ns)   --->   "%mult_101 = partselect i14 @_ssdm_op_PartSelect.i14.i24.i32.i32, i24 %mul_ln73_84, i32 10, i32 23" [firmware/nnet_utils/nnet_dense_latency.h:42->firmware/nnet_utils/nnet_dense_stream.h:17]   --->   Operation 397 'partselect' 'mult_101' <Predicate = true> <Delay = 0.00>
ST_1 : Operation 398 [1/1] (0.00ns)   --->   "%sext_ln17_31 = sext i14 %mult_101" [firmware/nnet_utils/nnet_dense_latency.h:17->firmware/nnet_utils/nnet_dense_stream.h:17]   --->   Operation 398 'sext' 'sext_ln17_31' <Predicate = true> <Delay = 0.00>
ST_1 : Operation 399 [1/1] (2.38ns)   --->   "%mul_ln73_85 = mul i26 %sext_ln70_42, i26 67108556" [firmware/nnet_utils/nnet_mult.h:73->firmware/nnet_utils/nnet_dense_latency.h:42->firmware/nnet_utils/nnet_dense_stream.h:17]   --->   Operation 399 'mul' 'mul_ln73_85' <Predicate = true> <Delay = 2.38> <CoreInst = "Multiplier">   --->   Core 3 'Multiplier' <Latency = 0> <II = 1> <Delay = 2.38> <FuncUnit> <Opcode : 'mul'> <InPorts = 2> <OutPorts = 1>
ST_1 : Operation 400 [1/1] (0.00ns)   --->   "%mult_102 = partselect i16 @_ssdm_op_PartSelect.i16.i26.i32.i32, i26 %mul_ln73_85, i32 10, i32 25" [firmware/nnet_utils/nnet_dense_latency.h:42->firmware/nnet_utils/nnet_dense_stream.h:17]   --->   Operation 400 'partselect' 'mult_102' <Predicate = true> <Delay = 0.00>
ST_1 : Operation 401 [1/1] (2.38ns)   --->   "%mul_ln73_86 = mul i26 %sext_ln70_42, i26 67108504" [firmware/nnet_utils/nnet_mult.h:73->firmware/nnet_utils/nnet_dense_latency.h:42->firmware/nnet_utils/nnet_dense_stream.h:17]   --->   Operation 401 'mul' 'mul_ln73_86' <Predicate = true> <Delay = 2.38> <CoreInst = "Multiplier">   --->   Core 3 'Multiplier' <Latency = 0> <II = 1> <Delay = 2.38> <FuncUnit> <Opcode : 'mul'> <InPorts = 2> <OutPorts = 1>
ST_1 : Operation 402 [1/1] (0.00ns)   --->   "%mult_103 = partselect i16 @_ssdm_op_PartSelect.i16.i26.i32.i32, i26 %mul_ln73_86, i32 10, i32 25" [firmware/nnet_utils/nnet_dense_latency.h:42->firmware/nnet_utils/nnet_dense_stream.h:17]   --->   Operation 402 'partselect' 'mult_103' <Predicate = true> <Delay = 0.00>
ST_1 : Operation 403 [1/1] (0.00ns)   --->   "%sext_ln70_44 = sext i16 %data_13_val14_read" [firmware/nnet_utils/nnet_mult.h:70->firmware/nnet_utils/nnet_dense_latency.h:42->firmware/nnet_utils/nnet_dense_stream.h:17]   --->   Operation 403 'sext' 'sext_ln70_44' <Predicate = true> <Delay = 0.00>
ST_1 : Operation 404 [1/1] (0.00ns)   --->   "%sext_ln70_45 = sext i16 %data_13_val14_read" [firmware/nnet_utils/nnet_mult.h:70->firmware/nnet_utils/nnet_dense_latency.h:42->firmware/nnet_utils/nnet_dense_stream.h:17]   --->   Operation 404 'sext' 'sext_ln70_45' <Predicate = true> <Delay = 0.00>
ST_1 : Operation 405 [1/1] (0.00ns)   --->   "%sext_ln70_46 = sext i16 %data_13_val14_read" [firmware/nnet_utils/nnet_mult.h:70->firmware/nnet_utils/nnet_dense_latency.h:42->firmware/nnet_utils/nnet_dense_stream.h:17]   --->   Operation 405 'sext' 'sext_ln70_46' <Predicate = true> <Delay = 0.00>
ST_1 : Operation 406 [1/1] (2.38ns)   --->   "%mul_ln73_87 = mul i26 %sext_ln70_46, i26 67108508" [firmware/nnet_utils/nnet_mult.h:73->firmware/nnet_utils/nnet_dense_latency.h:42->firmware/nnet_utils/nnet_dense_stream.h:17]   --->   Operation 406 'mul' 'mul_ln73_87' <Predicate = true> <Delay = 2.38> <CoreInst = "Multiplier">   --->   Core 3 'Multiplier' <Latency = 0> <II = 1> <Delay = 2.38> <FuncUnit> <Opcode : 'mul'> <InPorts = 2> <OutPorts = 1>
ST_1 : Operation 407 [1/1] (0.00ns)   --->   "%mult_104 = partselect i16 @_ssdm_op_PartSelect.i16.i26.i32.i32, i26 %mul_ln73_87, i32 10, i32 25" [firmware/nnet_utils/nnet_dense_latency.h:42->firmware/nnet_utils/nnet_dense_stream.h:17]   --->   Operation 407 'partselect' 'mult_104' <Predicate = true> <Delay = 0.00>
ST_1 : Operation 408 [1/1] (2.38ns)   --->   "%mul_ln73_88 = mul i25 %sext_ln70_45, i25 134" [firmware/nnet_utils/nnet_mult.h:73->firmware/nnet_utils/nnet_dense_latency.h:42->firmware/nnet_utils/nnet_dense_stream.h:17]   --->   Operation 408 'mul' 'mul_ln73_88' <Predicate = true> <Delay = 2.38> <CoreInst = "Multiplier">   --->   Core 3 'Multiplier' <Latency = 0> <II = 1> <Delay = 2.38> <FuncUnit> <Opcode : 'mul'> <InPorts = 2> <OutPorts = 1>
ST_1 : Operation 409 [1/1] (0.00ns)   --->   "%mult_105 = partselect i15 @_ssdm_op_PartSelect.i15.i25.i32.i32, i25 %mul_ln73_88, i32 10, i32 24" [firmware/nnet_utils/nnet_dense_latency.h:42->firmware/nnet_utils/nnet_dense_stream.h:17]   --->   Operation 409 'partselect' 'mult_105' <Predicate = true> <Delay = 0.00>
ST_1 : Operation 410 [1/1] (0.00ns)   --->   "%sext_ln42_39 = sext i15 %mult_105" [firmware/nnet_utils/nnet_dense_latency.h:42->firmware/nnet_utils/nnet_dense_stream.h:17]   --->   Operation 410 'sext' 'sext_ln42_39' <Predicate = true> <Delay = 0.00>
ST_1 : Operation 411 [1/1] (2.38ns)   --->   "%mul_ln73_89 = mul i25 %sext_ln70_45, i25 33554195" [firmware/nnet_utils/nnet_mult.h:73->firmware/nnet_utils/nnet_dense_latency.h:42->firmware/nnet_utils/nnet_dense_stream.h:17]   --->   Operation 411 'mul' 'mul_ln73_89' <Predicate = true> <Delay = 2.38> <CoreInst = "Multiplier">   --->   Core 3 'Multiplier' <Latency = 0> <II = 1> <Delay = 2.38> <FuncUnit> <Opcode : 'mul'> <InPorts = 2> <OutPorts = 1>
ST_1 : Operation 412 [1/1] (0.00ns)   --->   "%mult_106 = partselect i15 @_ssdm_op_PartSelect.i15.i25.i32.i32, i25 %mul_ln73_89, i32 10, i32 24" [firmware/nnet_utils/nnet_dense_latency.h:42->firmware/nnet_utils/nnet_dense_stream.h:17]   --->   Operation 412 'partselect' 'mult_106' <Predicate = true> <Delay = 0.00>
ST_1 : Operation 413 [1/1] (2.38ns)   --->   "%mul_ln73_90 = mul i26 %sext_ln70_46, i26 323" [firmware/nnet_utils/nnet_mult.h:73->firmware/nnet_utils/nnet_dense_latency.h:42->firmware/nnet_utils/nnet_dense_stream.h:17]   --->   Operation 413 'mul' 'mul_ln73_90' <Predicate = true> <Delay = 2.38> <CoreInst = "Multiplier">   --->   Core 3 'Multiplier' <Latency = 0> <II = 1> <Delay = 2.38> <FuncUnit> <Opcode : 'mul'> <InPorts = 2> <OutPorts = 1>
ST_1 : Operation 414 [1/1] (0.00ns)   --->   "%mult_107 = partselect i16 @_ssdm_op_PartSelect.i16.i26.i32.i32, i26 %mul_ln73_90, i32 10, i32 25" [firmware/nnet_utils/nnet_dense_latency.h:42->firmware/nnet_utils/nnet_dense_stream.h:17]   --->   Operation 414 'partselect' 'mult_107' <Predicate = true> <Delay = 0.00>
ST_1 : Operation 415 [1/1] (2.38ns)   --->   "%mul_ln73_91 = mul i24 %sext_ln70_44, i24 78" [firmware/nnet_utils/nnet_mult.h:73->firmware/nnet_utils/nnet_dense_latency.h:42->firmware/nnet_utils/nnet_dense_stream.h:17]   --->   Operation 415 'mul' 'mul_ln73_91' <Predicate = true> <Delay = 2.38> <CoreInst = "Multiplier">   --->   Core 3 'Multiplier' <Latency = 0> <II = 1> <Delay = 2.38> <FuncUnit> <Opcode : 'mul'> <InPorts = 2> <OutPorts = 1>
ST_1 : Operation 416 [1/1] (0.00ns)   --->   "%mult_108 = partselect i14 @_ssdm_op_PartSelect.i14.i24.i32.i32, i24 %mul_ln73_91, i32 10, i32 23" [firmware/nnet_utils/nnet_dense_latency.h:42->firmware/nnet_utils/nnet_dense_stream.h:17]   --->   Operation 416 'partselect' 'mult_108' <Predicate = true> <Delay = 0.00>
ST_1 : Operation 417 [1/1] (2.38ns)   --->   "%mul_ln73_92 = mul i25 %sext_ln70_45, i25 209" [firmware/nnet_utils/nnet_mult.h:73->firmware/nnet_utils/nnet_dense_latency.h:42->firmware/nnet_utils/nnet_dense_stream.h:17]   --->   Operation 417 'mul' 'mul_ln73_92' <Predicate = true> <Delay = 2.38> <CoreInst = "Multiplier">   --->   Core 3 'Multiplier' <Latency = 0> <II = 1> <Delay = 2.38> <FuncUnit> <Opcode : 'mul'> <InPorts = 2> <OutPorts = 1>
ST_1 : Operation 418 [1/1] (0.00ns)   --->   "%mult_109 = partselect i15 @_ssdm_op_PartSelect.i15.i25.i32.i32, i25 %mul_ln73_92, i32 10, i32 24" [firmware/nnet_utils/nnet_dense_latency.h:42->firmware/nnet_utils/nnet_dense_stream.h:17]   --->   Operation 418 'partselect' 'mult_109' <Predicate = true> <Delay = 0.00>
ST_1 : Operation 419 [1/1] (0.00ns)   --->   "%sext_ln42_42 = sext i15 %mult_109" [firmware/nnet_utils/nnet_dense_latency.h:42->firmware/nnet_utils/nnet_dense_stream.h:17]   --->   Operation 419 'sext' 'sext_ln42_42' <Predicate = true> <Delay = 0.00>
ST_1 : Operation 420 [1/1] (2.38ns)   --->   "%mul_ln73_93 = mul i26 %sext_ln70_46, i26 262" [firmware/nnet_utils/nnet_mult.h:73->firmware/nnet_utils/nnet_dense_latency.h:42->firmware/nnet_utils/nnet_dense_stream.h:17]   --->   Operation 420 'mul' 'mul_ln73_93' <Predicate = true> <Delay = 2.38> <CoreInst = "Multiplier">   --->   Core 3 'Multiplier' <Latency = 0> <II = 1> <Delay = 2.38> <FuncUnit> <Opcode : 'mul'> <InPorts = 2> <OutPorts = 1>
ST_1 : Operation 421 [1/1] (0.00ns)   --->   "%mult_110 = partselect i16 @_ssdm_op_PartSelect.i16.i26.i32.i32, i26 %mul_ln73_93, i32 10, i32 25" [firmware/nnet_utils/nnet_dense_latency.h:42->firmware/nnet_utils/nnet_dense_stream.h:17]   --->   Operation 421 'partselect' 'mult_110' <Predicate = true> <Delay = 0.00>
ST_1 : Operation 422 [1/1] (2.38ns)   --->   "%mul_ln73_94 = mul i25 %sext_ln70_45, i25 174" [firmware/nnet_utils/nnet_mult.h:73->firmware/nnet_utils/nnet_dense_latency.h:42->firmware/nnet_utils/nnet_dense_stream.h:17]   --->   Operation 422 'mul' 'mul_ln73_94' <Predicate = true> <Delay = 2.38> <CoreInst = "Multiplier">   --->   Core 3 'Multiplier' <Latency = 0> <II = 1> <Delay = 2.38> <FuncUnit> <Opcode : 'mul'> <InPorts = 2> <OutPorts = 1>
ST_1 : Operation 423 [1/1] (0.00ns)   --->   "%mult_111 = partselect i15 @_ssdm_op_PartSelect.i15.i25.i32.i32, i25 %mul_ln73_94, i32 10, i32 24" [firmware/nnet_utils/nnet_dense_latency.h:42->firmware/nnet_utils/nnet_dense_stream.h:17]   --->   Operation 423 'partselect' 'mult_111' <Predicate = true> <Delay = 0.00>
ST_1 : Operation 424 [1/1] (0.00ns)   --->   "%sext_ln70_47 = sext i16 %data_14_val15_read" [firmware/nnet_utils/nnet_mult.h:70->firmware/nnet_utils/nnet_dense_latency.h:42->firmware/nnet_utils/nnet_dense_stream.h:17]   --->   Operation 424 'sext' 'sext_ln70_47' <Predicate = true> <Delay = 0.00>
ST_1 : Operation 425 [1/1] (0.00ns)   --->   "%sext_ln70_48 = sext i16 %data_14_val15_read" [firmware/nnet_utils/nnet_mult.h:70->firmware/nnet_utils/nnet_dense_latency.h:42->firmware/nnet_utils/nnet_dense_stream.h:17]   --->   Operation 425 'sext' 'sext_ln70_48' <Predicate = true> <Delay = 0.00>
ST_1 : Operation 426 [1/1] (0.00ns)   --->   "%sext_ln70_49 = sext i16 %data_14_val15_read" [firmware/nnet_utils/nnet_mult.h:70->firmware/nnet_utils/nnet_dense_latency.h:42->firmware/nnet_utils/nnet_dense_stream.h:17]   --->   Operation 426 'sext' 'sext_ln70_49' <Predicate = true> <Delay = 0.00>
ST_1 : Operation 427 [1/1] (2.38ns)   --->   "%mul_ln73_95 = mul i25 %sext_ln70_49, i25 133" [firmware/nnet_utils/nnet_mult.h:73->firmware/nnet_utils/nnet_dense_latency.h:42->firmware/nnet_utils/nnet_dense_stream.h:17]   --->   Operation 427 'mul' 'mul_ln73_95' <Predicate = true> <Delay = 2.38> <CoreInst = "Multiplier">   --->   Core 3 'Multiplier' <Latency = 0> <II = 1> <Delay = 2.38> <FuncUnit> <Opcode : 'mul'> <InPorts = 2> <OutPorts = 1>
ST_1 : Operation 428 [1/1] (0.00ns)   --->   "%mult_112 = partselect i15 @_ssdm_op_PartSelect.i15.i25.i32.i32, i25 %mul_ln73_95, i32 10, i32 24" [firmware/nnet_utils/nnet_dense_latency.h:42->firmware/nnet_utils/nnet_dense_stream.h:17]   --->   Operation 428 'partselect' 'mult_112' <Predicate = true> <Delay = 0.00>
ST_1 : Operation 429 [1/1] (0.00ns)   --->   "%sext_ln42_44 = sext i15 %mult_112" [firmware/nnet_utils/nnet_dense_latency.h:42->firmware/nnet_utils/nnet_dense_stream.h:17]   --->   Operation 429 'sext' 'sext_ln42_44' <Predicate = true> <Delay = 0.00>
ST_1 : Operation 430 [1/1] (0.00ns)   --->   "%tmp_39 = bitconcatenate i24 @_ssdm_op_BitConcatenate.i24.i16.i8, i16 %data_14_val15_read, i8 0" [firmware/nnet_utils/nnet_mult.h:73->firmware/nnet_utils/nnet_dense_latency.h:42->firmware/nnet_utils/nnet_dense_stream.h:17]   --->   Operation 430 'bitconcatenate' 'tmp_39' <Predicate = true> <Delay = 0.00>
ST_1 : Operation 431 [1/1] (0.00ns)   --->   "%sext_ln73_26 = sext i24 %tmp_39" [firmware/nnet_utils/nnet_mult.h:73->firmware/nnet_utils/nnet_dense_latency.h:42->firmware/nnet_utils/nnet_dense_stream.h:17]   --->   Operation 431 'sext' 'sext_ln73_26' <Predicate = true> <Delay = 0.00>
ST_1 : Operation 432 [1/1] (0.93ns)   --->   "%sub_ln73_12 = sub i25 %sext_ln73_26, i25 %sext_ln70_49" [firmware/nnet_utils/nnet_mult.h:73->firmware/nnet_utils/nnet_dense_latency.h:42->firmware/nnet_utils/nnet_dense_stream.h:17]   --->   Operation 432 'sub' 'sub_ln73_12' <Predicate = true> <Delay = 0.93> <CoreInst = "Adder">   --->   Core 1 'Adder' <Latency = 0> <II = 1> <Delay = 0.93> <FuncUnit> <Opcode : 'add' 'sub'> <InPorts = 2> <OutPorts = 1>
ST_1 : Operation 433 [1/1] (0.00ns)   --->   "%mult_113 = partselect i15 @_ssdm_op_PartSelect.i15.i25.i32.i32, i25 %sub_ln73_12, i32 10, i32 24" [firmware/nnet_utils/nnet_dense_latency.h:42->firmware/nnet_utils/nnet_dense_stream.h:17]   --->   Operation 433 'partselect' 'mult_113' <Predicate = true> <Delay = 0.00>
ST_1 : Operation 434 [1/1] (2.38ns)   --->   "%mul_ln73_96 = mul i26 %sext_ln70_48, i26 67108591" [firmware/nnet_utils/nnet_mult.h:73->firmware/nnet_utils/nnet_dense_latency.h:42->firmware/nnet_utils/nnet_dense_stream.h:17]   --->   Operation 434 'mul' 'mul_ln73_96' <Predicate = true> <Delay = 2.38> <CoreInst = "Multiplier">   --->   Core 3 'Multiplier' <Latency = 0> <II = 1> <Delay = 2.38> <FuncUnit> <Opcode : 'mul'> <InPorts = 2> <OutPorts = 1>
ST_1 : Operation 435 [1/1] (0.00ns)   --->   "%mult_114 = partselect i16 @_ssdm_op_PartSelect.i16.i26.i32.i32, i26 %mul_ln73_96, i32 10, i32 25" [firmware/nnet_utils/nnet_dense_latency.h:42->firmware/nnet_utils/nnet_dense_stream.h:17]   --->   Operation 435 'partselect' 'mult_114' <Predicate = true> <Delay = 0.00>
ST_1 : Operation 436 [1/1] (2.38ns)   --->   "%mul_ln73_97 = mul i23 %sext_ln70_47, i23 8388562" [firmware/nnet_utils/nnet_mult.h:73->firmware/nnet_utils/nnet_dense_latency.h:42->firmware/nnet_utils/nnet_dense_stream.h:17]   --->   Operation 436 'mul' 'mul_ln73_97' <Predicate = true> <Delay = 2.38> <CoreInst = "Multiplier">   --->   Core 3 'Multiplier' <Latency = 0> <II = 1> <Delay = 2.38> <FuncUnit> <Opcode : 'mul'> <InPorts = 2> <OutPorts = 1>
ST_1 : Operation 437 [1/1] (0.00ns)   --->   "%mult_115 = partselect i13 @_ssdm_op_PartSelect.i13.i23.i32.i32, i23 %mul_ln73_97, i32 10, i32 22" [firmware/nnet_utils/nnet_dense_latency.h:42->firmware/nnet_utils/nnet_dense_stream.h:17]   --->   Operation 437 'partselect' 'mult_115' <Predicate = true> <Delay = 0.00>
ST_1 : Operation 438 [1/1] (2.38ns)   --->   "%mul_ln73_98 = mul i25 %sext_ln70_49, i25 155" [firmware/nnet_utils/nnet_mult.h:73->firmware/nnet_utils/nnet_dense_latency.h:42->firmware/nnet_utils/nnet_dense_stream.h:17]   --->   Operation 438 'mul' 'mul_ln73_98' <Predicate = true> <Delay = 2.38> <CoreInst = "Multiplier">   --->   Core 3 'Multiplier' <Latency = 0> <II = 1> <Delay = 2.38> <FuncUnit> <Opcode : 'mul'> <InPorts = 2> <OutPorts = 1>
ST_1 : Operation 439 [1/1] (0.00ns)   --->   "%mult_116 = partselect i15 @_ssdm_op_PartSelect.i15.i25.i32.i32, i25 %mul_ln73_98, i32 10, i32 24" [firmware/nnet_utils/nnet_dense_latency.h:42->firmware/nnet_utils/nnet_dense_stream.h:17]   --->   Operation 439 'partselect' 'mult_116' <Predicate = true> <Delay = 0.00>
ST_1 : Operation 440 [1/1] (0.00ns)   --->   "%sext_ln42_46 = sext i15 %mult_116" [firmware/nnet_utils/nnet_dense_latency.h:42->firmware/nnet_utils/nnet_dense_stream.h:17]   --->   Operation 440 'sext' 'sext_ln42_46' <Predicate = true> <Delay = 0.00>
ST_1 : Operation 441 [1/1] (2.38ns)   --->   "%mul_ln73_99 = mul i26 %sext_ln70_48, i26 355" [firmware/nnet_utils/nnet_mult.h:73->firmware/nnet_utils/nnet_dense_latency.h:42->firmware/nnet_utils/nnet_dense_stream.h:17]   --->   Operation 441 'mul' 'mul_ln73_99' <Predicate = true> <Delay = 2.38> <CoreInst = "Multiplier">   --->   Core 3 'Multiplier' <Latency = 0> <II = 1> <Delay = 2.38> <FuncUnit> <Opcode : 'mul'> <InPorts = 2> <OutPorts = 1>
ST_1 : Operation 442 [1/1] (0.00ns)   --->   "%mult_117 = partselect i16 @_ssdm_op_PartSelect.i16.i26.i32.i32, i26 %mul_ln73_99, i32 10, i32 25" [firmware/nnet_utils/nnet_dense_latency.h:42->firmware/nnet_utils/nnet_dense_stream.h:17]   --->   Operation 442 'partselect' 'mult_117' <Predicate = true> <Delay = 0.00>
ST_1 : Operation 443 [1/1] (2.38ns)   --->   "%mul_ln73_100 = mul i25 %sext_ln70_49, i25 154" [firmware/nnet_utils/nnet_mult.h:73->firmware/nnet_utils/nnet_dense_latency.h:42->firmware/nnet_utils/nnet_dense_stream.h:17]   --->   Operation 443 'mul' 'mul_ln73_100' <Predicate = true> <Delay = 2.38> <CoreInst = "Multiplier">   --->   Core 3 'Multiplier' <Latency = 0> <II = 1> <Delay = 2.38> <FuncUnit> <Opcode : 'mul'> <InPorts = 2> <OutPorts = 1>
ST_1 : Operation 444 [1/1] (0.00ns)   --->   "%mult_118 = partselect i15 @_ssdm_op_PartSelect.i15.i25.i32.i32, i25 %mul_ln73_100, i32 10, i32 24" [firmware/nnet_utils/nnet_dense_latency.h:42->firmware/nnet_utils/nnet_dense_stream.h:17]   --->   Operation 444 'partselect' 'mult_118' <Predicate = true> <Delay = 0.00>
ST_1 : Operation 445 [1/1] (2.38ns)   --->   "%mul_ln73_101 = mul i26 %sext_ln70_48, i26 301" [firmware/nnet_utils/nnet_mult.h:73->firmware/nnet_utils/nnet_dense_latency.h:42->firmware/nnet_utils/nnet_dense_stream.h:17]   --->   Operation 445 'mul' 'mul_ln73_101' <Predicate = true> <Delay = 2.38> <CoreInst = "Multiplier">   --->   Core 3 'Multiplier' <Latency = 0> <II = 1> <Delay = 2.38> <FuncUnit> <Opcode : 'mul'> <InPorts = 2> <OutPorts = 1>
ST_1 : Operation 446 [1/1] (0.00ns)   --->   "%mult_119 = partselect i16 @_ssdm_op_PartSelect.i16.i26.i32.i32, i26 %mul_ln73_101, i32 10, i32 25" [firmware/nnet_utils/nnet_dense_latency.h:42->firmware/nnet_utils/nnet_dense_stream.h:17]   --->   Operation 446 'partselect' 'mult_119' <Predicate = true> <Delay = 0.00>
ST_1 : Operation 447 [1/1] (0.00ns)   --->   "%sext_ln70_50 = sext i16 %data_15_val16_read" [firmware/nnet_utils/nnet_mult.h:70->firmware/nnet_utils/nnet_dense_latency.h:42->firmware/nnet_utils/nnet_dense_stream.h:17]   --->   Operation 447 'sext' 'sext_ln70_50' <Predicate = true> <Delay = 0.00>
ST_1 : Operation 448 [1/1] (0.00ns)   --->   "%sext_ln70_51 = sext i16 %data_15_val16_read" [firmware/nnet_utils/nnet_mult.h:70->firmware/nnet_utils/nnet_dense_latency.h:42->firmware/nnet_utils/nnet_dense_stream.h:17]   --->   Operation 448 'sext' 'sext_ln70_51' <Predicate = true> <Delay = 0.00>
ST_1 : Operation 449 [1/1] (0.00ns)   --->   "%sext_ln70_52 = sext i16 %data_15_val16_read" [firmware/nnet_utils/nnet_mult.h:70->firmware/nnet_utils/nnet_dense_latency.h:42->firmware/nnet_utils/nnet_dense_stream.h:17]   --->   Operation 449 'sext' 'sext_ln70_52' <Predicate = true> <Delay = 0.00>
ST_1 : Operation 450 [1/1] (2.38ns)   --->   "%mul_ln73_102 = mul i24 %sext_ln70_52, i24 67" [firmware/nnet_utils/nnet_mult.h:73->firmware/nnet_utils/nnet_dense_latency.h:42->firmware/nnet_utils/nnet_dense_stream.h:17]   --->   Operation 450 'mul' 'mul_ln73_102' <Predicate = true> <Delay = 2.38> <CoreInst = "Multiplier">   --->   Core 3 'Multiplier' <Latency = 0> <II = 1> <Delay = 2.38> <FuncUnit> <Opcode : 'mul'> <InPorts = 2> <OutPorts = 1>
ST_1 : Operation 451 [1/1] (0.00ns)   --->   "%mult_120 = partselect i14 @_ssdm_op_PartSelect.i14.i24.i32.i32, i24 %mul_ln73_102, i32 10, i32 23" [firmware/nnet_utils/nnet_dense_latency.h:42->firmware/nnet_utils/nnet_dense_stream.h:17]   --->   Operation 451 'partselect' 'mult_120' <Predicate = true> <Delay = 0.00>
ST_1 : Operation 452 [1/1] (0.00ns)   --->   "%sext_ln17_33 = sext i14 %mult_120" [firmware/nnet_utils/nnet_dense_latency.h:17->firmware/nnet_utils/nnet_dense_stream.h:17]   --->   Operation 452 'sext' 'sext_ln17_33' <Predicate = true> <Delay = 0.00>
ST_1 : Operation 453 [1/1] (2.38ns)   --->   "%mul_ln73_103 = mul i25 %sext_ln70_51, i25 174" [firmware/nnet_utils/nnet_mult.h:73->firmware/nnet_utils/nnet_dense_latency.h:42->firmware/nnet_utils/nnet_dense_stream.h:17]   --->   Operation 453 'mul' 'mul_ln73_103' <Predicate = true> <Delay = 2.38> <CoreInst = "Multiplier">   --->   Core 3 'Multiplier' <Latency = 0> <II = 1> <Delay = 2.38> <FuncUnit> <Opcode : 'mul'> <InPorts = 2> <OutPorts = 1>
ST_1 : Operation 454 [1/1] (0.00ns)   --->   "%mult_121 = partselect i15 @_ssdm_op_PartSelect.i15.i25.i32.i32, i25 %mul_ln73_103, i32 10, i32 24" [firmware/nnet_utils/nnet_dense_latency.h:42->firmware/nnet_utils/nnet_dense_stream.h:17]   --->   Operation 454 'partselect' 'mult_121' <Predicate = true> <Delay = 0.00>
ST_1 : Operation 455 [1/1] (2.38ns)   --->   "%mul_ln73_104 = mul i26 %sext_ln70_50, i26 328" [firmware/nnet_utils/nnet_mult.h:73->firmware/nnet_utils/nnet_dense_latency.h:42->firmware/nnet_utils/nnet_dense_stream.h:17]   --->   Operation 455 'mul' 'mul_ln73_104' <Predicate = true> <Delay = 2.38> <CoreInst = "Multiplier">   --->   Core 3 'Multiplier' <Latency = 0> <II = 1> <Delay = 2.38> <FuncUnit> <Opcode : 'mul'> <InPorts = 2> <OutPorts = 1>
ST_1 : Operation 456 [1/1] (0.00ns)   --->   "%mult_122 = partselect i16 @_ssdm_op_PartSelect.i16.i26.i32.i32, i26 %mul_ln73_104, i32 10, i32 25" [firmware/nnet_utils/nnet_dense_latency.h:42->firmware/nnet_utils/nnet_dense_stream.h:17]   --->   Operation 456 'partselect' 'mult_122' <Predicate = true> <Delay = 0.00>
ST_1 : Operation 457 [1/1] (2.38ns)   --->   "%mul_ln73_105 = mul i25 %sext_ln70_51, i25 214" [firmware/nnet_utils/nnet_mult.h:73->firmware/nnet_utils/nnet_dense_latency.h:42->firmware/nnet_utils/nnet_dense_stream.h:17]   --->   Operation 457 'mul' 'mul_ln73_105' <Predicate = true> <Delay = 2.38> <CoreInst = "Multiplier">   --->   Core 3 'Multiplier' <Latency = 0> <II = 1> <Delay = 2.38> <FuncUnit> <Opcode : 'mul'> <InPorts = 2> <OutPorts = 1>
ST_1 : Operation 458 [1/1] (0.00ns)   --->   "%mult_123 = partselect i15 @_ssdm_op_PartSelect.i15.i25.i32.i32, i25 %mul_ln73_105, i32 10, i32 24" [firmware/nnet_utils/nnet_dense_latency.h:42->firmware/nnet_utils/nnet_dense_stream.h:17]   --->   Operation 458 'partselect' 'mult_123' <Predicate = true> <Delay = 0.00>
ST_1 : Operation 459 [1/1] (0.00ns)   --->   "%tmp_40 = bitconcatenate i21 @_ssdm_op_BitConcatenate.i21.i16.i5, i16 %data_15_val16_read, i5 0" [firmware/nnet_utils/nnet_mult.h:73->firmware/nnet_utils/nnet_dense_latency.h:42->firmware/nnet_utils/nnet_dense_stream.h:17]   --->   Operation 459 'bitconcatenate' 'tmp_40' <Predicate = true> <Delay = 0.00>
ST_1 : Operation 460 [1/1] (0.00ns)   --->   "%sext_ln73_27 = sext i21 %tmp_40" [firmware/nnet_utils/nnet_mult.h:73->firmware/nnet_utils/nnet_dense_latency.h:42->firmware/nnet_utils/nnet_dense_stream.h:17]   --->   Operation 460 'sext' 'sext_ln73_27' <Predicate = true> <Delay = 0.00>
ST_1 : Operation 461 [1/1] (0.00ns)   --->   "%tmp_41 = bitconcatenate i17 @_ssdm_op_BitConcatenate.i17.i16.i1, i16 %data_15_val16_read, i1 0" [firmware/nnet_utils/nnet_mult.h:73->firmware/nnet_utils/nnet_dense_latency.h:42->firmware/nnet_utils/nnet_dense_stream.h:17]   --->   Operation 461 'bitconcatenate' 'tmp_41' <Predicate = true> <Delay = 0.00>
ST_1 : Operation 462 [1/1] (0.00ns)   --->   "%sext_ln73_28 = sext i17 %tmp_41" [firmware/nnet_utils/nnet_mult.h:73->firmware/nnet_utils/nnet_dense_latency.h:42->firmware/nnet_utils/nnet_dense_stream.h:17]   --->   Operation 462 'sext' 'sext_ln73_28' <Predicate = true> <Delay = 0.00>
ST_1 : Operation 463 [1/1] (0.90ns)   --->   "%sub_ln73_13 = sub i22 %sext_ln73_27, i22 %sext_ln73_28" [firmware/nnet_utils/nnet_mult.h:73->firmware/nnet_utils/nnet_dense_latency.h:42->firmware/nnet_utils/nnet_dense_stream.h:17]   --->   Operation 463 'sub' 'sub_ln73_13' <Predicate = true> <Delay = 0.90> <CoreInst = "Adder">   --->   Core 1 'Adder' <Latency = 0> <II = 1> <Delay = 0.90> <FuncUnit> <Opcode : 'add' 'sub'> <InPorts = 2> <OutPorts = 1>
ST_1 : Operation 464 [1/1] (0.00ns)   --->   "%mult_124 = partselect i12 @_ssdm_op_PartSelect.i12.i22.i32.i32, i22 %sub_ln73_13, i32 10, i32 21" [firmware/nnet_utils/nnet_dense_latency.h:42->firmware/nnet_utils/nnet_dense_stream.h:17]   --->   Operation 464 'partselect' 'mult_124' <Predicate = true> <Delay = 0.00>
ST_1 : Operation 465 [1/1] (0.00ns)   --->   "%sext_ln17_34 = sext i12 %mult_124" [firmware/nnet_utils/nnet_dense_latency.h:17->firmware/nnet_utils/nnet_dense_stream.h:17]   --->   Operation 465 'sext' 'sext_ln17_34' <Predicate = true> <Delay = 0.00>
ST_1 : Operation 466 [1/1] (2.38ns)   --->   "%mul_ln73_106 = mul i26 %sext_ln70_50, i26 67108489" [firmware/nnet_utils/nnet_mult.h:73->firmware/nnet_utils/nnet_dense_latency.h:42->firmware/nnet_utils/nnet_dense_stream.h:17]   --->   Operation 466 'mul' 'mul_ln73_106' <Predicate = true> <Delay = 2.38> <CoreInst = "Multiplier">   --->   Core 3 'Multiplier' <Latency = 0> <II = 1> <Delay = 2.38> <FuncUnit> <Opcode : 'mul'> <InPorts = 2> <OutPorts = 1>
ST_1 : Operation 467 [1/1] (0.00ns)   --->   "%mult_125 = partselect i16 @_ssdm_op_PartSelect.i16.i26.i32.i32, i26 %mul_ln73_106, i32 10, i32 25" [firmware/nnet_utils/nnet_dense_latency.h:42->firmware/nnet_utils/nnet_dense_stream.h:17]   --->   Operation 467 'partselect' 'mult_125' <Predicate = true> <Delay = 0.00>
ST_1 : Operation 468 [1/1] (0.00ns)   --->   "%tmp_42 = bitconcatenate i24 @_ssdm_op_BitConcatenate.i24.i16.i8, i16 %data_15_val16_read, i8 0" [firmware/nnet_utils/nnet_mult.h:73->firmware/nnet_utils/nnet_dense_latency.h:42->firmware/nnet_utils/nnet_dense_stream.h:17]   --->   Operation 468 'bitconcatenate' 'tmp_42' <Predicate = true> <Delay = 0.00>
ST_1 : Operation 469 [1/1] (0.00ns)   --->   "%sext_ln73_29 = sext i24 %tmp_42" [firmware/nnet_utils/nnet_mult.h:73->firmware/nnet_utils/nnet_dense_latency.h:42->firmware/nnet_utils/nnet_dense_stream.h:17]   --->   Operation 469 'sext' 'sext_ln73_29' <Predicate = true> <Delay = 0.00>
ST_1 : Operation 470 [1/1] (0.00ns)   --->   "%tmp_43 = bitconcatenate i22 @_ssdm_op_BitConcatenate.i22.i16.i6, i16 %data_15_val16_read, i6 0" [firmware/nnet_utils/nnet_mult.h:73->firmware/nnet_utils/nnet_dense_latency.h:42->firmware/nnet_utils/nnet_dense_stream.h:17]   --->   Operation 470 'bitconcatenate' 'tmp_43' <Predicate = true> <Delay = 0.00>
ST_1 : Operation 471 [1/1] (0.00ns)   --->   "%sext_ln73_30 = sext i22 %tmp_43" [firmware/nnet_utils/nnet_mult.h:73->firmware/nnet_utils/nnet_dense_latency.h:42->firmware/nnet_utils/nnet_dense_stream.h:17]   --->   Operation 471 'sext' 'sext_ln73_30' <Predicate = true> <Delay = 0.00>
ST_1 : Operation 472 [1/1] (0.93ns)   --->   "%add_ln73_7 = add i26 %sext_ln73_29, i26 %sext_ln73_30" [firmware/nnet_utils/nnet_mult.h:73->firmware/nnet_utils/nnet_dense_latency.h:42->firmware/nnet_utils/nnet_dense_stream.h:17]   --->   Operation 472 'add' 'add_ln73_7' <Predicate = true> <Delay = 0.93> <CoreInst = "Adder">   --->   Core 1 'Adder' <Latency = 0> <II = 1> <Delay = 0.93> <FuncUnit> <Opcode : 'add' 'sub'> <InPorts = 2> <OutPorts = 1>
ST_1 : Operation 473 [1/1] (0.00ns)   --->   "%mult_126 = partselect i16 @_ssdm_op_PartSelect.i16.i26.i32.i32, i26 %add_ln73_7, i32 10, i32 25" [firmware/nnet_utils/nnet_dense_latency.h:42->firmware/nnet_utils/nnet_dense_stream.h:17]   --->   Operation 473 'partselect' 'mult_126' <Predicate = true> <Delay = 0.00>
ST_1 : Operation 474 [1/1] (2.38ns)   --->   "%mul_ln73_107 = mul i26 %sext_ln70_50, i26 67108527" [firmware/nnet_utils/nnet_mult.h:73->firmware/nnet_utils/nnet_dense_latency.h:42->firmware/nnet_utils/nnet_dense_stream.h:17]   --->   Operation 474 'mul' 'mul_ln73_107' <Predicate = true> <Delay = 2.38> <CoreInst = "Multiplier">   --->   Core 3 'Multiplier' <Latency = 0> <II = 1> <Delay = 2.38> <FuncUnit> <Opcode : 'mul'> <InPorts = 2> <OutPorts = 1>
ST_1 : Operation 475 [1/1] (0.00ns)   --->   "%mult_127 = partselect i16 @_ssdm_op_PartSelect.i16.i26.i32.i32, i26 %mul_ln73_107, i32 10, i32 25" [firmware/nnet_utils/nnet_dense_latency.h:42->firmware/nnet_utils/nnet_dense_stream.h:17]   --->   Operation 475 'partselect' 'mult_127' <Predicate = true> <Delay = 0.00>
ST_1 : Operation 476 [1/1] (0.00ns)   --->   "%sext_ln70_53 = sext i16 %data_16_val17_read" [firmware/nnet_utils/nnet_mult.h:70->firmware/nnet_utils/nnet_dense_latency.h:42->firmware/nnet_utils/nnet_dense_stream.h:17]   --->   Operation 476 'sext' 'sext_ln70_53' <Predicate = true> <Delay = 0.00>
ST_1 : Operation 477 [1/1] (0.00ns)   --->   "%sext_ln70_54 = sext i16 %data_16_val17_read" [firmware/nnet_utils/nnet_mult.h:70->firmware/nnet_utils/nnet_dense_latency.h:42->firmware/nnet_utils/nnet_dense_stream.h:17]   --->   Operation 477 'sext' 'sext_ln70_54' <Predicate = true> <Delay = 0.00>
ST_1 : Operation 478 [1/1] (0.00ns)   --->   "%sext_ln70_55 = sext i16 %data_16_val17_read" [firmware/nnet_utils/nnet_mult.h:70->firmware/nnet_utils/nnet_dense_latency.h:42->firmware/nnet_utils/nnet_dense_stream.h:17]   --->   Operation 478 'sext' 'sext_ln70_55' <Predicate = true> <Delay = 0.00>
ST_1 : Operation 479 [1/1] (0.00ns)   --->   "%sext_ln70_56 = sext i16 %data_16_val17_read" [firmware/nnet_utils/nnet_mult.h:70->firmware/nnet_utils/nnet_dense_latency.h:42->firmware/nnet_utils/nnet_dense_stream.h:17]   --->   Operation 479 'sext' 'sext_ln70_56' <Predicate = true> <Delay = 0.00>
ST_1 : Operation 480 [1/1] (2.38ns)   --->   "%mul_ln73_108 = mul i25 %sext_ln70_56, i25 33554295" [firmware/nnet_utils/nnet_mult.h:73->firmware/nnet_utils/nnet_dense_latency.h:42->firmware/nnet_utils/nnet_dense_stream.h:17]   --->   Operation 480 'mul' 'mul_ln73_108' <Predicate = true> <Delay = 2.38> <CoreInst = "Multiplier">   --->   Core 3 'Multiplier' <Latency = 0> <II = 1> <Delay = 2.38> <FuncUnit> <Opcode : 'mul'> <InPorts = 2> <OutPorts = 1>
ST_1 : Operation 481 [1/1] (0.00ns)   --->   "%mult_128 = partselect i15 @_ssdm_op_PartSelect.i15.i25.i32.i32, i25 %mul_ln73_108, i32 10, i32 24" [firmware/nnet_utils/nnet_dense_latency.h:42->firmware/nnet_utils/nnet_dense_stream.h:17]   --->   Operation 481 'partselect' 'mult_128' <Predicate = true> <Delay = 0.00>
ST_1 : Operation 482 [1/1] (2.38ns)   --->   "%mul_ln73_109 = mul i22 %sext_ln70_55, i22 4194282" [firmware/nnet_utils/nnet_mult.h:73->firmware/nnet_utils/nnet_dense_latency.h:42->firmware/nnet_utils/nnet_dense_stream.h:17]   --->   Operation 482 'mul' 'mul_ln73_109' <Predicate = true> <Delay = 2.38> <CoreInst = "Multiplier">   --->   Core 3 'Multiplier' <Latency = 0> <II = 1> <Delay = 2.38> <FuncUnit> <Opcode : 'mul'> <InPorts = 2> <OutPorts = 1>
ST_1 : Operation 483 [1/1] (0.00ns)   --->   "%mult_129 = partselect i12 @_ssdm_op_PartSelect.i12.i22.i32.i32, i22 %mul_ln73_109, i32 10, i32 21" [firmware/nnet_utils/nnet_dense_latency.h:42->firmware/nnet_utils/nnet_dense_stream.h:17]   --->   Operation 483 'partselect' 'mult_129' <Predicate = true> <Delay = 0.00>
ST_1 : Operation 484 [1/1] (0.00ns)   --->   "%sext_ln17_35 = sext i12 %mult_129" [firmware/nnet_utils/nnet_dense_latency.h:17->firmware/nnet_utils/nnet_dense_stream.h:17]   --->   Operation 484 'sext' 'sext_ln17_35' <Predicate = true> <Delay = 0.00>
ST_1 : Operation 485 [1/1] (2.38ns)   --->   "%mul_ln73_110 = mul i26 %sext_ln70_54, i26 67108491" [firmware/nnet_utils/nnet_mult.h:73->firmware/nnet_utils/nnet_dense_latency.h:42->firmware/nnet_utils/nnet_dense_stream.h:17]   --->   Operation 485 'mul' 'mul_ln73_110' <Predicate = true> <Delay = 2.38> <CoreInst = "Multiplier">   --->   Core 3 'Multiplier' <Latency = 0> <II = 1> <Delay = 2.38> <FuncUnit> <Opcode : 'mul'> <InPorts = 2> <OutPorts = 1>
ST_1 : Operation 486 [1/1] (0.00ns)   --->   "%mult_130 = partselect i16 @_ssdm_op_PartSelect.i16.i26.i32.i32, i26 %mul_ln73_110, i32 10, i32 25" [firmware/nnet_utils/nnet_dense_latency.h:42->firmware/nnet_utils/nnet_dense_stream.h:17]   --->   Operation 486 'partselect' 'mult_130' <Predicate = true> <Delay = 0.00>
ST_1 : Operation 487 [1/1] (2.38ns)   --->   "%mul_ln73_111 = mul i26 %sext_ln70_54, i26 365" [firmware/nnet_utils/nnet_mult.h:73->firmware/nnet_utils/nnet_dense_latency.h:42->firmware/nnet_utils/nnet_dense_stream.h:17]   --->   Operation 487 'mul' 'mul_ln73_111' <Predicate = true> <Delay = 2.38> <CoreInst = "Multiplier">   --->   Core 3 'Multiplier' <Latency = 0> <II = 1> <Delay = 2.38> <FuncUnit> <Opcode : 'mul'> <InPorts = 2> <OutPorts = 1>
ST_1 : Operation 488 [1/1] (0.00ns)   --->   "%mult_131 = partselect i16 @_ssdm_op_PartSelect.i16.i26.i32.i32, i26 %mul_ln73_111, i32 10, i32 25" [firmware/nnet_utils/nnet_dense_latency.h:42->firmware/nnet_utils/nnet_dense_stream.h:17]   --->   Operation 488 'partselect' 'mult_131' <Predicate = true> <Delay = 0.00>
ST_1 : Operation 489 [1/1] (2.38ns)   --->   "%mul_ln73_112 = mul i23 %sext_ln70_53, i23 53" [firmware/nnet_utils/nnet_mult.h:73->firmware/nnet_utils/nnet_dense_latency.h:42->firmware/nnet_utils/nnet_dense_stream.h:17]   --->   Operation 489 'mul' 'mul_ln73_112' <Predicate = true> <Delay = 2.38> <CoreInst = "Multiplier">   --->   Core 3 'Multiplier' <Latency = 0> <II = 1> <Delay = 2.38> <FuncUnit> <Opcode : 'mul'> <InPorts = 2> <OutPorts = 1>
ST_1 : Operation 490 [1/1] (0.00ns)   --->   "%mult_132 = partselect i13 @_ssdm_op_PartSelect.i13.i23.i32.i32, i23 %mul_ln73_112, i32 10, i32 22" [firmware/nnet_utils/nnet_dense_latency.h:42->firmware/nnet_utils/nnet_dense_stream.h:17]   --->   Operation 490 'partselect' 'mult_132' <Predicate = true> <Delay = 0.00>
ST_1 : Operation 491 [1/1] (2.38ns)   --->   "%mul_ln73_113 = mul i25 %sext_ln70_56, i25 33554291" [firmware/nnet_utils/nnet_mult.h:73->firmware/nnet_utils/nnet_dense_latency.h:42->firmware/nnet_utils/nnet_dense_stream.h:17]   --->   Operation 491 'mul' 'mul_ln73_113' <Predicate = true> <Delay = 2.38> <CoreInst = "Multiplier">   --->   Core 3 'Multiplier' <Latency = 0> <II = 1> <Delay = 2.38> <FuncUnit> <Opcode : 'mul'> <InPorts = 2> <OutPorts = 1>
ST_1 : Operation 492 [1/1] (0.00ns)   --->   "%mult_133 = partselect i15 @_ssdm_op_PartSelect.i15.i25.i32.i32, i25 %mul_ln73_113, i32 10, i32 24" [firmware/nnet_utils/nnet_dense_latency.h:42->firmware/nnet_utils/nnet_dense_stream.h:17]   --->   Operation 492 'partselect' 'mult_133' <Predicate = true> <Delay = 0.00>
ST_1 : Operation 493 [1/1] (0.00ns)   --->   "%sext_ln42_51 = sext i15 %mult_133" [firmware/nnet_utils/nnet_dense_latency.h:42->firmware/nnet_utils/nnet_dense_stream.h:17]   --->   Operation 493 'sext' 'sext_ln42_51' <Predicate = true> <Delay = 0.00>
ST_1 : Operation 494 [1/1] (0.00ns)   --->   "%tmp_44 = bitconcatenate i22 @_ssdm_op_BitConcatenate.i22.i16.i6, i16 %data_16_val17_read, i6 0" [firmware/nnet_utils/nnet_mult.h:73->firmware/nnet_utils/nnet_dense_latency.h:42->firmware/nnet_utils/nnet_dense_stream.h:17]   --->   Operation 494 'bitconcatenate' 'tmp_44' <Predicate = true> <Delay = 0.00>
ST_1 : Operation 495 [1/1] (0.00ns)   --->   "%sext_ln73_31 = sext i22 %tmp_44" [firmware/nnet_utils/nnet_mult.h:73->firmware/nnet_utils/nnet_dense_latency.h:42->firmware/nnet_utils/nnet_dense_stream.h:17]   --->   Operation 495 'sext' 'sext_ln73_31' <Predicate = true> <Delay = 0.00>
ST_1 : Operation 496 [1/1] (0.91ns)   --->   "%sub_ln73_14 = sub i23 %sext_ln73_31, i23 %sext_ln70_53" [firmware/nnet_utils/nnet_mult.h:73->firmware/nnet_utils/nnet_dense_latency.h:42->firmware/nnet_utils/nnet_dense_stream.h:17]   --->   Operation 496 'sub' 'sub_ln73_14' <Predicate = true> <Delay = 0.91> <CoreInst = "Adder">   --->   Core 1 'Adder' <Latency = 0> <II = 1> <Delay = 0.91> <FuncUnit> <Opcode : 'add' 'sub'> <InPorts = 2> <OutPorts = 1>
ST_1 : Operation 497 [1/1] (0.00ns)   --->   "%mult_134 = partselect i13 @_ssdm_op_PartSelect.i13.i23.i32.i32, i23 %sub_ln73_14, i32 10, i32 22" [firmware/nnet_utils/nnet_dense_latency.h:42->firmware/nnet_utils/nnet_dense_stream.h:17]   --->   Operation 497 'partselect' 'mult_134' <Predicate = true> <Delay = 0.00>
ST_1 : Operation 498 [1/1] (0.00ns)   --->   "%sext_ln17_37 = sext i13 %mult_134" [firmware/nnet_utils/nnet_dense_latency.h:17->firmware/nnet_utils/nnet_dense_stream.h:17]   --->   Operation 498 'sext' 'sext_ln17_37' <Predicate = true> <Delay = 0.00>
ST_1 : Operation 499 [1/1] (2.38ns)   --->   "%mul_ln73_114 = mul i25 %sext_ln70_56, i25 213" [firmware/nnet_utils/nnet_mult.h:73->firmware/nnet_utils/nnet_dense_latency.h:42->firmware/nnet_utils/nnet_dense_stream.h:17]   --->   Operation 499 'mul' 'mul_ln73_114' <Predicate = true> <Delay = 2.38> <CoreInst = "Multiplier">   --->   Core 3 'Multiplier' <Latency = 0> <II = 1> <Delay = 2.38> <FuncUnit> <Opcode : 'mul'> <InPorts = 2> <OutPorts = 1>
ST_1 : Operation 500 [1/1] (0.00ns)   --->   "%mult_135 = partselect i15 @_ssdm_op_PartSelect.i15.i25.i32.i32, i25 %mul_ln73_114, i32 10, i32 24" [firmware/nnet_utils/nnet_dense_latency.h:42->firmware/nnet_utils/nnet_dense_stream.h:17]   --->   Operation 500 'partselect' 'mult_135' <Predicate = true> <Delay = 0.00>
ST_1 : Operation 501 [1/1] (0.00ns)   --->   "%sext_ln70_57 = sext i16 %data_17_val18_read" [firmware/nnet_utils/nnet_mult.h:70->firmware/nnet_utils/nnet_dense_latency.h:42->firmware/nnet_utils/nnet_dense_stream.h:17]   --->   Operation 501 'sext' 'sext_ln70_57' <Predicate = true> <Delay = 0.00>
ST_1 : Operation 502 [1/1] (0.00ns)   --->   "%sext_ln70_58 = sext i16 %data_17_val18_read" [firmware/nnet_utils/nnet_mult.h:70->firmware/nnet_utils/nnet_dense_latency.h:42->firmware/nnet_utils/nnet_dense_stream.h:17]   --->   Operation 502 'sext' 'sext_ln70_58' <Predicate = true> <Delay = 0.00>
ST_1 : Operation 503 [1/1] (0.00ns)   --->   "%sext_ln70_59 = sext i16 %data_17_val18_read" [firmware/nnet_utils/nnet_mult.h:70->firmware/nnet_utils/nnet_dense_latency.h:42->firmware/nnet_utils/nnet_dense_stream.h:17]   --->   Operation 503 'sext' 'sext_ln70_59' <Predicate = true> <Delay = 0.00>
ST_1 : Operation 504 [1/1] (0.00ns)   --->   "%sext_ln70_60 = sext i16 %data_17_val18_read" [firmware/nnet_utils/nnet_mult.h:70->firmware/nnet_utils/nnet_dense_latency.h:42->firmware/nnet_utils/nnet_dense_stream.h:17]   --->   Operation 504 'sext' 'sext_ln70_60' <Predicate = true> <Delay = 0.00>
ST_1 : Operation 505 [1/1] (2.38ns)   --->   "%mul_ln73_115 = mul i24 %sext_ln70_60, i24 16777124" [firmware/nnet_utils/nnet_mult.h:73->firmware/nnet_utils/nnet_dense_latency.h:42->firmware/nnet_utils/nnet_dense_stream.h:17]   --->   Operation 505 'mul' 'mul_ln73_115' <Predicate = true> <Delay = 2.38> <CoreInst = "Multiplier">   --->   Core 3 'Multiplier' <Latency = 0> <II = 1> <Delay = 2.38> <FuncUnit> <Opcode : 'mul'> <InPorts = 2> <OutPorts = 1>
ST_1 : Operation 506 [1/1] (0.00ns)   --->   "%mult_136 = partselect i14 @_ssdm_op_PartSelect.i14.i24.i32.i32, i24 %mul_ln73_115, i32 10, i32 23" [firmware/nnet_utils/nnet_dense_latency.h:42->firmware/nnet_utils/nnet_dense_stream.h:17]   --->   Operation 506 'partselect' 'mult_136' <Predicate = true> <Delay = 0.00>
ST_1 : Operation 507 [1/1] (0.00ns)   --->   "%sext_ln17_38 = sext i14 %mult_136" [firmware/nnet_utils/nnet_dense_latency.h:17->firmware/nnet_utils/nnet_dense_stream.h:17]   --->   Operation 507 'sext' 'sext_ln17_38' <Predicate = true> <Delay = 0.00>
ST_1 : Operation 508 [1/1] (0.00ns)   --->   "%tmp_45 = bitconcatenate i18 @_ssdm_op_BitConcatenate.i18.i16.i2, i16 %data_17_val18_read, i2 0" [firmware/nnet_utils/nnet_mult.h:73->firmware/nnet_utils/nnet_dense_latency.h:42->firmware/nnet_utils/nnet_dense_stream.h:17]   --->   Operation 508 'bitconcatenate' 'tmp_45' <Predicate = true> <Delay = 0.00>
ST_1 : Operation 509 [1/1] (0.00ns)   --->   "%sext_ln73_32 = sext i18 %tmp_45" [firmware/nnet_utils/nnet_mult.h:73->firmware/nnet_utils/nnet_dense_latency.h:42->firmware/nnet_utils/nnet_dense_stream.h:17]   --->   Operation 509 'sext' 'sext_ln73_32' <Predicate = true> <Delay = 0.00>
ST_1 : Operation 510 [1/1] (0.87ns)   --->   "%sub_ln73_15 = sub i19 %sext_ln70_59, i19 %sext_ln73_32" [firmware/nnet_utils/nnet_mult.h:73->firmware/nnet_utils/nnet_dense_latency.h:42->firmware/nnet_utils/nnet_dense_stream.h:17]   --->   Operation 510 'sub' 'sub_ln73_15' <Predicate = true> <Delay = 0.87> <CoreInst = "Adder">   --->   Core 1 'Adder' <Latency = 0> <II = 1> <Delay = 0.87> <FuncUnit> <Opcode : 'add' 'sub'> <InPorts = 2> <OutPorts = 1>
ST_1 : Operation 511 [1/1] (0.00ns)   --->   "%mult_137 = partselect i9 @_ssdm_op_PartSelect.i9.i19.i32.i32, i19 %sub_ln73_15, i32 10, i32 18" [firmware/nnet_utils/nnet_dense_latency.h:42->firmware/nnet_utils/nnet_dense_stream.h:17]   --->   Operation 511 'partselect' 'mult_137' <Predicate = true> <Delay = 0.00>
ST_1 : Operation 512 [1/1] (0.00ns)   --->   "%sext_ln17_39 = sext i9 %mult_137" [firmware/nnet_utils/nnet_dense_latency.h:17->firmware/nnet_utils/nnet_dense_stream.h:17]   --->   Operation 512 'sext' 'sext_ln17_39' <Predicate = true> <Delay = 0.00>
ST_1 : Operation 513 [1/1] (2.38ns)   --->   "%mul_ln73_116 = mul i24 %sext_ln70_60, i24 95" [firmware/nnet_utils/nnet_mult.h:73->firmware/nnet_utils/nnet_dense_latency.h:42->firmware/nnet_utils/nnet_dense_stream.h:17]   --->   Operation 513 'mul' 'mul_ln73_116' <Predicate = true> <Delay = 2.38> <CoreInst = "Multiplier">   --->   Core 3 'Multiplier' <Latency = 0> <II = 1> <Delay = 2.38> <FuncUnit> <Opcode : 'mul'> <InPorts = 2> <OutPorts = 1>
ST_1 : Operation 514 [1/1] (0.00ns)   --->   "%mult_138 = partselect i14 @_ssdm_op_PartSelect.i14.i24.i32.i32, i24 %mul_ln73_116, i32 10, i32 23" [firmware/nnet_utils/nnet_dense_latency.h:42->firmware/nnet_utils/nnet_dense_stream.h:17]   --->   Operation 514 'partselect' 'mult_138' <Predicate = true> <Delay = 0.00>
ST_1 : Operation 515 [1/1] (0.00ns)   --->   "%sext_ln17_40 = sext i14 %mult_138" [firmware/nnet_utils/nnet_dense_latency.h:17->firmware/nnet_utils/nnet_dense_stream.h:17]   --->   Operation 515 'sext' 'sext_ln17_40' <Predicate = true> <Delay = 0.00>
ST_1 : Operation 516 [1/1] (2.38ns)   --->   "%mul_ln73_117 = mul i26 %sext_ln70_58, i26 324" [firmware/nnet_utils/nnet_mult.h:73->firmware/nnet_utils/nnet_dense_latency.h:42->firmware/nnet_utils/nnet_dense_stream.h:17]   --->   Operation 516 'mul' 'mul_ln73_117' <Predicate = true> <Delay = 2.38> <CoreInst = "Multiplier">   --->   Core 3 'Multiplier' <Latency = 0> <II = 1> <Delay = 2.38> <FuncUnit> <Opcode : 'mul'> <InPorts = 2> <OutPorts = 1>
ST_1 : Operation 517 [1/1] (0.00ns)   --->   "%mult_139 = partselect i16 @_ssdm_op_PartSelect.i16.i26.i32.i32, i26 %mul_ln73_117, i32 10, i32 25" [firmware/nnet_utils/nnet_dense_latency.h:42->firmware/nnet_utils/nnet_dense_stream.h:17]   --->   Operation 517 'partselect' 'mult_139' <Predicate = true> <Delay = 0.00>
ST_1 : Operation 518 [1/1] (2.38ns)   --->   "%mul_ln73_118 = mul i26 %sext_ln70_58, i26 275" [firmware/nnet_utils/nnet_mult.h:73->firmware/nnet_utils/nnet_dense_latency.h:42->firmware/nnet_utils/nnet_dense_stream.h:17]   --->   Operation 518 'mul' 'mul_ln73_118' <Predicate = true> <Delay = 2.38> <CoreInst = "Multiplier">   --->   Core 3 'Multiplier' <Latency = 0> <II = 1> <Delay = 2.38> <FuncUnit> <Opcode : 'mul'> <InPorts = 2> <OutPorts = 1>
ST_1 : Operation 519 [1/1] (0.00ns)   --->   "%mult_140 = partselect i16 @_ssdm_op_PartSelect.i16.i26.i32.i32, i26 %mul_ln73_118, i32 10, i32 25" [firmware/nnet_utils/nnet_dense_latency.h:42->firmware/nnet_utils/nnet_dense_stream.h:17]   --->   Operation 519 'partselect' 'mult_140' <Predicate = true> <Delay = 0.00>
ST_1 : Operation 520 [1/1] (2.38ns)   --->   "%mul_ln73_119 = mul i25 %sext_ln70_57, i25 33554196" [firmware/nnet_utils/nnet_mult.h:73->firmware/nnet_utils/nnet_dense_latency.h:42->firmware/nnet_utils/nnet_dense_stream.h:17]   --->   Operation 520 'mul' 'mul_ln73_119' <Predicate = true> <Delay = 2.38> <CoreInst = "Multiplier">   --->   Core 3 'Multiplier' <Latency = 0> <II = 1> <Delay = 2.38> <FuncUnit> <Opcode : 'mul'> <InPorts = 2> <OutPorts = 1>
ST_1 : Operation 521 [1/1] (0.00ns)   --->   "%mult_141 = partselect i15 @_ssdm_op_PartSelect.i15.i25.i32.i32, i25 %mul_ln73_119, i32 10, i32 24" [firmware/nnet_utils/nnet_dense_latency.h:42->firmware/nnet_utils/nnet_dense_stream.h:17]   --->   Operation 521 'partselect' 'mult_141' <Predicate = true> <Delay = 0.00>
ST_1 : Operation 522 [1/1] (2.38ns)   --->   "%mul_ln73_120 = mul i26 %sext_ln70_58, i26 307" [firmware/nnet_utils/nnet_mult.h:73->firmware/nnet_utils/nnet_dense_latency.h:42->firmware/nnet_utils/nnet_dense_stream.h:17]   --->   Operation 522 'mul' 'mul_ln73_120' <Predicate = true> <Delay = 2.38> <CoreInst = "Multiplier">   --->   Core 3 'Multiplier' <Latency = 0> <II = 1> <Delay = 2.38> <FuncUnit> <Opcode : 'mul'> <InPorts = 2> <OutPorts = 1>
ST_1 : Operation 523 [1/1] (0.00ns)   --->   "%mult_142 = partselect i16 @_ssdm_op_PartSelect.i16.i26.i32.i32, i26 %mul_ln73_120, i32 10, i32 25" [firmware/nnet_utils/nnet_dense_latency.h:42->firmware/nnet_utils/nnet_dense_stream.h:17]   --->   Operation 523 'partselect' 'mult_142' <Predicate = true> <Delay = 0.00>
ST_1 : Operation 524 [1/1] (0.00ns)   --->   "%tmp_46 = bitconcatenate i21 @_ssdm_op_BitConcatenate.i21.i16.i5, i16 %data_17_val18_read, i5 0" [firmware/nnet_utils/nnet_mult.h:73->firmware/nnet_utils/nnet_dense_latency.h:42->firmware/nnet_utils/nnet_dense_stream.h:17]   --->   Operation 524 'bitconcatenate' 'tmp_46' <Predicate = true> <Delay = 0.00>
ST_1 : Operation 525 [1/1] (0.00ns)   --->   "%sext_ln73_33 = sext i21 %tmp_46" [firmware/nnet_utils/nnet_mult.h:73->firmware/nnet_utils/nnet_dense_latency.h:42->firmware/nnet_utils/nnet_dense_stream.h:17]   --->   Operation 525 'sext' 'sext_ln73_33' <Predicate = true> <Delay = 0.00>
ST_1 : Operation 526 [1/1] (0.00ns)   --->   "%sext_ln73_34 = sext i18 %tmp_45" [firmware/nnet_utils/nnet_mult.h:73->firmware/nnet_utils/nnet_dense_latency.h:42->firmware/nnet_utils/nnet_dense_stream.h:17]   --->   Operation 526 'sext' 'sext_ln73_34' <Predicate = true> <Delay = 0.00>
ST_1 : Operation 527 [1/1] (0.90ns)   --->   "%sub_ln73_16 = sub i22 %sext_ln73_33, i22 %sext_ln73_34" [firmware/nnet_utils/nnet_mult.h:73->firmware/nnet_utils/nnet_dense_latency.h:42->firmware/nnet_utils/nnet_dense_stream.h:17]   --->   Operation 527 'sub' 'sub_ln73_16' <Predicate = true> <Delay = 0.90> <CoreInst = "Adder">   --->   Core 1 'Adder' <Latency = 0> <II = 1> <Delay = 0.90> <FuncUnit> <Opcode : 'add' 'sub'> <InPorts = 2> <OutPorts = 1>
ST_1 : Operation 528 [1/1] (0.00ns)   --->   "%mult_143 = partselect i12 @_ssdm_op_PartSelect.i12.i22.i32.i32, i22 %sub_ln73_16, i32 10, i32 21" [firmware/nnet_utils/nnet_dense_latency.h:42->firmware/nnet_utils/nnet_dense_stream.h:17]   --->   Operation 528 'partselect' 'mult_143' <Predicate = true> <Delay = 0.00>
ST_1 : Operation 529 [1/1] (0.00ns)   --->   "%sext_ln17_41 = sext i12 %mult_143" [firmware/nnet_utils/nnet_dense_latency.h:17->firmware/nnet_utils/nnet_dense_stream.h:17]   --->   Operation 529 'sext' 'sext_ln17_41' <Predicate = true> <Delay = 0.00>
ST_1 : Operation 530 [1/1] (0.00ns)   --->   "%sext_ln70_61 = sext i16 %data_18_val19_read" [firmware/nnet_utils/nnet_mult.h:70->firmware/nnet_utils/nnet_dense_latency.h:42->firmware/nnet_utils/nnet_dense_stream.h:17]   --->   Operation 530 'sext' 'sext_ln70_61' <Predicate = true> <Delay = 0.00>
ST_1 : Operation 531 [1/1] (0.00ns)   --->   "%sext_ln70_62 = sext i16 %data_18_val19_read" [firmware/nnet_utils/nnet_mult.h:70->firmware/nnet_utils/nnet_dense_latency.h:42->firmware/nnet_utils/nnet_dense_stream.h:17]   --->   Operation 531 'sext' 'sext_ln70_62' <Predicate = true> <Delay = 0.00>
ST_1 : Operation 532 [1/1] (0.00ns)   --->   "%tmp_47 = bitconcatenate i22 @_ssdm_op_BitConcatenate.i22.i16.i6, i16 %data_18_val19_read, i6 0" [firmware/nnet_utils/nnet_mult.h:73->firmware/nnet_utils/nnet_dense_latency.h:42->firmware/nnet_utils/nnet_dense_stream.h:17]   --->   Operation 532 'bitconcatenate' 'tmp_47' <Predicate = true> <Delay = 0.00>
ST_1 : Operation 533 [1/1] (0.00ns)   --->   "%sext_ln73_35 = sext i22 %tmp_47" [firmware/nnet_utils/nnet_mult.h:73->firmware/nnet_utils/nnet_dense_latency.h:42->firmware/nnet_utils/nnet_dense_stream.h:17]   --->   Operation 533 'sext' 'sext_ln73_35' <Predicate = true> <Delay = 0.00>
ST_1 : Operation 534 [1/1] (0.00ns)   --->   "%tmp_48 = bitconcatenate i20 @_ssdm_op_BitConcatenate.i20.i16.i4, i16 %data_18_val19_read, i4 0" [firmware/nnet_utils/nnet_mult.h:73->firmware/nnet_utils/nnet_dense_latency.h:42->firmware/nnet_utils/nnet_dense_stream.h:17]   --->   Operation 534 'bitconcatenate' 'tmp_48' <Predicate = true> <Delay = 0.00>
ST_1 : Operation 535 [1/1] (0.00ns)   --->   "%sext_ln73_36 = sext i20 %tmp_48" [firmware/nnet_utils/nnet_mult.h:73->firmware/nnet_utils/nnet_dense_latency.h:42->firmware/nnet_utils/nnet_dense_stream.h:17]   --->   Operation 535 'sext' 'sext_ln73_36' <Predicate = true> <Delay = 0.00>
ST_1 : Operation 536 [1/1] (0.91ns)   --->   "%add_ln73_8 = add i24 %sext_ln73_35, i24 %sext_ln73_36" [firmware/nnet_utils/nnet_mult.h:73->firmware/nnet_utils/nnet_dense_latency.h:42->firmware/nnet_utils/nnet_dense_stream.h:17]   --->   Operation 536 'add' 'add_ln73_8' <Predicate = true> <Delay = 0.91> <CoreInst = "Adder">   --->   Core 1 'Adder' <Latency = 0> <II = 1> <Delay = 0.91> <FuncUnit> <Opcode : 'add' 'sub'> <InPorts = 2> <OutPorts = 1>
ST_1 : Operation 537 [1/1] (0.00ns)   --->   "%mult_144 = partselect i14 @_ssdm_op_PartSelect.i14.i24.i32.i32, i24 %add_ln73_8, i32 10, i32 23" [firmware/nnet_utils/nnet_dense_latency.h:42->firmware/nnet_utils/nnet_dense_stream.h:17]   --->   Operation 537 'partselect' 'mult_144' <Predicate = true> <Delay = 0.00>
ST_1 : Operation 538 [1/1] (0.00ns)   --->   "%sext_ln17_42 = sext i14 %mult_144" [firmware/nnet_utils/nnet_dense_latency.h:17->firmware/nnet_utils/nnet_dense_stream.h:17]   --->   Operation 538 'sext' 'sext_ln17_42' <Predicate = true> <Delay = 0.00>
ST_1 : Operation 539 [1/1] (2.38ns)   --->   "%mul_ln73_121 = mul i26 %sext_ln70_62, i26 67108516" [firmware/nnet_utils/nnet_mult.h:73->firmware/nnet_utils/nnet_dense_latency.h:42->firmware/nnet_utils/nnet_dense_stream.h:17]   --->   Operation 539 'mul' 'mul_ln73_121' <Predicate = true> <Delay = 2.38> <CoreInst = "Multiplier">   --->   Core 3 'Multiplier' <Latency = 0> <II = 1> <Delay = 2.38> <FuncUnit> <Opcode : 'mul'> <InPorts = 2> <OutPorts = 1>
ST_1 : Operation 540 [1/1] (0.00ns)   --->   "%mult_145 = partselect i16 @_ssdm_op_PartSelect.i16.i26.i32.i32, i26 %mul_ln73_121, i32 10, i32 25" [firmware/nnet_utils/nnet_dense_latency.h:42->firmware/nnet_utils/nnet_dense_stream.h:17]   --->   Operation 540 'partselect' 'mult_145' <Predicate = true> <Delay = 0.00>
ST_1 : Operation 541 [1/1] (2.38ns)   --->   "%mul_ln73_122 = mul i26 %sext_ln70_62, i26 315" [firmware/nnet_utils/nnet_mult.h:73->firmware/nnet_utils/nnet_dense_latency.h:42->firmware/nnet_utils/nnet_dense_stream.h:17]   --->   Operation 541 'mul' 'mul_ln73_122' <Predicate = true> <Delay = 2.38> <CoreInst = "Multiplier">   --->   Core 3 'Multiplier' <Latency = 0> <II = 1> <Delay = 2.38> <FuncUnit> <Opcode : 'mul'> <InPorts = 2> <OutPorts = 1>
ST_1 : Operation 542 [1/1] (0.00ns)   --->   "%mult_146 = partselect i16 @_ssdm_op_PartSelect.i16.i26.i32.i32, i26 %mul_ln73_122, i32 10, i32 25" [firmware/nnet_utils/nnet_dense_latency.h:42->firmware/nnet_utils/nnet_dense_stream.h:17]   --->   Operation 542 'partselect' 'mult_146' <Predicate = true> <Delay = 0.00>
ST_1 : Operation 543 [1/1] (2.38ns)   --->   "%mul_ln73_123 = mul i26 %sext_ln70_62, i26 67108546" [firmware/nnet_utils/nnet_mult.h:73->firmware/nnet_utils/nnet_dense_latency.h:42->firmware/nnet_utils/nnet_dense_stream.h:17]   --->   Operation 543 'mul' 'mul_ln73_123' <Predicate = true> <Delay = 2.38> <CoreInst = "Multiplier">   --->   Core 3 'Multiplier' <Latency = 0> <II = 1> <Delay = 2.38> <FuncUnit> <Opcode : 'mul'> <InPorts = 2> <OutPorts = 1>
ST_1 : Operation 544 [1/1] (0.00ns)   --->   "%mult_147 = partselect i16 @_ssdm_op_PartSelect.i16.i26.i32.i32, i26 %mul_ln73_123, i32 10, i32 25" [firmware/nnet_utils/nnet_dense_latency.h:42->firmware/nnet_utils/nnet_dense_stream.h:17]   --->   Operation 544 'partselect' 'mult_147' <Predicate = true> <Delay = 0.00>
ST_1 : Operation 545 [1/1] (2.38ns)   --->   "%mul_ln73_124 = mul i26 %sext_ln70_62, i26 67108593" [firmware/nnet_utils/nnet_mult.h:73->firmware/nnet_utils/nnet_dense_latency.h:42->firmware/nnet_utils/nnet_dense_stream.h:17]   --->   Operation 545 'mul' 'mul_ln73_124' <Predicate = true> <Delay = 2.38> <CoreInst = "Multiplier">   --->   Core 3 'Multiplier' <Latency = 0> <II = 1> <Delay = 2.38> <FuncUnit> <Opcode : 'mul'> <InPorts = 2> <OutPorts = 1>
ST_1 : Operation 546 [1/1] (0.00ns)   --->   "%mult_149 = partselect i16 @_ssdm_op_PartSelect.i16.i26.i32.i32, i26 %mul_ln73_124, i32 10, i32 25" [firmware/nnet_utils/nnet_dense_latency.h:42->firmware/nnet_utils/nnet_dense_stream.h:17]   --->   Operation 546 'partselect' 'mult_149' <Predicate = true> <Delay = 0.00>
ST_1 : Operation 547 [1/1] (2.38ns)   --->   "%mul_ln73_125 = mul i25 %sext_ln70_61, i25 138" [firmware/nnet_utils/nnet_mult.h:73->firmware/nnet_utils/nnet_dense_latency.h:42->firmware/nnet_utils/nnet_dense_stream.h:17]   --->   Operation 547 'mul' 'mul_ln73_125' <Predicate = true> <Delay = 2.38> <CoreInst = "Multiplier">   --->   Core 3 'Multiplier' <Latency = 0> <II = 1> <Delay = 2.38> <FuncUnit> <Opcode : 'mul'> <InPorts = 2> <OutPorts = 1>
ST_1 : Operation 548 [1/1] (0.00ns)   --->   "%mult_150 = partselect i15 @_ssdm_op_PartSelect.i15.i25.i32.i32, i25 %mul_ln73_125, i32 10, i32 24" [firmware/nnet_utils/nnet_dense_latency.h:42->firmware/nnet_utils/nnet_dense_stream.h:17]   --->   Operation 548 'partselect' 'mult_150' <Predicate = true> <Delay = 0.00>
ST_1 : Operation 549 [1/1] (0.00ns)   --->   "%sext_ln42_54 = sext i15 %mult_150" [firmware/nnet_utils/nnet_dense_latency.h:42->firmware/nnet_utils/nnet_dense_stream.h:17]   --->   Operation 549 'sext' 'sext_ln42_54' <Predicate = true> <Delay = 0.00>
ST_1 : Operation 550 [1/1] (2.38ns)   --->   "%mul_ln73_126 = mul i25 %sext_ln70_61, i25 184" [firmware/nnet_utils/nnet_mult.h:73->firmware/nnet_utils/nnet_dense_latency.h:42->firmware/nnet_utils/nnet_dense_stream.h:17]   --->   Operation 550 'mul' 'mul_ln73_126' <Predicate = true> <Delay = 2.38> <CoreInst = "Multiplier">   --->   Core 3 'Multiplier' <Latency = 0> <II = 1> <Delay = 2.38> <FuncUnit> <Opcode : 'mul'> <InPorts = 2> <OutPorts = 1>
ST_1 : Operation 551 [1/1] (0.00ns)   --->   "%mult_151 = partselect i15 @_ssdm_op_PartSelect.i15.i25.i32.i32, i25 %mul_ln73_126, i32 10, i32 24" [firmware/nnet_utils/nnet_dense_latency.h:42->firmware/nnet_utils/nnet_dense_stream.h:17]   --->   Operation 551 'partselect' 'mult_151' <Predicate = true> <Delay = 0.00>
ST_1 : Operation 552 [1/1] (0.00ns)   --->   "%sext_ln42_55 = sext i15 %mult_151" [firmware/nnet_utils/nnet_dense_latency.h:42->firmware/nnet_utils/nnet_dense_stream.h:17]   --->   Operation 552 'sext' 'sext_ln42_55' <Predicate = true> <Delay = 0.00>
ST_1 : Operation 553 [1/1] (0.00ns)   --->   "%sext_ln70_63 = sext i16 %data_19_val20_read" [firmware/nnet_utils/nnet_mult.h:70->firmware/nnet_utils/nnet_dense_latency.h:42->firmware/nnet_utils/nnet_dense_stream.h:17]   --->   Operation 553 'sext' 'sext_ln70_63' <Predicate = true> <Delay = 0.00>
ST_1 : Operation 554 [1/1] (0.00ns)   --->   "%sext_ln70_64 = sext i16 %data_19_val20_read" [firmware/nnet_utils/nnet_mult.h:70->firmware/nnet_utils/nnet_dense_latency.h:42->firmware/nnet_utils/nnet_dense_stream.h:17]   --->   Operation 554 'sext' 'sext_ln70_64' <Predicate = true> <Delay = 0.00>
ST_1 : Operation 555 [1/1] (2.38ns)   --->   "%mul_ln73_127 = mul i26 %sext_ln70_64, i26 374" [firmware/nnet_utils/nnet_mult.h:73->firmware/nnet_utils/nnet_dense_latency.h:42->firmware/nnet_utils/nnet_dense_stream.h:17]   --->   Operation 555 'mul' 'mul_ln73_127' <Predicate = true> <Delay = 2.38> <CoreInst = "Multiplier">   --->   Core 3 'Multiplier' <Latency = 0> <II = 1> <Delay = 2.38> <FuncUnit> <Opcode : 'mul'> <InPorts = 2> <OutPorts = 1>
ST_1 : Operation 556 [1/1] (0.00ns)   --->   "%mult_152 = partselect i16 @_ssdm_op_PartSelect.i16.i26.i32.i32, i26 %mul_ln73_127, i32 10, i32 25" [firmware/nnet_utils/nnet_dense_latency.h:42->firmware/nnet_utils/nnet_dense_stream.h:17]   --->   Operation 556 'partselect' 'mult_152' <Predicate = true> <Delay = 0.00>
ST_1 : Operation 557 [1/1] (2.38ns)   --->   "%mul_ln73_128 = mul i25 %sext_ln70_63, i25 33554194" [firmware/nnet_utils/nnet_mult.h:73->firmware/nnet_utils/nnet_dense_latency.h:42->firmware/nnet_utils/nnet_dense_stream.h:17]   --->   Operation 557 'mul' 'mul_ln73_128' <Predicate = true> <Delay = 2.38> <CoreInst = "Multiplier">   --->   Core 3 'Multiplier' <Latency = 0> <II = 1> <Delay = 2.38> <FuncUnit> <Opcode : 'mul'> <InPorts = 2> <OutPorts = 1>
ST_1 : Operation 558 [1/1] (0.00ns)   --->   "%mult_153 = partselect i15 @_ssdm_op_PartSelect.i15.i25.i32.i32, i25 %mul_ln73_128, i32 10, i32 24" [firmware/nnet_utils/nnet_dense_latency.h:42->firmware/nnet_utils/nnet_dense_stream.h:17]   --->   Operation 558 'partselect' 'mult_153' <Predicate = true> <Delay = 0.00>
ST_1 : Operation 559 [1/1] (0.00ns)   --->   "%sext_ln42_56 = sext i15 %mult_153" [firmware/nnet_utils/nnet_dense_latency.h:42->firmware/nnet_utils/nnet_dense_stream.h:17]   --->   Operation 559 'sext' 'sext_ln42_56' <Predicate = true> <Delay = 0.00>
ST_1 : Operation 560 [1/1] (0.00ns)   --->   "%tmp_51 = bitconcatenate i24 @_ssdm_op_BitConcatenate.i24.i16.i8, i16 %data_19_val20_read, i8 0" [firmware/nnet_utils/nnet_mult.h:73->firmware/nnet_utils/nnet_dense_latency.h:42->firmware/nnet_utils/nnet_dense_stream.h:17]   --->   Operation 560 'bitconcatenate' 'tmp_51' <Predicate = true> <Delay = 0.00>
ST_1 : Operation 561 [1/1] (0.00ns)   --->   "%sext_ln73_39 = sext i24 %tmp_51" [firmware/nnet_utils/nnet_mult.h:73->firmware/nnet_utils/nnet_dense_latency.h:42->firmware/nnet_utils/nnet_dense_stream.h:17]   --->   Operation 561 'sext' 'sext_ln73_39' <Predicate = true> <Delay = 0.00>
ST_1 : Operation 562 [1/1] (0.00ns)   --->   "%tmp_52 = bitconcatenate i21 @_ssdm_op_BitConcatenate.i21.i16.i5, i16 %data_19_val20_read, i5 0" [firmware/nnet_utils/nnet_mult.h:73->firmware/nnet_utils/nnet_dense_latency.h:42->firmware/nnet_utils/nnet_dense_stream.h:17]   --->   Operation 562 'bitconcatenate' 'tmp_52' <Predicate = true> <Delay = 0.00>
ST_1 : Operation 563 [1/1] (0.00ns)   --->   "%sext_ln73_40 = sext i21 %tmp_52" [firmware/nnet_utils/nnet_mult.h:73->firmware/nnet_utils/nnet_dense_latency.h:42->firmware/nnet_utils/nnet_dense_stream.h:17]   --->   Operation 563 'sext' 'sext_ln73_40' <Predicate = true> <Delay = 0.00>
ST_1 : Operation 564 [1/1] (0.93ns)   --->   "%add_ln73_9 = add i26 %sext_ln73_39, i26 %sext_ln73_40" [firmware/nnet_utils/nnet_mult.h:73->firmware/nnet_utils/nnet_dense_latency.h:42->firmware/nnet_utils/nnet_dense_stream.h:17]   --->   Operation 564 'add' 'add_ln73_9' <Predicate = true> <Delay = 0.93> <CoreInst = "Adder">   --->   Core 1 'Adder' <Latency = 0> <II = 1> <Delay = 0.93> <FuncUnit> <Opcode : 'add' 'sub'> <InPorts = 2> <OutPorts = 1>
ST_1 : Operation 565 [1/1] (0.00ns)   --->   "%mult_154 = partselect i16 @_ssdm_op_PartSelect.i16.i26.i32.i32, i26 %add_ln73_9, i32 10, i32 25" [firmware/nnet_utils/nnet_dense_latency.h:42->firmware/nnet_utils/nnet_dense_stream.h:17]   --->   Operation 565 'partselect' 'mult_154' <Predicate = true> <Delay = 0.00>
ST_1 : Operation 566 [1/1] (2.38ns)   --->   "%mul_ln73_129 = mul i25 %sext_ln70_63, i25 191" [firmware/nnet_utils/nnet_mult.h:73->firmware/nnet_utils/nnet_dense_latency.h:42->firmware/nnet_utils/nnet_dense_stream.h:17]   --->   Operation 566 'mul' 'mul_ln73_129' <Predicate = true> <Delay = 2.38> <CoreInst = "Multiplier">   --->   Core 3 'Multiplier' <Latency = 0> <II = 1> <Delay = 2.38> <FuncUnit> <Opcode : 'mul'> <InPorts = 2> <OutPorts = 1>
ST_1 : Operation 567 [1/1] (0.00ns)   --->   "%mult_155 = partselect i15 @_ssdm_op_PartSelect.i15.i25.i32.i32, i25 %mul_ln73_129, i32 10, i32 24" [firmware/nnet_utils/nnet_dense_latency.h:42->firmware/nnet_utils/nnet_dense_stream.h:17]   --->   Operation 567 'partselect' 'mult_155' <Predicate = true> <Delay = 0.00>
ST_1 : Operation 568 [1/1] (0.00ns)   --->   "%sext_ln42_57 = sext i15 %mult_155" [firmware/nnet_utils/nnet_dense_latency.h:42->firmware/nnet_utils/nnet_dense_stream.h:17]   --->   Operation 568 'sext' 'sext_ln42_57' <Predicate = true> <Delay = 0.00>
ST_1 : Operation 569 [1/1] (0.00ns)   --->   "%tmp_53 = bitconcatenate i23 @_ssdm_op_BitConcatenate.i23.i16.i7, i16 %data_19_val20_read, i7 0" [firmware/nnet_utils/nnet_mult.h:73->firmware/nnet_utils/nnet_dense_latency.h:42->firmware/nnet_utils/nnet_dense_stream.h:17]   --->   Operation 569 'bitconcatenate' 'tmp_53' <Predicate = true> <Delay = 0.00>
ST_1 : Operation 570 [1/1] (0.00ns)   --->   "%sext_ln73_41 = sext i23 %tmp_53" [firmware/nnet_utils/nnet_mult.h:73->firmware/nnet_utils/nnet_dense_latency.h:42->firmware/nnet_utils/nnet_dense_stream.h:17]   --->   Operation 570 'sext' 'sext_ln73_41' <Predicate = true> <Delay = 0.00>
ST_1 : Operation 571 [1/1] (0.00ns)   --->   "%tmp_54 = bitconcatenate i19 @_ssdm_op_BitConcatenate.i19.i16.i3, i16 %data_19_val20_read, i3 0" [firmware/nnet_utils/nnet_mult.h:73->firmware/nnet_utils/nnet_dense_latency.h:42->firmware/nnet_utils/nnet_dense_stream.h:17]   --->   Operation 571 'bitconcatenate' 'tmp_54' <Predicate = true> <Delay = 0.00>
ST_1 : Operation 572 [1/1] (0.00ns)   --->   "%sext_ln73_42 = sext i19 %tmp_54" [firmware/nnet_utils/nnet_mult.h:73->firmware/nnet_utils/nnet_dense_latency.h:42->firmware/nnet_utils/nnet_dense_stream.h:17]   --->   Operation 572 'sext' 'sext_ln73_42' <Predicate = true> <Delay = 0.00>
ST_1 : Operation 573 [1/1] (0.92ns)   --->   "%sub_ln73_19 = sub i24 %sext_ln73_41, i24 %sext_ln73_42" [firmware/nnet_utils/nnet_mult.h:73->firmware/nnet_utils/nnet_dense_latency.h:42->firmware/nnet_utils/nnet_dense_stream.h:17]   --->   Operation 573 'sub' 'sub_ln73_19' <Predicate = true> <Delay = 0.92> <CoreInst = "Adder">   --->   Core 1 'Adder' <Latency = 0> <II = 1> <Delay = 0.92> <FuncUnit> <Opcode : 'add' 'sub'> <InPorts = 2> <OutPorts = 1>
ST_1 : Operation 574 [1/1] (0.00ns)   --->   "%mult_156 = partselect i14 @_ssdm_op_PartSelect.i14.i24.i32.i32, i24 %sub_ln73_19, i32 10, i32 23" [firmware/nnet_utils/nnet_dense_latency.h:42->firmware/nnet_utils/nnet_dense_stream.h:17]   --->   Operation 574 'partselect' 'mult_156' <Predicate = true> <Delay = 0.00>
ST_1 : Operation 575 [1/1] (0.00ns)   --->   "%sext_ln17_43 = sext i14 %mult_156" [firmware/nnet_utils/nnet_dense_latency.h:17->firmware/nnet_utils/nnet_dense_stream.h:17]   --->   Operation 575 'sext' 'sext_ln17_43' <Predicate = true> <Delay = 0.00>
ST_1 : Operation 576 [1/1] (0.00ns)   --->   "%tmp_55 = bitconcatenate i20 @_ssdm_op_BitConcatenate.i20.i16.i4, i16 %data_19_val20_read, i4 0" [firmware/nnet_utils/nnet_mult.h:73->firmware/nnet_utils/nnet_dense_latency.h:42->firmware/nnet_utils/nnet_dense_stream.h:17]   --->   Operation 576 'bitconcatenate' 'tmp_55' <Predicate = true> <Delay = 0.00>
ST_1 : Operation 577 [1/1] (0.00ns)   --->   "%sext_ln73_43 = sext i20 %tmp_55" [firmware/nnet_utils/nnet_mult.h:73->firmware/nnet_utils/nnet_dense_latency.h:42->firmware/nnet_utils/nnet_dense_stream.h:17]   --->   Operation 577 'sext' 'sext_ln73_43' <Predicate = true> <Delay = 0.00>
ST_1 : Operation 578 [1/1] (0.00ns)   --->   "%tmp_56 = bitconcatenate i17 @_ssdm_op_BitConcatenate.i17.i16.i1, i16 %data_19_val20_read, i1 0" [firmware/nnet_utils/nnet_mult.h:73->firmware/nnet_utils/nnet_dense_latency.h:42->firmware/nnet_utils/nnet_dense_stream.h:17]   --->   Operation 578 'bitconcatenate' 'tmp_56' <Predicate = true> <Delay = 0.00>
ST_1 : Operation 579 [1/1] (0.00ns)   --->   "%sext_ln73_44 = sext i17 %tmp_56" [firmware/nnet_utils/nnet_mult.h:73->firmware/nnet_utils/nnet_dense_latency.h:42->firmware/nnet_utils/nnet_dense_stream.h:17]   --->   Operation 579 'sext' 'sext_ln73_44' <Predicate = true> <Delay = 0.00>
ST_1 : Operation 580 [1/1] (0.89ns)   --->   "%add_ln73_10 = add i22 %sext_ln73_43, i22 %sext_ln73_44" [firmware/nnet_utils/nnet_mult.h:73->firmware/nnet_utils/nnet_dense_latency.h:42->firmware/nnet_utils/nnet_dense_stream.h:17]   --->   Operation 580 'add' 'add_ln73_10' <Predicate = true> <Delay = 0.89> <CoreInst = "Adder">   --->   Core 1 'Adder' <Latency = 0> <II = 1> <Delay = 0.89> <FuncUnit> <Opcode : 'add' 'sub'> <InPorts = 2> <OutPorts = 1>
ST_1 : Operation 581 [1/1] (0.00ns)   --->   "%mult_157 = partselect i12 @_ssdm_op_PartSelect.i12.i22.i32.i32, i22 %add_ln73_10, i32 10, i32 21" [firmware/nnet_utils/nnet_dense_latency.h:42->firmware/nnet_utils/nnet_dense_stream.h:17]   --->   Operation 581 'partselect' 'mult_157' <Predicate = true> <Delay = 0.00>
ST_1 : Operation 582 [1/1] (0.00ns)   --->   "%sext_ln17_44 = sext i12 %mult_157" [firmware/nnet_utils/nnet_dense_latency.h:17->firmware/nnet_utils/nnet_dense_stream.h:17]   --->   Operation 582 'sext' 'sext_ln17_44' <Predicate = true> <Delay = 0.00>
ST_1 : Operation 583 [1/1] (0.00ns)   --->   "%sext_ln73_45 = sext i23 %tmp_53" [firmware/nnet_utils/nnet_mult.h:73->firmware/nnet_utils/nnet_dense_latency.h:42->firmware/nnet_utils/nnet_dense_stream.h:17]   --->   Operation 583 'sext' 'sext_ln73_45' <Predicate = true> <Delay = 0.00>
ST_1 : Operation 584 [1/1] (0.00ns) (grouped into TernaryAdder)   --->   "%sub_ln73_20 = sub i25 0, i25 %sext_ln73_45" [firmware/nnet_utils/nnet_mult.h:73->firmware/nnet_utils/nnet_dense_latency.h:42->firmware/nnet_utils/nnet_dense_stream.h:17]   --->   Operation 584 'sub' 'sub_ln73_20' <Predicate = true> <Delay = 0.00> <CoreInst = "TAddSub">   --->   Core 10 'TAddSub' <Latency = 0> <II = 1> <Delay = 0.34> <IPBlock> <Opcode : '' 'add' 'sub'> <InPorts = 3> <OutPorts = 1> <Sync> <CReg>
ST_1 : Operation 585 [1/1] (0.71ns) (root node of TernaryAdder)   --->   "%sub_ln73_21 = sub i25 %sub_ln73_20, i25 %sext_ln70_63" [firmware/nnet_utils/nnet_mult.h:73->firmware/nnet_utils/nnet_dense_latency.h:42->firmware/nnet_utils/nnet_dense_stream.h:17]   --->   Operation 585 'sub' 'sub_ln73_21' <Predicate = true> <Delay = 0.71> <CoreInst = "TAddSub">   --->   Core 10 'TAddSub' <Latency = 0> <II = 1> <Delay = 0.34> <IPBlock> <Opcode : '' 'add' 'sub'> <InPorts = 3> <OutPorts = 1> <Sync> <CReg>
ST_1 : Operation 586 [1/1] (0.00ns)   --->   "%mult_158 = partselect i15 @_ssdm_op_PartSelect.i15.i25.i32.i32, i25 %sub_ln73_21, i32 10, i32 24" [firmware/nnet_utils/nnet_dense_latency.h:42->firmware/nnet_utils/nnet_dense_stream.h:17]   --->   Operation 586 'partselect' 'mult_158' <Predicate = true> <Delay = 0.00>
ST_1 : Operation 587 [1/1] (0.00ns)   --->   "%sext_ln42_58 = sext i15 %mult_158" [firmware/nnet_utils/nnet_dense_latency.h:42->firmware/nnet_utils/nnet_dense_stream.h:17]   --->   Operation 587 'sext' 'sext_ln42_58' <Predicate = true> <Delay = 0.00>
ST_1 : Operation 588 [1/1] (2.38ns)   --->   "%mul_ln73_130 = mul i26 %sext_ln70_64, i26 67108565" [firmware/nnet_utils/nnet_mult.h:73->firmware/nnet_utils/nnet_dense_latency.h:42->firmware/nnet_utils/nnet_dense_stream.h:17]   --->   Operation 588 'mul' 'mul_ln73_130' <Predicate = true> <Delay = 2.38> <CoreInst = "Multiplier">   --->   Core 3 'Multiplier' <Latency = 0> <II = 1> <Delay = 2.38> <FuncUnit> <Opcode : 'mul'> <InPorts = 2> <OutPorts = 1>
ST_1 : Operation 589 [1/1] (0.00ns)   --->   "%mult_159 = partselect i16 @_ssdm_op_PartSelect.i16.i26.i32.i32, i26 %mul_ln73_130, i32 10, i32 25" [firmware/nnet_utils/nnet_dense_latency.h:42->firmware/nnet_utils/nnet_dense_stream.h:17]   --->   Operation 589 'partselect' 'mult_159' <Predicate = true> <Delay = 0.00>
ST_1 : Operation 590 [1/1] (0.00ns)   --->   "%sext_ln70_65 = sext i16 %data_20_val21_read" [firmware/nnet_utils/nnet_mult.h:70->firmware/nnet_utils/nnet_dense_latency.h:42->firmware/nnet_utils/nnet_dense_stream.h:17]   --->   Operation 590 'sext' 'sext_ln70_65' <Predicate = true> <Delay = 0.00>
ST_1 : Operation 591 [1/1] (0.00ns)   --->   "%sext_ln70_66 = sext i16 %data_20_val21_read" [firmware/nnet_utils/nnet_mult.h:70->firmware/nnet_utils/nnet_dense_latency.h:42->firmware/nnet_utils/nnet_dense_stream.h:17]   --->   Operation 591 'sext' 'sext_ln70_66' <Predicate = true> <Delay = 0.00>
ST_1 : Operation 592 [1/1] (0.00ns)   --->   "%tmp_57 = bitconcatenate i20 @_ssdm_op_BitConcatenate.i20.i16.i4, i16 %data_20_val21_read, i4 0" [firmware/nnet_utils/nnet_mult.h:73->firmware/nnet_utils/nnet_dense_latency.h:42->firmware/nnet_utils/nnet_dense_stream.h:17]   --->   Operation 592 'bitconcatenate' 'tmp_57' <Predicate = true> <Delay = 0.00>
ST_1 : Operation 593 [1/1] (0.00ns)   --->   "%sext_ln73_46 = sext i20 %tmp_57" [firmware/nnet_utils/nnet_mult.h:73->firmware/nnet_utils/nnet_dense_latency.h:42->firmware/nnet_utils/nnet_dense_stream.h:17]   --->   Operation 593 'sext' 'sext_ln73_46' <Predicate = true> <Delay = 0.00>
ST_1 : Operation 594 [1/1] (0.00ns)   --->   "%tmp_58 = bitconcatenate i17 @_ssdm_op_BitConcatenate.i17.i16.i1, i16 %data_20_val21_read, i1 0" [firmware/nnet_utils/nnet_mult.h:73->firmware/nnet_utils/nnet_dense_latency.h:42->firmware/nnet_utils/nnet_dense_stream.h:17]   --->   Operation 594 'bitconcatenate' 'tmp_58' <Predicate = true> <Delay = 0.00>
ST_1 : Operation 595 [1/1] (0.00ns)   --->   "%sext_ln73_47 = sext i17 %tmp_58" [firmware/nnet_utils/nnet_mult.h:73->firmware/nnet_utils/nnet_dense_latency.h:42->firmware/nnet_utils/nnet_dense_stream.h:17]   --->   Operation 595 'sext' 'sext_ln73_47' <Predicate = true> <Delay = 0.00>
ST_1 : Operation 596 [1/1] (0.89ns)   --->   "%sub_ln73_22 = sub i21 %sext_ln73_47, i21 %sext_ln73_46" [firmware/nnet_utils/nnet_mult.h:73->firmware/nnet_utils/nnet_dense_latency.h:42->firmware/nnet_utils/nnet_dense_stream.h:17]   --->   Operation 596 'sub' 'sub_ln73_22' <Predicate = true> <Delay = 0.89> <CoreInst = "Adder">   --->   Core 1 'Adder' <Latency = 0> <II = 1> <Delay = 0.89> <FuncUnit> <Opcode : 'add' 'sub'> <InPorts = 2> <OutPorts = 1>
ST_1 : Operation 597 [1/1] (0.00ns)   --->   "%mult_160 = partselect i11 @_ssdm_op_PartSelect.i11.i21.i32.i32, i21 %sub_ln73_22, i32 10, i32 20" [firmware/nnet_utils/nnet_dense_latency.h:42->firmware/nnet_utils/nnet_dense_stream.h:17]   --->   Operation 597 'partselect' 'mult_160' <Predicate = true> <Delay = 0.00>
ST_1 : Operation 598 [1/1] (0.00ns)   --->   "%sext_ln17_45 = sext i11 %mult_160" [firmware/nnet_utils/nnet_dense_latency.h:17->firmware/nnet_utils/nnet_dense_stream.h:17]   --->   Operation 598 'sext' 'sext_ln17_45' <Predicate = true> <Delay = 0.00>
ST_1 : Operation 599 [1/1] (2.38ns)   --->   "%mul_ln73_131 = mul i25 %sext_ln70_66, i25 200" [firmware/nnet_utils/nnet_mult.h:73->firmware/nnet_utils/nnet_dense_latency.h:42->firmware/nnet_utils/nnet_dense_stream.h:17]   --->   Operation 599 'mul' 'mul_ln73_131' <Predicate = true> <Delay = 2.38> <CoreInst = "Multiplier">   --->   Core 3 'Multiplier' <Latency = 0> <II = 1> <Delay = 2.38> <FuncUnit> <Opcode : 'mul'> <InPorts = 2> <OutPorts = 1>
ST_1 : Operation 600 [1/1] (0.00ns)   --->   "%mult_161 = partselect i15 @_ssdm_op_PartSelect.i15.i25.i32.i32, i25 %mul_ln73_131, i32 10, i32 24" [firmware/nnet_utils/nnet_dense_latency.h:42->firmware/nnet_utils/nnet_dense_stream.h:17]   --->   Operation 600 'partselect' 'mult_161' <Predicate = true> <Delay = 0.00>
ST_1 : Operation 601 [1/1] (0.00ns)   --->   "%sext_ln42_59 = sext i15 %mult_161" [firmware/nnet_utils/nnet_dense_latency.h:42->firmware/nnet_utils/nnet_dense_stream.h:17]   --->   Operation 601 'sext' 'sext_ln42_59' <Predicate = true> <Delay = 0.00>
ST_1 : Operation 602 [1/1] (2.38ns)   --->   "%mul_ln73_132 = mul i25 %sext_ln70_66, i25 147" [firmware/nnet_utils/nnet_mult.h:73->firmware/nnet_utils/nnet_dense_latency.h:42->firmware/nnet_utils/nnet_dense_stream.h:17]   --->   Operation 602 'mul' 'mul_ln73_132' <Predicate = true> <Delay = 2.38> <CoreInst = "Multiplier">   --->   Core 3 'Multiplier' <Latency = 0> <II = 1> <Delay = 2.38> <FuncUnit> <Opcode : 'mul'> <InPorts = 2> <OutPorts = 1>
ST_1 : Operation 603 [1/1] (0.00ns)   --->   "%mult_162 = partselect i15 @_ssdm_op_PartSelect.i15.i25.i32.i32, i25 %mul_ln73_132, i32 10, i32 24" [firmware/nnet_utils/nnet_dense_latency.h:42->firmware/nnet_utils/nnet_dense_stream.h:17]   --->   Operation 603 'partselect' 'mult_162' <Predicate = true> <Delay = 0.00>
ST_1 : Operation 604 [1/1] (0.00ns)   --->   "%sext_ln42_60 = sext i15 %mult_162" [firmware/nnet_utils/nnet_dense_latency.h:42->firmware/nnet_utils/nnet_dense_stream.h:17]   --->   Operation 604 'sext' 'sext_ln42_60' <Predicate = true> <Delay = 0.00>
ST_1 : Operation 605 [1/1] (2.38ns)   --->   "%mul_ln73_133 = mul i25 %sext_ln70_66, i25 161" [firmware/nnet_utils/nnet_mult.h:73->firmware/nnet_utils/nnet_dense_latency.h:42->firmware/nnet_utils/nnet_dense_stream.h:17]   --->   Operation 605 'mul' 'mul_ln73_133' <Predicate = true> <Delay = 2.38> <CoreInst = "Multiplier">   --->   Core 3 'Multiplier' <Latency = 0> <II = 1> <Delay = 2.38> <FuncUnit> <Opcode : 'mul'> <InPorts = 2> <OutPorts = 1>
ST_1 : Operation 606 [1/1] (0.00ns)   --->   "%mult_163 = partselect i15 @_ssdm_op_PartSelect.i15.i25.i32.i32, i25 %mul_ln73_133, i32 10, i32 24" [firmware/nnet_utils/nnet_dense_latency.h:42->firmware/nnet_utils/nnet_dense_stream.h:17]   --->   Operation 606 'partselect' 'mult_163' <Predicate = true> <Delay = 0.00>
ST_1 : Operation 607 [1/1] (0.00ns)   --->   "%sext_ln42_61 = sext i15 %mult_163" [firmware/nnet_utils/nnet_dense_latency.h:42->firmware/nnet_utils/nnet_dense_stream.h:17]   --->   Operation 607 'sext' 'sext_ln42_61' <Predicate = true> <Delay = 0.00>
ST_1 : Operation 608 [1/1] (2.38ns)   --->   "%mul_ln73_134 = mul i25 %sext_ln70_66, i25 33554273" [firmware/nnet_utils/nnet_mult.h:73->firmware/nnet_utils/nnet_dense_latency.h:42->firmware/nnet_utils/nnet_dense_stream.h:17]   --->   Operation 608 'mul' 'mul_ln73_134' <Predicate = true> <Delay = 2.38> <CoreInst = "Multiplier">   --->   Core 3 'Multiplier' <Latency = 0> <II = 1> <Delay = 2.38> <FuncUnit> <Opcode : 'mul'> <InPorts = 2> <OutPorts = 1>
ST_1 : Operation 609 [1/1] (0.00ns)   --->   "%mult_164 = partselect i15 @_ssdm_op_PartSelect.i15.i25.i32.i32, i25 %mul_ln73_134, i32 10, i32 24" [firmware/nnet_utils/nnet_dense_latency.h:42->firmware/nnet_utils/nnet_dense_stream.h:17]   --->   Operation 609 'partselect' 'mult_164' <Predicate = true> <Delay = 0.00>
ST_1 : Operation 610 [1/1] (0.00ns)   --->   "%sext_ln42_62 = sext i15 %mult_164" [firmware/nnet_utils/nnet_dense_latency.h:42->firmware/nnet_utils/nnet_dense_stream.h:17]   --->   Operation 610 'sext' 'sext_ln42_62' <Predicate = true> <Delay = 0.00>
ST_1 : Operation 611 [1/1] (2.38ns)   --->   "%mul_ln73_135 = mul i26 %sext_ln70_65, i26 348" [firmware/nnet_utils/nnet_mult.h:73->firmware/nnet_utils/nnet_dense_latency.h:42->firmware/nnet_utils/nnet_dense_stream.h:17]   --->   Operation 611 'mul' 'mul_ln73_135' <Predicate = true> <Delay = 2.38> <CoreInst = "Multiplier">   --->   Core 3 'Multiplier' <Latency = 0> <II = 1> <Delay = 2.38> <FuncUnit> <Opcode : 'mul'> <InPorts = 2> <OutPorts = 1>
ST_1 : Operation 612 [1/1] (0.00ns)   --->   "%mult_165 = partselect i16 @_ssdm_op_PartSelect.i16.i26.i32.i32, i26 %mul_ln73_135, i32 10, i32 25" [firmware/nnet_utils/nnet_dense_latency.h:42->firmware/nnet_utils/nnet_dense_stream.h:17]   --->   Operation 612 'partselect' 'mult_165' <Predicate = true> <Delay = 0.00>
ST_1 : Operation 613 [1/1] (2.38ns)   --->   "%mul_ln73_136 = mul i26 %sext_ln70_65, i26 297" [firmware/nnet_utils/nnet_mult.h:73->firmware/nnet_utils/nnet_dense_latency.h:42->firmware/nnet_utils/nnet_dense_stream.h:17]   --->   Operation 613 'mul' 'mul_ln73_136' <Predicate = true> <Delay = 2.38> <CoreInst = "Multiplier">   --->   Core 3 'Multiplier' <Latency = 0> <II = 1> <Delay = 2.38> <FuncUnit> <Opcode : 'mul'> <InPorts = 2> <OutPorts = 1>
ST_1 : Operation 614 [1/1] (0.00ns)   --->   "%mult_166 = partselect i16 @_ssdm_op_PartSelect.i16.i26.i32.i32, i26 %mul_ln73_136, i32 10, i32 25" [firmware/nnet_utils/nnet_dense_latency.h:42->firmware/nnet_utils/nnet_dense_stream.h:17]   --->   Operation 614 'partselect' 'mult_166' <Predicate = true> <Delay = 0.00>
ST_1 : Operation 615 [1/1] (2.38ns)   --->   "%mul_ln73_137 = mul i25 %sext_ln70_66, i25 33554264" [firmware/nnet_utils/nnet_mult.h:73->firmware/nnet_utils/nnet_dense_latency.h:42->firmware/nnet_utils/nnet_dense_stream.h:17]   --->   Operation 615 'mul' 'mul_ln73_137' <Predicate = true> <Delay = 2.38> <CoreInst = "Multiplier">   --->   Core 3 'Multiplier' <Latency = 0> <II = 1> <Delay = 2.38> <FuncUnit> <Opcode : 'mul'> <InPorts = 2> <OutPorts = 1>
ST_1 : Operation 616 [1/1] (0.00ns)   --->   "%mult_167 = partselect i15 @_ssdm_op_PartSelect.i15.i25.i32.i32, i25 %mul_ln73_137, i32 10, i32 24" [firmware/nnet_utils/nnet_dense_latency.h:42->firmware/nnet_utils/nnet_dense_stream.h:17]   --->   Operation 616 'partselect' 'mult_167' <Predicate = true> <Delay = 0.00>
ST_1 : Operation 617 [1/1] (0.00ns)   --->   "%sext_ln42_63 = sext i15 %mult_167" [firmware/nnet_utils/nnet_dense_latency.h:42->firmware/nnet_utils/nnet_dense_stream.h:17]   --->   Operation 617 'sext' 'sext_ln42_63' <Predicate = true> <Delay = 0.00>
ST_1 : Operation 618 [1/1] (0.00ns)   --->   "%sext_ln70_67 = sext i16 %data_21_val22_read" [firmware/nnet_utils/nnet_mult.h:70->firmware/nnet_utils/nnet_dense_latency.h:42->firmware/nnet_utils/nnet_dense_stream.h:17]   --->   Operation 618 'sext' 'sext_ln70_67' <Predicate = true> <Delay = 0.00>
ST_1 : Operation 619 [1/1] (0.00ns)   --->   "%sext_ln70_68 = sext i16 %data_21_val22_read" [firmware/nnet_utils/nnet_mult.h:70->firmware/nnet_utils/nnet_dense_latency.h:42->firmware/nnet_utils/nnet_dense_stream.h:17]   --->   Operation 619 'sext' 'sext_ln70_68' <Predicate = true> <Delay = 0.00>
ST_1 : Operation 620 [1/1] (0.00ns)   --->   "%sext_ln70_69 = sext i16 %data_21_val22_read" [firmware/nnet_utils/nnet_mult.h:70->firmware/nnet_utils/nnet_dense_latency.h:42->firmware/nnet_utils/nnet_dense_stream.h:17]   --->   Operation 620 'sext' 'sext_ln70_69' <Predicate = true> <Delay = 0.00>
ST_1 : Operation 621 [1/1] (2.38ns)   --->   "%mul_ln73_138 = mul i26 %sext_ln70_69, i26 336" [firmware/nnet_utils/nnet_mult.h:73->firmware/nnet_utils/nnet_dense_latency.h:42->firmware/nnet_utils/nnet_dense_stream.h:17]   --->   Operation 621 'mul' 'mul_ln73_138' <Predicate = true> <Delay = 2.38> <CoreInst = "Multiplier">   --->   Core 3 'Multiplier' <Latency = 0> <II = 1> <Delay = 2.38> <FuncUnit> <Opcode : 'mul'> <InPorts = 2> <OutPorts = 1>
ST_1 : Operation 622 [1/1] (0.00ns)   --->   "%mult_168 = partselect i16 @_ssdm_op_PartSelect.i16.i26.i32.i32, i26 %mul_ln73_138, i32 10, i32 25" [firmware/nnet_utils/nnet_dense_latency.h:42->firmware/nnet_utils/nnet_dense_stream.h:17]   --->   Operation 622 'partselect' 'mult_168' <Predicate = true> <Delay = 0.00>
ST_1 : Operation 623 [1/1] (2.38ns)   --->   "%mul_ln73_139 = mul i25 %sext_ln70_68, i25 33554254" [firmware/nnet_utils/nnet_mult.h:73->firmware/nnet_utils/nnet_dense_latency.h:42->firmware/nnet_utils/nnet_dense_stream.h:17]   --->   Operation 623 'mul' 'mul_ln73_139' <Predicate = true> <Delay = 2.38> <CoreInst = "Multiplier">   --->   Core 3 'Multiplier' <Latency = 0> <II = 1> <Delay = 2.38> <FuncUnit> <Opcode : 'mul'> <InPorts = 2> <OutPorts = 1>
ST_1 : Operation 624 [1/1] (0.00ns)   --->   "%mult_169 = partselect i15 @_ssdm_op_PartSelect.i15.i25.i32.i32, i25 %mul_ln73_139, i32 10, i32 24" [firmware/nnet_utils/nnet_dense_latency.h:42->firmware/nnet_utils/nnet_dense_stream.h:17]   --->   Operation 624 'partselect' 'mult_169' <Predicate = true> <Delay = 0.00>
ST_1 : Operation 625 [1/1] (0.00ns)   --->   "%sext_ln42_64 = sext i15 %mult_169" [firmware/nnet_utils/nnet_dense_latency.h:42->firmware/nnet_utils/nnet_dense_stream.h:17]   --->   Operation 625 'sext' 'sext_ln42_64' <Predicate = true> <Delay = 0.00>
ST_1 : Operation 626 [1/1] (2.38ns)   --->   "%mul_ln73_140 = mul i26 %sext_ln70_69, i26 270" [firmware/nnet_utils/nnet_mult.h:73->firmware/nnet_utils/nnet_dense_latency.h:42->firmware/nnet_utils/nnet_dense_stream.h:17]   --->   Operation 626 'mul' 'mul_ln73_140' <Predicate = true> <Delay = 2.38> <CoreInst = "Multiplier">   --->   Core 3 'Multiplier' <Latency = 0> <II = 1> <Delay = 2.38> <FuncUnit> <Opcode : 'mul'> <InPorts = 2> <OutPorts = 1>
ST_1 : Operation 627 [1/1] (0.00ns)   --->   "%mult_170 = partselect i16 @_ssdm_op_PartSelect.i16.i26.i32.i32, i26 %mul_ln73_140, i32 10, i32 25" [firmware/nnet_utils/nnet_dense_latency.h:42->firmware/nnet_utils/nnet_dense_stream.h:17]   --->   Operation 627 'partselect' 'mult_170' <Predicate = true> <Delay = 0.00>
ST_1 : Operation 628 [1/1] (2.38ns)   --->   "%mul_ln73_141 = mul i26 %sext_ln70_69, i26 259" [firmware/nnet_utils/nnet_mult.h:73->firmware/nnet_utils/nnet_dense_latency.h:42->firmware/nnet_utils/nnet_dense_stream.h:17]   --->   Operation 628 'mul' 'mul_ln73_141' <Predicate = true> <Delay = 2.38> <CoreInst = "Multiplier">   --->   Core 3 'Multiplier' <Latency = 0> <II = 1> <Delay = 2.38> <FuncUnit> <Opcode : 'mul'> <InPorts = 2> <OutPorts = 1>
ST_1 : Operation 629 [1/1] (0.00ns)   --->   "%mult_171 = partselect i16 @_ssdm_op_PartSelect.i16.i26.i32.i32, i26 %mul_ln73_141, i32 10, i32 25" [firmware/nnet_utils/nnet_dense_latency.h:42->firmware/nnet_utils/nnet_dense_stream.h:17]   --->   Operation 629 'partselect' 'mult_171' <Predicate = true> <Delay = 0.00>
ST_1 : Operation 630 [1/1] (2.38ns)   --->   "%mul_ln73_142 = mul i25 %sext_ln70_68, i25 33554232" [firmware/nnet_utils/nnet_mult.h:73->firmware/nnet_utils/nnet_dense_latency.h:42->firmware/nnet_utils/nnet_dense_stream.h:17]   --->   Operation 630 'mul' 'mul_ln73_142' <Predicate = true> <Delay = 2.38> <CoreInst = "Multiplier">   --->   Core 3 'Multiplier' <Latency = 0> <II = 1> <Delay = 2.38> <FuncUnit> <Opcode : 'mul'> <InPorts = 2> <OutPorts = 1>
ST_1 : Operation 631 [1/1] (0.00ns)   --->   "%mult_172 = partselect i15 @_ssdm_op_PartSelect.i15.i25.i32.i32, i25 %mul_ln73_142, i32 10, i32 24" [firmware/nnet_utils/nnet_dense_latency.h:42->firmware/nnet_utils/nnet_dense_stream.h:17]   --->   Operation 631 'partselect' 'mult_172' <Predicate = true> <Delay = 0.00>
ST_1 : Operation 632 [1/1] (0.00ns)   --->   "%sext_ln42_65 = sext i15 %mult_172" [firmware/nnet_utils/nnet_dense_latency.h:42->firmware/nnet_utils/nnet_dense_stream.h:17]   --->   Operation 632 'sext' 'sext_ln42_65' <Predicate = true> <Delay = 0.00>
ST_1 : Operation 633 [1/1] (0.00ns)   --->   "%tmp_59 = bitconcatenate i22 @_ssdm_op_BitConcatenate.i22.i16.i6, i16 %data_21_val22_read, i6 0" [firmware/nnet_utils/nnet_mult.h:73->firmware/nnet_utils/nnet_dense_latency.h:42->firmware/nnet_utils/nnet_dense_stream.h:17]   --->   Operation 633 'bitconcatenate' 'tmp_59' <Predicate = true> <Delay = 0.00>
ST_1 : Operation 634 [1/1] (0.00ns)   --->   "%sext_ln73_48 = sext i22 %tmp_59" [firmware/nnet_utils/nnet_mult.h:73->firmware/nnet_utils/nnet_dense_latency.h:42->firmware/nnet_utils/nnet_dense_stream.h:17]   --->   Operation 634 'sext' 'sext_ln73_48' <Predicate = true> <Delay = 0.00>
ST_1 : Operation 635 [1/1] (0.00ns)   --->   "%tmp_60 = bitconcatenate i17 @_ssdm_op_BitConcatenate.i17.i16.i1, i16 %data_21_val22_read, i1 0" [firmware/nnet_utils/nnet_mult.h:73->firmware/nnet_utils/nnet_dense_latency.h:42->firmware/nnet_utils/nnet_dense_stream.h:17]   --->   Operation 635 'bitconcatenate' 'tmp_60' <Predicate = true> <Delay = 0.00>
ST_1 : Operation 636 [1/1] (0.00ns)   --->   "%sext_ln73_49 = sext i17 %tmp_60" [firmware/nnet_utils/nnet_mult.h:73->firmware/nnet_utils/nnet_dense_latency.h:42->firmware/nnet_utils/nnet_dense_stream.h:17]   --->   Operation 636 'sext' 'sext_ln73_49' <Predicate = true> <Delay = 0.00>
ST_1 : Operation 637 [1/1] (0.91ns)   --->   "%sub_ln73_23 = sub i23 %sext_ln73_48, i23 %sext_ln73_49" [firmware/nnet_utils/nnet_mult.h:73->firmware/nnet_utils/nnet_dense_latency.h:42->firmware/nnet_utils/nnet_dense_stream.h:17]   --->   Operation 637 'sub' 'sub_ln73_23' <Predicate = true> <Delay = 0.91> <CoreInst = "Adder">   --->   Core 1 'Adder' <Latency = 0> <II = 1> <Delay = 0.91> <FuncUnit> <Opcode : 'add' 'sub'> <InPorts = 2> <OutPorts = 1>
ST_1 : Operation 638 [1/1] (0.00ns)   --->   "%mult_173 = partselect i13 @_ssdm_op_PartSelect.i13.i23.i32.i32, i23 %sub_ln73_23, i32 10, i32 22" [firmware/nnet_utils/nnet_dense_latency.h:42->firmware/nnet_utils/nnet_dense_stream.h:17]   --->   Operation 638 'partselect' 'mult_173' <Predicate = true> <Delay = 0.00>
ST_1 : Operation 639 [1/1] (0.00ns)   --->   "%sext_ln17_46 = sext i13 %mult_173" [firmware/nnet_utils/nnet_dense_latency.h:17->firmware/nnet_utils/nnet_dense_stream.h:17]   --->   Operation 639 'sext' 'sext_ln17_46' <Predicate = true> <Delay = 0.00>
ST_1 : Operation 640 [1/1] (2.38ns)   --->   "%mul_ln73_143 = mul i24 %sext_ln70_67, i24 16777139" [firmware/nnet_utils/nnet_mult.h:73->firmware/nnet_utils/nnet_dense_latency.h:42->firmware/nnet_utils/nnet_dense_stream.h:17]   --->   Operation 640 'mul' 'mul_ln73_143' <Predicate = true> <Delay = 2.38> <CoreInst = "Multiplier">   --->   Core 3 'Multiplier' <Latency = 0> <II = 1> <Delay = 2.38> <FuncUnit> <Opcode : 'mul'> <InPorts = 2> <OutPorts = 1>
ST_1 : Operation 641 [1/1] (0.00ns)   --->   "%mult_174 = partselect i14 @_ssdm_op_PartSelect.i14.i24.i32.i32, i24 %mul_ln73_143, i32 10, i32 23" [firmware/nnet_utils/nnet_dense_latency.h:42->firmware/nnet_utils/nnet_dense_stream.h:17]   --->   Operation 641 'partselect' 'mult_174' <Predicate = true> <Delay = 0.00>
ST_1 : Operation 642 [1/1] (0.00ns)   --->   "%sext_ln17_47 = sext i14 %mult_174" [firmware/nnet_utils/nnet_dense_latency.h:17->firmware/nnet_utils/nnet_dense_stream.h:17]   --->   Operation 642 'sext' 'sext_ln17_47' <Predicate = true> <Delay = 0.00>
ST_1 : Operation 643 [1/1] (2.38ns)   --->   "%mul_ln73_144 = mul i25 %sext_ln70_68, i25 138" [firmware/nnet_utils/nnet_mult.h:73->firmware/nnet_utils/nnet_dense_latency.h:42->firmware/nnet_utils/nnet_dense_stream.h:17]   --->   Operation 643 'mul' 'mul_ln73_144' <Predicate = true> <Delay = 2.38> <CoreInst = "Multiplier">   --->   Core 3 'Multiplier' <Latency = 0> <II = 1> <Delay = 2.38> <FuncUnit> <Opcode : 'mul'> <InPorts = 2> <OutPorts = 1>
ST_1 : Operation 644 [1/1] (0.00ns)   --->   "%mult_175 = partselect i15 @_ssdm_op_PartSelect.i15.i25.i32.i32, i25 %mul_ln73_144, i32 10, i32 24" [firmware/nnet_utils/nnet_dense_latency.h:42->firmware/nnet_utils/nnet_dense_stream.h:17]   --->   Operation 644 'partselect' 'mult_175' <Predicate = true> <Delay = 0.00>
ST_1 : Operation 645 [1/1] (0.00ns)   --->   "%sext_ln42_66 = sext i15 %mult_175" [firmware/nnet_utils/nnet_dense_latency.h:42->firmware/nnet_utils/nnet_dense_stream.h:17]   --->   Operation 645 'sext' 'sext_ln42_66' <Predicate = true> <Delay = 0.00>
ST_1 : Operation 646 [1/1] (0.00ns)   --->   "%sext_ln70_70 = sext i16 %data_22_val23_read" [firmware/nnet_utils/nnet_mult.h:70->firmware/nnet_utils/nnet_dense_latency.h:42->firmware/nnet_utils/nnet_dense_stream.h:17]   --->   Operation 646 'sext' 'sext_ln70_70' <Predicate = true> <Delay = 0.00>
ST_1 : Operation 647 [1/1] (0.00ns)   --->   "%sext_ln70_71 = sext i16 %data_22_val23_read" [firmware/nnet_utils/nnet_mult.h:70->firmware/nnet_utils/nnet_dense_latency.h:42->firmware/nnet_utils/nnet_dense_stream.h:17]   --->   Operation 647 'sext' 'sext_ln70_71' <Predicate = true> <Delay = 0.00>
ST_1 : Operation 648 [1/1] (0.00ns)   --->   "%sext_ln70_72 = sext i16 %data_22_val23_read" [firmware/nnet_utils/nnet_mult.h:70->firmware/nnet_utils/nnet_dense_latency.h:42->firmware/nnet_utils/nnet_dense_stream.h:17]   --->   Operation 648 'sext' 'sext_ln70_72' <Predicate = true> <Delay = 0.00>
ST_1 : Operation 649 [1/1] (2.38ns)   --->   "%mul_ln73_145 = mul i26 %sext_ln70_72, i26 315" [firmware/nnet_utils/nnet_mult.h:73->firmware/nnet_utils/nnet_dense_latency.h:42->firmware/nnet_utils/nnet_dense_stream.h:17]   --->   Operation 649 'mul' 'mul_ln73_145' <Predicate = true> <Delay = 2.38> <CoreInst = "Multiplier">   --->   Core 3 'Multiplier' <Latency = 0> <II = 1> <Delay = 2.38> <FuncUnit> <Opcode : 'mul'> <InPorts = 2> <OutPorts = 1>
ST_1 : Operation 650 [1/1] (0.00ns)   --->   "%mult_176 = partselect i16 @_ssdm_op_PartSelect.i16.i26.i32.i32, i26 %mul_ln73_145, i32 10, i32 25" [firmware/nnet_utils/nnet_dense_latency.h:42->firmware/nnet_utils/nnet_dense_stream.h:17]   --->   Operation 650 'partselect' 'mult_176' <Predicate = true> <Delay = 0.00>
ST_1 : Operation 651 [1/1] (0.00ns)   --->   "%tmp_61 = bitconcatenate i22 @_ssdm_op_BitConcatenate.i22.i16.i6, i16 %data_22_val23_read, i6 0" [firmware/nnet_utils/nnet_mult.h:73->firmware/nnet_utils/nnet_dense_latency.h:42->firmware/nnet_utils/nnet_dense_stream.h:17]   --->   Operation 651 'bitconcatenate' 'tmp_61' <Predicate = true> <Delay = 0.00>
ST_1 : Operation 652 [1/1] (0.00ns)   --->   "%sext_ln73_50 = sext i22 %tmp_61" [firmware/nnet_utils/nnet_mult.h:73->firmware/nnet_utils/nnet_dense_latency.h:42->firmware/nnet_utils/nnet_dense_stream.h:17]   --->   Operation 652 'sext' 'sext_ln73_50' <Predicate = true> <Delay = 0.00>
ST_1 : Operation 653 [1/1] (0.00ns)   --->   "%tmp_62 = bitconcatenate i18 @_ssdm_op_BitConcatenate.i18.i16.i2, i16 %data_22_val23_read, i2 0" [firmware/nnet_utils/nnet_mult.h:73->firmware/nnet_utils/nnet_dense_latency.h:42->firmware/nnet_utils/nnet_dense_stream.h:17]   --->   Operation 653 'bitconcatenate' 'tmp_62' <Predicate = true> <Delay = 0.00>
ST_1 : Operation 654 [1/1] (0.00ns)   --->   "%sext_ln73_51 = sext i18 %tmp_62" [firmware/nnet_utils/nnet_mult.h:73->firmware/nnet_utils/nnet_dense_latency.h:42->firmware/nnet_utils/nnet_dense_stream.h:17]   --->   Operation 654 'sext' 'sext_ln73_51' <Predicate = true> <Delay = 0.00>
ST_1 : Operation 655 [1/1] (0.91ns)   --->   "%sub_ln73_24 = sub i23 %sext_ln73_51, i23 %sext_ln73_50" [firmware/nnet_utils/nnet_mult.h:73->firmware/nnet_utils/nnet_dense_latency.h:42->firmware/nnet_utils/nnet_dense_stream.h:17]   --->   Operation 655 'sub' 'sub_ln73_24' <Predicate = true> <Delay = 0.91> <CoreInst = "Adder">   --->   Core 1 'Adder' <Latency = 0> <II = 1> <Delay = 0.91> <FuncUnit> <Opcode : 'add' 'sub'> <InPorts = 2> <OutPorts = 1>
ST_1 : Operation 656 [1/1] (0.00ns)   --->   "%mult_177 = partselect i13 @_ssdm_op_PartSelect.i13.i23.i32.i32, i23 %sub_ln73_24, i32 10, i32 22" [firmware/nnet_utils/nnet_dense_latency.h:42->firmware/nnet_utils/nnet_dense_stream.h:17]   --->   Operation 656 'partselect' 'mult_177' <Predicate = true> <Delay = 0.00>
ST_1 : Operation 657 [1/1] (0.00ns)   --->   "%sext_ln17_48 = sext i13 %mult_177" [firmware/nnet_utils/nnet_dense_latency.h:17->firmware/nnet_utils/nnet_dense_stream.h:17]   --->   Operation 657 'sext' 'sext_ln17_48' <Predicate = true> <Delay = 0.00>
ST_1 : Operation 658 [1/1] (2.38ns)   --->   "%mul_ln73_146 = mul i26 %sext_ln70_72, i26 67108605" [firmware/nnet_utils/nnet_mult.h:73->firmware/nnet_utils/nnet_dense_latency.h:42->firmware/nnet_utils/nnet_dense_stream.h:17]   --->   Operation 658 'mul' 'mul_ln73_146' <Predicate = true> <Delay = 2.38> <CoreInst = "Multiplier">   --->   Core 3 'Multiplier' <Latency = 0> <II = 1> <Delay = 2.38> <FuncUnit> <Opcode : 'mul'> <InPorts = 2> <OutPorts = 1>
ST_1 : Operation 659 [1/1] (0.00ns)   --->   "%mult_178 = partselect i16 @_ssdm_op_PartSelect.i16.i26.i32.i32, i26 %mul_ln73_146, i32 10, i32 25" [firmware/nnet_utils/nnet_dense_latency.h:42->firmware/nnet_utils/nnet_dense_stream.h:17]   --->   Operation 659 'partselect' 'mult_178' <Predicate = true> <Delay = 0.00>
ST_1 : Operation 660 [1/1] (2.38ns)   --->   "%mul_ln73_147 = mul i24 %sext_ln70_71, i24 109" [firmware/nnet_utils/nnet_mult.h:73->firmware/nnet_utils/nnet_dense_latency.h:42->firmware/nnet_utils/nnet_dense_stream.h:17]   --->   Operation 660 'mul' 'mul_ln73_147' <Predicate = true> <Delay = 2.38> <CoreInst = "Multiplier">   --->   Core 3 'Multiplier' <Latency = 0> <II = 1> <Delay = 2.38> <FuncUnit> <Opcode : 'mul'> <InPorts = 2> <OutPorts = 1>
ST_1 : Operation 661 [1/1] (0.00ns)   --->   "%mult_179 = partselect i14 @_ssdm_op_PartSelect.i14.i24.i32.i32, i24 %mul_ln73_147, i32 10, i32 23" [firmware/nnet_utils/nnet_dense_latency.h:42->firmware/nnet_utils/nnet_dense_stream.h:17]   --->   Operation 661 'partselect' 'mult_179' <Predicate = true> <Delay = 0.00>
ST_1 : Operation 662 [1/1] (0.00ns)   --->   "%sext_ln17_49 = sext i14 %mult_179" [firmware/nnet_utils/nnet_dense_latency.h:17->firmware/nnet_utils/nnet_dense_stream.h:17]   --->   Operation 662 'sext' 'sext_ln17_49' <Predicate = true> <Delay = 0.00>
ST_1 : Operation 663 [1/1] (2.38ns)   --->   "%mul_ln73_148 = mul i24 %sext_ln70_71, i24 115" [firmware/nnet_utils/nnet_mult.h:73->firmware/nnet_utils/nnet_dense_latency.h:42->firmware/nnet_utils/nnet_dense_stream.h:17]   --->   Operation 663 'mul' 'mul_ln73_148' <Predicate = true> <Delay = 2.38> <CoreInst = "Multiplier">   --->   Core 3 'Multiplier' <Latency = 0> <II = 1> <Delay = 2.38> <FuncUnit> <Opcode : 'mul'> <InPorts = 2> <OutPorts = 1>
ST_1 : Operation 664 [1/1] (0.00ns)   --->   "%mult_180 = partselect i14 @_ssdm_op_PartSelect.i14.i24.i32.i32, i24 %mul_ln73_148, i32 10, i32 23" [firmware/nnet_utils/nnet_dense_latency.h:42->firmware/nnet_utils/nnet_dense_stream.h:17]   --->   Operation 664 'partselect' 'mult_180' <Predicate = true> <Delay = 0.00>
ST_1 : Operation 665 [1/1] (0.00ns)   --->   "%sext_ln17_50 = sext i14 %mult_180" [firmware/nnet_utils/nnet_dense_latency.h:17->firmware/nnet_utils/nnet_dense_stream.h:17]   --->   Operation 665 'sext' 'sext_ln17_50' <Predicate = true> <Delay = 0.00>
ST_1 : Operation 666 [1/1] (2.38ns)   --->   "%mul_ln73_149 = mul i26 %sext_ln70_72, i26 306" [firmware/nnet_utils/nnet_mult.h:73->firmware/nnet_utils/nnet_dense_latency.h:42->firmware/nnet_utils/nnet_dense_stream.h:17]   --->   Operation 666 'mul' 'mul_ln73_149' <Predicate = true> <Delay = 2.38> <CoreInst = "Multiplier">   --->   Core 3 'Multiplier' <Latency = 0> <II = 1> <Delay = 2.38> <FuncUnit> <Opcode : 'mul'> <InPorts = 2> <OutPorts = 1>
ST_1 : Operation 667 [1/1] (0.00ns)   --->   "%mult_181 = partselect i16 @_ssdm_op_PartSelect.i16.i26.i32.i32, i26 %mul_ln73_149, i32 10, i32 25" [firmware/nnet_utils/nnet_dense_latency.h:42->firmware/nnet_utils/nnet_dense_stream.h:17]   --->   Operation 667 'partselect' 'mult_181' <Predicate = true> <Delay = 0.00>
ST_1 : Operation 668 [1/1] (2.38ns)   --->   "%mul_ln73_150 = mul i26 %sext_ln70_72, i26 336" [firmware/nnet_utils/nnet_mult.h:73->firmware/nnet_utils/nnet_dense_latency.h:42->firmware/nnet_utils/nnet_dense_stream.h:17]   --->   Operation 668 'mul' 'mul_ln73_150' <Predicate = true> <Delay = 2.38> <CoreInst = "Multiplier">   --->   Core 3 'Multiplier' <Latency = 0> <II = 1> <Delay = 2.38> <FuncUnit> <Opcode : 'mul'> <InPorts = 2> <OutPorts = 1>
ST_1 : Operation 669 [1/1] (0.00ns)   --->   "%mult_182 = partselect i16 @_ssdm_op_PartSelect.i16.i26.i32.i32, i26 %mul_ln73_150, i32 10, i32 25" [firmware/nnet_utils/nnet_dense_latency.h:42->firmware/nnet_utils/nnet_dense_stream.h:17]   --->   Operation 669 'partselect' 'mult_182' <Predicate = true> <Delay = 0.00>
ST_1 : Operation 670 [1/1] (2.38ns)   --->   "%mul_ln73_151 = mul i25 %sext_ln70_70, i25 33554181" [firmware/nnet_utils/nnet_mult.h:73->firmware/nnet_utils/nnet_dense_latency.h:42->firmware/nnet_utils/nnet_dense_stream.h:17]   --->   Operation 670 'mul' 'mul_ln73_151' <Predicate = true> <Delay = 2.38> <CoreInst = "Multiplier">   --->   Core 3 'Multiplier' <Latency = 0> <II = 1> <Delay = 2.38> <FuncUnit> <Opcode : 'mul'> <InPorts = 2> <OutPorts = 1>
ST_1 : Operation 671 [1/1] (0.00ns)   --->   "%mult_183 = partselect i15 @_ssdm_op_PartSelect.i15.i25.i32.i32, i25 %mul_ln73_151, i32 10, i32 24" [firmware/nnet_utils/nnet_dense_latency.h:42->firmware/nnet_utils/nnet_dense_stream.h:17]   --->   Operation 671 'partselect' 'mult_183' <Predicate = true> <Delay = 0.00>
ST_1 : Operation 672 [1/1] (0.00ns)   --->   "%sext_ln70_73 = sext i16 %data_23_val24_read" [firmware/nnet_utils/nnet_mult.h:70->firmware/nnet_utils/nnet_dense_latency.h:42->firmware/nnet_utils/nnet_dense_stream.h:17]   --->   Operation 672 'sext' 'sext_ln70_73' <Predicate = true> <Delay = 0.00>
ST_1 : Operation 673 [1/1] (0.00ns)   --->   "%sext_ln70_74 = sext i16 %data_23_val24_read" [firmware/nnet_utils/nnet_mult.h:70->firmware/nnet_utils/nnet_dense_latency.h:42->firmware/nnet_utils/nnet_dense_stream.h:17]   --->   Operation 673 'sext' 'sext_ln70_74' <Predicate = true> <Delay = 0.00>
ST_1 : Operation 674 [1/1] (0.00ns)   --->   "%sext_ln70_75 = sext i16 %data_23_val24_read" [firmware/nnet_utils/nnet_mult.h:70->firmware/nnet_utils/nnet_dense_latency.h:42->firmware/nnet_utils/nnet_dense_stream.h:17]   --->   Operation 674 'sext' 'sext_ln70_75' <Predicate = true> <Delay = 0.00>
ST_1 : Operation 675 [1/1] (0.00ns)   --->   "%sext_ln70_76 = sext i16 %data_23_val24_read" [firmware/nnet_utils/nnet_mult.h:70->firmware/nnet_utils/nnet_dense_latency.h:42->firmware/nnet_utils/nnet_dense_stream.h:17]   --->   Operation 675 'sext' 'sext_ln70_76' <Predicate = true> <Delay = 0.00>
ST_1 : Operation 676 [1/1] (0.00ns)   --->   "%sext_ln70_77 = sext i16 %data_23_val24_read" [firmware/nnet_utils/nnet_mult.h:70->firmware/nnet_utils/nnet_dense_latency.h:42->firmware/nnet_utils/nnet_dense_stream.h:17]   --->   Operation 676 'sext' 'sext_ln70_77' <Predicate = true> <Delay = 0.00>
ST_1 : Operation 677 [1/1] (2.38ns)   --->   "%mul_ln73_152 = mul i24 %sext_ln70_77, i24 107" [firmware/nnet_utils/nnet_mult.h:73->firmware/nnet_utils/nnet_dense_latency.h:42->firmware/nnet_utils/nnet_dense_stream.h:17]   --->   Operation 677 'mul' 'mul_ln73_152' <Predicate = true> <Delay = 2.38> <CoreInst = "Multiplier">   --->   Core 3 'Multiplier' <Latency = 0> <II = 1> <Delay = 2.38> <FuncUnit> <Opcode : 'mul'> <InPorts = 2> <OutPorts = 1>
ST_1 : Operation 678 [1/1] (0.00ns)   --->   "%mult_184 = partselect i14 @_ssdm_op_PartSelect.i14.i24.i32.i32, i24 %mul_ln73_152, i32 10, i32 23" [firmware/nnet_utils/nnet_dense_latency.h:42->firmware/nnet_utils/nnet_dense_stream.h:17]   --->   Operation 678 'partselect' 'mult_184' <Predicate = true> <Delay = 0.00>
ST_1 : Operation 679 [1/1] (0.00ns)   --->   "%sext_ln17_51 = sext i14 %mult_184" [firmware/nnet_utils/nnet_dense_latency.h:17->firmware/nnet_utils/nnet_dense_stream.h:17]   --->   Operation 679 'sext' 'sext_ln17_51' <Predicate = true> <Delay = 0.00>
ST_1 : Operation 680 [1/1] (2.38ns)   --->   "%mul_ln73_153 = mul i25 %sext_ln70_76, i25 161" [firmware/nnet_utils/nnet_mult.h:73->firmware/nnet_utils/nnet_dense_latency.h:42->firmware/nnet_utils/nnet_dense_stream.h:17]   --->   Operation 680 'mul' 'mul_ln73_153' <Predicate = true> <Delay = 2.38> <CoreInst = "Multiplier">   --->   Core 3 'Multiplier' <Latency = 0> <II = 1> <Delay = 2.38> <FuncUnit> <Opcode : 'mul'> <InPorts = 2> <OutPorts = 1>
ST_1 : Operation 681 [1/1] (0.00ns)   --->   "%mult_185 = partselect i15 @_ssdm_op_PartSelect.i15.i25.i32.i32, i25 %mul_ln73_153, i32 10, i32 24" [firmware/nnet_utils/nnet_dense_latency.h:42->firmware/nnet_utils/nnet_dense_stream.h:17]   --->   Operation 681 'partselect' 'mult_185' <Predicate = true> <Delay = 0.00>
ST_1 : Operation 682 [1/1] (2.38ns)   --->   "%mul_ln73_154 = mul i23 %sext_ln70_75, i23 55" [firmware/nnet_utils/nnet_mult.h:73->firmware/nnet_utils/nnet_dense_latency.h:42->firmware/nnet_utils/nnet_dense_stream.h:17]   --->   Operation 682 'mul' 'mul_ln73_154' <Predicate = true> <Delay = 2.38> <CoreInst = "Multiplier">   --->   Core 3 'Multiplier' <Latency = 0> <II = 1> <Delay = 2.38> <FuncUnit> <Opcode : 'mul'> <InPorts = 2> <OutPorts = 1>
ST_1 : Operation 683 [1/1] (0.00ns)   --->   "%mult_186 = partselect i13 @_ssdm_op_PartSelect.i13.i23.i32.i32, i23 %mul_ln73_154, i32 10, i32 22" [firmware/nnet_utils/nnet_dense_latency.h:42->firmware/nnet_utils/nnet_dense_stream.h:17]   --->   Operation 683 'partselect' 'mult_186' <Predicate = true> <Delay = 0.00>
ST_1 : Operation 684 [1/1] (0.00ns)   --->   "%sext_ln17_52 = sext i13 %mult_186" [firmware/nnet_utils/nnet_dense_latency.h:17->firmware/nnet_utils/nnet_dense_stream.h:17]   --->   Operation 684 'sext' 'sext_ln17_52' <Predicate = true> <Delay = 0.00>
ST_1 : Operation 685 [1/1] (0.00ns)   --->   "%tmp_63 = bitconcatenate i19 @_ssdm_op_BitConcatenate.i19.i16.i3, i16 %data_23_val24_read, i3 0" [firmware/nnet_utils/nnet_mult.h:73->firmware/nnet_utils/nnet_dense_latency.h:42->firmware/nnet_utils/nnet_dense_stream.h:17]   --->   Operation 685 'bitconcatenate' 'tmp_63' <Predicate = true> <Delay = 0.00>
ST_1 : Operation 686 [1/1] (0.00ns)   --->   "%sext_ln73_52 = sext i19 %tmp_63" [firmware/nnet_utils/nnet_mult.h:73->firmware/nnet_utils/nnet_dense_latency.h:42->firmware/nnet_utils/nnet_dense_stream.h:17]   --->   Operation 686 'sext' 'sext_ln73_52' <Predicate = true> <Delay = 0.00>
ST_1 : Operation 687 [1/1] (0.88ns)   --->   "%sub_ln73_25 = sub i20 %sext_ln70_74, i20 %sext_ln73_52" [firmware/nnet_utils/nnet_mult.h:73->firmware/nnet_utils/nnet_dense_latency.h:42->firmware/nnet_utils/nnet_dense_stream.h:17]   --->   Operation 687 'sub' 'sub_ln73_25' <Predicate = true> <Delay = 0.88> <CoreInst = "Adder">   --->   Core 1 'Adder' <Latency = 0> <II = 1> <Delay = 0.88> <FuncUnit> <Opcode : 'add' 'sub'> <InPorts = 2> <OutPorts = 1>
ST_1 : Operation 688 [1/1] (0.00ns)   --->   "%mult_187 = partselect i10 @_ssdm_op_PartSelect.i10.i20.i32.i32, i20 %sub_ln73_25, i32 10, i32 19" [firmware/nnet_utils/nnet_dense_latency.h:42->firmware/nnet_utils/nnet_dense_stream.h:17]   --->   Operation 688 'partselect' 'mult_187' <Predicate = true> <Delay = 0.00>
ST_1 : Operation 689 [1/1] (0.00ns)   --->   "%sext_ln17_53 = sext i10 %mult_187" [firmware/nnet_utils/nnet_dense_latency.h:17->firmware/nnet_utils/nnet_dense_stream.h:17]   --->   Operation 689 'sext' 'sext_ln17_53' <Predicate = true> <Delay = 0.00>
ST_1 : Operation 690 [1/1] (2.38ns)   --->   "%mul_ln73_155 = mul i25 %sext_ln70_76, i25 33554257" [firmware/nnet_utils/nnet_mult.h:73->firmware/nnet_utils/nnet_dense_latency.h:42->firmware/nnet_utils/nnet_dense_stream.h:17]   --->   Operation 690 'mul' 'mul_ln73_155' <Predicate = true> <Delay = 2.38> <CoreInst = "Multiplier">   --->   Core 3 'Multiplier' <Latency = 0> <II = 1> <Delay = 2.38> <FuncUnit> <Opcode : 'mul'> <InPorts = 2> <OutPorts = 1>
ST_1 : Operation 691 [1/1] (0.00ns)   --->   "%mult_188 = partselect i15 @_ssdm_op_PartSelect.i15.i25.i32.i32, i25 %mul_ln73_155, i32 10, i32 24" [firmware/nnet_utils/nnet_dense_latency.h:42->firmware/nnet_utils/nnet_dense_stream.h:17]   --->   Operation 691 'partselect' 'mult_188' <Predicate = true> <Delay = 0.00>
ST_1 : Operation 692 [1/1] (0.00ns)   --->   "%sext_ln42_69 = sext i15 %mult_188" [firmware/nnet_utils/nnet_dense_latency.h:42->firmware/nnet_utils/nnet_dense_stream.h:17]   --->   Operation 692 'sext' 'sext_ln42_69' <Predicate = true> <Delay = 0.00>
ST_1 : Operation 693 [1/1] (2.38ns)   --->   "%mul_ln73_156 = mul i23 %sext_ln70_75, i23 54" [firmware/nnet_utils/nnet_mult.h:73->firmware/nnet_utils/nnet_dense_latency.h:42->firmware/nnet_utils/nnet_dense_stream.h:17]   --->   Operation 693 'mul' 'mul_ln73_156' <Predicate = true> <Delay = 2.38> <CoreInst = "Multiplier">   --->   Core 3 'Multiplier' <Latency = 0> <II = 1> <Delay = 2.38> <FuncUnit> <Opcode : 'mul'> <InPorts = 2> <OutPorts = 1>
ST_1 : Operation 694 [1/1] (0.00ns)   --->   "%mult_189 = partselect i13 @_ssdm_op_PartSelect.i13.i23.i32.i32, i23 %mul_ln73_156, i32 10, i32 22" [firmware/nnet_utils/nnet_dense_latency.h:42->firmware/nnet_utils/nnet_dense_stream.h:17]   --->   Operation 694 'partselect' 'mult_189' <Predicate = true> <Delay = 0.00>
ST_1 : Operation 695 [1/1] (2.38ns)   --->   "%mul_ln73_157 = mul i25 %sext_ln70_76, i25 143" [firmware/nnet_utils/nnet_mult.h:73->firmware/nnet_utils/nnet_dense_latency.h:42->firmware/nnet_utils/nnet_dense_stream.h:17]   --->   Operation 695 'mul' 'mul_ln73_157' <Predicate = true> <Delay = 2.38> <CoreInst = "Multiplier">   --->   Core 3 'Multiplier' <Latency = 0> <II = 1> <Delay = 2.38> <FuncUnit> <Opcode : 'mul'> <InPorts = 2> <OutPorts = 1>
ST_1 : Operation 696 [1/1] (0.00ns)   --->   "%mult_190 = partselect i15 @_ssdm_op_PartSelect.i15.i25.i32.i32, i25 %mul_ln73_157, i32 10, i32 24" [firmware/nnet_utils/nnet_dense_latency.h:42->firmware/nnet_utils/nnet_dense_stream.h:17]   --->   Operation 696 'partselect' 'mult_190' <Predicate = true> <Delay = 0.00>
ST_1 : Operation 697 [1/1] (0.00ns)   --->   "%sext_ln42_70 = sext i15 %mult_190" [firmware/nnet_utils/nnet_dense_latency.h:42->firmware/nnet_utils/nnet_dense_stream.h:17]   --->   Operation 697 'sext' 'sext_ln42_70' <Predicate = true> <Delay = 0.00>
ST_1 : Operation 698 [1/1] (2.38ns)   --->   "%mul_ln73_158 = mul i26 %sext_ln70_73, i26 276" [firmware/nnet_utils/nnet_mult.h:73->firmware/nnet_utils/nnet_dense_latency.h:42->firmware/nnet_utils/nnet_dense_stream.h:17]   --->   Operation 698 'mul' 'mul_ln73_158' <Predicate = true> <Delay = 2.38> <CoreInst = "Multiplier">   --->   Core 3 'Multiplier' <Latency = 0> <II = 1> <Delay = 2.38> <FuncUnit> <Opcode : 'mul'> <InPorts = 2> <OutPorts = 1>
ST_1 : Operation 699 [1/1] (0.00ns)   --->   "%mult_191 = partselect i16 @_ssdm_op_PartSelect.i16.i26.i32.i32, i26 %mul_ln73_158, i32 10, i32 25" [firmware/nnet_utils/nnet_dense_latency.h:42->firmware/nnet_utils/nnet_dense_stream.h:17]   --->   Operation 699 'partselect' 'mult_191' <Predicate = true> <Delay = 0.00>
ST_1 : Operation 700 [1/1] (0.00ns)   --->   "%sext_ln70_78 = sext i16 %data_24_val25_read" [firmware/nnet_utils/nnet_mult.h:70->firmware/nnet_utils/nnet_dense_latency.h:42->firmware/nnet_utils/nnet_dense_stream.h:17]   --->   Operation 700 'sext' 'sext_ln70_78' <Predicate = true> <Delay = 0.00>
ST_1 : Operation 701 [1/1] (0.00ns)   --->   "%sext_ln70_79 = sext i16 %data_24_val25_read" [firmware/nnet_utils/nnet_mult.h:70->firmware/nnet_utils/nnet_dense_latency.h:42->firmware/nnet_utils/nnet_dense_stream.h:17]   --->   Operation 701 'sext' 'sext_ln70_79' <Predicate = true> <Delay = 0.00>
ST_1 : Operation 702 [1/1] (0.00ns)   --->   "%sext_ln70_80 = sext i16 %data_24_val25_read" [firmware/nnet_utils/nnet_mult.h:70->firmware/nnet_utils/nnet_dense_latency.h:42->firmware/nnet_utils/nnet_dense_stream.h:17]   --->   Operation 702 'sext' 'sext_ln70_80' <Predicate = true> <Delay = 0.00>
ST_1 : Operation 703 [1/1] (2.38ns)   --->   "%mul_ln73_159 = mul i26 %sext_ln70_80, i26 67108574" [firmware/nnet_utils/nnet_mult.h:73->firmware/nnet_utils/nnet_dense_latency.h:42->firmware/nnet_utils/nnet_dense_stream.h:17]   --->   Operation 703 'mul' 'mul_ln73_159' <Predicate = true> <Delay = 2.38> <CoreInst = "Multiplier">   --->   Core 3 'Multiplier' <Latency = 0> <II = 1> <Delay = 2.38> <FuncUnit> <Opcode : 'mul'> <InPorts = 2> <OutPorts = 1>
ST_1 : Operation 704 [1/1] (0.00ns)   --->   "%mult_192 = partselect i16 @_ssdm_op_PartSelect.i16.i26.i32.i32, i26 %mul_ln73_159, i32 10, i32 25" [firmware/nnet_utils/nnet_dense_latency.h:42->firmware/nnet_utils/nnet_dense_stream.h:17]   --->   Operation 704 'partselect' 'mult_192' <Predicate = true> <Delay = 0.00>
ST_1 : Operation 705 [1/1] (2.38ns)   --->   "%mul_ln73_160 = mul i24 %sext_ln70_79, i24 105" [firmware/nnet_utils/nnet_mult.h:73->firmware/nnet_utils/nnet_dense_latency.h:42->firmware/nnet_utils/nnet_dense_stream.h:17]   --->   Operation 705 'mul' 'mul_ln73_160' <Predicate = true> <Delay = 2.38> <CoreInst = "Multiplier">   --->   Core 3 'Multiplier' <Latency = 0> <II = 1> <Delay = 2.38> <FuncUnit> <Opcode : 'mul'> <InPorts = 2> <OutPorts = 1>
ST_1 : Operation 706 [1/1] (0.00ns)   --->   "%mult_193 = partselect i14 @_ssdm_op_PartSelect.i14.i24.i32.i32, i24 %mul_ln73_160, i32 10, i32 23" [firmware/nnet_utils/nnet_dense_latency.h:42->firmware/nnet_utils/nnet_dense_stream.h:17]   --->   Operation 706 'partselect' 'mult_193' <Predicate = true> <Delay = 0.00>
ST_1 : Operation 707 [1/1] (2.38ns)   --->   "%mul_ln73_161 = mul i26 %sext_ln70_80, i26 67108569" [firmware/nnet_utils/nnet_mult.h:73->firmware/nnet_utils/nnet_dense_latency.h:42->firmware/nnet_utils/nnet_dense_stream.h:17]   --->   Operation 707 'mul' 'mul_ln73_161' <Predicate = true> <Delay = 2.38> <CoreInst = "Multiplier">   --->   Core 3 'Multiplier' <Latency = 0> <II = 1> <Delay = 2.38> <FuncUnit> <Opcode : 'mul'> <InPorts = 2> <OutPorts = 1>
ST_1 : Operation 708 [1/1] (0.00ns)   --->   "%mult_194 = partselect i16 @_ssdm_op_PartSelect.i16.i26.i32.i32, i26 %mul_ln73_161, i32 10, i32 25" [firmware/nnet_utils/nnet_dense_latency.h:42->firmware/nnet_utils/nnet_dense_stream.h:17]   --->   Operation 708 'partselect' 'mult_194' <Predicate = true> <Delay = 0.00>
ST_1 : Operation 709 [1/1] (2.38ns)   --->   "%mul_ln73_162 = mul i25 %sext_ln70_78, i25 152" [firmware/nnet_utils/nnet_mult.h:73->firmware/nnet_utils/nnet_dense_latency.h:42->firmware/nnet_utils/nnet_dense_stream.h:17]   --->   Operation 709 'mul' 'mul_ln73_162' <Predicate = true> <Delay = 2.38> <CoreInst = "Multiplier">   --->   Core 3 'Multiplier' <Latency = 0> <II = 1> <Delay = 2.38> <FuncUnit> <Opcode : 'mul'> <InPorts = 2> <OutPorts = 1>
ST_1 : Operation 710 [1/1] (0.00ns)   --->   "%mult_195 = partselect i15 @_ssdm_op_PartSelect.i15.i25.i32.i32, i25 %mul_ln73_162, i32 10, i32 24" [firmware/nnet_utils/nnet_dense_latency.h:42->firmware/nnet_utils/nnet_dense_stream.h:17]   --->   Operation 710 'partselect' 'mult_195' <Predicate = true> <Delay = 0.00>
ST_1 : Operation 711 [1/1] (0.00ns)   --->   "%sext_ln42_72 = sext i15 %mult_195" [firmware/nnet_utils/nnet_dense_latency.h:42->firmware/nnet_utils/nnet_dense_stream.h:17]   --->   Operation 711 'sext' 'sext_ln42_72' <Predicate = true> <Delay = 0.00>
ST_1 : Operation 712 [1/1] (2.38ns)   --->   "%mul_ln73_163 = mul i25 %sext_ln70_78, i25 156" [firmware/nnet_utils/nnet_mult.h:73->firmware/nnet_utils/nnet_dense_latency.h:42->firmware/nnet_utils/nnet_dense_stream.h:17]   --->   Operation 712 'mul' 'mul_ln73_163' <Predicate = true> <Delay = 2.38> <CoreInst = "Multiplier">   --->   Core 3 'Multiplier' <Latency = 0> <II = 1> <Delay = 2.38> <FuncUnit> <Opcode : 'mul'> <InPorts = 2> <OutPorts = 1>
ST_1 : Operation 713 [1/1] (0.00ns)   --->   "%mult_196 = partselect i15 @_ssdm_op_PartSelect.i15.i25.i32.i32, i25 %mul_ln73_163, i32 10, i32 24" [firmware/nnet_utils/nnet_dense_latency.h:42->firmware/nnet_utils/nnet_dense_stream.h:17]   --->   Operation 713 'partselect' 'mult_196' <Predicate = true> <Delay = 0.00>
ST_1 : Operation 714 [1/1] (2.38ns)   --->   "%mul_ln73_164 = mul i26 %sext_ln70_80, i26 284" [firmware/nnet_utils/nnet_mult.h:73->firmware/nnet_utils/nnet_dense_latency.h:42->firmware/nnet_utils/nnet_dense_stream.h:17]   --->   Operation 714 'mul' 'mul_ln73_164' <Predicate = true> <Delay = 2.38> <CoreInst = "Multiplier">   --->   Core 3 'Multiplier' <Latency = 0> <II = 1> <Delay = 2.38> <FuncUnit> <Opcode : 'mul'> <InPorts = 2> <OutPorts = 1>
ST_1 : Operation 715 [1/1] (0.00ns)   --->   "%mult_197 = partselect i16 @_ssdm_op_PartSelect.i16.i26.i32.i32, i26 %mul_ln73_164, i32 10, i32 25" [firmware/nnet_utils/nnet_dense_latency.h:42->firmware/nnet_utils/nnet_dense_stream.h:17]   --->   Operation 715 'partselect' 'mult_197' <Predicate = true> <Delay = 0.00>
ST_1 : Operation 716 [1/1] (2.38ns)   --->   "%mul_ln73_165 = mul i26 %sext_ln70_80, i26 67108591" [firmware/nnet_utils/nnet_mult.h:73->firmware/nnet_utils/nnet_dense_latency.h:42->firmware/nnet_utils/nnet_dense_stream.h:17]   --->   Operation 716 'mul' 'mul_ln73_165' <Predicate = true> <Delay = 2.38> <CoreInst = "Multiplier">   --->   Core 3 'Multiplier' <Latency = 0> <II = 1> <Delay = 2.38> <FuncUnit> <Opcode : 'mul'> <InPorts = 2> <OutPorts = 1>
ST_1 : Operation 717 [1/1] (0.00ns)   --->   "%mult_198 = partselect i16 @_ssdm_op_PartSelect.i16.i26.i32.i32, i26 %mul_ln73_165, i32 10, i32 25" [firmware/nnet_utils/nnet_dense_latency.h:42->firmware/nnet_utils/nnet_dense_stream.h:17]   --->   Operation 717 'partselect' 'mult_198' <Predicate = true> <Delay = 0.00>
ST_1 : Operation 718 [1/1] (2.38ns)   --->   "%mul_ln73_166 = mul i25 %sext_ln70_78, i25 33554249" [firmware/nnet_utils/nnet_mult.h:73->firmware/nnet_utils/nnet_dense_latency.h:42->firmware/nnet_utils/nnet_dense_stream.h:17]   --->   Operation 718 'mul' 'mul_ln73_166' <Predicate = true> <Delay = 2.38> <CoreInst = "Multiplier">   --->   Core 3 'Multiplier' <Latency = 0> <II = 1> <Delay = 2.38> <FuncUnit> <Opcode : 'mul'> <InPorts = 2> <OutPorts = 1>
ST_1 : Operation 719 [1/1] (0.00ns)   --->   "%mult_199 = partselect i15 @_ssdm_op_PartSelect.i15.i25.i32.i32, i25 %mul_ln73_166, i32 10, i32 24" [firmware/nnet_utils/nnet_dense_latency.h:42->firmware/nnet_utils/nnet_dense_stream.h:17]   --->   Operation 719 'partselect' 'mult_199' <Predicate = true> <Delay = 0.00>
ST_1 : Operation 720 [1/1] (0.00ns)   --->   "%sext_ln70_81 = sext i16 %data_25_val26_read" [firmware/nnet_utils/nnet_mult.h:70->firmware/nnet_utils/nnet_dense_latency.h:42->firmware/nnet_utils/nnet_dense_stream.h:17]   --->   Operation 720 'sext' 'sext_ln70_81' <Predicate = true> <Delay = 0.00>
ST_1 : Operation 721 [1/1] (0.00ns)   --->   "%sext_ln70_82 = sext i16 %data_25_val26_read" [firmware/nnet_utils/nnet_mult.h:70->firmware/nnet_utils/nnet_dense_latency.h:42->firmware/nnet_utils/nnet_dense_stream.h:17]   --->   Operation 721 'sext' 'sext_ln70_82' <Predicate = true> <Delay = 0.00>
ST_1 : Operation 722 [1/1] (0.00ns)   --->   "%sext_ln70_83 = sext i16 %data_25_val26_read" [firmware/nnet_utils/nnet_mult.h:70->firmware/nnet_utils/nnet_dense_latency.h:42->firmware/nnet_utils/nnet_dense_stream.h:17]   --->   Operation 722 'sext' 'sext_ln70_83' <Predicate = true> <Delay = 0.00>
ST_1 : Operation 723 [1/1] (0.00ns)   --->   "%sext_ln70_84 = sext i16 %data_25_val26_read" [firmware/nnet_utils/nnet_mult.h:70->firmware/nnet_utils/nnet_dense_latency.h:42->firmware/nnet_utils/nnet_dense_stream.h:17]   --->   Operation 723 'sext' 'sext_ln70_84' <Predicate = true> <Delay = 0.00>
ST_1 : Operation 724 [1/1] (0.00ns)   --->   "%sext_ln70_85 = sext i16 %data_25_val26_read" [firmware/nnet_utils/nnet_mult.h:70->firmware/nnet_utils/nnet_dense_latency.h:42->firmware/nnet_utils/nnet_dense_stream.h:17]   --->   Operation 724 'sext' 'sext_ln70_85' <Predicate = true> <Delay = 0.00>
ST_1 : Operation 725 [1/1] (2.38ns)   --->   "%mul_ln73_167 = mul i25 %sext_ln70_85, i25 33554297" [firmware/nnet_utils/nnet_mult.h:73->firmware/nnet_utils/nnet_dense_latency.h:42->firmware/nnet_utils/nnet_dense_stream.h:17]   --->   Operation 725 'mul' 'mul_ln73_167' <Predicate = true> <Delay = 2.38> <CoreInst = "Multiplier">   --->   Core 3 'Multiplier' <Latency = 0> <II = 1> <Delay = 2.38> <FuncUnit> <Opcode : 'mul'> <InPorts = 2> <OutPorts = 1>
ST_1 : Operation 726 [1/1] (0.00ns)   --->   "%mult_200 = partselect i15 @_ssdm_op_PartSelect.i15.i25.i32.i32, i25 %mul_ln73_167, i32 10, i32 24" [firmware/nnet_utils/nnet_dense_latency.h:42->firmware/nnet_utils/nnet_dense_stream.h:17]   --->   Operation 726 'partselect' 'mult_200' <Predicate = true> <Delay = 0.00>
ST_1 : Operation 727 [1/1] (0.00ns)   --->   "%tmp_64 = bitconcatenate i18 @_ssdm_op_BitConcatenate.i18.i16.i2, i16 %data_25_val26_read, i2 0" [firmware/nnet_utils/nnet_mult.h:73->firmware/nnet_utils/nnet_dense_latency.h:42->firmware/nnet_utils/nnet_dense_stream.h:17]   --->   Operation 727 'bitconcatenate' 'tmp_64' <Predicate = true> <Delay = 0.00>
ST_1 : Operation 728 [1/1] (0.00ns)   --->   "%sext_ln73_53 = sext i18 %tmp_64" [firmware/nnet_utils/nnet_mult.h:73->firmware/nnet_utils/nnet_dense_latency.h:42->firmware/nnet_utils/nnet_dense_stream.h:17]   --->   Operation 728 'sext' 'sext_ln73_53' <Predicate = true> <Delay = 0.00>
ST_1 : Operation 729 [1/1] (0.87ns)   --->   "%sub_ln73_26 = sub i19 %sext_ln73_53, i19 %sext_ln70_84" [firmware/nnet_utils/nnet_mult.h:73->firmware/nnet_utils/nnet_dense_latency.h:42->firmware/nnet_utils/nnet_dense_stream.h:17]   --->   Operation 729 'sub' 'sub_ln73_26' <Predicate = true> <Delay = 0.87> <CoreInst = "Adder">   --->   Core 1 'Adder' <Latency = 0> <II = 1> <Delay = 0.87> <FuncUnit> <Opcode : 'add' 'sub'> <InPorts = 2> <OutPorts = 1>
ST_1 : Operation 730 [1/1] (0.00ns)   --->   "%mult_201 = partselect i9 @_ssdm_op_PartSelect.i9.i19.i32.i32, i19 %sub_ln73_26, i32 10, i32 18" [firmware/nnet_utils/nnet_dense_latency.h:42->firmware/nnet_utils/nnet_dense_stream.h:17]   --->   Operation 730 'partselect' 'mult_201' <Predicate = true> <Delay = 0.00>
ST_1 : Operation 731 [1/1] (0.00ns)   --->   "%sext_ln17_55 = sext i9 %mult_201" [firmware/nnet_utils/nnet_dense_latency.h:17->firmware/nnet_utils/nnet_dense_stream.h:17]   --->   Operation 731 'sext' 'sext_ln17_55' <Predicate = true> <Delay = 0.00>
ST_1 : Operation 732 [1/1] (2.38ns)   --->   "%mul_ln73_168 = mul i25 %sext_ln70_85, i25 33554253" [firmware/nnet_utils/nnet_mult.h:73->firmware/nnet_utils/nnet_dense_latency.h:42->firmware/nnet_utils/nnet_dense_stream.h:17]   --->   Operation 732 'mul' 'mul_ln73_168' <Predicate = true> <Delay = 2.38> <CoreInst = "Multiplier">   --->   Core 3 'Multiplier' <Latency = 0> <II = 1> <Delay = 2.38> <FuncUnit> <Opcode : 'mul'> <InPorts = 2> <OutPorts = 1>
ST_1 : Operation 733 [1/1] (0.00ns)   --->   "%mult_202 = partselect i15 @_ssdm_op_PartSelect.i15.i25.i32.i32, i25 %mul_ln73_168, i32 10, i32 24" [firmware/nnet_utils/nnet_dense_latency.h:42->firmware/nnet_utils/nnet_dense_stream.h:17]   --->   Operation 733 'partselect' 'mult_202' <Predicate = true> <Delay = 0.00>
ST_1 : Operation 734 [1/1] (0.00ns)   --->   "%sext_ln42_76 = sext i15 %mult_202" [firmware/nnet_utils/nnet_dense_latency.h:42->firmware/nnet_utils/nnet_dense_stream.h:17]   --->   Operation 734 'sext' 'sext_ln42_76' <Predicate = true> <Delay = 0.00>
ST_1 : Operation 735 [1/1] (2.38ns)   --->   "%mul_ln73_169 = mul i26 %sext_ln70_83, i26 355" [firmware/nnet_utils/nnet_mult.h:73->firmware/nnet_utils/nnet_dense_latency.h:42->firmware/nnet_utils/nnet_dense_stream.h:17]   --->   Operation 735 'mul' 'mul_ln73_169' <Predicate = true> <Delay = 2.38> <CoreInst = "Multiplier">   --->   Core 3 'Multiplier' <Latency = 0> <II = 1> <Delay = 2.38> <FuncUnit> <Opcode : 'mul'> <InPorts = 2> <OutPorts = 1>
ST_1 : Operation 736 [1/1] (0.00ns)   --->   "%mult_203 = partselect i16 @_ssdm_op_PartSelect.i16.i26.i32.i32, i26 %mul_ln73_169, i32 10, i32 25" [firmware/nnet_utils/nnet_dense_latency.h:42->firmware/nnet_utils/nnet_dense_stream.h:17]   --->   Operation 736 'partselect' 'mult_203' <Predicate = true> <Delay = 0.00>
ST_1 : Operation 737 [1/1] (2.38ns)   --->   "%mul_ln73_170 = mul i23 %sext_ln70_82, i23 47" [firmware/nnet_utils/nnet_mult.h:73->firmware/nnet_utils/nnet_dense_latency.h:42->firmware/nnet_utils/nnet_dense_stream.h:17]   --->   Operation 737 'mul' 'mul_ln73_170' <Predicate = true> <Delay = 2.38> <CoreInst = "Multiplier">   --->   Core 3 'Multiplier' <Latency = 0> <II = 1> <Delay = 2.38> <FuncUnit> <Opcode : 'mul'> <InPorts = 2> <OutPorts = 1>
ST_1 : Operation 738 [1/1] (0.00ns)   --->   "%mult_204 = partselect i13 @_ssdm_op_PartSelect.i13.i23.i32.i32, i23 %mul_ln73_170, i32 10, i32 22" [firmware/nnet_utils/nnet_dense_latency.h:42->firmware/nnet_utils/nnet_dense_stream.h:17]   --->   Operation 738 'partselect' 'mult_204' <Predicate = true> <Delay = 0.00>
ST_1 : Operation 739 [1/1] (0.00ns)   --->   "%sext_ln17_56 = sext i13 %mult_204" [firmware/nnet_utils/nnet_dense_latency.h:17->firmware/nnet_utils/nnet_dense_stream.h:17]   --->   Operation 739 'sext' 'sext_ln17_56' <Predicate = true> <Delay = 0.00>
ST_1 : Operation 740 [1/1] (2.38ns)   --->   "%mul_ln73_171 = mul i26 %sext_ln70_83, i26 67108574" [firmware/nnet_utils/nnet_mult.h:73->firmware/nnet_utils/nnet_dense_latency.h:42->firmware/nnet_utils/nnet_dense_stream.h:17]   --->   Operation 740 'mul' 'mul_ln73_171' <Predicate = true> <Delay = 2.38> <CoreInst = "Multiplier">   --->   Core 3 'Multiplier' <Latency = 0> <II = 1> <Delay = 2.38> <FuncUnit> <Opcode : 'mul'> <InPorts = 2> <OutPorts = 1>
ST_1 : Operation 741 [1/1] (0.00ns)   --->   "%mult_205 = partselect i16 @_ssdm_op_PartSelect.i16.i26.i32.i32, i26 %mul_ln73_171, i32 10, i32 25" [firmware/nnet_utils/nnet_dense_latency.h:42->firmware/nnet_utils/nnet_dense_stream.h:17]   --->   Operation 741 'partselect' 'mult_205' <Predicate = true> <Delay = 0.00>
ST_1 : Operation 742 [1/1] (2.38ns)   --->   "%mul_ln73_172 = mul i26 %sext_ln70_83, i26 67108521" [firmware/nnet_utils/nnet_mult.h:73->firmware/nnet_utils/nnet_dense_latency.h:42->firmware/nnet_utils/nnet_dense_stream.h:17]   --->   Operation 742 'mul' 'mul_ln73_172' <Predicate = true> <Delay = 2.38> <CoreInst = "Multiplier">   --->   Core 3 'Multiplier' <Latency = 0> <II = 1> <Delay = 2.38> <FuncUnit> <Opcode : 'mul'> <InPorts = 2> <OutPorts = 1>
ST_1 : Operation 743 [1/1] (0.00ns)   --->   "%mult_206 = partselect i16 @_ssdm_op_PartSelect.i16.i26.i32.i32, i26 %mul_ln73_172, i32 10, i32 25" [firmware/nnet_utils/nnet_dense_latency.h:42->firmware/nnet_utils/nnet_dense_stream.h:17]   --->   Operation 743 'partselect' 'mult_206' <Predicate = true> <Delay = 0.00>
ST_1 : Operation 744 [1/1] (0.00ns)   --->   "%tmp_65 = bitconcatenate i22 @_ssdm_op_BitConcatenate.i22.i16.i6, i16 %data_25_val26_read, i6 0" [firmware/nnet_utils/nnet_mult.h:73->firmware/nnet_utils/nnet_dense_latency.h:42->firmware/nnet_utils/nnet_dense_stream.h:17]   --->   Operation 744 'bitconcatenate' 'tmp_65' <Predicate = true> <Delay = 0.00>
ST_1 : Operation 745 [1/1] (0.00ns)   --->   "%sext_ln73_54 = sext i22 %tmp_65" [firmware/nnet_utils/nnet_mult.h:73->firmware/nnet_utils/nnet_dense_latency.h:42->firmware/nnet_utils/nnet_dense_stream.h:17]   --->   Operation 745 'sext' 'sext_ln73_54' <Predicate = true> <Delay = 0.00>
ST_1 : Operation 746 [1/1] (0.00ns) (grouped into TernaryAdder)   --->   "%sub_ln73_27 = sub i24 0, i24 %sext_ln73_54" [firmware/nnet_utils/nnet_mult.h:73->firmware/nnet_utils/nnet_dense_latency.h:42->firmware/nnet_utils/nnet_dense_stream.h:17]   --->   Operation 746 'sub' 'sub_ln73_27' <Predicate = true> <Delay = 0.00> <CoreInst = "TAddSub">   --->   Core 10 'TAddSub' <Latency = 0> <II = 1> <Delay = 0.34> <IPBlock> <Opcode : '' 'add' 'sub'> <InPorts = 3> <OutPorts = 1> <Sync> <CReg>
ST_1 : Operation 747 [1/1] (0.70ns) (root node of TernaryAdder)   --->   "%sub_ln73_28 = sub i24 %sub_ln73_27, i24 %sext_ln70_81" [firmware/nnet_utils/nnet_mult.h:73->firmware/nnet_utils/nnet_dense_latency.h:42->firmware/nnet_utils/nnet_dense_stream.h:17]   --->   Operation 747 'sub' 'sub_ln73_28' <Predicate = true> <Delay = 0.70> <CoreInst = "TAddSub">   --->   Core 10 'TAddSub' <Latency = 0> <II = 1> <Delay = 0.34> <IPBlock> <Opcode : '' 'add' 'sub'> <InPorts = 3> <OutPorts = 1> <Sync> <CReg>
ST_1 : Operation 748 [1/1] (0.00ns)   --->   "%mult_207 = partselect i14 @_ssdm_op_PartSelect.i14.i24.i32.i32, i24 %sub_ln73_28, i32 10, i32 23" [firmware/nnet_utils/nnet_dense_latency.h:42->firmware/nnet_utils/nnet_dense_stream.h:17]   --->   Operation 748 'partselect' 'mult_207' <Predicate = true> <Delay = 0.00>
ST_1 : Operation 749 [1/1] (0.00ns)   --->   "%sext_ln17_57 = sext i14 %mult_207" [firmware/nnet_utils/nnet_dense_latency.h:17->firmware/nnet_utils/nnet_dense_stream.h:17]   --->   Operation 749 'sext' 'sext_ln17_57' <Predicate = true> <Delay = 0.00>
ST_1 : Operation 750 [1/1] (0.00ns)   --->   "%sext_ln70_86 = sext i16 %data_26_val27_read" [firmware/nnet_utils/nnet_mult.h:70->firmware/nnet_utils/nnet_dense_latency.h:42->firmware/nnet_utils/nnet_dense_stream.h:17]   --->   Operation 750 'sext' 'sext_ln70_86' <Predicate = true> <Delay = 0.00>
ST_1 : Operation 751 [1/1] (0.00ns)   --->   "%sext_ln70_87 = sext i16 %data_26_val27_read" [firmware/nnet_utils/nnet_mult.h:70->firmware/nnet_utils/nnet_dense_latency.h:42->firmware/nnet_utils/nnet_dense_stream.h:17]   --->   Operation 751 'sext' 'sext_ln70_87' <Predicate = true> <Delay = 0.00>
ST_1 : Operation 752 [1/1] (0.00ns)   --->   "%sext_ln70_88 = sext i16 %data_26_val27_read" [firmware/nnet_utils/nnet_mult.h:70->firmware/nnet_utils/nnet_dense_latency.h:42->firmware/nnet_utils/nnet_dense_stream.h:17]   --->   Operation 752 'sext' 'sext_ln70_88' <Predicate = true> <Delay = 0.00>
ST_1 : Operation 753 [1/1] (2.38ns)   --->   "%mul_ln73_173 = mul i25 %sext_ln70_88, i25 133" [firmware/nnet_utils/nnet_mult.h:73->firmware/nnet_utils/nnet_dense_latency.h:42->firmware/nnet_utils/nnet_dense_stream.h:17]   --->   Operation 753 'mul' 'mul_ln73_173' <Predicate = true> <Delay = 2.38> <CoreInst = "Multiplier">   --->   Core 3 'Multiplier' <Latency = 0> <II = 1> <Delay = 2.38> <FuncUnit> <Opcode : 'mul'> <InPorts = 2> <OutPorts = 1>
ST_1 : Operation 754 [1/1] (0.00ns)   --->   "%mult_208 = partselect i15 @_ssdm_op_PartSelect.i15.i25.i32.i32, i25 %mul_ln73_173, i32 10, i32 24" [firmware/nnet_utils/nnet_dense_latency.h:42->firmware/nnet_utils/nnet_dense_stream.h:17]   --->   Operation 754 'partselect' 'mult_208' <Predicate = true> <Delay = 0.00>
ST_1 : Operation 755 [1/1] (0.00ns)   --->   "%sext_ln42_77 = sext i15 %mult_208" [firmware/nnet_utils/nnet_dense_latency.h:42->firmware/nnet_utils/nnet_dense_stream.h:17]   --->   Operation 755 'sext' 'sext_ln42_77' <Predicate = true> <Delay = 0.00>
ST_1 : Operation 756 [1/1] (2.38ns)   --->   "%mul_ln73_174 = mul i25 %sext_ln70_88, i25 33554216" [firmware/nnet_utils/nnet_mult.h:73->firmware/nnet_utils/nnet_dense_latency.h:42->firmware/nnet_utils/nnet_dense_stream.h:17]   --->   Operation 756 'mul' 'mul_ln73_174' <Predicate = true> <Delay = 2.38> <CoreInst = "Multiplier">   --->   Core 3 'Multiplier' <Latency = 0> <II = 1> <Delay = 2.38> <FuncUnit> <Opcode : 'mul'> <InPorts = 2> <OutPorts = 1>
ST_1 : Operation 757 [1/1] (0.00ns)   --->   "%mult_209 = partselect i15 @_ssdm_op_PartSelect.i15.i25.i32.i32, i25 %mul_ln73_174, i32 10, i32 24" [firmware/nnet_utils/nnet_dense_latency.h:42->firmware/nnet_utils/nnet_dense_stream.h:17]   --->   Operation 757 'partselect' 'mult_209' <Predicate = true> <Delay = 0.00>
ST_1 : Operation 758 [1/1] (2.38ns)   --->   "%mul_ln73_175 = mul i22 %sext_ln70_87, i22 23" [firmware/nnet_utils/nnet_mult.h:73->firmware/nnet_utils/nnet_dense_latency.h:42->firmware/nnet_utils/nnet_dense_stream.h:17]   --->   Operation 758 'mul' 'mul_ln73_175' <Predicate = true> <Delay = 2.38> <CoreInst = "Multiplier">   --->   Core 3 'Multiplier' <Latency = 0> <II = 1> <Delay = 2.38> <FuncUnit> <Opcode : 'mul'> <InPorts = 2> <OutPorts = 1>
ST_1 : Operation 759 [1/1] (0.00ns)   --->   "%mult_210 = partselect i12 @_ssdm_op_PartSelect.i12.i22.i32.i32, i22 %mul_ln73_175, i32 10, i32 21" [firmware/nnet_utils/nnet_dense_latency.h:42->firmware/nnet_utils/nnet_dense_stream.h:17]   --->   Operation 759 'partselect' 'mult_210' <Predicate = true> <Delay = 0.00>
ST_1 : Operation 760 [1/1] (2.38ns)   --->   "%mul_ln73_176 = mul i26 %sext_ln70_86, i26 67108553" [firmware/nnet_utils/nnet_mult.h:73->firmware/nnet_utils/nnet_dense_latency.h:42->firmware/nnet_utils/nnet_dense_stream.h:17]   --->   Operation 760 'mul' 'mul_ln73_176' <Predicate = true> <Delay = 2.38> <CoreInst = "Multiplier">   --->   Core 3 'Multiplier' <Latency = 0> <II = 1> <Delay = 2.38> <FuncUnit> <Opcode : 'mul'> <InPorts = 2> <OutPorts = 1>
ST_1 : Operation 761 [1/1] (0.00ns)   --->   "%mult_211 = partselect i16 @_ssdm_op_PartSelect.i16.i26.i32.i32, i26 %mul_ln73_176, i32 10, i32 25" [firmware/nnet_utils/nnet_dense_latency.h:42->firmware/nnet_utils/nnet_dense_stream.h:17]   --->   Operation 761 'partselect' 'mult_211' <Predicate = true> <Delay = 0.00>
ST_1 : Operation 762 [1/1] (2.38ns)   --->   "%mul_ln73_177 = mul i25 %sext_ln70_88, i25 33554196" [firmware/nnet_utils/nnet_mult.h:73->firmware/nnet_utils/nnet_dense_latency.h:42->firmware/nnet_utils/nnet_dense_stream.h:17]   --->   Operation 762 'mul' 'mul_ln73_177' <Predicate = true> <Delay = 2.38> <CoreInst = "Multiplier">   --->   Core 3 'Multiplier' <Latency = 0> <II = 1> <Delay = 2.38> <FuncUnit> <Opcode : 'mul'> <InPorts = 2> <OutPorts = 1>
ST_1 : Operation 763 [1/1] (0.00ns)   --->   "%mult_212 = partselect i15 @_ssdm_op_PartSelect.i15.i25.i32.i32, i25 %mul_ln73_177, i32 10, i32 24" [firmware/nnet_utils/nnet_dense_latency.h:42->firmware/nnet_utils/nnet_dense_stream.h:17]   --->   Operation 763 'partselect' 'mult_212' <Predicate = true> <Delay = 0.00>
ST_1 : Operation 764 [1/1] (2.38ns)   --->   "%mul_ln73_178 = mul i25 %sext_ln70_88, i25 145" [firmware/nnet_utils/nnet_mult.h:73->firmware/nnet_utils/nnet_dense_latency.h:42->firmware/nnet_utils/nnet_dense_stream.h:17]   --->   Operation 764 'mul' 'mul_ln73_178' <Predicate = true> <Delay = 2.38> <CoreInst = "Multiplier">   --->   Core 3 'Multiplier' <Latency = 0> <II = 1> <Delay = 2.38> <FuncUnit> <Opcode : 'mul'> <InPorts = 2> <OutPorts = 1>
ST_1 : Operation 765 [1/1] (0.00ns)   --->   "%mult_213 = partselect i15 @_ssdm_op_PartSelect.i15.i25.i32.i32, i25 %mul_ln73_178, i32 10, i32 24" [firmware/nnet_utils/nnet_dense_latency.h:42->firmware/nnet_utils/nnet_dense_stream.h:17]   --->   Operation 765 'partselect' 'mult_213' <Predicate = true> <Delay = 0.00>
ST_1 : Operation 766 [1/1] (0.00ns)   --->   "%tmp_66 = bitconcatenate i22 @_ssdm_op_BitConcatenate.i22.i16.i6, i16 %data_26_val27_read, i6 0" [firmware/nnet_utils/nnet_mult.h:73->firmware/nnet_utils/nnet_dense_latency.h:42->firmware/nnet_utils/nnet_dense_stream.h:17]   --->   Operation 766 'bitconcatenate' 'tmp_66' <Predicate = true> <Delay = 0.00>
ST_1 : Operation 767 [1/1] (0.00ns)   --->   "%sext_ln73_55 = sext i22 %tmp_66" [firmware/nnet_utils/nnet_mult.h:73->firmware/nnet_utils/nnet_dense_latency.h:42->firmware/nnet_utils/nnet_dense_stream.h:17]   --->   Operation 767 'sext' 'sext_ln73_55' <Predicate = true> <Delay = 0.00>
ST_1 : Operation 768 [1/1] (0.00ns)   --->   "%tmp_67 = bitconcatenate i17 @_ssdm_op_BitConcatenate.i17.i16.i1, i16 %data_26_val27_read, i1 0" [firmware/nnet_utils/nnet_mult.h:73->firmware/nnet_utils/nnet_dense_latency.h:42->firmware/nnet_utils/nnet_dense_stream.h:17]   --->   Operation 768 'bitconcatenate' 'tmp_67' <Predicate = true> <Delay = 0.00>
ST_1 : Operation 769 [1/1] (0.00ns)   --->   "%sext_ln73_56 = sext i17 %tmp_67" [firmware/nnet_utils/nnet_mult.h:73->firmware/nnet_utils/nnet_dense_latency.h:42->firmware/nnet_utils/nnet_dense_stream.h:17]   --->   Operation 769 'sext' 'sext_ln73_56' <Predicate = true> <Delay = 0.00>
ST_1 : Operation 770 [1/1] (0.91ns)   --->   "%add_ln73_11 = add i24 %sext_ln73_55, i24 %sext_ln73_56" [firmware/nnet_utils/nnet_mult.h:73->firmware/nnet_utils/nnet_dense_latency.h:42->firmware/nnet_utils/nnet_dense_stream.h:17]   --->   Operation 770 'add' 'add_ln73_11' <Predicate = true> <Delay = 0.91> <CoreInst = "Adder">   --->   Core 1 'Adder' <Latency = 0> <II = 1> <Delay = 0.91> <FuncUnit> <Opcode : 'add' 'sub'> <InPorts = 2> <OutPorts = 1>
ST_1 : Operation 771 [1/1] (0.00ns)   --->   "%mult_214 = partselect i14 @_ssdm_op_PartSelect.i14.i24.i32.i32, i24 %add_ln73_11, i32 10, i32 23" [firmware/nnet_utils/nnet_dense_latency.h:42->firmware/nnet_utils/nnet_dense_stream.h:17]   --->   Operation 771 'partselect' 'mult_214' <Predicate = true> <Delay = 0.00>
ST_1 : Operation 772 [1/1] (0.00ns)   --->   "%sext_ln17_59 = sext i14 %mult_214" [firmware/nnet_utils/nnet_dense_latency.h:17->firmware/nnet_utils/nnet_dense_stream.h:17]   --->   Operation 772 'sext' 'sext_ln17_59' <Predicate = true> <Delay = 0.00>
ST_1 : Operation 773 [1/1] (2.38ns)   --->   "%mul_ln73_179 = mul i25 %sext_ln70_88, i25 184" [firmware/nnet_utils/nnet_mult.h:73->firmware/nnet_utils/nnet_dense_latency.h:42->firmware/nnet_utils/nnet_dense_stream.h:17]   --->   Operation 773 'mul' 'mul_ln73_179' <Predicate = true> <Delay = 2.38> <CoreInst = "Multiplier">   --->   Core 3 'Multiplier' <Latency = 0> <II = 1> <Delay = 2.38> <FuncUnit> <Opcode : 'mul'> <InPorts = 2> <OutPorts = 1>
ST_1 : Operation 774 [1/1] (0.00ns)   --->   "%mult_215 = partselect i15 @_ssdm_op_PartSelect.i15.i25.i32.i32, i25 %mul_ln73_179, i32 10, i32 24" [firmware/nnet_utils/nnet_dense_latency.h:42->firmware/nnet_utils/nnet_dense_stream.h:17]   --->   Operation 774 'partselect' 'mult_215' <Predicate = true> <Delay = 0.00>
ST_1 : Operation 775 [1/1] (0.00ns)   --->   "%sext_ln42_81 = sext i15 %mult_215" [firmware/nnet_utils/nnet_dense_latency.h:42->firmware/nnet_utils/nnet_dense_stream.h:17]   --->   Operation 775 'sext' 'sext_ln42_81' <Predicate = true> <Delay = 0.00>
ST_1 : Operation 776 [1/1] (0.00ns)   --->   "%sext_ln70_89 = sext i16 %data_27_val28_read" [firmware/nnet_utils/nnet_mult.h:70->firmware/nnet_utils/nnet_dense_latency.h:42->firmware/nnet_utils/nnet_dense_stream.h:17]   --->   Operation 776 'sext' 'sext_ln70_89' <Predicate = true> <Delay = 0.00>
ST_1 : Operation 777 [1/1] (0.00ns)   --->   "%sext_ln70_90 = sext i16 %data_27_val28_read" [firmware/nnet_utils/nnet_mult.h:70->firmware/nnet_utils/nnet_dense_latency.h:42->firmware/nnet_utils/nnet_dense_stream.h:17]   --->   Operation 777 'sext' 'sext_ln70_90' <Predicate = true> <Delay = 0.00>
ST_1 : Operation 778 [1/1] (0.00ns)   --->   "%sext_ln70_91 = sext i16 %data_27_val28_read" [firmware/nnet_utils/nnet_mult.h:70->firmware/nnet_utils/nnet_dense_latency.h:42->firmware/nnet_utils/nnet_dense_stream.h:17]   --->   Operation 778 'sext' 'sext_ln70_91' <Predicate = true> <Delay = 0.00>
ST_1 : Operation 779 [1/1] (0.00ns)   --->   "%sext_ln70_92 = sext i16 %data_27_val28_read" [firmware/nnet_utils/nnet_mult.h:70->firmware/nnet_utils/nnet_dense_latency.h:42->firmware/nnet_utils/nnet_dense_stream.h:17]   --->   Operation 779 'sext' 'sext_ln70_92' <Predicate = true> <Delay = 0.00>
ST_1 : Operation 780 [1/1] (2.38ns)   --->   "%mul_ln73_180 = mul i25 %sext_ln70_92, i25 250" [firmware/nnet_utils/nnet_mult.h:73->firmware/nnet_utils/nnet_dense_latency.h:42->firmware/nnet_utils/nnet_dense_stream.h:17]   --->   Operation 780 'mul' 'mul_ln73_180' <Predicate = true> <Delay = 2.38> <CoreInst = "Multiplier">   --->   Core 3 'Multiplier' <Latency = 0> <II = 1> <Delay = 2.38> <FuncUnit> <Opcode : 'mul'> <InPorts = 2> <OutPorts = 1>
ST_1 : Operation 781 [1/1] (0.00ns)   --->   "%mult_216 = partselect i15 @_ssdm_op_PartSelect.i15.i25.i32.i32, i25 %mul_ln73_180, i32 10, i32 24" [firmware/nnet_utils/nnet_dense_latency.h:42->firmware/nnet_utils/nnet_dense_stream.h:17]   --->   Operation 781 'partselect' 'mult_216' <Predicate = true> <Delay = 0.00>
ST_1 : Operation 782 [1/1] (0.00ns)   --->   "%sext_ln42_82 = sext i15 %mult_216" [firmware/nnet_utils/nnet_dense_latency.h:42->firmware/nnet_utils/nnet_dense_stream.h:17]   --->   Operation 782 'sext' 'sext_ln42_82' <Predicate = true> <Delay = 0.00>
ST_1 : Operation 783 [1/1] (0.00ns)   --->   "%mult_217 = partselect i6 @_ssdm_op_PartSelect.i6.i16.i32.i32, i16 %data_27_val28_read, i32 10, i32 15" [firmware/nnet_utils/nnet_dense_latency.h:42->firmware/nnet_utils/nnet_dense_stream.h:17]   --->   Operation 783 'partselect' 'mult_217' <Predicate = true> <Delay = 0.00>
ST_1 : Operation 784 [1/1] (0.00ns)   --->   "%sext_ln17_60 = sext i6 %mult_217" [firmware/nnet_utils/nnet_dense_latency.h:17->firmware/nnet_utils/nnet_dense_stream.h:17]   --->   Operation 784 'sext' 'sext_ln17_60' <Predicate = true> <Delay = 0.00>
ST_1 : Operation 785 [1/1] (2.38ns)   --->   "%mul_ln73_181 = mul i24 %sext_ln70_91, i24 16777118" [firmware/nnet_utils/nnet_mult.h:73->firmware/nnet_utils/nnet_dense_latency.h:42->firmware/nnet_utils/nnet_dense_stream.h:17]   --->   Operation 785 'mul' 'mul_ln73_181' <Predicate = true> <Delay = 2.38> <CoreInst = "Multiplier">   --->   Core 3 'Multiplier' <Latency = 0> <II = 1> <Delay = 2.38> <FuncUnit> <Opcode : 'mul'> <InPorts = 2> <OutPorts = 1>
ST_1 : Operation 786 [1/1] (0.00ns)   --->   "%mult_218 = partselect i14 @_ssdm_op_PartSelect.i14.i24.i32.i32, i24 %mul_ln73_181, i32 10, i32 23" [firmware/nnet_utils/nnet_dense_latency.h:42->firmware/nnet_utils/nnet_dense_stream.h:17]   --->   Operation 786 'partselect' 'mult_218' <Predicate = true> <Delay = 0.00>
ST_1 : Operation 787 [1/1] (2.38ns)   --->   "%mul_ln73_182 = mul i23 %sext_ln70_90, i23 8388554" [firmware/nnet_utils/nnet_mult.h:73->firmware/nnet_utils/nnet_dense_latency.h:42->firmware/nnet_utils/nnet_dense_stream.h:17]   --->   Operation 787 'mul' 'mul_ln73_182' <Predicate = true> <Delay = 2.38> <CoreInst = "Multiplier">   --->   Core 3 'Multiplier' <Latency = 0> <II = 1> <Delay = 2.38> <FuncUnit> <Opcode : 'mul'> <InPorts = 2> <OutPorts = 1>
ST_1 : Operation 788 [1/1] (0.00ns)   --->   "%mult_219 = partselect i13 @_ssdm_op_PartSelect.i13.i23.i32.i32, i23 %mul_ln73_182, i32 10, i32 22" [firmware/nnet_utils/nnet_dense_latency.h:42->firmware/nnet_utils/nnet_dense_stream.h:17]   --->   Operation 788 'partselect' 'mult_219' <Predicate = true> <Delay = 0.00>
ST_1 : Operation 789 [1/1] (0.00ns)   --->   "%sext_ln17_61 = sext i13 %mult_219" [firmware/nnet_utils/nnet_dense_latency.h:17->firmware/nnet_utils/nnet_dense_stream.h:17]   --->   Operation 789 'sext' 'sext_ln17_61' <Predicate = true> <Delay = 0.00>
ST_1 : Operation 790 [1/1] (2.38ns)   --->   "%mul_ln73_183 = mul i22 %sext_ln70_89, i22 27" [firmware/nnet_utils/nnet_mult.h:73->firmware/nnet_utils/nnet_dense_latency.h:42->firmware/nnet_utils/nnet_dense_stream.h:17]   --->   Operation 790 'mul' 'mul_ln73_183' <Predicate = true> <Delay = 2.38> <CoreInst = "Multiplier">   --->   Core 3 'Multiplier' <Latency = 0> <II = 1> <Delay = 2.38> <FuncUnit> <Opcode : 'mul'> <InPorts = 2> <OutPorts = 1>
ST_1 : Operation 791 [1/1] (0.00ns)   --->   "%mult_220 = partselect i12 @_ssdm_op_PartSelect.i12.i22.i32.i32, i22 %mul_ln73_183, i32 10, i32 21" [firmware/nnet_utils/nnet_dense_latency.h:42->firmware/nnet_utils/nnet_dense_stream.h:17]   --->   Operation 791 'partselect' 'mult_220' <Predicate = true> <Delay = 0.00>
ST_1 : Operation 792 [1/1] (2.38ns)   --->   "%mul_ln73_184 = mul i25 %sext_ln70_92, i25 33554285" [firmware/nnet_utils/nnet_mult.h:73->firmware/nnet_utils/nnet_dense_latency.h:42->firmware/nnet_utils/nnet_dense_stream.h:17]   --->   Operation 792 'mul' 'mul_ln73_184' <Predicate = true> <Delay = 2.38> <CoreInst = "Multiplier">   --->   Core 3 'Multiplier' <Latency = 0> <II = 1> <Delay = 2.38> <FuncUnit> <Opcode : 'mul'> <InPorts = 2> <OutPorts = 1>
ST_1 : Operation 793 [1/1] (0.00ns)   --->   "%mult_221 = partselect i15 @_ssdm_op_PartSelect.i15.i25.i32.i32, i25 %mul_ln73_184, i32 10, i32 24" [firmware/nnet_utils/nnet_dense_latency.h:42->firmware/nnet_utils/nnet_dense_stream.h:17]   --->   Operation 793 'partselect' 'mult_221' <Predicate = true> <Delay = 0.00>
ST_1 : Operation 794 [1/1] (0.00ns)   --->   "%sext_ln42_84 = sext i15 %mult_221" [firmware/nnet_utils/nnet_dense_latency.h:42->firmware/nnet_utils/nnet_dense_stream.h:17]   --->   Operation 794 'sext' 'sext_ln42_84' <Predicate = true> <Delay = 0.00>
ST_1 : Operation 795 [1/1] (2.38ns)   --->   "%mul_ln73_185 = mul i25 %sext_ln70_92, i25 156" [firmware/nnet_utils/nnet_mult.h:73->firmware/nnet_utils/nnet_dense_latency.h:42->firmware/nnet_utils/nnet_dense_stream.h:17]   --->   Operation 795 'mul' 'mul_ln73_185' <Predicate = true> <Delay = 2.38> <CoreInst = "Multiplier">   --->   Core 3 'Multiplier' <Latency = 0> <II = 1> <Delay = 2.38> <FuncUnit> <Opcode : 'mul'> <InPorts = 2> <OutPorts = 1>
ST_1 : Operation 796 [1/1] (0.00ns)   --->   "%mult_222 = partselect i15 @_ssdm_op_PartSelect.i15.i25.i32.i32, i25 %mul_ln73_185, i32 10, i32 24" [firmware/nnet_utils/nnet_dense_latency.h:42->firmware/nnet_utils/nnet_dense_stream.h:17]   --->   Operation 796 'partselect' 'mult_222' <Predicate = true> <Delay = 0.00>
ST_1 : Operation 797 [1/1] (0.00ns)   --->   "%sext_ln42_85 = sext i15 %mult_222" [firmware/nnet_utils/nnet_dense_latency.h:42->firmware/nnet_utils/nnet_dense_stream.h:17]   --->   Operation 797 'sext' 'sext_ln42_85' <Predicate = true> <Delay = 0.00>
ST_1 : Operation 798 [1/1] (0.00ns)   --->   "%tmp_68 = bitconcatenate i24 @_ssdm_op_BitConcatenate.i24.i16.i8, i16 %data_27_val28_read, i8 0" [firmware/nnet_utils/nnet_mult.h:73->firmware/nnet_utils/nnet_dense_latency.h:42->firmware/nnet_utils/nnet_dense_stream.h:17]   --->   Operation 798 'bitconcatenate' 'tmp_68' <Predicate = true> <Delay = 0.00>
ST_1 : Operation 799 [1/1] (0.00ns)   --->   "%sext_ln73_57 = sext i24 %tmp_68" [firmware/nnet_utils/nnet_mult.h:73->firmware/nnet_utils/nnet_dense_latency.h:42->firmware/nnet_utils/nnet_dense_stream.h:17]   --->   Operation 799 'sext' 'sext_ln73_57' <Predicate = true> <Delay = 0.00>
ST_1 : Operation 800 [1/1] (0.00ns)   --->   "%tmp_69 = bitconcatenate i19 @_ssdm_op_BitConcatenate.i19.i16.i3, i16 %data_27_val28_read, i3 0" [firmware/nnet_utils/nnet_mult.h:73->firmware/nnet_utils/nnet_dense_latency.h:42->firmware/nnet_utils/nnet_dense_stream.h:17]   --->   Operation 800 'bitconcatenate' 'tmp_69' <Predicate = true> <Delay = 0.00>
ST_1 : Operation 801 [1/1] (0.00ns)   --->   "%sext_ln73_58 = sext i19 %tmp_69" [firmware/nnet_utils/nnet_mult.h:73->firmware/nnet_utils/nnet_dense_latency.h:42->firmware/nnet_utils/nnet_dense_stream.h:17]   --->   Operation 801 'sext' 'sext_ln73_58' <Predicate = true> <Delay = 0.00>
ST_1 : Operation 802 [1/1] (0.93ns)   --->   "%sub_ln73_29 = sub i25 %sext_ln73_57, i25 %sext_ln73_58" [firmware/nnet_utils/nnet_mult.h:73->firmware/nnet_utils/nnet_dense_latency.h:42->firmware/nnet_utils/nnet_dense_stream.h:17]   --->   Operation 802 'sub' 'sub_ln73_29' <Predicate = true> <Delay = 0.93> <CoreInst = "Adder">   --->   Core 1 'Adder' <Latency = 0> <II = 1> <Delay = 0.93> <FuncUnit> <Opcode : 'add' 'sub'> <InPorts = 2> <OutPorts = 1>
ST_1 : Operation 803 [1/1] (0.00ns)   --->   "%mult_223 = partselect i15 @_ssdm_op_PartSelect.i15.i25.i32.i32, i25 %sub_ln73_29, i32 10, i32 24" [firmware/nnet_utils/nnet_dense_latency.h:42->firmware/nnet_utils/nnet_dense_stream.h:17]   --->   Operation 803 'partselect' 'mult_223' <Predicate = true> <Delay = 0.00>
ST_1 : Operation 804 [1/1] (0.00ns)   --->   "%sext_ln42_86 = sext i15 %mult_223" [firmware/nnet_utils/nnet_dense_latency.h:42->firmware/nnet_utils/nnet_dense_stream.h:17]   --->   Operation 804 'sext' 'sext_ln42_86' <Predicate = true> <Delay = 0.00>
ST_1 : Operation 805 [1/1] (0.00ns)   --->   "%sext_ln70_93 = sext i16 %data_28_val29_read" [firmware/nnet_utils/nnet_mult.h:70->firmware/nnet_utils/nnet_dense_latency.h:42->firmware/nnet_utils/nnet_dense_stream.h:17]   --->   Operation 805 'sext' 'sext_ln70_93' <Predicate = true> <Delay = 0.00>
ST_1 : Operation 806 [1/1] (0.00ns)   --->   "%sext_ln70_94 = sext i16 %data_28_val29_read" [firmware/nnet_utils/nnet_mult.h:70->firmware/nnet_utils/nnet_dense_latency.h:42->firmware/nnet_utils/nnet_dense_stream.h:17]   --->   Operation 806 'sext' 'sext_ln70_94' <Predicate = true> <Delay = 0.00>
ST_1 : Operation 807 [1/1] (0.00ns)   --->   "%sext_ln70_95 = sext i16 %data_28_val29_read" [firmware/nnet_utils/nnet_mult.h:70->firmware/nnet_utils/nnet_dense_latency.h:42->firmware/nnet_utils/nnet_dense_stream.h:17]   --->   Operation 807 'sext' 'sext_ln70_95' <Predicate = true> <Delay = 0.00>
ST_1 : Operation 808 [1/1] (2.38ns)   --->   "%mul_ln73_186 = mul i25 %sext_ln70_95, i25 33554285" [firmware/nnet_utils/nnet_mult.h:73->firmware/nnet_utils/nnet_dense_latency.h:42->firmware/nnet_utils/nnet_dense_stream.h:17]   --->   Operation 808 'mul' 'mul_ln73_186' <Predicate = true> <Delay = 2.38> <CoreInst = "Multiplier">   --->   Core 3 'Multiplier' <Latency = 0> <II = 1> <Delay = 2.38> <FuncUnit> <Opcode : 'mul'> <InPorts = 2> <OutPorts = 1>
ST_1 : Operation 809 [1/1] (0.00ns)   --->   "%mult_224 = partselect i15 @_ssdm_op_PartSelect.i15.i25.i32.i32, i25 %mul_ln73_186, i32 10, i32 24" [firmware/nnet_utils/nnet_dense_latency.h:42->firmware/nnet_utils/nnet_dense_stream.h:17]   --->   Operation 809 'partselect' 'mult_224' <Predicate = true> <Delay = 0.00>
ST_1 : Operation 810 [1/1] (0.00ns)   --->   "%tmp_70 = bitconcatenate i21 @_ssdm_op_BitConcatenate.i21.i16.i5, i16 %data_28_val29_read, i5 0" [firmware/nnet_utils/nnet_mult.h:73->firmware/nnet_utils/nnet_dense_latency.h:42->firmware/nnet_utils/nnet_dense_stream.h:17]   --->   Operation 810 'bitconcatenate' 'tmp_70' <Predicate = true> <Delay = 0.00>
ST_1 : Operation 811 [1/1] (0.00ns)   --->   "%sext_ln73_59 = sext i21 %tmp_70" [firmware/nnet_utils/nnet_mult.h:73->firmware/nnet_utils/nnet_dense_latency.h:42->firmware/nnet_utils/nnet_dense_stream.h:17]   --->   Operation 811 'sext' 'sext_ln73_59' <Predicate = true> <Delay = 0.00>
ST_1 : Operation 812 [1/1] (0.00ns)   --->   "%tmp_71 = bitconcatenate i19 @_ssdm_op_BitConcatenate.i19.i16.i3, i16 %data_28_val29_read, i3 0" [firmware/nnet_utils/nnet_mult.h:73->firmware/nnet_utils/nnet_dense_latency.h:42->firmware/nnet_utils/nnet_dense_stream.h:17]   --->   Operation 812 'bitconcatenate' 'tmp_71' <Predicate = true> <Delay = 0.00>
ST_1 : Operation 813 [1/1] (0.00ns)   --->   "%sext_ln73_60 = sext i19 %tmp_71" [firmware/nnet_utils/nnet_mult.h:73->firmware/nnet_utils/nnet_dense_latency.h:42->firmware/nnet_utils/nnet_dense_stream.h:17]   --->   Operation 813 'sext' 'sext_ln73_60' <Predicate = true> <Delay = 0.00>
ST_1 : Operation 814 [1/1] (0.90ns)   --->   "%add_ln73_12 = add i23 %sext_ln73_59, i23 %sext_ln73_60" [firmware/nnet_utils/nnet_mult.h:73->firmware/nnet_utils/nnet_dense_latency.h:42->firmware/nnet_utils/nnet_dense_stream.h:17]   --->   Operation 814 'add' 'add_ln73_12' <Predicate = true> <Delay = 0.90> <CoreInst = "Adder">   --->   Core 1 'Adder' <Latency = 0> <II = 1> <Delay = 0.90> <FuncUnit> <Opcode : 'add' 'sub'> <InPorts = 2> <OutPorts = 1>
ST_1 : Operation 815 [1/1] (0.00ns)   --->   "%mult_225 = partselect i13 @_ssdm_op_PartSelect.i13.i23.i32.i32, i23 %add_ln73_12, i32 10, i32 22" [firmware/nnet_utils/nnet_dense_latency.h:42->firmware/nnet_utils/nnet_dense_stream.h:17]   --->   Operation 815 'partselect' 'mult_225' <Predicate = true> <Delay = 0.00>
ST_1 : Operation 816 [1/1] (0.00ns)   --->   "%sext_ln17_63 = sext i13 %mult_225" [firmware/nnet_utils/nnet_dense_latency.h:17->firmware/nnet_utils/nnet_dense_stream.h:17]   --->   Operation 816 'sext' 'sext_ln17_63' <Predicate = true> <Delay = 0.00>
ST_1 : Operation 817 [1/1] (2.38ns)   --->   "%mul_ln73_187 = mul i26 %sext_ln70_94, i26 291" [firmware/nnet_utils/nnet_mult.h:73->firmware/nnet_utils/nnet_dense_latency.h:42->firmware/nnet_utils/nnet_dense_stream.h:17]   --->   Operation 817 'mul' 'mul_ln73_187' <Predicate = true> <Delay = 2.38> <CoreInst = "Multiplier">   --->   Core 3 'Multiplier' <Latency = 0> <II = 1> <Delay = 2.38> <FuncUnit> <Opcode : 'mul'> <InPorts = 2> <OutPorts = 1>
ST_1 : Operation 818 [1/1] (0.00ns)   --->   "%mult_226 = partselect i16 @_ssdm_op_PartSelect.i16.i26.i32.i32, i26 %mul_ln73_187, i32 10, i32 25" [firmware/nnet_utils/nnet_dense_latency.h:42->firmware/nnet_utils/nnet_dense_stream.h:17]   --->   Operation 818 'partselect' 'mult_226' <Predicate = true> <Delay = 0.00>
ST_1 : Operation 819 [1/1] (2.38ns)   --->   "%mul_ln73_188 = mul i25 %sext_ln70_95, i25 33554194" [firmware/nnet_utils/nnet_mult.h:73->firmware/nnet_utils/nnet_dense_latency.h:42->firmware/nnet_utils/nnet_dense_stream.h:17]   --->   Operation 819 'mul' 'mul_ln73_188' <Predicate = true> <Delay = 2.38> <CoreInst = "Multiplier">   --->   Core 3 'Multiplier' <Latency = 0> <II = 1> <Delay = 2.38> <FuncUnit> <Opcode : 'mul'> <InPorts = 2> <OutPorts = 1>
ST_1 : Operation 820 [1/1] (0.00ns)   --->   "%mult_227 = partselect i15 @_ssdm_op_PartSelect.i15.i25.i32.i32, i25 %mul_ln73_188, i32 10, i32 24" [firmware/nnet_utils/nnet_dense_latency.h:42->firmware/nnet_utils/nnet_dense_stream.h:17]   --->   Operation 820 'partselect' 'mult_227' <Predicate = true> <Delay = 0.00>
ST_1 : Operation 821 [1/1] (0.00ns)   --->   "%tmp_72 = bitconcatenate i22 @_ssdm_op_BitConcatenate.i22.i16.i6, i16 %data_28_val29_read, i6 0" [firmware/nnet_utils/nnet_mult.h:73->firmware/nnet_utils/nnet_dense_latency.h:42->firmware/nnet_utils/nnet_dense_stream.h:17]   --->   Operation 821 'bitconcatenate' 'tmp_72' <Predicate = true> <Delay = 0.00>
ST_1 : Operation 822 [1/1] (0.00ns)   --->   "%sext_ln73_61 = sext i22 %tmp_72" [firmware/nnet_utils/nnet_mult.h:73->firmware/nnet_utils/nnet_dense_latency.h:42->firmware/nnet_utils/nnet_dense_stream.h:17]   --->   Operation 822 'sext' 'sext_ln73_61' <Predicate = true> <Delay = 0.00>
ST_1 : Operation 823 [1/1] (0.00ns)   --->   "%tmp_73 = bitconcatenate i18 @_ssdm_op_BitConcatenate.i18.i16.i2, i16 %data_28_val29_read, i2 0" [firmware/nnet_utils/nnet_mult.h:73->firmware/nnet_utils/nnet_dense_latency.h:42->firmware/nnet_utils/nnet_dense_stream.h:17]   --->   Operation 823 'bitconcatenate' 'tmp_73' <Predicate = true> <Delay = 0.00>
ST_1 : Operation 824 [1/1] (0.00ns)   --->   "%sext_ln73_62 = sext i18 %tmp_73" [firmware/nnet_utils/nnet_mult.h:73->firmware/nnet_utils/nnet_dense_latency.h:42->firmware/nnet_utils/nnet_dense_stream.h:17]   --->   Operation 824 'sext' 'sext_ln73_62' <Predicate = true> <Delay = 0.00>
ST_1 : Operation 825 [1/1] (0.91ns)   --->   "%sub_ln73_30 = sub i23 %sext_ln73_61, i23 %sext_ln73_62" [firmware/nnet_utils/nnet_mult.h:73->firmware/nnet_utils/nnet_dense_latency.h:42->firmware/nnet_utils/nnet_dense_stream.h:17]   --->   Operation 825 'sub' 'sub_ln73_30' <Predicate = true> <Delay = 0.91> <CoreInst = "Adder">   --->   Core 1 'Adder' <Latency = 0> <II = 1> <Delay = 0.91> <FuncUnit> <Opcode : 'add' 'sub'> <InPorts = 2> <OutPorts = 1>
ST_1 : Operation 826 [1/1] (0.00ns)   --->   "%mult_228 = partselect i13 @_ssdm_op_PartSelect.i13.i23.i32.i32, i23 %sub_ln73_30, i32 10, i32 22" [firmware/nnet_utils/nnet_dense_latency.h:42->firmware/nnet_utils/nnet_dense_stream.h:17]   --->   Operation 826 'partselect' 'mult_228' <Predicate = true> <Delay = 0.00>
ST_1 : Operation 827 [1/1] (0.00ns)   --->   "%sext_ln17_64 = sext i13 %mult_228" [firmware/nnet_utils/nnet_dense_latency.h:17->firmware/nnet_utils/nnet_dense_stream.h:17]   --->   Operation 827 'sext' 'sext_ln17_64' <Predicate = true> <Delay = 0.00>
ST_1 : Operation 828 [1/1] (0.00ns)   --->   "%tmp_74 = bitconcatenate i24 @_ssdm_op_BitConcatenate.i24.i16.i8, i16 %data_28_val29_read, i8 0" [firmware/nnet_utils/nnet_mult.h:73->firmware/nnet_utils/nnet_dense_latency.h:42->firmware/nnet_utils/nnet_dense_stream.h:17]   --->   Operation 828 'bitconcatenate' 'tmp_74' <Predicate = true> <Delay = 0.00>
ST_1 : Operation 829 [1/1] (0.00ns)   --->   "%sext_ln73_63 = sext i24 %tmp_74" [firmware/nnet_utils/nnet_mult.h:73->firmware/nnet_utils/nnet_dense_latency.h:42->firmware/nnet_utils/nnet_dense_stream.h:17]   --->   Operation 829 'sext' 'sext_ln73_63' <Predicate = true> <Delay = 0.00>
ST_1 : Operation 830 [1/1] (0.00ns)   --->   "%tmp_75 = bitconcatenate i17 @_ssdm_op_BitConcatenate.i17.i16.i1, i16 %data_28_val29_read, i1 0" [firmware/nnet_utils/nnet_mult.h:73->firmware/nnet_utils/nnet_dense_latency.h:42->firmware/nnet_utils/nnet_dense_stream.h:17]   --->   Operation 830 'bitconcatenate' 'tmp_75' <Predicate = true> <Delay = 0.00>
ST_1 : Operation 831 [1/1] (0.00ns)   --->   "%sext_ln73_64 = sext i17 %tmp_75" [firmware/nnet_utils/nnet_mult.h:73->firmware/nnet_utils/nnet_dense_latency.h:42->firmware/nnet_utils/nnet_dense_stream.h:17]   --->   Operation 831 'sext' 'sext_ln73_64' <Predicate = true> <Delay = 0.00>
ST_1 : Operation 832 [1/1] (0.93ns)   --->   "%add_ln73_13 = add i26 %sext_ln73_63, i26 %sext_ln73_64" [firmware/nnet_utils/nnet_mult.h:73->firmware/nnet_utils/nnet_dense_latency.h:42->firmware/nnet_utils/nnet_dense_stream.h:17]   --->   Operation 832 'add' 'add_ln73_13' <Predicate = true> <Delay = 0.93> <CoreInst = "Adder">   --->   Core 1 'Adder' <Latency = 0> <II = 1> <Delay = 0.93> <FuncUnit> <Opcode : 'add' 'sub'> <InPorts = 2> <OutPorts = 1>
ST_1 : Operation 833 [1/1] (0.00ns)   --->   "%mult_229 = partselect i16 @_ssdm_op_PartSelect.i16.i26.i32.i32, i26 %add_ln73_13, i32 10, i32 25" [firmware/nnet_utils/nnet_dense_latency.h:42->firmware/nnet_utils/nnet_dense_stream.h:17]   --->   Operation 833 'partselect' 'mult_229' <Predicate = true> <Delay = 0.00>
ST_1 : Operation 834 [1/1] (2.38ns)   --->   "%mul_ln73_189 = mul i24 %sext_ln70_93, i24 16777118" [firmware/nnet_utils/nnet_mult.h:73->firmware/nnet_utils/nnet_dense_latency.h:42->firmware/nnet_utils/nnet_dense_stream.h:17]   --->   Operation 834 'mul' 'mul_ln73_189' <Predicate = true> <Delay = 2.38> <CoreInst = "Multiplier">   --->   Core 3 'Multiplier' <Latency = 0> <II = 1> <Delay = 2.38> <FuncUnit> <Opcode : 'mul'> <InPorts = 2> <OutPorts = 1>
ST_1 : Operation 835 [1/1] (0.00ns)   --->   "%mult_230 = partselect i14 @_ssdm_op_PartSelect.i14.i24.i32.i32, i24 %mul_ln73_189, i32 10, i32 23" [firmware/nnet_utils/nnet_dense_latency.h:42->firmware/nnet_utils/nnet_dense_stream.h:17]   --->   Operation 835 'partselect' 'mult_230' <Predicate = true> <Delay = 0.00>
ST_1 : Operation 836 [1/1] (0.00ns)   --->   "%sext_ln17_65 = sext i14 %mult_230" [firmware/nnet_utils/nnet_dense_latency.h:17->firmware/nnet_utils/nnet_dense_stream.h:17]   --->   Operation 836 'sext' 'sext_ln17_65' <Predicate = true> <Delay = 0.00>
ST_1 : Operation 837 [1/1] (2.38ns)   --->   "%mul_ln73_190 = mul i25 %sext_ln70_95, i25 33554233" [firmware/nnet_utils/nnet_mult.h:73->firmware/nnet_utils/nnet_dense_latency.h:42->firmware/nnet_utils/nnet_dense_stream.h:17]   --->   Operation 837 'mul' 'mul_ln73_190' <Predicate = true> <Delay = 2.38> <CoreInst = "Multiplier">   --->   Core 3 'Multiplier' <Latency = 0> <II = 1> <Delay = 2.38> <FuncUnit> <Opcode : 'mul'> <InPorts = 2> <OutPorts = 1>
ST_1 : Operation 838 [1/1] (0.00ns)   --->   "%mult_231 = partselect i15 @_ssdm_op_PartSelect.i15.i25.i32.i32, i25 %mul_ln73_190, i32 10, i32 24" [firmware/nnet_utils/nnet_dense_latency.h:42->firmware/nnet_utils/nnet_dense_stream.h:17]   --->   Operation 838 'partselect' 'mult_231' <Predicate = true> <Delay = 0.00>
ST_1 : Operation 839 [1/1] (0.00ns)   --->   "%sext_ln70_96 = sext i16 %data_29_val30_read" [firmware/nnet_utils/nnet_mult.h:70->firmware/nnet_utils/nnet_dense_latency.h:42->firmware/nnet_utils/nnet_dense_stream.h:17]   --->   Operation 839 'sext' 'sext_ln70_96' <Predicate = true> <Delay = 0.00>
ST_1 : Operation 840 [1/1] (0.00ns)   --->   "%sext_ln70_97 = sext i16 %data_29_val30_read" [firmware/nnet_utils/nnet_mult.h:70->firmware/nnet_utils/nnet_dense_latency.h:42->firmware/nnet_utils/nnet_dense_stream.h:17]   --->   Operation 840 'sext' 'sext_ln70_97' <Predicate = true> <Delay = 0.00>
ST_1 : Operation 841 [1/1] (0.00ns)   --->   "%sext_ln70_98 = sext i16 %data_29_val30_read" [firmware/nnet_utils/nnet_mult.h:70->firmware/nnet_utils/nnet_dense_latency.h:42->firmware/nnet_utils/nnet_dense_stream.h:17]   --->   Operation 841 'sext' 'sext_ln70_98' <Predicate = true> <Delay = 0.00>
ST_1 : Operation 842 [1/1] (2.38ns)   --->   "%mul_ln73_191 = mul i25 %sext_ln70_98, i25 33554222" [firmware/nnet_utils/nnet_mult.h:73->firmware/nnet_utils/nnet_dense_latency.h:42->firmware/nnet_utils/nnet_dense_stream.h:17]   --->   Operation 842 'mul' 'mul_ln73_191' <Predicate = true> <Delay = 2.38> <CoreInst = "Multiplier">   --->   Core 3 'Multiplier' <Latency = 0> <II = 1> <Delay = 2.38> <FuncUnit> <Opcode : 'mul'> <InPorts = 2> <OutPorts = 1>
ST_1 : Operation 843 [1/1] (0.00ns)   --->   "%mult_232 = partselect i15 @_ssdm_op_PartSelect.i15.i25.i32.i32, i25 %mul_ln73_191, i32 10, i32 24" [firmware/nnet_utils/nnet_dense_latency.h:42->firmware/nnet_utils/nnet_dense_stream.h:17]   --->   Operation 843 'partselect' 'mult_232' <Predicate = true> <Delay = 0.00>
ST_1 : Operation 844 [1/1] (2.38ns)   --->   "%mul_ln73_192 = mul i23 %sext_ln70_97, i23 8388561" [firmware/nnet_utils/nnet_mult.h:73->firmware/nnet_utils/nnet_dense_latency.h:42->firmware/nnet_utils/nnet_dense_stream.h:17]   --->   Operation 844 'mul' 'mul_ln73_192' <Predicate = true> <Delay = 2.38> <CoreInst = "Multiplier">   --->   Core 3 'Multiplier' <Latency = 0> <II = 1> <Delay = 2.38> <FuncUnit> <Opcode : 'mul'> <InPorts = 2> <OutPorts = 1>
ST_1 : Operation 845 [1/1] (0.00ns)   --->   "%mult_233 = partselect i13 @_ssdm_op_PartSelect.i13.i23.i32.i32, i23 %mul_ln73_192, i32 10, i32 22" [firmware/nnet_utils/nnet_dense_latency.h:42->firmware/nnet_utils/nnet_dense_stream.h:17]   --->   Operation 845 'partselect' 'mult_233' <Predicate = true> <Delay = 0.00>
ST_1 : Operation 846 [1/1] (2.38ns)   --->   "%mul_ln73_193 = mul i26 %sext_ln70_96, i26 341" [firmware/nnet_utils/nnet_mult.h:73->firmware/nnet_utils/nnet_dense_latency.h:42->firmware/nnet_utils/nnet_dense_stream.h:17]   --->   Operation 846 'mul' 'mul_ln73_193' <Predicate = true> <Delay = 2.38> <CoreInst = "Multiplier">   --->   Core 3 'Multiplier' <Latency = 0> <II = 1> <Delay = 2.38> <FuncUnit> <Opcode : 'mul'> <InPorts = 2> <OutPorts = 1>
ST_1 : Operation 847 [1/1] (0.00ns)   --->   "%mult_234 = partselect i16 @_ssdm_op_PartSelect.i16.i26.i32.i32, i26 %mul_ln73_193, i32 10, i32 25" [firmware/nnet_utils/nnet_dense_latency.h:42->firmware/nnet_utils/nnet_dense_stream.h:17]   --->   Operation 847 'partselect' 'mult_234' <Predicate = true> <Delay = 0.00>
ST_1 : Operation 848 [1/1] (2.38ns)   --->   "%mul_ln73_194 = mul i26 %sext_ln70_96, i26 300" [firmware/nnet_utils/nnet_mult.h:73->firmware/nnet_utils/nnet_dense_latency.h:42->firmware/nnet_utils/nnet_dense_stream.h:17]   --->   Operation 848 'mul' 'mul_ln73_194' <Predicate = true> <Delay = 2.38> <CoreInst = "Multiplier">   --->   Core 3 'Multiplier' <Latency = 0> <II = 1> <Delay = 2.38> <FuncUnit> <Opcode : 'mul'> <InPorts = 2> <OutPorts = 1>
ST_1 : Operation 849 [1/1] (0.00ns)   --->   "%mult_235 = partselect i16 @_ssdm_op_PartSelect.i16.i26.i32.i32, i26 %mul_ln73_194, i32 10, i32 25" [firmware/nnet_utils/nnet_dense_latency.h:42->firmware/nnet_utils/nnet_dense_stream.h:17]   --->   Operation 849 'partselect' 'mult_235' <Predicate = true> <Delay = 0.00>
ST_1 : Operation 850 [1/1] (2.38ns)   --->   "%mul_ln73_195 = mul i25 %sext_ln70_98, i25 33554231" [firmware/nnet_utils/nnet_mult.h:73->firmware/nnet_utils/nnet_dense_latency.h:42->firmware/nnet_utils/nnet_dense_stream.h:17]   --->   Operation 850 'mul' 'mul_ln73_195' <Predicate = true> <Delay = 2.38> <CoreInst = "Multiplier">   --->   Core 3 'Multiplier' <Latency = 0> <II = 1> <Delay = 2.38> <FuncUnit> <Opcode : 'mul'> <InPorts = 2> <OutPorts = 1>
ST_1 : Operation 851 [1/1] (0.00ns)   --->   "%mult_236 = partselect i15 @_ssdm_op_PartSelect.i15.i25.i32.i32, i25 %mul_ln73_195, i32 10, i32 24" [firmware/nnet_utils/nnet_dense_latency.h:42->firmware/nnet_utils/nnet_dense_stream.h:17]   --->   Operation 851 'partselect' 'mult_236' <Predicate = true> <Delay = 0.00>
ST_1 : Operation 852 [1/1] (0.00ns)   --->   "%sext_ln42_91 = sext i15 %mult_236" [firmware/nnet_utils/nnet_dense_latency.h:42->firmware/nnet_utils/nnet_dense_stream.h:17]   --->   Operation 852 'sext' 'sext_ln42_91' <Predicate = true> <Delay = 0.00>
ST_1 : Operation 853 [1/1] (2.38ns)   --->   "%mul_ln73_196 = mul i25 %sext_ln70_98, i25 33554189" [firmware/nnet_utils/nnet_mult.h:73->firmware/nnet_utils/nnet_dense_latency.h:42->firmware/nnet_utils/nnet_dense_stream.h:17]   --->   Operation 853 'mul' 'mul_ln73_196' <Predicate = true> <Delay = 2.38> <CoreInst = "Multiplier">   --->   Core 3 'Multiplier' <Latency = 0> <II = 1> <Delay = 2.38> <FuncUnit> <Opcode : 'mul'> <InPorts = 2> <OutPorts = 1>
ST_1 : Operation 854 [1/1] (0.00ns)   --->   "%mult_237 = partselect i15 @_ssdm_op_PartSelect.i15.i25.i32.i32, i25 %mul_ln73_196, i32 10, i32 24" [firmware/nnet_utils/nnet_dense_latency.h:42->firmware/nnet_utils/nnet_dense_stream.h:17]   --->   Operation 854 'partselect' 'mult_237' <Predicate = true> <Delay = 0.00>
ST_1 : Operation 855 [1/1] (0.00ns)   --->   "%sext_ln42_92 = sext i15 %mult_237" [firmware/nnet_utils/nnet_dense_latency.h:42->firmware/nnet_utils/nnet_dense_stream.h:17]   --->   Operation 855 'sext' 'sext_ln42_92' <Predicate = true> <Delay = 0.00>
ST_1 : Operation 856 [1/1] (0.00ns)   --->   "%tmp_76 = bitconcatenate i24 @_ssdm_op_BitConcatenate.i24.i16.i8, i16 %data_29_val30_read, i8 0" [firmware/nnet_utils/nnet_mult.h:73->firmware/nnet_utils/nnet_dense_latency.h:42->firmware/nnet_utils/nnet_dense_stream.h:17]   --->   Operation 856 'bitconcatenate' 'tmp_76' <Predicate = true> <Delay = 0.00>
ST_1 : Operation 857 [1/1] (0.00ns)   --->   "%sext_ln73_65 = sext i24 %tmp_76" [firmware/nnet_utils/nnet_mult.h:73->firmware/nnet_utils/nnet_dense_latency.h:42->firmware/nnet_utils/nnet_dense_stream.h:17]   --->   Operation 857 'sext' 'sext_ln73_65' <Predicate = true> <Delay = 0.00>
ST_1 : Operation 858 [1/1] (0.00ns)   --->   "%tmp_77 = bitconcatenate i21 @_ssdm_op_BitConcatenate.i21.i16.i5, i16 %data_29_val30_read, i5 0" [firmware/nnet_utils/nnet_mult.h:73->firmware/nnet_utils/nnet_dense_latency.h:42->firmware/nnet_utils/nnet_dense_stream.h:17]   --->   Operation 858 'bitconcatenate' 'tmp_77' <Predicate = true> <Delay = 0.00>
ST_1 : Operation 859 [1/1] (0.00ns)   --->   "%sext_ln73_66 = sext i21 %tmp_77" [firmware/nnet_utils/nnet_mult.h:73->firmware/nnet_utils/nnet_dense_latency.h:42->firmware/nnet_utils/nnet_dense_stream.h:17]   --->   Operation 859 'sext' 'sext_ln73_66' <Predicate = true> <Delay = 0.00>
ST_1 : Operation 860 [1/1] (0.93ns)   --->   "%add_ln73_14 = add i26 %sext_ln73_65, i26 %sext_ln73_66" [firmware/nnet_utils/nnet_mult.h:73->firmware/nnet_utils/nnet_dense_latency.h:42->firmware/nnet_utils/nnet_dense_stream.h:17]   --->   Operation 860 'add' 'add_ln73_14' <Predicate = true> <Delay = 0.93> <CoreInst = "Adder">   --->   Core 1 'Adder' <Latency = 0> <II = 1> <Delay = 0.93> <FuncUnit> <Opcode : 'add' 'sub'> <InPorts = 2> <OutPorts = 1>
ST_1 : Operation 861 [1/1] (0.00ns)   --->   "%mult_238 = partselect i16 @_ssdm_op_PartSelect.i16.i26.i32.i32, i26 %add_ln73_14, i32 10, i32 25" [firmware/nnet_utils/nnet_dense_latency.h:42->firmware/nnet_utils/nnet_dense_stream.h:17]   --->   Operation 861 'partselect' 'mult_238' <Predicate = true> <Delay = 0.00>
ST_1 : Operation 862 [1/1] (2.38ns)   --->   "%mul_ln73_197 = mul i25 %sext_ln70_98, i25 227" [firmware/nnet_utils/nnet_mult.h:73->firmware/nnet_utils/nnet_dense_latency.h:42->firmware/nnet_utils/nnet_dense_stream.h:17]   --->   Operation 862 'mul' 'mul_ln73_197' <Predicate = true> <Delay = 2.38> <CoreInst = "Multiplier">   --->   Core 3 'Multiplier' <Latency = 0> <II = 1> <Delay = 2.38> <FuncUnit> <Opcode : 'mul'> <InPorts = 2> <OutPorts = 1>
ST_1 : Operation 863 [1/1] (0.00ns)   --->   "%mult_239 = partselect i15 @_ssdm_op_PartSelect.i15.i25.i32.i32, i25 %mul_ln73_197, i32 10, i32 24" [firmware/nnet_utils/nnet_dense_latency.h:42->firmware/nnet_utils/nnet_dense_stream.h:17]   --->   Operation 863 'partselect' 'mult_239' <Predicate = true> <Delay = 0.00>
ST_1 : Operation 864 [1/1] (0.00ns)   --->   "%sext_ln70_99 = sext i16 %data_30_val31_read" [firmware/nnet_utils/nnet_mult.h:70->firmware/nnet_utils/nnet_dense_latency.h:42->firmware/nnet_utils/nnet_dense_stream.h:17]   --->   Operation 864 'sext' 'sext_ln70_99' <Predicate = true> <Delay = 0.00>
ST_1 : Operation 865 [1/1] (0.00ns)   --->   "%sext_ln70_100 = sext i16 %data_30_val31_read" [firmware/nnet_utils/nnet_mult.h:70->firmware/nnet_utils/nnet_dense_latency.h:42->firmware/nnet_utils/nnet_dense_stream.h:17]   --->   Operation 865 'sext' 'sext_ln70_100' <Predicate = true> <Delay = 0.00>
ST_1 : Operation 866 [1/1] (0.00ns)   --->   "%sext_ln70_101 = sext i16 %data_30_val31_read" [firmware/nnet_utils/nnet_mult.h:70->firmware/nnet_utils/nnet_dense_latency.h:42->firmware/nnet_utils/nnet_dense_stream.h:17]   --->   Operation 866 'sext' 'sext_ln70_101' <Predicate = true> <Delay = 0.00>
ST_1 : Operation 867 [1/1] (2.38ns)   --->   "%mul_ln73_198 = mul i26 %sext_ln70_101, i26 67108522" [firmware/nnet_utils/nnet_mult.h:73->firmware/nnet_utils/nnet_dense_latency.h:42->firmware/nnet_utils/nnet_dense_stream.h:17]   --->   Operation 867 'mul' 'mul_ln73_198' <Predicate = true> <Delay = 2.38> <CoreInst = "Multiplier">   --->   Core 3 'Multiplier' <Latency = 0> <II = 1> <Delay = 2.38> <FuncUnit> <Opcode : 'mul'> <InPorts = 2> <OutPorts = 1>
ST_1 : Operation 868 [1/1] (0.00ns)   --->   "%mult_240 = partselect i16 @_ssdm_op_PartSelect.i16.i26.i32.i32, i26 %mul_ln73_198, i32 10, i32 25" [firmware/nnet_utils/nnet_dense_latency.h:42->firmware/nnet_utils/nnet_dense_stream.h:17]   --->   Operation 868 'partselect' 'mult_240' <Predicate = true> <Delay = 0.00>
ST_1 : Operation 869 [1/1] (0.00ns)   --->   "%tmp_78 = bitconcatenate i24 @_ssdm_op_BitConcatenate.i24.i16.i8, i16 %data_30_val31_read, i8 0" [firmware/nnet_utils/nnet_mult.h:73->firmware/nnet_utils/nnet_dense_latency.h:42->firmware/nnet_utils/nnet_dense_stream.h:17]   --->   Operation 869 'bitconcatenate' 'tmp_78' <Predicate = true> <Delay = 0.00>
ST_1 : Operation 870 [1/1] (0.00ns)   --->   "%sext_ln73_67 = sext i24 %tmp_78" [firmware/nnet_utils/nnet_mult.h:73->firmware/nnet_utils/nnet_dense_latency.h:42->firmware/nnet_utils/nnet_dense_stream.h:17]   --->   Operation 870 'sext' 'sext_ln73_67' <Predicate = true> <Delay = 0.00>
ST_1 : Operation 871 [1/1] (0.00ns)   --->   "%tmp_79 = bitconcatenate i20 @_ssdm_op_BitConcatenate.i20.i16.i4, i16 %data_30_val31_read, i4 0" [firmware/nnet_utils/nnet_mult.h:73->firmware/nnet_utils/nnet_dense_latency.h:42->firmware/nnet_utils/nnet_dense_stream.h:17]   --->   Operation 871 'bitconcatenate' 'tmp_79' <Predicate = true> <Delay = 0.00>
ST_1 : Operation 872 [1/1] (0.00ns)   --->   "%sext_ln73_68 = sext i20 %tmp_79" [firmware/nnet_utils/nnet_mult.h:73->firmware/nnet_utils/nnet_dense_latency.h:42->firmware/nnet_utils/nnet_dense_stream.h:17]   --->   Operation 872 'sext' 'sext_ln73_68' <Predicate = true> <Delay = 0.00>
ST_1 : Operation 873 [1/1] (0.93ns)   --->   "%sub_ln73_31 = sub i25 %sext_ln73_67, i25 %sext_ln73_68" [firmware/nnet_utils/nnet_mult.h:73->firmware/nnet_utils/nnet_dense_latency.h:42->firmware/nnet_utils/nnet_dense_stream.h:17]   --->   Operation 873 'sub' 'sub_ln73_31' <Predicate = true> <Delay = 0.93> <CoreInst = "Adder">   --->   Core 1 'Adder' <Latency = 0> <II = 1> <Delay = 0.93> <FuncUnit> <Opcode : 'add' 'sub'> <InPorts = 2> <OutPorts = 1>
ST_1 : Operation 874 [1/1] (0.00ns)   --->   "%mult_241 = partselect i15 @_ssdm_op_PartSelect.i15.i25.i32.i32, i25 %sub_ln73_31, i32 10, i32 24" [firmware/nnet_utils/nnet_dense_latency.h:42->firmware/nnet_utils/nnet_dense_stream.h:17]   --->   Operation 874 'partselect' 'mult_241' <Predicate = true> <Delay = 0.00>
ST_1 : Operation 875 [1/1] (0.00ns)   --->   "%sext_ln42_94 = sext i15 %mult_241" [firmware/nnet_utils/nnet_dense_latency.h:42->firmware/nnet_utils/nnet_dense_stream.h:17]   --->   Operation 875 'sext' 'sext_ln42_94' <Predicate = true> <Delay = 0.00>
ST_1 : Operation 876 [1/1] (0.00ns)   --->   "%mult_242 = partselect i13 @_ssdm_op_PartSelect.i13.i16.i32.i32, i16 %data_30_val31_read, i32 3, i32 15" [firmware/nnet_utils/nnet_dense_latency.h:42->firmware/nnet_utils/nnet_dense_stream.h:17]   --->   Operation 876 'partselect' 'mult_242' <Predicate = true> <Delay = 0.00>
ST_1 : Operation 877 [1/1] (0.00ns)   --->   "%sext_ln17_67 = sext i13 %mult_242" [firmware/nnet_utils/nnet_dense_latency.h:17->firmware/nnet_utils/nnet_dense_stream.h:17]   --->   Operation 877 'sext' 'sext_ln17_67' <Predicate = true> <Delay = 0.00>
ST_1 : Operation 878 [1/1] (2.38ns)   --->   "%mul_ln73_199 = mul i23 %sext_ln70_99, i23 47" [firmware/nnet_utils/nnet_mult.h:73->firmware/nnet_utils/nnet_dense_latency.h:42->firmware/nnet_utils/nnet_dense_stream.h:17]   --->   Operation 878 'mul' 'mul_ln73_199' <Predicate = true> <Delay = 2.38> <CoreInst = "Multiplier">   --->   Core 3 'Multiplier' <Latency = 0> <II = 1> <Delay = 2.38> <FuncUnit> <Opcode : 'mul'> <InPorts = 2> <OutPorts = 1>
ST_1 : Operation 879 [1/1] (0.00ns)   --->   "%mult_243 = partselect i13 @_ssdm_op_PartSelect.i13.i23.i32.i32, i23 %mul_ln73_199, i32 10, i32 22" [firmware/nnet_utils/nnet_dense_latency.h:42->firmware/nnet_utils/nnet_dense_stream.h:17]   --->   Operation 879 'partselect' 'mult_243' <Predicate = true> <Delay = 0.00>
ST_1 : Operation 880 [1/1] (0.00ns)   --->   "%sext_ln17_68 = sext i13 %mult_243" [firmware/nnet_utils/nnet_dense_latency.h:17->firmware/nnet_utils/nnet_dense_stream.h:17]   --->   Operation 880 'sext' 'sext_ln17_68' <Predicate = true> <Delay = 0.00>
ST_1 : Operation 881 [1/1] (2.38ns)   --->   "%mul_ln73_200 = mul i25 %sext_ln70_100, i25 243" [firmware/nnet_utils/nnet_mult.h:73->firmware/nnet_utils/nnet_dense_latency.h:42->firmware/nnet_utils/nnet_dense_stream.h:17]   --->   Operation 881 'mul' 'mul_ln73_200' <Predicate = true> <Delay = 2.38> <CoreInst = "Multiplier">   --->   Core 3 'Multiplier' <Latency = 0> <II = 1> <Delay = 2.38> <FuncUnit> <Opcode : 'mul'> <InPorts = 2> <OutPorts = 1>
ST_1 : Operation 882 [1/1] (0.00ns)   --->   "%mult_244 = partselect i15 @_ssdm_op_PartSelect.i15.i25.i32.i32, i25 %mul_ln73_200, i32 10, i32 24" [firmware/nnet_utils/nnet_dense_latency.h:42->firmware/nnet_utils/nnet_dense_stream.h:17]   --->   Operation 882 'partselect' 'mult_244' <Predicate = true> <Delay = 0.00>
ST_1 : Operation 883 [1/1] (0.00ns)   --->   "%sext_ln42_95 = sext i15 %mult_244" [firmware/nnet_utils/nnet_dense_latency.h:42->firmware/nnet_utils/nnet_dense_stream.h:17]   --->   Operation 883 'sext' 'sext_ln42_95' <Predicate = true> <Delay = 0.00>
ST_1 : Operation 884 [1/1] (2.38ns)   --->   "%mul_ln73_201 = mul i26 %sext_ln70_101, i26 67108496" [firmware/nnet_utils/nnet_mult.h:73->firmware/nnet_utils/nnet_dense_latency.h:42->firmware/nnet_utils/nnet_dense_stream.h:17]   --->   Operation 884 'mul' 'mul_ln73_201' <Predicate = true> <Delay = 2.38> <CoreInst = "Multiplier">   --->   Core 3 'Multiplier' <Latency = 0> <II = 1> <Delay = 2.38> <FuncUnit> <Opcode : 'mul'> <InPorts = 2> <OutPorts = 1>
ST_1 : Operation 885 [1/1] (0.00ns)   --->   "%mult_245 = partselect i16 @_ssdm_op_PartSelect.i16.i26.i32.i32, i26 %mul_ln73_201, i32 10, i32 25" [firmware/nnet_utils/nnet_dense_latency.h:42->firmware/nnet_utils/nnet_dense_stream.h:17]   --->   Operation 885 'partselect' 'mult_245' <Predicate = true> <Delay = 0.00>
ST_1 : Operation 886 [1/1] (2.38ns)   --->   "%mul_ln73_202 = mul i26 %sext_ln70_101, i26 361" [firmware/nnet_utils/nnet_mult.h:73->firmware/nnet_utils/nnet_dense_latency.h:42->firmware/nnet_utils/nnet_dense_stream.h:17]   --->   Operation 886 'mul' 'mul_ln73_202' <Predicate = true> <Delay = 2.38> <CoreInst = "Multiplier">   --->   Core 3 'Multiplier' <Latency = 0> <II = 1> <Delay = 2.38> <FuncUnit> <Opcode : 'mul'> <InPorts = 2> <OutPorts = 1>
ST_1 : Operation 887 [1/1] (0.00ns)   --->   "%mult_246 = partselect i16 @_ssdm_op_PartSelect.i16.i26.i32.i32, i26 %mul_ln73_202, i32 10, i32 25" [firmware/nnet_utils/nnet_dense_latency.h:42->firmware/nnet_utils/nnet_dense_stream.h:17]   --->   Operation 887 'partselect' 'mult_246' <Predicate = true> <Delay = 0.00>
ST_1 : Operation 888 [1/1] (2.38ns)   --->   "%mul_ln73_203 = mul i26 %sext_ln70_101, i26 336" [firmware/nnet_utils/nnet_mult.h:73->firmware/nnet_utils/nnet_dense_latency.h:42->firmware/nnet_utils/nnet_dense_stream.h:17]   --->   Operation 888 'mul' 'mul_ln73_203' <Predicate = true> <Delay = 2.38> <CoreInst = "Multiplier">   --->   Core 3 'Multiplier' <Latency = 0> <II = 1> <Delay = 2.38> <FuncUnit> <Opcode : 'mul'> <InPorts = 2> <OutPorts = 1>
ST_1 : Operation 889 [1/1] (0.00ns)   --->   "%mult_247 = partselect i16 @_ssdm_op_PartSelect.i16.i26.i32.i32, i26 %mul_ln73_203, i32 10, i32 25" [firmware/nnet_utils/nnet_dense_latency.h:42->firmware/nnet_utils/nnet_dense_stream.h:17]   --->   Operation 889 'partselect' 'mult_247' <Predicate = true> <Delay = 0.00>
ST_1 : Operation 890 [1/1] (0.00ns)   --->   "%sext_ln70_102 = sext i16 %data_31_val32_read" [firmware/nnet_utils/nnet_mult.h:70->firmware/nnet_utils/nnet_dense_latency.h:42->firmware/nnet_utils/nnet_dense_stream.h:17]   --->   Operation 890 'sext' 'sext_ln70_102' <Predicate = true> <Delay = 0.00>
ST_1 : Operation 891 [1/1] (0.00ns)   --->   "%sext_ln70_103 = sext i16 %data_31_val32_read" [firmware/nnet_utils/nnet_mult.h:70->firmware/nnet_utils/nnet_dense_latency.h:42->firmware/nnet_utils/nnet_dense_stream.h:17]   --->   Operation 891 'sext' 'sext_ln70_103' <Predicate = true> <Delay = 0.00>
ST_1 : Operation 892 [1/1] (0.00ns)   --->   "%sext_ln70_104 = sext i16 %data_31_val32_read" [firmware/nnet_utils/nnet_mult.h:70->firmware/nnet_utils/nnet_dense_latency.h:42->firmware/nnet_utils/nnet_dense_stream.h:17]   --->   Operation 892 'sext' 'sext_ln70_104' <Predicate = true> <Delay = 0.00>
ST_1 : Operation 893 [1/1] (2.38ns)   --->   "%mul_ln73_204 = mul i25 %sext_ln70_104, i25 155" [firmware/nnet_utils/nnet_mult.h:73->firmware/nnet_utils/nnet_dense_latency.h:42->firmware/nnet_utils/nnet_dense_stream.h:17]   --->   Operation 893 'mul' 'mul_ln73_204' <Predicate = true> <Delay = 2.38> <CoreInst = "Multiplier">   --->   Core 3 'Multiplier' <Latency = 0> <II = 1> <Delay = 2.38> <FuncUnit> <Opcode : 'mul'> <InPorts = 2> <OutPorts = 1>
ST_1 : Operation 894 [1/1] (0.00ns)   --->   "%mult_248 = partselect i15 @_ssdm_op_PartSelect.i15.i25.i32.i32, i25 %mul_ln73_204, i32 10, i32 24" [firmware/nnet_utils/nnet_dense_latency.h:42->firmware/nnet_utils/nnet_dense_stream.h:17]   --->   Operation 894 'partselect' 'mult_248' <Predicate = true> <Delay = 0.00>
ST_1 : Operation 895 [1/1] (0.00ns)   --->   "%sext_ln42_96 = sext i15 %mult_248" [firmware/nnet_utils/nnet_dense_latency.h:42->firmware/nnet_utils/nnet_dense_stream.h:17]   --->   Operation 895 'sext' 'sext_ln42_96' <Predicate = true> <Delay = 0.00>
ST_1 : Operation 896 [1/1] (2.38ns)   --->   "%mul_ln73_205 = mul i26 %sext_ln70_103, i26 67108538" [firmware/nnet_utils/nnet_mult.h:73->firmware/nnet_utils/nnet_dense_latency.h:42->firmware/nnet_utils/nnet_dense_stream.h:17]   --->   Operation 896 'mul' 'mul_ln73_205' <Predicate = true> <Delay = 2.38> <CoreInst = "Multiplier">   --->   Core 3 'Multiplier' <Latency = 0> <II = 1> <Delay = 2.38> <FuncUnit> <Opcode : 'mul'> <InPorts = 2> <OutPorts = 1>
ST_1 : Operation 897 [1/1] (0.00ns)   --->   "%mult_249 = partselect i16 @_ssdm_op_PartSelect.i16.i26.i32.i32, i26 %mul_ln73_205, i32 10, i32 25" [firmware/nnet_utils/nnet_dense_latency.h:42->firmware/nnet_utils/nnet_dense_stream.h:17]   --->   Operation 897 'partselect' 'mult_249' <Predicate = true> <Delay = 0.00>
ST_1 : Operation 898 [1/1] (2.38ns)   --->   "%mul_ln73_206 = mul i26 %sext_ln70_103, i26 67108558" [firmware/nnet_utils/nnet_mult.h:73->firmware/nnet_utils/nnet_dense_latency.h:42->firmware/nnet_utils/nnet_dense_stream.h:17]   --->   Operation 898 'mul' 'mul_ln73_206' <Predicate = true> <Delay = 2.38> <CoreInst = "Multiplier">   --->   Core 3 'Multiplier' <Latency = 0> <II = 1> <Delay = 2.38> <FuncUnit> <Opcode : 'mul'> <InPorts = 2> <OutPorts = 1>
ST_1 : Operation 899 [1/1] (0.00ns)   --->   "%mult_250 = partselect i16 @_ssdm_op_PartSelect.i16.i26.i32.i32, i26 %mul_ln73_206, i32 10, i32 25" [firmware/nnet_utils/nnet_dense_latency.h:42->firmware/nnet_utils/nnet_dense_stream.h:17]   --->   Operation 899 'partselect' 'mult_250' <Predicate = true> <Delay = 0.00>
ST_1 : Operation 900 [1/1] (2.38ns)   --->   "%mul_ln73_207 = mul i24 %sext_ln70_102, i24 115" [firmware/nnet_utils/nnet_mult.h:73->firmware/nnet_utils/nnet_dense_latency.h:42->firmware/nnet_utils/nnet_dense_stream.h:17]   --->   Operation 900 'mul' 'mul_ln73_207' <Predicate = true> <Delay = 2.38> <CoreInst = "Multiplier">   --->   Core 3 'Multiplier' <Latency = 0> <II = 1> <Delay = 2.38> <FuncUnit> <Opcode : 'mul'> <InPorts = 2> <OutPorts = 1>
ST_1 : Operation 901 [1/1] (0.00ns)   --->   "%mult_251 = partselect i14 @_ssdm_op_PartSelect.i14.i24.i32.i32, i24 %mul_ln73_207, i32 10, i32 23" [firmware/nnet_utils/nnet_dense_latency.h:42->firmware/nnet_utils/nnet_dense_stream.h:17]   --->   Operation 901 'partselect' 'mult_251' <Predicate = true> <Delay = 0.00>
ST_1 : Operation 902 [1/1] (0.00ns)   --->   "%tmp_80 = bitconcatenate i22 @_ssdm_op_BitConcatenate.i22.i16.i6, i16 %data_31_val32_read, i6 0" [firmware/nnet_utils/nnet_mult.h:73->firmware/nnet_utils/nnet_dense_latency.h:42->firmware/nnet_utils/nnet_dense_stream.h:17]   --->   Operation 902 'bitconcatenate' 'tmp_80' <Predicate = true> <Delay = 0.00>
ST_1 : Operation 903 [1/1] (0.00ns)   --->   "%sext_ln73_69 = sext i22 %tmp_80" [firmware/nnet_utils/nnet_mult.h:73->firmware/nnet_utils/nnet_dense_latency.h:42->firmware/nnet_utils/nnet_dense_stream.h:17]   --->   Operation 903 'sext' 'sext_ln73_69' <Predicate = true> <Delay = 0.00>
ST_1 : Operation 904 [1/1] (0.00ns)   --->   "%tmp_81 = bitconcatenate i18 @_ssdm_op_BitConcatenate.i18.i16.i2, i16 %data_31_val32_read, i2 0" [firmware/nnet_utils/nnet_mult.h:73->firmware/nnet_utils/nnet_dense_latency.h:42->firmware/nnet_utils/nnet_dense_stream.h:17]   --->   Operation 904 'bitconcatenate' 'tmp_81' <Predicate = true> <Delay = 0.00>
ST_1 : Operation 905 [1/1] (0.00ns)   --->   "%sext_ln73_70 = sext i18 %tmp_81" [firmware/nnet_utils/nnet_mult.h:73->firmware/nnet_utils/nnet_dense_latency.h:42->firmware/nnet_utils/nnet_dense_stream.h:17]   --->   Operation 905 'sext' 'sext_ln73_70' <Predicate = true> <Delay = 0.00>
ST_1 : Operation 906 [1/1] (0.91ns)   --->   "%sub_ln73_32 = sub i23 %sext_ln73_69, i23 %sext_ln73_70" [firmware/nnet_utils/nnet_mult.h:73->firmware/nnet_utils/nnet_dense_latency.h:42->firmware/nnet_utils/nnet_dense_stream.h:17]   --->   Operation 906 'sub' 'sub_ln73_32' <Predicate = true> <Delay = 0.91> <CoreInst = "Adder">   --->   Core 1 'Adder' <Latency = 0> <II = 1> <Delay = 0.91> <FuncUnit> <Opcode : 'add' 'sub'> <InPorts = 2> <OutPorts = 1>
ST_1 : Operation 907 [1/1] (0.00ns)   --->   "%mult_252 = partselect i13 @_ssdm_op_PartSelect.i13.i23.i32.i32, i23 %sub_ln73_32, i32 10, i32 22" [firmware/nnet_utils/nnet_dense_latency.h:42->firmware/nnet_utils/nnet_dense_stream.h:17]   --->   Operation 907 'partselect' 'mult_252' <Predicate = true> <Delay = 0.00>
ST_1 : Operation 908 [1/1] (0.00ns)   --->   "%sext_ln17_70 = sext i13 %mult_252" [firmware/nnet_utils/nnet_dense_latency.h:17->firmware/nnet_utils/nnet_dense_stream.h:17]   --->   Operation 908 'sext' 'sext_ln17_70' <Predicate = true> <Delay = 0.00>
ST_1 : Operation 909 [1/1] (0.00ns)   --->   "%tmp_82 = bitconcatenate i21 @_ssdm_op_BitConcatenate.i21.i16.i5, i16 %data_31_val32_read, i5 0" [firmware/nnet_utils/nnet_mult.h:73->firmware/nnet_utils/nnet_dense_latency.h:42->firmware/nnet_utils/nnet_dense_stream.h:17]   --->   Operation 909 'bitconcatenate' 'tmp_82' <Predicate = true> <Delay = 0.00>
ST_1 : Operation 910 [1/1] (0.00ns)   --->   "%sext_ln73_71 = sext i21 %tmp_82" [firmware/nnet_utils/nnet_mult.h:73->firmware/nnet_utils/nnet_dense_latency.h:42->firmware/nnet_utils/nnet_dense_stream.h:17]   --->   Operation 910 'sext' 'sext_ln73_71' <Predicate = true> <Delay = 0.00>
ST_1 : Operation 911 [1/1] (0.90ns)   --->   "%sub_ln73_33 = sub i22 0, i22 %sext_ln73_71" [firmware/nnet_utils/nnet_mult.h:73->firmware/nnet_utils/nnet_dense_latency.h:42->firmware/nnet_utils/nnet_dense_stream.h:17]   --->   Operation 911 'sub' 'sub_ln73_33' <Predicate = true> <Delay = 0.90> <CoreInst = "Adder">   --->   Core 1 'Adder' <Latency = 0> <II = 1> <Delay = 0.90> <FuncUnit> <Opcode : 'add' 'sub'> <InPorts = 2> <OutPorts = 1>
ST_1 : Operation 912 [1/1] (0.00ns)   --->   "%mult_253 = partselect i12 @_ssdm_op_PartSelect.i12.i22.i32.i32, i22 %sub_ln73_33, i32 10, i32 21" [firmware/nnet_utils/nnet_dense_latency.h:42->firmware/nnet_utils/nnet_dense_stream.h:17]   --->   Operation 912 'partselect' 'mult_253' <Predicate = true> <Delay = 0.00>
ST_1 : Operation 913 [1/1] (0.00ns)   --->   "%sext_ln17_71 = sext i12 %mult_253" [firmware/nnet_utils/nnet_dense_latency.h:17->firmware/nnet_utils/nnet_dense_stream.h:17]   --->   Operation 913 'sext' 'sext_ln17_71' <Predicate = true> <Delay = 0.00>
ST_1 : Operation 914 [1/1] (2.38ns)   --->   "%mul_ln73_208 = mul i26 %sext_ln70_103, i26 67108564" [firmware/nnet_utils/nnet_mult.h:73->firmware/nnet_utils/nnet_dense_latency.h:42->firmware/nnet_utils/nnet_dense_stream.h:17]   --->   Operation 914 'mul' 'mul_ln73_208' <Predicate = true> <Delay = 2.38> <CoreInst = "Multiplier">   --->   Core 3 'Multiplier' <Latency = 0> <II = 1> <Delay = 2.38> <FuncUnit> <Opcode : 'mul'> <InPorts = 2> <OutPorts = 1>
ST_1 : Operation 915 [1/1] (0.00ns)   --->   "%mult_254 = partselect i16 @_ssdm_op_PartSelect.i16.i26.i32.i32, i26 %mul_ln73_208, i32 10, i32 25" [firmware/nnet_utils/nnet_dense_latency.h:42->firmware/nnet_utils/nnet_dense_stream.h:17]   --->   Operation 915 'partselect' 'mult_254' <Predicate = true> <Delay = 0.00>
ST_1 : Operation 916 [1/1] (2.38ns)   --->   "%mul_ln73_209 = mul i24 %sext_ln70_102, i24 16777113" [firmware/nnet_utils/nnet_mult.h:73->firmware/nnet_utils/nnet_dense_latency.h:42->firmware/nnet_utils/nnet_dense_stream.h:17]   --->   Operation 916 'mul' 'mul_ln73_209' <Predicate = true> <Delay = 2.38> <CoreInst = "Multiplier">   --->   Core 3 'Multiplier' <Latency = 0> <II = 1> <Delay = 2.38> <FuncUnit> <Opcode : 'mul'> <InPorts = 2> <OutPorts = 1>
ST_1 : Operation 917 [1/1] (0.00ns)   --->   "%mult_255 = partselect i14 @_ssdm_op_PartSelect.i14.i24.i32.i32, i24 %mul_ln73_209, i32 10, i32 23" [firmware/nnet_utils/nnet_dense_latency.h:42->firmware/nnet_utils/nnet_dense_stream.h:17]   --->   Operation 917 'partselect' 'mult_255' <Predicate = true> <Delay = 0.00>
ST_1 : Operation 918 [1/1] (0.00ns)   --->   "%sext_ln70_105 = sext i16 %data_32_val33_read" [firmware/nnet_utils/nnet_mult.h:70->firmware/nnet_utils/nnet_dense_latency.h:42->firmware/nnet_utils/nnet_dense_stream.h:17]   --->   Operation 918 'sext' 'sext_ln70_105' <Predicate = true> <Delay = 0.00>
ST_1 : Operation 919 [1/1] (0.00ns)   --->   "%sext_ln70_106 = sext i16 %data_32_val33_read" [firmware/nnet_utils/nnet_mult.h:70->firmware/nnet_utils/nnet_dense_latency.h:42->firmware/nnet_utils/nnet_dense_stream.h:17]   --->   Operation 919 'sext' 'sext_ln70_106' <Predicate = true> <Delay = 0.00>
ST_1 : Operation 920 [1/1] (0.00ns)   --->   "%sext_ln70_107 = sext i16 %data_32_val33_read" [firmware/nnet_utils/nnet_mult.h:70->firmware/nnet_utils/nnet_dense_latency.h:42->firmware/nnet_utils/nnet_dense_stream.h:17]   --->   Operation 920 'sext' 'sext_ln70_107' <Predicate = true> <Delay = 0.00>
ST_1 : Operation 921 [1/1] (0.00ns)   --->   "%sext_ln70_108 = sext i16 %data_32_val33_read" [firmware/nnet_utils/nnet_mult.h:70->firmware/nnet_utils/nnet_dense_latency.h:42->firmware/nnet_utils/nnet_dense_stream.h:17]   --->   Operation 921 'sext' 'sext_ln70_108' <Predicate = true> <Delay = 0.00>
ST_1 : Operation 922 [1/1] (2.38ns)   --->   "%mul_ln73_210 = mul i26 %sext_ln70_108, i26 273" [firmware/nnet_utils/nnet_mult.h:73->firmware/nnet_utils/nnet_dense_latency.h:42->firmware/nnet_utils/nnet_dense_stream.h:17]   --->   Operation 922 'mul' 'mul_ln73_210' <Predicate = true> <Delay = 2.38> <CoreInst = "Multiplier">   --->   Core 3 'Multiplier' <Latency = 0> <II = 1> <Delay = 2.38> <FuncUnit> <Opcode : 'mul'> <InPorts = 2> <OutPorts = 1>
ST_1 : Operation 923 [1/1] (0.00ns)   --->   "%mult_256 = partselect i16 @_ssdm_op_PartSelect.i16.i26.i32.i32, i26 %mul_ln73_210, i32 10, i32 25" [firmware/nnet_utils/nnet_dense_latency.h:42->firmware/nnet_utils/nnet_dense_stream.h:17]   --->   Operation 923 'partselect' 'mult_256' <Predicate = true> <Delay = 0.00>
ST_1 : Operation 924 [1/1] (2.38ns)   --->   "%mul_ln73_211 = mul i24 %sext_ln70_107, i24 95" [firmware/nnet_utils/nnet_mult.h:73->firmware/nnet_utils/nnet_dense_latency.h:42->firmware/nnet_utils/nnet_dense_stream.h:17]   --->   Operation 924 'mul' 'mul_ln73_211' <Predicate = true> <Delay = 2.38> <CoreInst = "Multiplier">   --->   Core 3 'Multiplier' <Latency = 0> <II = 1> <Delay = 2.38> <FuncUnit> <Opcode : 'mul'> <InPorts = 2> <OutPorts = 1>
ST_1 : Operation 925 [1/1] (0.00ns)   --->   "%mult_257 = partselect i14 @_ssdm_op_PartSelect.i14.i24.i32.i32, i24 %mul_ln73_211, i32 10, i32 23" [firmware/nnet_utils/nnet_dense_latency.h:42->firmware/nnet_utils/nnet_dense_stream.h:17]   --->   Operation 925 'partselect' 'mult_257' <Predicate = true> <Delay = 0.00>
ST_1 : Operation 926 [1/1] (0.00ns)   --->   "%sext_ln17_72 = sext i14 %mult_257" [firmware/nnet_utils/nnet_dense_latency.h:17->firmware/nnet_utils/nnet_dense_stream.h:17]   --->   Operation 926 'sext' 'sext_ln17_72' <Predicate = true> <Delay = 0.00>
ST_1 : Operation 927 [1/1] (0.00ns)   --->   "%tmp_83 = bitconcatenate i24 @_ssdm_op_BitConcatenate.i24.i16.i8, i16 %data_32_val33_read, i8 0" [firmware/nnet_utils/nnet_mult.h:73->firmware/nnet_utils/nnet_dense_latency.h:42->firmware/nnet_utils/nnet_dense_stream.h:17]   --->   Operation 927 'bitconcatenate' 'tmp_83' <Predicate = true> <Delay = 0.00>
ST_1 : Operation 928 [1/1] (0.00ns)   --->   "%sext_ln73_72 = sext i24 %tmp_83" [firmware/nnet_utils/nnet_mult.h:73->firmware/nnet_utils/nnet_dense_latency.h:42->firmware/nnet_utils/nnet_dense_stream.h:17]   --->   Operation 928 'sext' 'sext_ln73_72' <Predicate = true> <Delay = 0.00>
ST_1 : Operation 929 [1/1] (0.00ns) (grouped into TernaryAdder)   --->   "%sub_ln73_34 = sub i26 0, i26 %sext_ln73_72" [firmware/nnet_utils/nnet_mult.h:73->firmware/nnet_utils/nnet_dense_latency.h:42->firmware/nnet_utils/nnet_dense_stream.h:17]   --->   Operation 929 'sub' 'sub_ln73_34' <Predicate = true> <Delay = 0.00> <CoreInst = "TAddSub">   --->   Core 10 'TAddSub' <Latency = 0> <II = 1> <Delay = 0.34> <IPBlock> <Opcode : '' 'add' 'sub'> <InPorts = 3> <OutPorts = 1> <Sync> <CReg>
ST_1 : Operation 930 [1/1] (0.00ns)   --->   "%tmp_84 = bitconcatenate i21 @_ssdm_op_BitConcatenate.i21.i16.i5, i16 %data_32_val33_read, i5 0" [firmware/nnet_utils/nnet_mult.h:73->firmware/nnet_utils/nnet_dense_latency.h:42->firmware/nnet_utils/nnet_dense_stream.h:17]   --->   Operation 930 'bitconcatenate' 'tmp_84' <Predicate = true> <Delay = 0.00>
ST_1 : Operation 931 [1/1] (0.00ns)   --->   "%sext_ln73_73 = sext i21 %tmp_84" [firmware/nnet_utils/nnet_mult.h:73->firmware/nnet_utils/nnet_dense_latency.h:42->firmware/nnet_utils/nnet_dense_stream.h:17]   --->   Operation 931 'sext' 'sext_ln73_73' <Predicate = true> <Delay = 0.00>
ST_1 : Operation 932 [1/1] (0.71ns) (root node of TernaryAdder)   --->   "%sub_ln73_35 = sub i26 %sub_ln73_34, i26 %sext_ln73_73" [firmware/nnet_utils/nnet_mult.h:73->firmware/nnet_utils/nnet_dense_latency.h:42->firmware/nnet_utils/nnet_dense_stream.h:17]   --->   Operation 932 'sub' 'sub_ln73_35' <Predicate = true> <Delay = 0.71> <CoreInst = "TAddSub">   --->   Core 10 'TAddSub' <Latency = 0> <II = 1> <Delay = 0.34> <IPBlock> <Opcode : '' 'add' 'sub'> <InPorts = 3> <OutPorts = 1> <Sync> <CReg>
ST_1 : Operation 933 [1/1] (0.00ns)   --->   "%mult_258 = partselect i16 @_ssdm_op_PartSelect.i16.i26.i32.i32, i26 %sub_ln73_35, i32 10, i32 25" [firmware/nnet_utils/nnet_dense_latency.h:42->firmware/nnet_utils/nnet_dense_stream.h:17]   --->   Operation 933 'partselect' 'mult_258' <Predicate = true> <Delay = 0.00>
ST_1 : Operation 934 [1/1] (2.38ns)   --->   "%mul_ln73_212 = mul i25 %sext_ln70_106, i25 33554179" [firmware/nnet_utils/nnet_mult.h:73->firmware/nnet_utils/nnet_dense_latency.h:42->firmware/nnet_utils/nnet_dense_stream.h:17]   --->   Operation 934 'mul' 'mul_ln73_212' <Predicate = true> <Delay = 2.38> <CoreInst = "Multiplier">   --->   Core 3 'Multiplier' <Latency = 0> <II = 1> <Delay = 2.38> <FuncUnit> <Opcode : 'mul'> <InPorts = 2> <OutPorts = 1>
ST_1 : Operation 935 [1/1] (0.00ns)   --->   "%mult_259 = partselect i15 @_ssdm_op_PartSelect.i15.i25.i32.i32, i25 %mul_ln73_212, i32 10, i32 24" [firmware/nnet_utils/nnet_dense_latency.h:42->firmware/nnet_utils/nnet_dense_stream.h:17]   --->   Operation 935 'partselect' 'mult_259' <Predicate = true> <Delay = 0.00>
ST_1 : Operation 936 [1/1] (2.38ns)   --->   "%mul_ln73_213 = mul i25 %sext_ln70_106, i25 33554188" [firmware/nnet_utils/nnet_mult.h:73->firmware/nnet_utils/nnet_dense_latency.h:42->firmware/nnet_utils/nnet_dense_stream.h:17]   --->   Operation 936 'mul' 'mul_ln73_213' <Predicate = true> <Delay = 2.38> <CoreInst = "Multiplier">   --->   Core 3 'Multiplier' <Latency = 0> <II = 1> <Delay = 2.38> <FuncUnit> <Opcode : 'mul'> <InPorts = 2> <OutPorts = 1>
ST_1 : Operation 937 [1/1] (0.00ns)   --->   "%mult_260 = partselect i15 @_ssdm_op_PartSelect.i15.i25.i32.i32, i25 %mul_ln73_213, i32 10, i32 24" [firmware/nnet_utils/nnet_dense_latency.h:42->firmware/nnet_utils/nnet_dense_stream.h:17]   --->   Operation 937 'partselect' 'mult_260' <Predicate = true> <Delay = 0.00>
ST_1 : Operation 938 [1/1] (0.00ns)   --->   "%sext_ln42_99 = sext i15 %mult_260" [firmware/nnet_utils/nnet_dense_latency.h:42->firmware/nnet_utils/nnet_dense_stream.h:17]   --->   Operation 938 'sext' 'sext_ln42_99' <Predicate = true> <Delay = 0.00>
ST_1 : Operation 939 [1/1] (2.38ns)   --->   "%mul_ln73_214 = mul i23 %sext_ln70_105, i23 52" [firmware/nnet_utils/nnet_mult.h:73->firmware/nnet_utils/nnet_dense_latency.h:42->firmware/nnet_utils/nnet_dense_stream.h:17]   --->   Operation 939 'mul' 'mul_ln73_214' <Predicate = true> <Delay = 2.38> <CoreInst = "Multiplier">   --->   Core 3 'Multiplier' <Latency = 0> <II = 1> <Delay = 2.38> <FuncUnit> <Opcode : 'mul'> <InPorts = 2> <OutPorts = 1>
ST_1 : Operation 940 [1/1] (0.00ns)   --->   "%mult_261 = partselect i13 @_ssdm_op_PartSelect.i13.i23.i32.i32, i23 %mul_ln73_214, i32 10, i32 22" [firmware/nnet_utils/nnet_dense_latency.h:42->firmware/nnet_utils/nnet_dense_stream.h:17]   --->   Operation 940 'partselect' 'mult_261' <Predicate = true> <Delay = 0.00>
ST_1 : Operation 941 [1/1] (0.00ns)   --->   "%sext_ln17_73 = sext i13 %mult_261" [firmware/nnet_utils/nnet_dense_latency.h:17->firmware/nnet_utils/nnet_dense_stream.h:17]   --->   Operation 941 'sext' 'sext_ln17_73' <Predicate = true> <Delay = 0.00>
ST_1 : Operation 942 [1/1] (2.38ns)   --->   "%mul_ln73_215 = mul i26 %sext_ln70_108, i26 67108553" [firmware/nnet_utils/nnet_mult.h:73->firmware/nnet_utils/nnet_dense_latency.h:42->firmware/nnet_utils/nnet_dense_stream.h:17]   --->   Operation 942 'mul' 'mul_ln73_215' <Predicate = true> <Delay = 2.38> <CoreInst = "Multiplier">   --->   Core 3 'Multiplier' <Latency = 0> <II = 1> <Delay = 2.38> <FuncUnit> <Opcode : 'mul'> <InPorts = 2> <OutPorts = 1>
ST_1 : Operation 943 [1/1] (0.00ns)   --->   "%mult_262 = partselect i16 @_ssdm_op_PartSelect.i16.i26.i32.i32, i26 %mul_ln73_215, i32 10, i32 25" [firmware/nnet_utils/nnet_dense_latency.h:42->firmware/nnet_utils/nnet_dense_stream.h:17]   --->   Operation 943 'partselect' 'mult_262' <Predicate = true> <Delay = 0.00>
ST_1 : Operation 944 [1/1] (2.38ns)   --->   "%mul_ln73_216 = mul i24 %sext_ln70_107, i24 16777145" [firmware/nnet_utils/nnet_mult.h:73->firmware/nnet_utils/nnet_dense_latency.h:42->firmware/nnet_utils/nnet_dense_stream.h:17]   --->   Operation 944 'mul' 'mul_ln73_216' <Predicate = true> <Delay = 2.38> <CoreInst = "Multiplier">   --->   Core 3 'Multiplier' <Latency = 0> <II = 1> <Delay = 2.38> <FuncUnit> <Opcode : 'mul'> <InPorts = 2> <OutPorts = 1>
ST_1 : Operation 945 [1/1] (0.00ns)   --->   "%mult_263 = partselect i14 @_ssdm_op_PartSelect.i14.i24.i32.i32, i24 %mul_ln73_216, i32 10, i32 23" [firmware/nnet_utils/nnet_dense_latency.h:42->firmware/nnet_utils/nnet_dense_stream.h:17]   --->   Operation 945 'partselect' 'mult_263' <Predicate = true> <Delay = 0.00>
ST_1 : Operation 946 [1/1] (0.00ns)   --->   "%sext_ln17_74 = sext i14 %mult_263" [firmware/nnet_utils/nnet_dense_latency.h:17->firmware/nnet_utils/nnet_dense_stream.h:17]   --->   Operation 946 'sext' 'sext_ln17_74' <Predicate = true> <Delay = 0.00>
ST_1 : Operation 947 [1/1] (0.00ns)   --->   "%sext_ln70_109 = sext i16 %data_33_val34_read" [firmware/nnet_utils/nnet_mult.h:70->firmware/nnet_utils/nnet_dense_latency.h:42->firmware/nnet_utils/nnet_dense_stream.h:17]   --->   Operation 947 'sext' 'sext_ln70_109' <Predicate = true> <Delay = 0.00>
ST_1 : Operation 948 [1/1] (0.00ns)   --->   "%sext_ln70_110 = sext i16 %data_33_val34_read" [firmware/nnet_utils/nnet_mult.h:70->firmware/nnet_utils/nnet_dense_latency.h:42->firmware/nnet_utils/nnet_dense_stream.h:17]   --->   Operation 948 'sext' 'sext_ln70_110' <Predicate = true> <Delay = 0.00>
ST_1 : Operation 949 [1/1] (0.00ns)   --->   "%sext_ln70_111 = sext i16 %data_33_val34_read" [firmware/nnet_utils/nnet_mult.h:70->firmware/nnet_utils/nnet_dense_latency.h:42->firmware/nnet_utils/nnet_dense_stream.h:17]   --->   Operation 949 'sext' 'sext_ln70_111' <Predicate = true> <Delay = 0.00>
ST_1 : Operation 950 [1/1] (2.38ns)   --->   "%mul_ln73_217 = mul i25 %sext_ln70_111, i25 220" [firmware/nnet_utils/nnet_mult.h:73->firmware/nnet_utils/nnet_dense_latency.h:42->firmware/nnet_utils/nnet_dense_stream.h:17]   --->   Operation 950 'mul' 'mul_ln73_217' <Predicate = true> <Delay = 2.38> <CoreInst = "Multiplier">   --->   Core 3 'Multiplier' <Latency = 0> <II = 1> <Delay = 2.38> <FuncUnit> <Opcode : 'mul'> <InPorts = 2> <OutPorts = 1>
ST_1 : Operation 951 [1/1] (0.00ns)   --->   "%mult_264 = partselect i15 @_ssdm_op_PartSelect.i15.i25.i32.i32, i25 %mul_ln73_217, i32 10, i32 24" [firmware/nnet_utils/nnet_dense_latency.h:42->firmware/nnet_utils/nnet_dense_stream.h:17]   --->   Operation 951 'partselect' 'mult_264' <Predicate = true> <Delay = 0.00>
ST_1 : Operation 952 [1/1] (0.00ns)   --->   "%sext_ln42_100 = sext i15 %mult_264" [firmware/nnet_utils/nnet_dense_latency.h:42->firmware/nnet_utils/nnet_dense_stream.h:17]   --->   Operation 952 'sext' 'sext_ln42_100' <Predicate = true> <Delay = 0.00>
ST_1 : Operation 953 [1/1] (0.00ns)   --->   "%tmp_85 = bitconcatenate i23 @_ssdm_op_BitConcatenate.i23.i16.i7, i16 %data_33_val34_read, i7 0" [firmware/nnet_utils/nnet_mult.h:73->firmware/nnet_utils/nnet_dense_latency.h:42->firmware/nnet_utils/nnet_dense_stream.h:17]   --->   Operation 953 'bitconcatenate' 'tmp_85' <Predicate = true> <Delay = 0.00>
ST_1 : Operation 954 [1/1] (0.00ns)   --->   "%sext_ln73_74 = sext i23 %tmp_85" [firmware/nnet_utils/nnet_mult.h:73->firmware/nnet_utils/nnet_dense_latency.h:42->firmware/nnet_utils/nnet_dense_stream.h:17]   --->   Operation 954 'sext' 'sext_ln73_74' <Predicate = true> <Delay = 0.00>
ST_1 : Operation 955 [1/1] (0.92ns)   --->   "%sub_ln73_36 = sub i24 %sext_ln70_110, i24 %sext_ln73_74" [firmware/nnet_utils/nnet_mult.h:73->firmware/nnet_utils/nnet_dense_latency.h:42->firmware/nnet_utils/nnet_dense_stream.h:17]   --->   Operation 955 'sub' 'sub_ln73_36' <Predicate = true> <Delay = 0.92> <CoreInst = "Adder">   --->   Core 1 'Adder' <Latency = 0> <II = 1> <Delay = 0.92> <FuncUnit> <Opcode : 'add' 'sub'> <InPorts = 2> <OutPorts = 1>
ST_1 : Operation 956 [1/1] (0.00ns)   --->   "%mult_265 = partselect i14 @_ssdm_op_PartSelect.i14.i24.i32.i32, i24 %sub_ln73_36, i32 10, i32 23" [firmware/nnet_utils/nnet_dense_latency.h:42->firmware/nnet_utils/nnet_dense_stream.h:17]   --->   Operation 956 'partselect' 'mult_265' <Predicate = true> <Delay = 0.00>
ST_1 : Operation 957 [1/1] (0.00ns)   --->   "%sext_ln17_75 = sext i14 %mult_265" [firmware/nnet_utils/nnet_dense_latency.h:17->firmware/nnet_utils/nnet_dense_stream.h:17]   --->   Operation 957 'sext' 'sext_ln17_75' <Predicate = true> <Delay = 0.00>
ST_1 : Operation 958 [1/1] (2.38ns)   --->   "%mul_ln73_218 = mul i24 %sext_ln70_110, i24 92" [firmware/nnet_utils/nnet_mult.h:73->firmware/nnet_utils/nnet_dense_latency.h:42->firmware/nnet_utils/nnet_dense_stream.h:17]   --->   Operation 958 'mul' 'mul_ln73_218' <Predicate = true> <Delay = 2.38> <CoreInst = "Multiplier">   --->   Core 3 'Multiplier' <Latency = 0> <II = 1> <Delay = 2.38> <FuncUnit> <Opcode : 'mul'> <InPorts = 2> <OutPorts = 1>
ST_1 : Operation 959 [1/1] (0.00ns)   --->   "%mult_266 = partselect i14 @_ssdm_op_PartSelect.i14.i24.i32.i32, i24 %mul_ln73_218, i32 10, i32 23" [firmware/nnet_utils/nnet_dense_latency.h:42->firmware/nnet_utils/nnet_dense_stream.h:17]   --->   Operation 959 'partselect' 'mult_266' <Predicate = true> <Delay = 0.00>
ST_1 : Operation 960 [1/1] (0.00ns)   --->   "%sext_ln17_76 = sext i14 %mult_266" [firmware/nnet_utils/nnet_dense_latency.h:17->firmware/nnet_utils/nnet_dense_stream.h:17]   --->   Operation 960 'sext' 'sext_ln17_76' <Predicate = true> <Delay = 0.00>
ST_1 : Operation 961 [1/1] (2.38ns)   --->   "%mul_ln73_219 = mul i26 %sext_ln70_109, i26 276" [firmware/nnet_utils/nnet_mult.h:73->firmware/nnet_utils/nnet_dense_latency.h:42->firmware/nnet_utils/nnet_dense_stream.h:17]   --->   Operation 961 'mul' 'mul_ln73_219' <Predicate = true> <Delay = 2.38> <CoreInst = "Multiplier">   --->   Core 3 'Multiplier' <Latency = 0> <II = 1> <Delay = 2.38> <FuncUnit> <Opcode : 'mul'> <InPorts = 2> <OutPorts = 1>
ST_1 : Operation 962 [1/1] (0.00ns)   --->   "%mult_267 = partselect i16 @_ssdm_op_PartSelect.i16.i26.i32.i32, i26 %mul_ln73_219, i32 10, i32 25" [firmware/nnet_utils/nnet_dense_latency.h:42->firmware/nnet_utils/nnet_dense_stream.h:17]   --->   Operation 962 'partselect' 'mult_267' <Predicate = true> <Delay = 0.00>
ST_1 : Operation 963 [1/1] (2.38ns)   --->   "%mul_ln73_220 = mul i25 %sext_ln70_111, i25 33554237" [firmware/nnet_utils/nnet_mult.h:73->firmware/nnet_utils/nnet_dense_latency.h:42->firmware/nnet_utils/nnet_dense_stream.h:17]   --->   Operation 963 'mul' 'mul_ln73_220' <Predicate = true> <Delay = 2.38> <CoreInst = "Multiplier">   --->   Core 3 'Multiplier' <Latency = 0> <II = 1> <Delay = 2.38> <FuncUnit> <Opcode : 'mul'> <InPorts = 2> <OutPorts = 1>
ST_1 : Operation 964 [1/1] (0.00ns)   --->   "%mult_268 = partselect i15 @_ssdm_op_PartSelect.i15.i25.i32.i32, i25 %mul_ln73_220, i32 10, i32 24" [firmware/nnet_utils/nnet_dense_latency.h:42->firmware/nnet_utils/nnet_dense_stream.h:17]   --->   Operation 964 'partselect' 'mult_268' <Predicate = true> <Delay = 0.00>
ST_1 : Operation 965 [1/1] (2.38ns)   --->   "%mul_ln73_221 = mul i25 %sext_ln70_111, i25 33554212" [firmware/nnet_utils/nnet_mult.h:73->firmware/nnet_utils/nnet_dense_latency.h:42->firmware/nnet_utils/nnet_dense_stream.h:17]   --->   Operation 965 'mul' 'mul_ln73_221' <Predicate = true> <Delay = 2.38> <CoreInst = "Multiplier">   --->   Core 3 'Multiplier' <Latency = 0> <II = 1> <Delay = 2.38> <FuncUnit> <Opcode : 'mul'> <InPorts = 2> <OutPorts = 1>
ST_1 : Operation 966 [1/1] (0.00ns)   --->   "%mult_269 = partselect i15 @_ssdm_op_PartSelect.i15.i25.i32.i32, i25 %mul_ln73_221, i32 10, i32 24" [firmware/nnet_utils/nnet_dense_latency.h:42->firmware/nnet_utils/nnet_dense_stream.h:17]   --->   Operation 966 'partselect' 'mult_269' <Predicate = true> <Delay = 0.00>
ST_1 : Operation 967 [1/1] (2.38ns)   --->   "%mul_ln73_222 = mul i24 %sext_ln70_110, i24 76" [firmware/nnet_utils/nnet_mult.h:73->firmware/nnet_utils/nnet_dense_latency.h:42->firmware/nnet_utils/nnet_dense_stream.h:17]   --->   Operation 967 'mul' 'mul_ln73_222' <Predicate = true> <Delay = 2.38> <CoreInst = "Multiplier">   --->   Core 3 'Multiplier' <Latency = 0> <II = 1> <Delay = 2.38> <FuncUnit> <Opcode : 'mul'> <InPorts = 2> <OutPorts = 1>
ST_1 : Operation 968 [1/1] (0.00ns)   --->   "%mult_270 = partselect i14 @_ssdm_op_PartSelect.i14.i24.i32.i32, i24 %mul_ln73_222, i32 10, i32 23" [firmware/nnet_utils/nnet_dense_latency.h:42->firmware/nnet_utils/nnet_dense_stream.h:17]   --->   Operation 968 'partselect' 'mult_270' <Predicate = true> <Delay = 0.00>
ST_1 : Operation 969 [1/1] (0.00ns)   --->   "%sext_ln17_77 = sext i14 %mult_270" [firmware/nnet_utils/nnet_dense_latency.h:17->firmware/nnet_utils/nnet_dense_stream.h:17]   --->   Operation 969 'sext' 'sext_ln17_77' <Predicate = true> <Delay = 0.00>
ST_1 : Operation 970 [1/1] (2.38ns)   --->   "%mul_ln73_223 = mul i25 %sext_ln70_111, i25 33554282" [firmware/nnet_utils/nnet_mult.h:73->firmware/nnet_utils/nnet_dense_latency.h:42->firmware/nnet_utils/nnet_dense_stream.h:17]   --->   Operation 970 'mul' 'mul_ln73_223' <Predicate = true> <Delay = 2.38> <CoreInst = "Multiplier">   --->   Core 3 'Multiplier' <Latency = 0> <II = 1> <Delay = 2.38> <FuncUnit> <Opcode : 'mul'> <InPorts = 2> <OutPorts = 1>
ST_1 : Operation 971 [1/1] (0.00ns)   --->   "%mult_271 = partselect i15 @_ssdm_op_PartSelect.i15.i25.i32.i32, i25 %mul_ln73_223, i32 10, i32 24" [firmware/nnet_utils/nnet_dense_latency.h:42->firmware/nnet_utils/nnet_dense_stream.h:17]   --->   Operation 971 'partselect' 'mult_271' <Predicate = true> <Delay = 0.00>
ST_1 : Operation 972 [1/1] (0.00ns)   --->   "%sext_ln70_112 = sext i16 %data_34_val35_read" [firmware/nnet_utils/nnet_mult.h:70->firmware/nnet_utils/nnet_dense_latency.h:42->firmware/nnet_utils/nnet_dense_stream.h:17]   --->   Operation 972 'sext' 'sext_ln70_112' <Predicate = true> <Delay = 0.00>
ST_1 : Operation 973 [1/1] (0.00ns)   --->   "%sext_ln70_113 = sext i16 %data_34_val35_read" [firmware/nnet_utils/nnet_mult.h:70->firmware/nnet_utils/nnet_dense_latency.h:42->firmware/nnet_utils/nnet_dense_stream.h:17]   --->   Operation 973 'sext' 'sext_ln70_113' <Predicate = true> <Delay = 0.00>
ST_1 : Operation 974 [1/1] (0.00ns)   --->   "%sext_ln70_114 = sext i16 %data_34_val35_read" [firmware/nnet_utils/nnet_mult.h:70->firmware/nnet_utils/nnet_dense_latency.h:42->firmware/nnet_utils/nnet_dense_stream.h:17]   --->   Operation 974 'sext' 'sext_ln70_114' <Predicate = true> <Delay = 0.00>
ST_1 : Operation 975 [1/1] (2.38ns)   --->   "%mul_ln73_224 = mul i25 %sext_ln70_114, i25 181" [firmware/nnet_utils/nnet_mult.h:73->firmware/nnet_utils/nnet_dense_latency.h:42->firmware/nnet_utils/nnet_dense_stream.h:17]   --->   Operation 975 'mul' 'mul_ln73_224' <Predicate = true> <Delay = 2.38> <CoreInst = "Multiplier">   --->   Core 3 'Multiplier' <Latency = 0> <II = 1> <Delay = 2.38> <FuncUnit> <Opcode : 'mul'> <InPorts = 2> <OutPorts = 1>
ST_1 : Operation 976 [1/1] (0.00ns)   --->   "%mult_272 = partselect i15 @_ssdm_op_PartSelect.i15.i25.i32.i32, i25 %mul_ln73_224, i32 10, i32 24" [firmware/nnet_utils/nnet_dense_latency.h:42->firmware/nnet_utils/nnet_dense_stream.h:17]   --->   Operation 976 'partselect' 'mult_272' <Predicate = true> <Delay = 0.00>
ST_1 : Operation 977 [1/1] (0.00ns)   --->   "%sext_ln42_104 = sext i15 %mult_272" [firmware/nnet_utils/nnet_dense_latency.h:42->firmware/nnet_utils/nnet_dense_stream.h:17]   --->   Operation 977 'sext' 'sext_ln42_104' <Predicate = true> <Delay = 0.00>
ST_1 : Operation 978 [1/1] (2.38ns)   --->   "%mul_ln73_225 = mul i26 %sext_ln70_113, i26 285" [firmware/nnet_utils/nnet_mult.h:73->firmware/nnet_utils/nnet_dense_latency.h:42->firmware/nnet_utils/nnet_dense_stream.h:17]   --->   Operation 978 'mul' 'mul_ln73_225' <Predicate = true> <Delay = 2.38> <CoreInst = "Multiplier">   --->   Core 3 'Multiplier' <Latency = 0> <II = 1> <Delay = 2.38> <FuncUnit> <Opcode : 'mul'> <InPorts = 2> <OutPorts = 1>
ST_1 : Operation 979 [1/1] (0.00ns)   --->   "%mult_273 = partselect i16 @_ssdm_op_PartSelect.i16.i26.i32.i32, i26 %mul_ln73_225, i32 10, i32 25" [firmware/nnet_utils/nnet_dense_latency.h:42->firmware/nnet_utils/nnet_dense_stream.h:17]   --->   Operation 979 'partselect' 'mult_273' <Predicate = true> <Delay = 0.00>
ST_1 : Operation 980 [1/1] (2.38ns)   --->   "%mul_ln73_226 = mul i25 %sext_ln70_114, i25 33554274" [firmware/nnet_utils/nnet_mult.h:73->firmware/nnet_utils/nnet_dense_latency.h:42->firmware/nnet_utils/nnet_dense_stream.h:17]   --->   Operation 980 'mul' 'mul_ln73_226' <Predicate = true> <Delay = 2.38> <CoreInst = "Multiplier">   --->   Core 3 'Multiplier' <Latency = 0> <II = 1> <Delay = 2.38> <FuncUnit> <Opcode : 'mul'> <InPorts = 2> <OutPorts = 1>
ST_1 : Operation 981 [1/1] (0.00ns)   --->   "%mult_274 = partselect i15 @_ssdm_op_PartSelect.i15.i25.i32.i32, i25 %mul_ln73_226, i32 10, i32 24" [firmware/nnet_utils/nnet_dense_latency.h:42->firmware/nnet_utils/nnet_dense_stream.h:17]   --->   Operation 981 'partselect' 'mult_274' <Predicate = true> <Delay = 0.00>
ST_1 : Operation 982 [1/1] (0.00ns)   --->   "%sext_ln42_105 = sext i15 %mult_274" [firmware/nnet_utils/nnet_dense_latency.h:42->firmware/nnet_utils/nnet_dense_stream.h:17]   --->   Operation 982 'sext' 'sext_ln42_105' <Predicate = true> <Delay = 0.00>
ST_1 : Operation 983 [1/1] (2.38ns)   --->   "%mul_ln73_227 = mul i25 %sext_ln70_114, i25 168" [firmware/nnet_utils/nnet_mult.h:73->firmware/nnet_utils/nnet_dense_latency.h:42->firmware/nnet_utils/nnet_dense_stream.h:17]   --->   Operation 983 'mul' 'mul_ln73_227' <Predicate = true> <Delay = 2.38> <CoreInst = "Multiplier">   --->   Core 3 'Multiplier' <Latency = 0> <II = 1> <Delay = 2.38> <FuncUnit> <Opcode : 'mul'> <InPorts = 2> <OutPorts = 1>
ST_1 : Operation 984 [1/1] (0.00ns)   --->   "%mult_275 = partselect i15 @_ssdm_op_PartSelect.i15.i25.i32.i32, i25 %mul_ln73_227, i32 10, i32 24" [firmware/nnet_utils/nnet_dense_latency.h:42->firmware/nnet_utils/nnet_dense_stream.h:17]   --->   Operation 984 'partselect' 'mult_275' <Predicate = true> <Delay = 0.00>
ST_1 : Operation 985 [1/1] (0.00ns)   --->   "%sext_ln42_106 = sext i15 %mult_275" [firmware/nnet_utils/nnet_dense_latency.h:42->firmware/nnet_utils/nnet_dense_stream.h:17]   --->   Operation 985 'sext' 'sext_ln42_106' <Predicate = true> <Delay = 0.00>
ST_1 : Operation 986 [1/1] (2.38ns)   --->   "%mul_ln73_228 = mul i25 %sext_ln70_114, i25 222" [firmware/nnet_utils/nnet_mult.h:73->firmware/nnet_utils/nnet_dense_latency.h:42->firmware/nnet_utils/nnet_dense_stream.h:17]   --->   Operation 986 'mul' 'mul_ln73_228' <Predicate = true> <Delay = 2.38> <CoreInst = "Multiplier">   --->   Core 3 'Multiplier' <Latency = 0> <II = 1> <Delay = 2.38> <FuncUnit> <Opcode : 'mul'> <InPorts = 2> <OutPorts = 1>
ST_1 : Operation 987 [1/1] (0.00ns)   --->   "%mult_276 = partselect i15 @_ssdm_op_PartSelect.i15.i25.i32.i32, i25 %mul_ln73_228, i32 10, i32 24" [firmware/nnet_utils/nnet_dense_latency.h:42->firmware/nnet_utils/nnet_dense_stream.h:17]   --->   Operation 987 'partselect' 'mult_276' <Predicate = true> <Delay = 0.00>
ST_1 : Operation 988 [1/1] (2.38ns)   --->   "%mul_ln73_229 = mul i22 %sext_ln70_112, i22 4194282" [firmware/nnet_utils/nnet_mult.h:73->firmware/nnet_utils/nnet_dense_latency.h:42->firmware/nnet_utils/nnet_dense_stream.h:17]   --->   Operation 988 'mul' 'mul_ln73_229' <Predicate = true> <Delay = 2.38> <CoreInst = "Multiplier">   --->   Core 3 'Multiplier' <Latency = 0> <II = 1> <Delay = 2.38> <FuncUnit> <Opcode : 'mul'> <InPorts = 2> <OutPorts = 1>
ST_1 : Operation 989 [1/1] (0.00ns)   --->   "%mult_277 = partselect i12 @_ssdm_op_PartSelect.i12.i22.i32.i32, i22 %mul_ln73_229, i32 10, i32 21" [firmware/nnet_utils/nnet_dense_latency.h:42->firmware/nnet_utils/nnet_dense_stream.h:17]   --->   Operation 989 'partselect' 'mult_277' <Predicate = true> <Delay = 0.00>
ST_1 : Operation 990 [1/1] (0.00ns)   --->   "%sext_ln17_78 = sext i12 %mult_277" [firmware/nnet_utils/nnet_dense_latency.h:17->firmware/nnet_utils/nnet_dense_stream.h:17]   --->   Operation 990 'sext' 'sext_ln17_78' <Predicate = true> <Delay = 0.00>
ST_1 : Operation 991 [1/1] (2.38ns)   --->   "%mul_ln73_230 = mul i25 %sext_ln70_114, i25 33554223" [firmware/nnet_utils/nnet_mult.h:73->firmware/nnet_utils/nnet_dense_latency.h:42->firmware/nnet_utils/nnet_dense_stream.h:17]   --->   Operation 991 'mul' 'mul_ln73_230' <Predicate = true> <Delay = 2.38> <CoreInst = "Multiplier">   --->   Core 3 'Multiplier' <Latency = 0> <II = 1> <Delay = 2.38> <FuncUnit> <Opcode : 'mul'> <InPorts = 2> <OutPorts = 1>
ST_1 : Operation 992 [1/1] (0.00ns)   --->   "%mult_278 = partselect i15 @_ssdm_op_PartSelect.i15.i25.i32.i32, i25 %mul_ln73_230, i32 10, i32 24" [firmware/nnet_utils/nnet_dense_latency.h:42->firmware/nnet_utils/nnet_dense_stream.h:17]   --->   Operation 992 'partselect' 'mult_278' <Predicate = true> <Delay = 0.00>
ST_1 : Operation 993 [1/1] (0.00ns)   --->   "%sext_ln42_108 = sext i15 %mult_278" [firmware/nnet_utils/nnet_dense_latency.h:42->firmware/nnet_utils/nnet_dense_stream.h:17]   --->   Operation 993 'sext' 'sext_ln42_108' <Predicate = true> <Delay = 0.00>
ST_1 : Operation 994 [1/1] (2.38ns)   --->   "%mul_ln73_231 = mul i26 %sext_ln70_113, i26 308" [firmware/nnet_utils/nnet_mult.h:73->firmware/nnet_utils/nnet_dense_latency.h:42->firmware/nnet_utils/nnet_dense_stream.h:17]   --->   Operation 994 'mul' 'mul_ln73_231' <Predicate = true> <Delay = 2.38> <CoreInst = "Multiplier">   --->   Core 3 'Multiplier' <Latency = 0> <II = 1> <Delay = 2.38> <FuncUnit> <Opcode : 'mul'> <InPorts = 2> <OutPorts = 1>
ST_1 : Operation 995 [1/1] (0.00ns)   --->   "%mult_279 = partselect i16 @_ssdm_op_PartSelect.i16.i26.i32.i32, i26 %mul_ln73_231, i32 10, i32 25" [firmware/nnet_utils/nnet_dense_latency.h:42->firmware/nnet_utils/nnet_dense_stream.h:17]   --->   Operation 995 'partselect' 'mult_279' <Predicate = true> <Delay = 0.00>
ST_1 : Operation 996 [1/1] (0.00ns)   --->   "%sext_ln70_115 = sext i16 %data_35_val36_read" [firmware/nnet_utils/nnet_mult.h:70->firmware/nnet_utils/nnet_dense_latency.h:42->firmware/nnet_utils/nnet_dense_stream.h:17]   --->   Operation 996 'sext' 'sext_ln70_115' <Predicate = true> <Delay = 0.00>
ST_1 : Operation 997 [1/1] (0.00ns)   --->   "%sext_ln70_116 = sext i16 %data_35_val36_read" [firmware/nnet_utils/nnet_mult.h:70->firmware/nnet_utils/nnet_dense_latency.h:42->firmware/nnet_utils/nnet_dense_stream.h:17]   --->   Operation 997 'sext' 'sext_ln70_116' <Predicate = true> <Delay = 0.00>
ST_1 : Operation 998 [1/1] (0.00ns)   --->   "%sext_ln70_117 = sext i16 %data_35_val36_read" [firmware/nnet_utils/nnet_mult.h:70->firmware/nnet_utils/nnet_dense_latency.h:42->firmware/nnet_utils/nnet_dense_stream.h:17]   --->   Operation 998 'sext' 'sext_ln70_117' <Predicate = true> <Delay = 0.00>
ST_1 : Operation 999 [1/1] (0.00ns)   --->   "%sext_ln70_118 = sext i16 %data_35_val36_read" [firmware/nnet_utils/nnet_mult.h:70->firmware/nnet_utils/nnet_dense_latency.h:42->firmware/nnet_utils/nnet_dense_stream.h:17]   --->   Operation 999 'sext' 'sext_ln70_118' <Predicate = true> <Delay = 0.00>
ST_1 : Operation 1000 [1/1] (2.38ns)   --->   "%mul_ln73_232 = mul i26 %sext_ln70_118, i26 67108554" [firmware/nnet_utils/nnet_mult.h:73->firmware/nnet_utils/nnet_dense_latency.h:42->firmware/nnet_utils/nnet_dense_stream.h:17]   --->   Operation 1000 'mul' 'mul_ln73_232' <Predicate = true> <Delay = 2.38> <CoreInst = "Multiplier">   --->   Core 3 'Multiplier' <Latency = 0> <II = 1> <Delay = 2.38> <FuncUnit> <Opcode : 'mul'> <InPorts = 2> <OutPorts = 1>
ST_1 : Operation 1001 [1/1] (0.00ns)   --->   "%mult_280 = partselect i16 @_ssdm_op_PartSelect.i16.i26.i32.i32, i26 %mul_ln73_232, i32 10, i32 25" [firmware/nnet_utils/nnet_dense_latency.h:42->firmware/nnet_utils/nnet_dense_stream.h:17]   --->   Operation 1001 'partselect' 'mult_280' <Predicate = true> <Delay = 0.00>
ST_1 : Operation 1002 [1/1] (2.38ns)   --->   "%mul_ln73_233 = mul i25 %sext_ln70_117, i25 33554270" [firmware/nnet_utils/nnet_mult.h:73->firmware/nnet_utils/nnet_dense_latency.h:42->firmware/nnet_utils/nnet_dense_stream.h:17]   --->   Operation 1002 'mul' 'mul_ln73_233' <Predicate = true> <Delay = 2.38> <CoreInst = "Multiplier">   --->   Core 3 'Multiplier' <Latency = 0> <II = 1> <Delay = 2.38> <FuncUnit> <Opcode : 'mul'> <InPorts = 2> <OutPorts = 1>
ST_1 : Operation 1003 [1/1] (0.00ns)   --->   "%mult_281 = partselect i15 @_ssdm_op_PartSelect.i15.i25.i32.i32, i25 %mul_ln73_233, i32 10, i32 24" [firmware/nnet_utils/nnet_dense_latency.h:42->firmware/nnet_utils/nnet_dense_stream.h:17]   --->   Operation 1003 'partselect' 'mult_281' <Predicate = true> <Delay = 0.00>
ST_1 : Operation 1004 [1/1] (0.00ns)   --->   "%sext_ln42_109 = sext i15 %mult_281" [firmware/nnet_utils/nnet_dense_latency.h:42->firmware/nnet_utils/nnet_dense_stream.h:17]   --->   Operation 1004 'sext' 'sext_ln42_109' <Predicate = true> <Delay = 0.00>
ST_1 : Operation 1005 [1/1] (2.38ns)   --->   "%mul_ln73_234 = mul i22 %sext_ln70_116, i22 4194275" [firmware/nnet_utils/nnet_mult.h:73->firmware/nnet_utils/nnet_dense_latency.h:42->firmware/nnet_utils/nnet_dense_stream.h:17]   --->   Operation 1005 'mul' 'mul_ln73_234' <Predicate = true> <Delay = 2.38> <CoreInst = "Multiplier">   --->   Core 3 'Multiplier' <Latency = 0> <II = 1> <Delay = 2.38> <FuncUnit> <Opcode : 'mul'> <InPorts = 2> <OutPorts = 1>
ST_1 : Operation 1006 [1/1] (0.00ns)   --->   "%mult_282 = partselect i12 @_ssdm_op_PartSelect.i12.i22.i32.i32, i22 %mul_ln73_234, i32 10, i32 21" [firmware/nnet_utils/nnet_dense_latency.h:42->firmware/nnet_utils/nnet_dense_stream.h:17]   --->   Operation 1006 'partselect' 'mult_282' <Predicate = true> <Delay = 0.00>
ST_1 : Operation 1007 [1/1] (0.00ns)   --->   "%sext_ln17_79 = sext i12 %mult_282" [firmware/nnet_utils/nnet_dense_latency.h:17->firmware/nnet_utils/nnet_dense_stream.h:17]   --->   Operation 1007 'sext' 'sext_ln17_79' <Predicate = true> <Delay = 0.00>
ST_1 : Operation 1008 [1/1] (2.38ns)   --->   "%mul_ln73_235 = mul i25 %sext_ln70_117, i25 191" [firmware/nnet_utils/nnet_mult.h:73->firmware/nnet_utils/nnet_dense_latency.h:42->firmware/nnet_utils/nnet_dense_stream.h:17]   --->   Operation 1008 'mul' 'mul_ln73_235' <Predicate = true> <Delay = 2.38> <CoreInst = "Multiplier">   --->   Core 3 'Multiplier' <Latency = 0> <II = 1> <Delay = 2.38> <FuncUnit> <Opcode : 'mul'> <InPorts = 2> <OutPorts = 1>
ST_1 : Operation 1009 [1/1] (0.00ns)   --->   "%mult_283 = partselect i15 @_ssdm_op_PartSelect.i15.i25.i32.i32, i25 %mul_ln73_235, i32 10, i32 24" [firmware/nnet_utils/nnet_dense_latency.h:42->firmware/nnet_utils/nnet_dense_stream.h:17]   --->   Operation 1009 'partselect' 'mult_283' <Predicate = true> <Delay = 0.00>
ST_1 : Operation 1010 [1/1] (0.00ns)   --->   "%sext_ln42_110 = sext i15 %mult_283" [firmware/nnet_utils/nnet_dense_latency.h:42->firmware/nnet_utils/nnet_dense_stream.h:17]   --->   Operation 1010 'sext' 'sext_ln42_110' <Predicate = true> <Delay = 0.00>
ST_1 : Operation 1011 [1/1] (2.38ns)   --->   "%mul_ln73_236 = mul i25 %sext_ln70_117, i25 188" [firmware/nnet_utils/nnet_mult.h:73->firmware/nnet_utils/nnet_dense_latency.h:42->firmware/nnet_utils/nnet_dense_stream.h:17]   --->   Operation 1011 'mul' 'mul_ln73_236' <Predicate = true> <Delay = 2.38> <CoreInst = "Multiplier">   --->   Core 3 'Multiplier' <Latency = 0> <II = 1> <Delay = 2.38> <FuncUnit> <Opcode : 'mul'> <InPorts = 2> <OutPorts = 1>
ST_1 : Operation 1012 [1/1] (0.00ns)   --->   "%mult_284 = partselect i15 @_ssdm_op_PartSelect.i15.i25.i32.i32, i25 %mul_ln73_236, i32 10, i32 24" [firmware/nnet_utils/nnet_dense_latency.h:42->firmware/nnet_utils/nnet_dense_stream.h:17]   --->   Operation 1012 'partselect' 'mult_284' <Predicate = true> <Delay = 0.00>
ST_1 : Operation 1013 [1/1] (0.00ns)   --->   "%sext_ln42_111 = sext i15 %mult_284" [firmware/nnet_utils/nnet_dense_latency.h:42->firmware/nnet_utils/nnet_dense_stream.h:17]   --->   Operation 1013 'sext' 'sext_ln42_111' <Predicate = true> <Delay = 0.00>
ST_1 : Operation 1014 [1/1] (0.00ns)   --->   "%tmp_86 = bitconcatenate i20 @_ssdm_op_BitConcatenate.i20.i16.i4, i16 %data_35_val36_read, i4 0" [firmware/nnet_utils/nnet_mult.h:73->firmware/nnet_utils/nnet_dense_latency.h:42->firmware/nnet_utils/nnet_dense_stream.h:17]   --->   Operation 1014 'bitconcatenate' 'tmp_86' <Predicate = true> <Delay = 0.00>
ST_1 : Operation 1015 [1/1] (0.00ns)   --->   "%sext_ln73_75 = sext i20 %tmp_86" [firmware/nnet_utils/nnet_mult.h:73->firmware/nnet_utils/nnet_dense_latency.h:42->firmware/nnet_utils/nnet_dense_stream.h:17]   --->   Operation 1015 'sext' 'sext_ln73_75' <Predicate = true> <Delay = 0.00>
ST_1 : Operation 1016 [1/1] (0.00ns)   --->   "%tmp_87 = bitconcatenate i17 @_ssdm_op_BitConcatenate.i17.i16.i1, i16 %data_35_val36_read, i1 0" [firmware/nnet_utils/nnet_mult.h:73->firmware/nnet_utils/nnet_dense_latency.h:42->firmware/nnet_utils/nnet_dense_stream.h:17]   --->   Operation 1016 'bitconcatenate' 'tmp_87' <Predicate = true> <Delay = 0.00>
ST_1 : Operation 1017 [1/1] (0.00ns)   --->   "%sext_ln73_76 = sext i17 %tmp_87" [firmware/nnet_utils/nnet_mult.h:73->firmware/nnet_utils/nnet_dense_latency.h:42->firmware/nnet_utils/nnet_dense_stream.h:17]   --->   Operation 1017 'sext' 'sext_ln73_76' <Predicate = true> <Delay = 0.00>
ST_1 : Operation 1018 [1/1] (0.89ns)   --->   "%sub_ln73_37 = sub i21 %sext_ln73_76, i21 %sext_ln73_75" [firmware/nnet_utils/nnet_mult.h:73->firmware/nnet_utils/nnet_dense_latency.h:42->firmware/nnet_utils/nnet_dense_stream.h:17]   --->   Operation 1018 'sub' 'sub_ln73_37' <Predicate = true> <Delay = 0.89> <CoreInst = "Adder">   --->   Core 1 'Adder' <Latency = 0> <II = 1> <Delay = 0.89> <FuncUnit> <Opcode : 'add' 'sub'> <InPorts = 2> <OutPorts = 1>
ST_1 : Operation 1019 [1/1] (0.00ns)   --->   "%mult_285 = partselect i11 @_ssdm_op_PartSelect.i11.i21.i32.i32, i21 %sub_ln73_37, i32 10, i32 20" [firmware/nnet_utils/nnet_dense_latency.h:42->firmware/nnet_utils/nnet_dense_stream.h:17]   --->   Operation 1019 'partselect' 'mult_285' <Predicate = true> <Delay = 0.00>
ST_1 : Operation 1020 [1/1] (0.00ns)   --->   "%sext_ln17_80 = sext i11 %mult_285" [firmware/nnet_utils/nnet_dense_latency.h:17->firmware/nnet_utils/nnet_dense_stream.h:17]   --->   Operation 1020 'sext' 'sext_ln17_80' <Predicate = true> <Delay = 0.00>
ST_1 : Operation 1021 [1/1] (0.00ns)   --->   "%tmp_88 = bitconcatenate i22 @_ssdm_op_BitConcatenate.i22.i16.i6, i16 %data_35_val36_read, i6 0" [firmware/nnet_utils/nnet_mult.h:73->firmware/nnet_utils/nnet_dense_latency.h:42->firmware/nnet_utils/nnet_dense_stream.h:17]   --->   Operation 1021 'bitconcatenate' 'tmp_88' <Predicate = true> <Delay = 0.00>
ST_1 : Operation 1022 [1/1] (0.00ns)   --->   "%sext_ln73_77 = sext i22 %tmp_88" [firmware/nnet_utils/nnet_mult.h:73->firmware/nnet_utils/nnet_dense_latency.h:42->firmware/nnet_utils/nnet_dense_stream.h:17]   --->   Operation 1022 'sext' 'sext_ln73_77' <Predicate = true> <Delay = 0.00>
ST_1 : Operation 1023 [1/1] (0.00ns)   --->   "%tmp_89 = bitconcatenate i19 @_ssdm_op_BitConcatenate.i19.i16.i3, i16 %data_35_val36_read, i3 0" [firmware/nnet_utils/nnet_mult.h:73->firmware/nnet_utils/nnet_dense_latency.h:42->firmware/nnet_utils/nnet_dense_stream.h:17]   --->   Operation 1023 'bitconcatenate' 'tmp_89' <Predicate = true> <Delay = 0.00>
ST_1 : Operation 1024 [1/1] (0.00ns)   --->   "%sext_ln73_78 = sext i19 %tmp_89" [firmware/nnet_utils/nnet_mult.h:73->firmware/nnet_utils/nnet_dense_latency.h:42->firmware/nnet_utils/nnet_dense_stream.h:17]   --->   Operation 1024 'sext' 'sext_ln73_78' <Predicate = true> <Delay = 0.00>
ST_1 : Operation 1025 [1/1] (0.91ns)   --->   "%sub_ln73_38 = sub i23 %sext_ln73_77, i23 %sext_ln73_78" [firmware/nnet_utils/nnet_mult.h:73->firmware/nnet_utils/nnet_dense_latency.h:42->firmware/nnet_utils/nnet_dense_stream.h:17]   --->   Operation 1025 'sub' 'sub_ln73_38' <Predicate = true> <Delay = 0.91> <CoreInst = "Adder">   --->   Core 1 'Adder' <Latency = 0> <II = 1> <Delay = 0.91> <FuncUnit> <Opcode : 'add' 'sub'> <InPorts = 2> <OutPorts = 1>
ST_1 : Operation 1026 [1/1] (0.00ns)   --->   "%mult_286 = partselect i13 @_ssdm_op_PartSelect.i13.i23.i32.i32, i23 %sub_ln73_38, i32 10, i32 22" [firmware/nnet_utils/nnet_dense_latency.h:42->firmware/nnet_utils/nnet_dense_stream.h:17]   --->   Operation 1026 'partselect' 'mult_286' <Predicate = true> <Delay = 0.00>
ST_1 : Operation 1027 [1/1] (0.00ns)   --->   "%sext_ln17_81 = sext i13 %mult_286" [firmware/nnet_utils/nnet_dense_latency.h:17->firmware/nnet_utils/nnet_dense_stream.h:17]   --->   Operation 1027 'sext' 'sext_ln17_81' <Predicate = true> <Delay = 0.00>
ST_1 : Operation 1028 [1/1] (2.38ns)   --->   "%mul_ln73_237 = mul i23 %sext_ln70_115, i23 8388553" [firmware/nnet_utils/nnet_mult.h:73->firmware/nnet_utils/nnet_dense_latency.h:42->firmware/nnet_utils/nnet_dense_stream.h:17]   --->   Operation 1028 'mul' 'mul_ln73_237' <Predicate = true> <Delay = 2.38> <CoreInst = "Multiplier">   --->   Core 3 'Multiplier' <Latency = 0> <II = 1> <Delay = 2.38> <FuncUnit> <Opcode : 'mul'> <InPorts = 2> <OutPorts = 1>
ST_1 : Operation 1029 [1/1] (0.00ns)   --->   "%mult_287 = partselect i13 @_ssdm_op_PartSelect.i13.i23.i32.i32, i23 %mul_ln73_237, i32 10, i32 22" [firmware/nnet_utils/nnet_dense_latency.h:42->firmware/nnet_utils/nnet_dense_stream.h:17]   --->   Operation 1029 'partselect' 'mult_287' <Predicate = true> <Delay = 0.00>
ST_1 : Operation 1030 [1/1] (0.00ns)   --->   "%sext_ln17_82 = sext i13 %mult_287" [firmware/nnet_utils/nnet_dense_latency.h:17->firmware/nnet_utils/nnet_dense_stream.h:17]   --->   Operation 1030 'sext' 'sext_ln17_82' <Predicate = true> <Delay = 0.00>
ST_1 : Operation 1031 [1/1] (0.85ns)   --->   "%add_ln58 = add i16 %mult_16, i16 %mult_24" [firmware/nnet_utils/nnet_dense_latency.h:58->firmware/nnet_utils/nnet_dense_stream.h:17]   --->   Operation 1031 'add' 'add_ln58' <Predicate = true> <Delay = 0.85> <CoreInst = "Adder">   --->   Core 1 'Adder' <Latency = 0> <II = 1> <Delay = 0.85> <FuncUnit> <Opcode : 'add' 'sub'> <InPorts = 2> <OutPorts = 1>
ST_1 : Operation 1032 [1/1] (0.85ns)   --->   "%add_ln58_1 = add i16 %mult_48, i16 %mult_64" [firmware/nnet_utils/nnet_dense_latency.h:58->firmware/nnet_utils/nnet_dense_stream.h:17]   --->   Operation 1032 'add' 'add_ln58_1' <Predicate = true> <Delay = 0.85> <CoreInst = "Adder">   --->   Core 1 'Adder' <Latency = 0> <II = 1> <Delay = 0.85> <FuncUnit> <Opcode : 'add' 'sub'> <InPorts = 2> <OutPorts = 1>
ST_1 : Operation 1033 [1/1] (0.00ns) (grouped into TernaryAdder)   --->   "%add_ln58_4 = add i16 %mult_176, i16 %mult_192" [firmware/nnet_utils/nnet_dense_latency.h:58->firmware/nnet_utils/nnet_dense_stream.h:17]   --->   Operation 1033 'add' 'add_ln58_4' <Predicate = true> <Delay = 0.00> <CoreInst = "TAddSub">   --->   Core 10 'TAddSub' <Latency = 0> <II = 1> <Delay = 0.34> <IPBlock> <Opcode : '' 'add' 'sub'> <InPorts = 3> <OutPorts = 1> <Sync> <CReg>
ST_1 : Operation 1034 [1/1] (0.68ns) (root node of TernaryAdder)   --->   "%add_ln58_5 = add i16 %add_ln58_4, i16 %mult_168" [firmware/nnet_utils/nnet_dense_latency.h:58->firmware/nnet_utils/nnet_dense_stream.h:17]   --->   Operation 1034 'add' 'add_ln58_5' <Predicate = true> <Delay = 0.68> <CoreInst = "TAddSub">   --->   Core 10 'TAddSub' <Latency = 0> <II = 1> <Delay = 0.34> <IPBlock> <Opcode : '' 'add' 'sub'> <InPorts = 3> <OutPorts = 1> <Sync> <CReg>
ST_1 : Operation 1035 [1/1] (0.85ns)   --->   "%add_ln58_8 = add i16 %mult_240, i16 %mult_256" [firmware/nnet_utils/nnet_dense_latency.h:58->firmware/nnet_utils/nnet_dense_stream.h:17]   --->   Operation 1035 'add' 'add_ln58_8' <Predicate = true> <Delay = 0.85> <CoreInst = "Adder">   --->   Core 1 'Adder' <Latency = 0> <II = 1> <Delay = 0.85> <FuncUnit> <Opcode : 'add' 'sub'> <InPorts = 2> <OutPorts = 1>
ST_1 : Operation 1036 [1/1] (0.85ns)   --->   "%add_ln58_9 = add i16 %mult_280, i16 %sext_ln42_2" [firmware/nnet_utils/nnet_dense_latency.h:58->firmware/nnet_utils/nnet_dense_stream.h:17]   --->   Operation 1036 'add' 'add_ln58_9' <Predicate = true> <Delay = 0.85> <CoreInst = "Adder">   --->   Core 1 'Adder' <Latency = 0> <II = 1> <Delay = 0.85> <FuncUnit> <Opcode : 'add' 'sub'> <InPorts = 2> <OutPorts = 1>
ST_1 : Operation 1037 [1/1] (0.00ns) (grouped into TernaryAdder)   --->   "%add_ln58_12 = add i16 %sext_ln42_37, i16 %sext_ln42_44" [firmware/nnet_utils/nnet_dense_latency.h:58->firmware/nnet_utils/nnet_dense_stream.h:17]   --->   Operation 1037 'add' 'add_ln58_12' <Predicate = true> <Delay = 0.00> <CoreInst = "TAddSub">   --->   Core 10 'TAddSub' <Latency = 0> <II = 1> <Delay = 0.34> <IPBlock> <Opcode : '' 'add' 'sub'> <InPorts = 3> <OutPorts = 1> <Sync> <CReg>
ST_1 : Operation 1038 [1/1] (0.68ns) (root node of TernaryAdder)   --->   "%add_ln58_13 = add i16 %add_ln58_12, i16 %sext_ln42_30" [firmware/nnet_utils/nnet_dense_latency.h:58->firmware/nnet_utils/nnet_dense_stream.h:17]   --->   Operation 1038 'add' 'add_ln58_13' <Predicate = true> <Delay = 0.68> <CoreInst = "TAddSub">   --->   Core 10 'TAddSub' <Latency = 0> <II = 1> <Delay = 0.34> <IPBlock> <Opcode : '' 'add' 'sub'> <InPorts = 3> <OutPorts = 1> <Sync> <CReg>
ST_1 : Operation 1039 [1/1] (0.84ns)   --->   "%add_ln58_18 = add i16 %sext_ln42_77, i16 %sext_ln42_82" [firmware/nnet_utils/nnet_dense_latency.h:58->firmware/nnet_utils/nnet_dense_stream.h:17]   --->   Operation 1039 'add' 'add_ln58_18' <Predicate = true> <Delay = 0.84> <CoreInst = "Adder">   --->   Core 1 'Adder' <Latency = 0> <II = 1> <Delay = 0.84> <FuncUnit> <Opcode : 'add' 'sub'> <InPorts = 2> <OutPorts = 1>
ST_1 : Operation 1040 [1/1] (0.00ns) (grouped into TernaryAdder)   --->   "%add_ln58_21 = add i16 %sext_ln42_100, i16 %sext_ln42_104" [firmware/nnet_utils/nnet_dense_latency.h:58->firmware/nnet_utils/nnet_dense_stream.h:17]   --->   Operation 1040 'add' 'add_ln58_21' <Predicate = true> <Delay = 0.00> <CoreInst = "TAddSub">   --->   Core 10 'TAddSub' <Latency = 0> <II = 1> <Delay = 0.34> <IPBlock> <Opcode : '' 'add' 'sub'> <InPorts = 3> <OutPorts = 1> <Sync> <CReg>
ST_1 : Operation 1041 [1/1] (0.68ns) (root node of TernaryAdder)   --->   "%add_ln58_22 = add i16 %add_ln58_21, i16 %sext_ln42_96" [firmware/nnet_utils/nnet_dense_latency.h:58->firmware/nnet_utils/nnet_dense_stream.h:17]   --->   Operation 1041 'add' 'add_ln58_22' <Predicate = true> <Delay = 0.68> <CoreInst = "TAddSub">   --->   Core 10 'TAddSub' <Latency = 0> <II = 1> <Delay = 0.34> <IPBlock> <Opcode : '' 'add' 'sub'> <InPorts = 3> <OutPorts = 1> <Sync> <CReg>
ST_1 : Operation 1042 [1/1] (0.83ns)   --->   "%add_ln58_25 = add i15 %sext_ln17, i15 %sext_ln17_10" [firmware/nnet_utils/nnet_dense_latency.h:58->firmware/nnet_utils/nnet_dense_stream.h:17]   --->   Operation 1042 'add' 'add_ln58_25' <Predicate = true> <Delay = 0.83> <CoreInst = "Adder">   --->   Core 1 'Adder' <Latency = 0> <II = 1> <Delay = 0.83> <FuncUnit> <Opcode : 'add' 'sub'> <InPorts = 2> <OutPorts = 1>
ST_1 : Operation 1043 [1/1] (0.83ns)   --->   "%add_ln58_26 = add i15 %sext_ln17_33, i15 %sext_ln17_38" [firmware/nnet_utils/nnet_dense_latency.h:58->firmware/nnet_utils/nnet_dense_stream.h:17]   --->   Operation 1043 'add' 'add_ln58_26' <Predicate = true> <Delay = 0.83> <CoreInst = "Adder">   --->   Core 1 'Adder' <Latency = 0> <II = 1> <Delay = 0.83> <FuncUnit> <Opcode : 'add' 'sub'> <InPorts = 2> <OutPorts = 1>
ST_1 : Operation 1044 [1/1] (0.83ns)   --->   "%add_ln58_29 = add i15 %sext_ln17_42, i15 %sext_ln17_51" [firmware/nnet_utils/nnet_dense_latency.h:58->firmware/nnet_utils/nnet_dense_stream.h:17]   --->   Operation 1044 'add' 'add_ln58_29' <Predicate = true> <Delay = 0.83> <CoreInst = "Adder">   --->   Core 1 'Adder' <Latency = 0> <II = 1> <Delay = 0.83> <FuncUnit> <Opcode : 'add' 'sub'> <InPorts = 2> <OutPorts = 1>
ST_1 : Operation 1045 [1/1] (0.79ns)   --->   "%add_ln58_30 = add i12 %sext_ln17_45, i12 5" [firmware/nnet_utils/nnet_dense_latency.h:58->firmware/nnet_utils/nnet_dense_stream.h:17]   --->   Operation 1045 'add' 'add_ln58_30' <Predicate = true> <Delay = 0.79> <CoreInst = "Adder">   --->   Core 1 'Adder' <Latency = 0> <II = 1> <Delay = 0.79> <FuncUnit> <Opcode : 'add' 'sub'> <InPorts = 2> <OutPorts = 1>
ST_1 : Operation 1046 [1/1] (0.00ns)   --->   "%sext_ln58_3 = sext i12 %add_ln58_30" [firmware/nnet_utils/nnet_dense_latency.h:58->firmware/nnet_utils/nnet_dense_stream.h:17]   --->   Operation 1046 'sext' 'sext_ln58_3' <Predicate = true> <Delay = 0.00>
ST_1 : Operation 1047 [1/1] (0.82ns)   --->   "%add_ln58_31 = add i14 %sext_ln58_3, i14 %sext_ln17_17" [firmware/nnet_utils/nnet_dense_latency.h:58->firmware/nnet_utils/nnet_dense_stream.h:17]   --->   Operation 1047 'add' 'add_ln58_31' <Predicate = true> <Delay = 0.82> <CoreInst = "Adder">   --->   Core 1 'Adder' <Latency = 0> <II = 1> <Delay = 0.82> <FuncUnit> <Opcode : 'add' 'sub'> <InPorts = 2> <OutPorts = 1>
ST_1 : Operation 1048 [1/1] (0.85ns)   --->   "%add_ln58_36 = add i16 %mult_9, i16 %mult_17" [firmware/nnet_utils/nnet_dense_latency.h:58->firmware/nnet_utils/nnet_dense_stream.h:17]   --->   Operation 1048 'add' 'add_ln58_36' <Predicate = true> <Delay = 0.85> <CoreInst = "Adder">   --->   Core 1 'Adder' <Latency = 0> <II = 1> <Delay = 0.85> <FuncUnit> <Opcode : 'add' 'sub'> <InPorts = 2> <OutPorts = 1>
ST_1 : Operation 1049 [1/1] (0.85ns)   --->   "%add_ln58_37 = add i16 %mult_41, i16 %mult_65" [firmware/nnet_utils/nnet_dense_latency.h:58->firmware/nnet_utils/nnet_dense_stream.h:17]   --->   Operation 1049 'add' 'add_ln58_37' <Predicate = true> <Delay = 0.85> <CoreInst = "Adder">   --->   Core 1 'Adder' <Latency = 0> <II = 1> <Delay = 0.85> <FuncUnit> <Opcode : 'add' 'sub'> <InPorts = 2> <OutPorts = 1>
ST_1 : Operation 1050 [1/1] (0.00ns) (grouped into TernaryAdder)   --->   "%add_ln58_40 = add i16 %sext_ln42_10, i16 %sext_ln42_14" [firmware/nnet_utils/nnet_dense_latency.h:58->firmware/nnet_utils/nnet_dense_stream.h:17]   --->   Operation 1050 'add' 'add_ln58_40' <Predicate = true> <Delay = 0.00> <CoreInst = "TAddSub">   --->   Core 10 'TAddSub' <Latency = 0> <II = 1> <Delay = 0.34> <IPBlock> <Opcode : '' 'add' 'sub'> <InPorts = 3> <OutPorts = 1> <Sync> <CReg>
ST_1 : Operation 1051 [1/1] (0.68ns) (root node of TernaryAdder)   --->   "%add_ln58_41 = add i16 %add_ln58_40, i16 %mult_273" [firmware/nnet_utils/nnet_dense_latency.h:58->firmware/nnet_utils/nnet_dense_stream.h:17]   --->   Operation 1051 'add' 'add_ln58_41' <Predicate = true> <Delay = 0.68> <CoreInst = "TAddSub">   --->   Core 10 'TAddSub' <Latency = 0> <II = 1> <Delay = 0.34> <IPBlock> <Opcode : '' 'add' 'sub'> <InPorts = 3> <OutPorts = 1> <Sync> <CReg>
ST_1 : Operation 1052 [1/1] (0.84ns)   --->   "%add_ln58_44 = add i16 %sext_ln42_23, i16 %sext_ln42_31" [firmware/nnet_utils/nnet_dense_latency.h:58->firmware/nnet_utils/nnet_dense_stream.h:17]   --->   Operation 1052 'add' 'add_ln58_44' <Predicate = true> <Delay = 0.84> <CoreInst = "Adder">   --->   Core 1 'Adder' <Latency = 0> <II = 1> <Delay = 0.84> <FuncUnit> <Opcode : 'add' 'sub'> <InPorts = 2> <OutPorts = 1>
ST_1 : Operation 1053 [1/1] (0.84ns)   --->   "%add_ln58_45 = add i16 %sext_ln42_38, i16 %sext_ln42_39" [firmware/nnet_utils/nnet_dense_latency.h:58->firmware/nnet_utils/nnet_dense_stream.h:17]   --->   Operation 1053 'add' 'add_ln58_45' <Predicate = true> <Delay = 0.84> <CoreInst = "Adder">   --->   Core 1 'Adder' <Latency = 0> <II = 1> <Delay = 0.84> <FuncUnit> <Opcode : 'add' 'sub'> <InPorts = 2> <OutPorts = 1>
ST_1 : Operation 1054 [1/1] (0.00ns) (grouped into TernaryAdder)   --->   "%add_ln58_48 = add i16 %sext_ln42_59, i16 %sext_ln42_64" [firmware/nnet_utils/nnet_dense_latency.h:58->firmware/nnet_utils/nnet_dense_stream.h:17]   --->   Operation 1054 'add' 'add_ln58_48' <Predicate = true> <Delay = 0.00> <CoreInst = "TAddSub">   --->   Core 10 'TAddSub' <Latency = 0> <II = 1> <Delay = 0.34> <IPBlock> <Opcode : '' 'add' 'sub'> <InPorts = 3> <OutPorts = 1> <Sync> <CReg>
ST_1 : Operation 1055 [1/1] (0.68ns) (root node of TernaryAdder)   --->   "%add_ln58_49 = add i16 %add_ln58_48, i16 %sext_ln42_56" [firmware/nnet_utils/nnet_dense_latency.h:58->firmware/nnet_utils/nnet_dense_stream.h:17]   --->   Operation 1055 'add' 'add_ln58_49' <Predicate = true> <Delay = 0.68> <CoreInst = "TAddSub">   --->   Core 10 'TAddSub' <Latency = 0> <II = 1> <Delay = 0.34> <IPBlock> <Opcode : '' 'add' 'sub'> <InPorts = 3> <OutPorts = 1> <Sync> <CReg>
ST_1 : Operation 1056 [1/1] (0.84ns)   --->   "%add_ln58_54 = add i16 %sext_ln42_94, i16 %sext_ln42_109" [firmware/nnet_utils/nnet_dense_latency.h:58->firmware/nnet_utils/nnet_dense_stream.h:17]   --->   Operation 1056 'add' 'add_ln58_54' <Predicate = true> <Delay = 0.84> <CoreInst = "Adder">   --->   Core 1 'Adder' <Latency = 0> <II = 1> <Delay = 0.84> <FuncUnit> <Opcode : 'add' 'sub'> <InPorts = 2> <OutPorts = 1>
ST_1 : Operation 1057 [1/1] (0.83ns)   --->   "%add_ln58_56 = add i15 %sext_ln17_16, i15 %sext_ln17_21" [firmware/nnet_utils/nnet_dense_latency.h:58->firmware/nnet_utils/nnet_dense_stream.h:17]   --->   Operation 1057 'add' 'add_ln58_56' <Predicate = true> <Delay = 0.83> <CoreInst = "Adder">   --->   Core 1 'Adder' <Latency = 0> <II = 1> <Delay = 0.83> <FuncUnit> <Opcode : 'add' 'sub'> <InPorts = 2> <OutPorts = 1>
ST_1 : Operation 1058 [1/1] (0.83ns)   --->   "%add_ln58_57 = add i15 %sext_ln17_72, i15 %sext_ln17_75" [firmware/nnet_utils/nnet_dense_latency.h:58->firmware/nnet_utils/nnet_dense_stream.h:17]   --->   Operation 1058 'add' 'add_ln58_57' <Predicate = true> <Delay = 0.83> <CoreInst = "Adder">   --->   Core 1 'Adder' <Latency = 0> <II = 1> <Delay = 0.83> <FuncUnit> <Opcode : 'add' 'sub'> <InPorts = 2> <OutPorts = 1>
ST_1 : Operation 1059 [1/1] (0.82ns)   --->   "%add_ln58_61 = add i14 %sext_ln17_48, i14 %sext_ln17_63" [firmware/nnet_utils/nnet_dense_latency.h:58->firmware/nnet_utils/nnet_dense_stream.h:17]   --->   Operation 1059 'add' 'add_ln58_61' <Predicate = true> <Delay = 0.82> <CoreInst = "Adder">   --->   Core 1 'Adder' <Latency = 0> <II = 1> <Delay = 0.82> <FuncUnit> <Opcode : 'add' 'sub'> <InPorts = 2> <OutPorts = 1>
ST_1 : Operation 1060 [1/1] (0.80ns)   --->   "%add_ln58_62 = add i13 %sext_ln17_1, i13 %sext_ln17_35" [firmware/nnet_utils/nnet_dense_latency.h:58->firmware/nnet_utils/nnet_dense_stream.h:17]   --->   Operation 1060 'add' 'add_ln58_62' <Predicate = true> <Delay = 0.80> <CoreInst = "Adder">   --->   Core 1 'Adder' <Latency = 0> <II = 1> <Delay = 0.80> <FuncUnit> <Opcode : 'add' 'sub'> <InPorts = 2> <OutPorts = 1>
ST_1 : Operation 1061 [1/1] (0.00ns) (grouped into TernaryAdder)   --->   "%add_ln58_65 = add i12 %sext_ln17_24, i12 %sext_ln17_39" [firmware/nnet_utils/nnet_dense_latency.h:58->firmware/nnet_utils/nnet_dense_stream.h:17]   --->   Operation 1061 'add' 'add_ln58_65' <Predicate = true> <Delay = 0.00> <CoreInst = "TAddSub">   --->   Core 10 'TAddSub' <Latency = 0> <II = 1> <Delay = 0.34> <IPBlock> <Opcode : '' 'add' 'sub'> <InPorts = 3> <OutPorts = 1> <Sync> <CReg>
ST_1 : Operation 1062 [1/1] (0.78ns)   --->   "%add_ln58_66 = add i7 %sext_ln17_60, i7 126" [firmware/nnet_utils/nnet_dense_latency.h:58->firmware/nnet_utils/nnet_dense_stream.h:17]   --->   Operation 1062 'add' 'add_ln58_66' <Predicate = true> <Delay = 0.78> <CoreInst = "Adder">   --->   Core 1 'Adder' <Latency = 0> <II = 1> <Delay = 0.78> <FuncUnit> <Opcode : 'add' 'sub'> <InPorts = 2> <OutPorts = 1>
ST_1 : Operation 1063 [1/1] (0.00ns)   --->   "%sext_ln58_11 = sext i7 %add_ln58_66" [firmware/nnet_utils/nnet_dense_latency.h:58->firmware/nnet_utils/nnet_dense_stream.h:17]   --->   Operation 1063 'sext' 'sext_ln58_11' <Predicate = true> <Delay = 0.00>
ST_1 : Operation 1064 [1/1] (0.77ns)   --->   "%add_ln58_67 = add i10 %sext_ln58_11, i10 %sext_ln17_55" [firmware/nnet_utils/nnet_dense_latency.h:58->firmware/nnet_utils/nnet_dense_stream.h:17]   --->   Operation 1064 'add' 'add_ln58_67' <Predicate = true> <Delay = 0.77> <CoreInst = "Adder">   --->   Core 1 'Adder' <Latency = 0> <II = 1> <Delay = 0.77> <FuncUnit> <Opcode : 'add' 'sub'> <InPorts = 2> <OutPorts = 1>
ST_1 : Operation 1065 [1/1] (0.00ns)   --->   "%sext_ln58_12 = sext i10 %add_ln58_67" [firmware/nnet_utils/nnet_dense_latency.h:58->firmware/nnet_utils/nnet_dense_stream.h:17]   --->   Operation 1065 'sext' 'sext_ln58_12' <Predicate = true> <Delay = 0.00>
ST_1 : Operation 1066 [1/1] (0.86ns) (root node of TernaryAdder)   --->   "%add_ln58_68 = add i12 %sext_ln58_12, i12 %add_ln58_65" [firmware/nnet_utils/nnet_dense_latency.h:58->firmware/nnet_utils/nnet_dense_stream.h:17]   --->   Operation 1066 'add' 'add_ln58_68' <Predicate = true> <Delay = 0.86> <CoreInst = "TAddSub">   --->   Core 10 'TAddSub' <Latency = 0> <II = 1> <Delay = 0.34> <IPBlock> <Opcode : '' 'add' 'sub'> <InPorts = 3> <OutPorts = 1> <Sync> <CReg>
ST_1 : Operation 1067 [1/1] (0.85ns)   --->   "%add_ln58_72 = add i16 %mult_2, i16 %mult_18" [firmware/nnet_utils/nnet_dense_latency.h:58->firmware/nnet_utils/nnet_dense_stream.h:17]   --->   Operation 1067 'add' 'add_ln58_72' <Predicate = true> <Delay = 0.85> <CoreInst = "Adder">   --->   Core 1 'Adder' <Latency = 0> <II = 1> <Delay = 0.85> <FuncUnit> <Opcode : 'add' 'sub'> <InPorts = 2> <OutPorts = 1>
ST_1 : Operation 1068 [1/1] (0.85ns)   --->   "%add_ln58_73 = add i16 %mult_66, i16 %mult_74" [firmware/nnet_utils/nnet_dense_latency.h:58->firmware/nnet_utils/nnet_dense_stream.h:17]   --->   Operation 1068 'add' 'add_ln58_73' <Predicate = true> <Delay = 0.85> <CoreInst = "Adder">   --->   Core 1 'Adder' <Latency = 0> <II = 1> <Delay = 0.85> <FuncUnit> <Opcode : 'add' 'sub'> <InPorts = 2> <OutPorts = 1>
ST_1 : Operation 1069 [1/1] (0.00ns) (grouped into TernaryAdder)   --->   "%add_ln58_76 = add i16 %mult_130, i16 %mult_146" [firmware/nnet_utils/nnet_dense_latency.h:58->firmware/nnet_utils/nnet_dense_stream.h:17]   --->   Operation 1069 'add' 'add_ln58_76' <Predicate = true> <Delay = 0.00> <CoreInst = "TAddSub">   --->   Core 10 'TAddSub' <Latency = 0> <II = 1> <Delay = 0.34> <IPBlock> <Opcode : '' 'add' 'sub'> <InPorts = 3> <OutPorts = 1> <Sync> <CReg>
ST_1 : Operation 1070 [1/1] (0.68ns) (root node of TernaryAdder)   --->   "%add_ln58_77 = add i16 %add_ln58_76, i16 %mult_122" [firmware/nnet_utils/nnet_dense_latency.h:58->firmware/nnet_utils/nnet_dense_stream.h:17]   --->   Operation 1070 'add' 'add_ln58_77' <Predicate = true> <Delay = 0.68> <CoreInst = "TAddSub">   --->   Core 10 'TAddSub' <Latency = 0> <II = 1> <Delay = 0.34> <IPBlock> <Opcode : '' 'add' 'sub'> <InPorts = 3> <OutPorts = 1> <Sync> <CReg>
ST_1 : Operation 1071 [1/1] (0.85ns)   --->   "%add_ln58_80 = add i16 %mult_154, i16 %mult_170" [firmware/nnet_utils/nnet_dense_latency.h:58->firmware/nnet_utils/nnet_dense_stream.h:17]   --->   Operation 1071 'add' 'add_ln58_80' <Predicate = true> <Delay = 0.85> <CoreInst = "Adder">   --->   Core 1 'Adder' <Latency = 0> <II = 1> <Delay = 0.85> <FuncUnit> <Opcode : 'add' 'sub'> <InPorts = 2> <OutPorts = 1>
ST_1 : Operation 1072 [1/1] (0.85ns)   --->   "%add_ln58_81 = add i16 %mult_178, i16 %mult_194" [firmware/nnet_utils/nnet_dense_latency.h:58->firmware/nnet_utils/nnet_dense_stream.h:17]   --->   Operation 1072 'add' 'add_ln58_81' <Predicate = true> <Delay = 0.85> <CoreInst = "Adder">   --->   Core 1 'Adder' <Latency = 0> <II = 1> <Delay = 0.85> <FuncUnit> <Opcode : 'add' 'sub'> <InPorts = 2> <OutPorts = 1>
ST_1 : Operation 1073 [1/1] (0.00ns) (grouped into TernaryAdder)   --->   "%add_ln58_84 = add i16 %mult_258, i16 %sext_ln42_11" [firmware/nnet_utils/nnet_dense_latency.h:58->firmware/nnet_utils/nnet_dense_stream.h:17]   --->   Operation 1073 'add' 'add_ln58_84' <Predicate = true> <Delay = 0.00> <CoreInst = "TAddSub">   --->   Core 10 'TAddSub' <Latency = 0> <II = 1> <Delay = 0.34> <IPBlock> <Opcode : '' 'add' 'sub'> <InPorts = 3> <OutPorts = 1> <Sync> <CReg>
ST_1 : Operation 1074 [1/1] (0.68ns) (root node of TernaryAdder)   --->   "%add_ln58_85 = add i16 %add_ln58_84, i16 %mult_250" [firmware/nnet_utils/nnet_dense_latency.h:58->firmware/nnet_utils/nnet_dense_stream.h:17]   --->   Operation 1074 'add' 'add_ln58_85' <Predicate = true> <Delay = 0.68> <CoreInst = "TAddSub">   --->   Core 10 'TAddSub' <Latency = 0> <II = 1> <Delay = 0.34> <IPBlock> <Opcode : '' 'add' 'sub'> <InPorts = 3> <OutPorts = 1> <Sync> <CReg>
ST_1 : Operation 1075 [1/1] (0.84ns)   --->   "%add_ln58_90 = add i16 %sext_ln42_19, i16 %sext_ln42_24" [firmware/nnet_utils/nnet_dense_latency.h:58->firmware/nnet_utils/nnet_dense_stream.h:17]   --->   Operation 1075 'add' 'add_ln58_90' <Predicate = true> <Delay = 0.84> <CoreInst = "Adder">   --->   Core 1 'Adder' <Latency = 0> <II = 1> <Delay = 0.84> <FuncUnit> <Opcode : 'add' 'sub'> <InPorts = 2> <OutPorts = 1>
ST_1 : Operation 1076 [1/1] (0.00ns) (grouped into TernaryAdder)   --->   "%add_ln58_93 = add i16 %sext_ln42_76, i16 %sext_ln42_105" [firmware/nnet_utils/nnet_dense_latency.h:58->firmware/nnet_utils/nnet_dense_stream.h:17]   --->   Operation 1076 'add' 'add_ln58_93' <Predicate = true> <Delay = 0.00> <CoreInst = "TAddSub">   --->   Core 10 'TAddSub' <Latency = 0> <II = 1> <Delay = 0.34> <IPBlock> <Opcode : '' 'add' 'sub'> <InPorts = 3> <OutPorts = 1> <Sync> <CReg>
ST_1 : Operation 1077 [1/1] (0.68ns) (root node of TernaryAdder)   --->   "%add_ln58_94 = add i16 %add_ln58_93, i16 %sext_ln42_60" [firmware/nnet_utils/nnet_dense_latency.h:58->firmware/nnet_utils/nnet_dense_stream.h:17]   --->   Operation 1077 'add' 'add_ln58_94' <Predicate = true> <Delay = 0.68> <CoreInst = "TAddSub">   --->   Core 10 'TAddSub' <Latency = 0> <II = 1> <Delay = 0.34> <IPBlock> <Opcode : '' 'add' 'sub'> <InPorts = 3> <OutPorts = 1> <Sync> <CReg>
ST_1 : Operation 1078 [1/1] (0.83ns)   --->   "%add_ln58_97 = add i15 %sext_ln17_25, i15 %sext_ln17_40" [firmware/nnet_utils/nnet_dense_latency.h:58->firmware/nnet_utils/nnet_dense_stream.h:17]   --->   Operation 1078 'add' 'add_ln58_97' <Predicate = true> <Delay = 0.83> <CoreInst = "Adder">   --->   Core 1 'Adder' <Latency = 0> <II = 1> <Delay = 0.83> <FuncUnit> <Opcode : 'add' 'sub'> <InPorts = 2> <OutPorts = 1>
ST_1 : Operation 1079 [1/1] (0.83ns)   --->   "%add_ln58_98 = add i15 %sext_ln17_76, i15 %sext_ln17_5" [firmware/nnet_utils/nnet_dense_latency.h:58->firmware/nnet_utils/nnet_dense_stream.h:17]   --->   Operation 1079 'add' 'add_ln58_98' <Predicate = true> <Delay = 0.83> <CoreInst = "Adder">   --->   Core 1 'Adder' <Latency = 0> <II = 1> <Delay = 0.83> <FuncUnit> <Opcode : 'add' 'sub'> <InPorts = 2> <OutPorts = 1>
ST_1 : Operation 1080 [1/1] (0.82ns)   --->   "%add_ln58_101 = add i14 %sext_ln17_52, i14 %sext_ln17_67" [firmware/nnet_utils/nnet_dense_latency.h:58->firmware/nnet_utils/nnet_dense_stream.h:17]   --->   Operation 1080 'add' 'add_ln58_101' <Predicate = true> <Delay = 0.82> <CoreInst = "Adder">   --->   Core 1 'Adder' <Latency = 0> <II = 1> <Delay = 0.82> <FuncUnit> <Opcode : 'add' 'sub'> <InPorts = 2> <OutPorts = 1>
ST_1 : Operation 1081 [1/1] (0.80ns)   --->   "%add_ln58_102 = add i13 %sext_ln17_79, i13 8184" [firmware/nnet_utils/nnet_dense_latency.h:58->firmware/nnet_utils/nnet_dense_stream.h:17]   --->   Operation 1081 'add' 'add_ln58_102' <Predicate = true> <Delay = 0.80> <CoreInst = "Adder">   --->   Core 1 'Adder' <Latency = 0> <II = 1> <Delay = 0.80> <FuncUnit> <Opcode : 'add' 'sub'> <InPorts = 2> <OutPorts = 1>
ST_1 : Operation 1082 [1/1] (0.85ns)   --->   "%add_ln58_108 = add i16 %mult_51, i16 %mult_59" [firmware/nnet_utils/nnet_dense_latency.h:58->firmware/nnet_utils/nnet_dense_stream.h:17]   --->   Operation 1082 'add' 'add_ln58_108' <Predicate = true> <Delay = 0.85> <CoreInst = "Adder">   --->   Core 1 'Adder' <Latency = 0> <II = 1> <Delay = 0.85> <FuncUnit> <Opcode : 'add' 'sub'> <InPorts = 2> <OutPorts = 1>
ST_1 : Operation 1083 [1/1] (0.85ns)   --->   "%add_ln58_109 = add i16 %mult_75, i16 %mult_107" [firmware/nnet_utils/nnet_dense_latency.h:58->firmware/nnet_utils/nnet_dense_stream.h:17]   --->   Operation 1083 'add' 'add_ln58_109' <Predicate = true> <Delay = 0.85> <CoreInst = "Adder">   --->   Core 1 'Adder' <Latency = 0> <II = 1> <Delay = 0.85> <FuncUnit> <Opcode : 'add' 'sub'> <InPorts = 2> <OutPorts = 1>
ST_1 : Operation 1084 [1/1] (0.00ns) (grouped into TernaryAdder)   --->   "%add_ln58_112 = add i16 %mult_171, i16 %mult_203" [firmware/nnet_utils/nnet_dense_latency.h:58->firmware/nnet_utils/nnet_dense_stream.h:17]   --->   Operation 1084 'add' 'add_ln58_112' <Predicate = true> <Delay = 0.00> <CoreInst = "TAddSub">   --->   Core 10 'TAddSub' <Latency = 0> <II = 1> <Delay = 0.34> <IPBlock> <Opcode : '' 'add' 'sub'> <InPorts = 3> <OutPorts = 1> <Sync> <CReg>
ST_1 : Operation 1085 [1/1] (0.68ns) (root node of TernaryAdder)   --->   "%add_ln58_113 = add i16 %add_ln58_112, i16 %mult_147" [firmware/nnet_utils/nnet_dense_latency.h:58->firmware/nnet_utils/nnet_dense_stream.h:17]   --->   Operation 1085 'add' 'add_ln58_113' <Predicate = true> <Delay = 0.68> <CoreInst = "TAddSub">   --->   Core 10 'TAddSub' <Latency = 0> <II = 1> <Delay = 0.34> <IPBlock> <Opcode : '' 'add' 'sub'> <InPorts = 3> <OutPorts = 1> <Sync> <CReg>
ST_1 : Operation 1086 [1/1] (0.85ns)   --->   "%add_ln58_116 = add i16 %mult_211, i16 %mult_235" [firmware/nnet_utils/nnet_dense_latency.h:58->firmware/nnet_utils/nnet_dense_stream.h:17]   --->   Operation 1086 'add' 'add_ln58_116' <Predicate = true> <Delay = 0.85> <CoreInst = "Adder">   --->   Core 1 'Adder' <Latency = 0> <II = 1> <Delay = 0.85> <FuncUnit> <Opcode : 'add' 'sub'> <InPorts = 2> <OutPorts = 1>
ST_1 : Operation 1087 [1/1] (0.85ns)   --->   "%add_ln58_117 = add i16 %mult_267, i16 %sext_ln42_3" [firmware/nnet_utils/nnet_dense_latency.h:58->firmware/nnet_utils/nnet_dense_stream.h:17]   --->   Operation 1087 'add' 'add_ln58_117' <Predicate = true> <Delay = 0.85> <CoreInst = "Adder">   --->   Core 1 'Adder' <Latency = 0> <II = 1> <Delay = 0.85> <FuncUnit> <Opcode : 'add' 'sub'> <InPorts = 2> <OutPorts = 1>
ST_1 : Operation 1088 [1/1] (0.00ns) (grouped into TernaryAdder)   --->   "%add_ln58_120 = add i16 %sext_ln42_61, i16 %sext_ln42_72" [firmware/nnet_utils/nnet_dense_latency.h:58->firmware/nnet_utils/nnet_dense_stream.h:17]   --->   Operation 1088 'add' 'add_ln58_120' <Predicate = true> <Delay = 0.00> <CoreInst = "TAddSub">   --->   Core 10 'TAddSub' <Latency = 0> <II = 1> <Delay = 0.34> <IPBlock> <Opcode : '' 'add' 'sub'> <InPorts = 3> <OutPorts = 1> <Sync> <CReg>
ST_1 : Operation 1089 [1/1] (0.68ns) (root node of TernaryAdder)   --->   "%add_ln58_121 = add i16 %add_ln58_120, i16 %sext_ln42_57" [firmware/nnet_utils/nnet_dense_latency.h:58->firmware/nnet_utils/nnet_dense_stream.h:17]   --->   Operation 1089 'add' 'add_ln58_121' <Predicate = true> <Delay = 0.68> <CoreInst = "TAddSub">   --->   Core 10 'TAddSub' <Latency = 0> <II = 1> <Delay = 0.34> <IPBlock> <Opcode : '' 'add' 'sub'> <InPorts = 3> <OutPorts = 1> <Sync> <CReg>
ST_1 : Operation 1090 [1/1] (0.84ns)   --->   "%add_ln58_126 = add i16 %sext_ln42_106, i16 %sext_ln42_110" [firmware/nnet_utils/nnet_dense_latency.h:58->firmware/nnet_utils/nnet_dense_stream.h:17]   --->   Operation 1090 'add' 'add_ln58_126' <Predicate = true> <Delay = 0.84> <CoreInst = "Adder">   --->   Core 1 'Adder' <Latency = 0> <II = 1> <Delay = 0.84> <FuncUnit> <Opcode : 'add' 'sub'> <InPorts = 2> <OutPorts = 1>
ST_1 : Operation 1091 [1/1] (0.83ns)   --->   "%add_ln58_128 = add i15 %sext_ln17_9, i15 %sext_ln17_49" [firmware/nnet_utils/nnet_dense_latency.h:58->firmware/nnet_utils/nnet_dense_stream.h:17]   --->   Operation 1091 'add' 'add_ln58_128' <Predicate = true> <Delay = 0.83> <CoreInst = "Adder">   --->   Core 1 'Adder' <Latency = 0> <II = 1> <Delay = 0.83> <FuncUnit> <Opcode : 'add' 'sub'> <InPorts = 2> <OutPorts = 1>
ST_1 : Operation 1092 [1/1] (0.82ns)   --->   "%add_ln58_129 = add i14 %sext_ln17_13, i14 %sext_ln17_19" [firmware/nnet_utils/nnet_dense_latency.h:58->firmware/nnet_utils/nnet_dense_stream.h:17]   --->   Operation 1092 'add' 'add_ln58_129' <Predicate = true> <Delay = 0.82> <CoreInst = "Adder">   --->   Core 1 'Adder' <Latency = 0> <II = 1> <Delay = 0.82> <FuncUnit> <Opcode : 'add' 'sub'> <InPorts = 2> <OutPorts = 1>
ST_1 : Operation 1093 [1/1] (0.82ns)   --->   "%add_ln58_133 = add i14 %sext_ln17_26, i14 %sext_ln17_29" [firmware/nnet_utils/nnet_dense_latency.h:58->firmware/nnet_utils/nnet_dense_stream.h:17]   --->   Operation 1093 'add' 'add_ln58_133' <Predicate = true> <Delay = 0.82> <CoreInst = "Adder">   --->   Core 1 'Adder' <Latency = 0> <II = 1> <Delay = 0.82> <FuncUnit> <Opcode : 'add' 'sub'> <InPorts = 2> <OutPorts = 1>
ST_1 : Operation 1094 [1/1] (0.82ns)   --->   "%add_ln58_134 = add i14 %sext_ln17_61, i14 %sext_ln17_68" [firmware/nnet_utils/nnet_dense_latency.h:58->firmware/nnet_utils/nnet_dense_stream.h:17]   --->   Operation 1094 'add' 'add_ln58_134' <Predicate = true> <Delay = 0.82> <CoreInst = "Adder">   --->   Core 1 'Adder' <Latency = 0> <II = 1> <Delay = 0.82> <FuncUnit> <Opcode : 'add' 'sub'> <InPorts = 2> <OutPorts = 1>
ST_1 : Operation 1095 [1/1] (0.80ns)   --->   "%add_ln58_137 = add i13 %sext_ln17_2, i13 %sext_ln17_6" [firmware/nnet_utils/nnet_dense_latency.h:58->firmware/nnet_utils/nnet_dense_stream.h:17]   --->   Operation 1095 'add' 'add_ln58_137' <Predicate = true> <Delay = 0.80> <CoreInst = "Adder">   --->   Core 1 'Adder' <Latency = 0> <II = 1> <Delay = 0.80> <FuncUnit> <Opcode : 'add' 'sub'> <InPorts = 2> <OutPorts = 1>
ST_1 : Operation 1096 [1/1] (0.00ns)   --->   "%sext_ln58_26 = sext i13 %add_ln58_137" [firmware/nnet_utils/nnet_dense_latency.h:58->firmware/nnet_utils/nnet_dense_stream.h:17]   --->   Operation 1096 'sext' 'sext_ln58_26' <Predicate = true> <Delay = 0.00>
ST_1 : Operation 1097 [1/1] (0.78ns)   --->   "%add_ln58_138 = add i11 %sext_ln17_53, i11 2040" [firmware/nnet_utils/nnet_dense_latency.h:58->firmware/nnet_utils/nnet_dense_stream.h:17]   --->   Operation 1097 'add' 'add_ln58_138' <Predicate = true> <Delay = 0.78> <CoreInst = "Adder">   --->   Core 1 'Adder' <Latency = 0> <II = 1> <Delay = 0.78> <FuncUnit> <Opcode : 'add' 'sub'> <InPorts = 2> <OutPorts = 1>
ST_1 : Operation 1098 [1/1] (0.00ns)   --->   "%sext_ln58_27 = sext i11 %add_ln58_138" [firmware/nnet_utils/nnet_dense_latency.h:58->firmware/nnet_utils/nnet_dense_stream.h:17]   --->   Operation 1098 'sext' 'sext_ln58_27' <Predicate = true> <Delay = 0.00>
ST_1 : Operation 1099 [1/1] (0.79ns)   --->   "%add_ln58_139 = add i12 %sext_ln58_27, i12 %sext_ln17_11" [firmware/nnet_utils/nnet_dense_latency.h:58->firmware/nnet_utils/nnet_dense_stream.h:17]   --->   Operation 1099 'add' 'add_ln58_139' <Predicate = true> <Delay = 0.79> <CoreInst = "Adder">   --->   Core 1 'Adder' <Latency = 0> <II = 1> <Delay = 0.79> <FuncUnit> <Opcode : 'add' 'sub'> <InPorts = 2> <OutPorts = 1>
ST_1 : Operation 1100 [1/1] (0.00ns)   --->   "%sext_ln58_28 = sext i12 %add_ln58_139" [firmware/nnet_utils/nnet_dense_latency.h:58->firmware/nnet_utils/nnet_dense_stream.h:17]   --->   Operation 1100 'sext' 'sext_ln58_28' <Predicate = true> <Delay = 0.00>
ST_1 : Operation 1101 [1/1] (0.82ns)   --->   "%add_ln58_140 = add i14 %sext_ln58_28, i14 %sext_ln58_26" [firmware/nnet_utils/nnet_dense_latency.h:58->firmware/nnet_utils/nnet_dense_stream.h:17]   --->   Operation 1101 'add' 'add_ln58_140' <Predicate = true> <Delay = 0.82> <CoreInst = "Adder">   --->   Core 1 'Adder' <Latency = 0> <II = 1> <Delay = 0.82> <FuncUnit> <Opcode : 'add' 'sub'> <InPorts = 2> <OutPorts = 1>
ST_1 : Operation 1102 [1/1] (0.85ns)   --->   "%add_ln58_144 = add i16 %mult_28, i16 %mult_36" [firmware/nnet_utils/nnet_dense_latency.h:58->firmware/nnet_utils/nnet_dense_stream.h:17]   --->   Operation 1102 'add' 'add_ln58_144' <Predicate = true> <Delay = 0.85> <CoreInst = "Adder">   --->   Core 1 'Adder' <Latency = 0> <II = 1> <Delay = 0.85> <FuncUnit> <Opcode : 'add' 'sub'> <InPorts = 2> <OutPorts = 1>
ST_1 : Operation 1103 [1/1] (0.85ns)   --->   "%add_ln58_145 = add i16 %mult_52, i16 %mult_68" [firmware/nnet_utils/nnet_dense_latency.h:58->firmware/nnet_utils/nnet_dense_stream.h:17]   --->   Operation 1103 'add' 'add_ln58_145' <Predicate = true> <Delay = 0.85> <CoreInst = "Adder">   --->   Core 1 'Adder' <Latency = 0> <II = 1> <Delay = 0.85> <FuncUnit> <Opcode : 'add' 'sub'> <InPorts = 2> <OutPorts = 1>
ST_1 : Operation 1104 [1/1] (0.00ns) (grouped into TernaryAdder)   --->   "%add_ln58_148 = add i16 %sext_ln42_25, i16 %sext_ln42_34" [firmware/nnet_utils/nnet_dense_latency.h:58->firmware/nnet_utils/nnet_dense_stream.h:17]   --->   Operation 1104 'add' 'add_ln58_148' <Predicate = true> <Delay = 0.00> <CoreInst = "TAddSub">   --->   Core 10 'TAddSub' <Latency = 0> <II = 1> <Delay = 0.34> <IPBlock> <Opcode : '' 'add' 'sub'> <InPorts = 3> <OutPorts = 1> <Sync> <CReg>
ST_1 : Operation 1105 [1/1] (0.68ns) (root node of TernaryAdder)   --->   "%add_ln58_149 = add i16 %add_ln58_148, i16 %sext_ln42_4" [firmware/nnet_utils/nnet_dense_latency.h:58->firmware/nnet_utils/nnet_dense_stream.h:17]   --->   Operation 1105 'add' 'add_ln58_149' <Predicate = true> <Delay = 0.68> <CoreInst = "TAddSub">   --->   Core 10 'TAddSub' <Latency = 0> <II = 1> <Delay = 0.34> <IPBlock> <Opcode : '' 'add' 'sub'> <InPorts = 3> <OutPorts = 1> <Sync> <CReg>
ST_1 : Operation 1106 [1/1] (0.84ns)   --->   "%add_ln58_152 = add i16 %sext_ln42_46, i16 %sext_ln42_62" [firmware/nnet_utils/nnet_dense_latency.h:58->firmware/nnet_utils/nnet_dense_stream.h:17]   --->   Operation 1106 'add' 'add_ln58_152' <Predicate = true> <Delay = 0.84> <CoreInst = "Adder">   --->   Core 1 'Adder' <Latency = 0> <II = 1> <Delay = 0.84> <FuncUnit> <Opcode : 'add' 'sub'> <InPorts = 2> <OutPorts = 1>
ST_1 : Operation 1107 [1/1] (0.84ns)   --->   "%add_ln58_153 = add i16 %sext_ln42_65, i16 %sext_ln42_69" [firmware/nnet_utils/nnet_dense_latency.h:58->firmware/nnet_utils/nnet_dense_stream.h:17]   --->   Operation 1107 'add' 'add_ln58_153' <Predicate = true> <Delay = 0.84> <CoreInst = "Adder">   --->   Core 1 'Adder' <Latency = 0> <II = 1> <Delay = 0.84> <FuncUnit> <Opcode : 'add' 'sub'> <InPorts = 2> <OutPorts = 1>
ST_1 : Operation 1108 [1/1] (0.00ns) (grouped into TernaryAdder)   --->   "%add_ln58_156 = add i16 %sext_ln42_95, i16 %sext_ln42_99" [firmware/nnet_utils/nnet_dense_latency.h:58->firmware/nnet_utils/nnet_dense_stream.h:17]   --->   Operation 1108 'add' 'add_ln58_156' <Predicate = true> <Delay = 0.00> <CoreInst = "TAddSub">   --->   Core 10 'TAddSub' <Latency = 0> <II = 1> <Delay = 0.34> <IPBlock> <Opcode : '' 'add' 'sub'> <InPorts = 3> <OutPorts = 1> <Sync> <CReg>
ST_1 : Operation 1109 [1/1] (0.68ns) (root node of TernaryAdder)   --->   "%add_ln58_157 = add i16 %add_ln58_156, i16 %sext_ln42_91" [firmware/nnet_utils/nnet_dense_latency.h:58->firmware/nnet_utils/nnet_dense_stream.h:17]   --->   Operation 1109 'add' 'add_ln58_157' <Predicate = true> <Delay = 0.68> <CoreInst = "TAddSub">   --->   Core 10 'TAddSub' <Latency = 0> <II = 1> <Delay = 0.34> <IPBlock> <Opcode : '' 'add' 'sub'> <InPorts = 3> <OutPorts = 1> <Sync> <CReg>
ST_1 : Operation 1110 [1/1] (0.84ns)   --->   "%add_ln58_162 = add i16 %sext_ln42_111, i16 %sext_ln42_8" [firmware/nnet_utils/nnet_dense_latency.h:58->firmware/nnet_utils/nnet_dense_stream.h:17]   --->   Operation 1110 'add' 'add_ln58_162' <Predicate = true> <Delay = 0.84> <CoreInst = "Adder">   --->   Core 1 'Adder' <Latency = 0> <II = 1> <Delay = 0.84> <FuncUnit> <Opcode : 'add' 'sub'> <InPorts = 2> <OutPorts = 1>
ST_1 : Operation 1111 [1/1] (0.83ns)   --->   "%add_ln58_164 = add i15 %sext_ln17_14, i15 %sext_ln17_30" [firmware/nnet_utils/nnet_dense_latency.h:58->firmware/nnet_utils/nnet_dense_stream.h:17]   --->   Operation 1111 'add' 'add_ln58_164' <Predicate = true> <Delay = 0.83> <CoreInst = "Adder">   --->   Core 1 'Adder' <Latency = 0> <II = 1> <Delay = 0.83> <FuncUnit> <Opcode : 'add' 'sub'> <InPorts = 2> <OutPorts = 1>
ST_1 : Operation 1112 [1/1] (0.83ns)   --->   "%add_ln58_165 = add i15 %sext_ln17_43, i15 %sext_ln17_50" [firmware/nnet_utils/nnet_dense_latency.h:58->firmware/nnet_utils/nnet_dense_stream.h:17]   --->   Operation 1112 'add' 'add_ln58_165' <Predicate = true> <Delay = 0.83> <CoreInst = "Adder">   --->   Core 1 'Adder' <Latency = 0> <II = 1> <Delay = 0.83> <FuncUnit> <Opcode : 'add' 'sub'> <InPorts = 2> <OutPorts = 1>
ST_1 : Operation 1113 [1/1] (0.82ns)   --->   "%add_ln58_169 = add i14 %sext_ln17_3, i14 %sext_ln17_22" [firmware/nnet_utils/nnet_dense_latency.h:58->firmware/nnet_utils/nnet_dense_stream.h:17]   --->   Operation 1113 'add' 'add_ln58_169' <Predicate = true> <Delay = 0.82> <CoreInst = "Adder">   --->   Core 1 'Adder' <Latency = 0> <II = 1> <Delay = 0.82> <FuncUnit> <Opcode : 'add' 'sub'> <InPorts = 2> <OutPorts = 1>
ST_1 : Operation 1114 [1/1] (0.82ns)   --->   "%add_ln58_170 = add i14 %sext_ln17_56, i14 %sext_ln17_64" [firmware/nnet_utils/nnet_dense_latency.h:58->firmware/nnet_utils/nnet_dense_stream.h:17]   --->   Operation 1114 'add' 'add_ln58_170' <Predicate = true> <Delay = 0.82> <CoreInst = "Adder">   --->   Core 1 'Adder' <Latency = 0> <II = 1> <Delay = 0.82> <FuncUnit> <Opcode : 'add' 'sub'> <InPorts = 2> <OutPorts = 1>
ST_1 : Operation 1115 [1/1] (0.82ns)   --->   "%add_ln58_173 = add i14 %sext_ln17_70, i14 %sext_ln17_34" [firmware/nnet_utils/nnet_dense_latency.h:58->firmware/nnet_utils/nnet_dense_stream.h:17]   --->   Operation 1115 'add' 'add_ln58_173' <Predicate = true> <Delay = 0.82> <CoreInst = "Adder">   --->   Core 1 'Adder' <Latency = 0> <II = 1> <Delay = 0.82> <FuncUnit> <Opcode : 'add' 'sub'> <InPorts = 2> <OutPorts = 1>
ST_1 : Operation 1116 [1/1] (0.79ns)   --->   "%add_ln58_174 = add i12 %sext_ln17_27, i12 4089" [firmware/nnet_utils/nnet_dense_latency.h:58->firmware/nnet_utils/nnet_dense_stream.h:17]   --->   Operation 1116 'add' 'add_ln58_174' <Predicate = true> <Delay = 0.79> <CoreInst = "Adder">   --->   Core 1 'Adder' <Latency = 0> <II = 1> <Delay = 0.79> <FuncUnit> <Opcode : 'add' 'sub'> <InPorts = 2> <OutPorts = 1>
ST_1 : Operation 1117 [1/1] (0.85ns)   --->   "%add_ln58_180 = add i16 %mult_61, i16 %mult_85" [firmware/nnet_utils/nnet_dense_latency.h:58->firmware/nnet_utils/nnet_dense_stream.h:17]   --->   Operation 1117 'add' 'add_ln58_180' <Predicate = true> <Delay = 0.85> <CoreInst = "Adder">   --->   Core 1 'Adder' <Latency = 0> <II = 1> <Delay = 0.85> <FuncUnit> <Opcode : 'add' 'sub'> <InPorts = 2> <OutPorts = 1>
ST_1 : Operation 1118 [1/1] (0.85ns)   --->   "%add_ln58_181 = add i16 %mult_117, i16 %mult_125" [firmware/nnet_utils/nnet_dense_latency.h:58->firmware/nnet_utils/nnet_dense_stream.h:17]   --->   Operation 1118 'add' 'add_ln58_181' <Predicate = true> <Delay = 0.85> <CoreInst = "Adder">   --->   Core 1 'Adder' <Latency = 0> <II = 1> <Delay = 0.85> <FuncUnit> <Opcode : 'add' 'sub'> <InPorts = 2> <OutPorts = 1>
ST_1 : Operation 1119 [1/1] (0.00ns) (grouped into TernaryAdder)   --->   "%add_ln58_184 = add i16 %mult_197, i16 %mult_205" [firmware/nnet_utils/nnet_dense_latency.h:58->firmware/nnet_utils/nnet_dense_stream.h:17]   --->   Operation 1119 'add' 'add_ln58_184' <Predicate = true> <Delay = 0.00> <CoreInst = "TAddSub">   --->   Core 10 'TAddSub' <Latency = 0> <II = 1> <Delay = 0.34> <IPBlock> <Opcode : '' 'add' 'sub'> <InPorts = 3> <OutPorts = 1> <Sync> <CReg>
ST_1 : Operation 1120 [1/1] (0.68ns) (root node of TernaryAdder)   --->   "%add_ln58_185 = add i16 %add_ln58_184, i16 %mult_181" [firmware/nnet_utils/nnet_dense_latency.h:58->firmware/nnet_utils/nnet_dense_stream.h:17]   --->   Operation 1120 'add' 'add_ln58_185' <Predicate = true> <Delay = 0.68> <CoreInst = "TAddSub">   --->   Core 10 'TAddSub' <Latency = 0> <II = 1> <Delay = 0.34> <IPBlock> <Opcode : '' 'add' 'sub'> <InPorts = 3> <OutPorts = 1> <Sync> <CReg>
ST_1 : Operation 1121 [1/1] (0.85ns)   --->   "%add_ln58_188 = add i16 %mult_229, i16 %mult_245" [firmware/nnet_utils/nnet_dense_latency.h:58->firmware/nnet_utils/nnet_dense_stream.h:17]   --->   Operation 1121 'add' 'add_ln58_188' <Predicate = true> <Delay = 0.85> <CoreInst = "Adder">   --->   Core 1 'Adder' <Latency = 0> <II = 1> <Delay = 0.85> <FuncUnit> <Opcode : 'add' 'sub'> <InPorts = 2> <OutPorts = 1>
ST_1 : Operation 1122 [1/1] (0.84ns)   --->   "%add_ln58_189 = add i16 %sext_ln42, i16 %sext_ln42_5" [firmware/nnet_utils/nnet_dense_latency.h:58->firmware/nnet_utils/nnet_dense_stream.h:17]   --->   Operation 1122 'add' 'add_ln58_189' <Predicate = true> <Delay = 0.84> <CoreInst = "Adder">   --->   Core 1 'Adder' <Latency = 0> <II = 1> <Delay = 0.84> <FuncUnit> <Opcode : 'add' 'sub'> <InPorts = 2> <OutPorts = 1>
ST_1 : Operation 1123 [1/1] (0.00ns) (grouped into TernaryAdder)   --->   "%add_ln58_192 = add i16 %sext_ln42_42, i16 %sext_ln42_51" [firmware/nnet_utils/nnet_dense_latency.h:58->firmware/nnet_utils/nnet_dense_stream.h:17]   --->   Operation 1123 'add' 'add_ln58_192' <Predicate = true> <Delay = 0.00> <CoreInst = "TAddSub">   --->   Core 10 'TAddSub' <Latency = 0> <II = 1> <Delay = 0.34> <IPBlock> <Opcode : '' 'add' 'sub'> <InPorts = 3> <OutPorts = 1> <Sync> <CReg>
ST_1 : Operation 1124 [1/1] (0.68ns) (root node of TernaryAdder)   --->   "%add_ln58_193 = add i16 %add_ln58_192, i16 %sext_ln42_28" [firmware/nnet_utils/nnet_dense_latency.h:58->firmware/nnet_utils/nnet_dense_stream.h:17]   --->   Operation 1124 'add' 'add_ln58_193' <Predicate = true> <Delay = 0.68> <CoreInst = "TAddSub">   --->   Core 10 'TAddSub' <Latency = 0> <II = 1> <Delay = 0.34> <IPBlock> <Opcode : '' 'add' 'sub'> <InPorts = 3> <OutPorts = 1> <Sync> <CReg>
ST_1 : Operation 1125 [1/1] (0.84ns)   --->   "%add_ln58_198 = add i16 %sext_ln42_84, i16 %sext_ln42_92" [firmware/nnet_utils/nnet_dense_latency.h:58->firmware/nnet_utils/nnet_dense_stream.h:17]   --->   Operation 1125 'add' 'add_ln58_198' <Predicate = true> <Delay = 0.84> <CoreInst = "Adder">   --->   Core 1 'Adder' <Latency = 0> <II = 1> <Delay = 0.84> <FuncUnit> <Opcode : 'add' 'sub'> <InPorts = 2> <OutPorts = 1>
ST_1 : Operation 1126 [1/1] (0.83ns)   --->   "%add_ln58_201 = add i15 %sext_ln17_31, i15 %sext_ln17_7" [firmware/nnet_utils/nnet_dense_latency.h:58->firmware/nnet_utils/nnet_dense_stream.h:17]   --->   Operation 1126 'add' 'add_ln58_201' <Predicate = true> <Delay = 0.83> <CoreInst = "Adder">   --->   Core 1 'Adder' <Latency = 0> <II = 1> <Delay = 0.83> <FuncUnit> <Opcode : 'add' 'sub'> <InPorts = 2> <OutPorts = 1>
ST_1 : Operation 1127 [1/1] (0.82ns)   --->   "%add_ln58_205 = add i14 %sext_ln17_28, i14 %sext_ln17_46" [firmware/nnet_utils/nnet_dense_latency.h:58->firmware/nnet_utils/nnet_dense_stream.h:17]   --->   Operation 1127 'add' 'add_ln58_205' <Predicate = true> <Delay = 0.82> <CoreInst = "Adder">   --->   Core 1 'Adder' <Latency = 0> <II = 1> <Delay = 0.82> <FuncUnit> <Opcode : 'add' 'sub'> <InPorts = 2> <OutPorts = 1>
ST_1 : Operation 1128 [1/1] (0.82ns)   --->   "%add_ln58_206 = add i14 %sext_ln17_73, i14 %sext_ln17_44" [firmware/nnet_utils/nnet_dense_latency.h:58->firmware/nnet_utils/nnet_dense_stream.h:17]   --->   Operation 1128 'add' 'add_ln58_206' <Predicate = true> <Delay = 0.82> <CoreInst = "Adder">   --->   Core 1 'Adder' <Latency = 0> <II = 1> <Delay = 0.82> <FuncUnit> <Opcode : 'add' 'sub'> <InPorts = 2> <OutPorts = 1>
ST_1 : Operation 1129 [1/1] (0.80ns)   --->   "%add_ln58_209 = add i13 %sext_ln17_71, i13 %sext_ln17_78" [firmware/nnet_utils/nnet_dense_latency.h:58->firmware/nnet_utils/nnet_dense_stream.h:17]   --->   Operation 1129 'add' 'add_ln58_209' <Predicate = true> <Delay = 0.80> <CoreInst = "Adder">   --->   Core 1 'Adder' <Latency = 0> <II = 1> <Delay = 0.80> <FuncUnit> <Opcode : 'add' 'sub'> <InPorts = 2> <OutPorts = 1>
ST_1 : Operation 1130 [1/1] (0.77ns)   --->   "%add_ln58_210 = add i10 %sext_ln17_12, i10 1017" [firmware/nnet_utils/nnet_dense_latency.h:58->firmware/nnet_utils/nnet_dense_stream.h:17]   --->   Operation 1130 'add' 'add_ln58_210' <Predicate = true> <Delay = 0.77> <CoreInst = "Adder">   --->   Core 1 'Adder' <Latency = 0> <II = 1> <Delay = 0.77> <FuncUnit> <Opcode : 'add' 'sub'> <InPorts = 2> <OutPorts = 1>
ST_1 : Operation 1131 [1/1] (0.00ns)   --->   "%sext_ln58_44 = sext i10 %add_ln58_210" [firmware/nnet_utils/nnet_dense_latency.h:58->firmware/nnet_utils/nnet_dense_stream.h:17]   --->   Operation 1131 'sext' 'sext_ln58_44' <Predicate = true> <Delay = 0.00>
ST_1 : Operation 1132 [1/1] (0.79ns)   --->   "%add_ln58_211 = add i12 %sext_ln58_44, i12 %sext_ln17_80" [firmware/nnet_utils/nnet_dense_latency.h:58->firmware/nnet_utils/nnet_dense_stream.h:17]   --->   Operation 1132 'add' 'add_ln58_211' <Predicate = true> <Delay = 0.79> <CoreInst = "Adder">   --->   Core 1 'Adder' <Latency = 0> <II = 1> <Delay = 0.79> <FuncUnit> <Opcode : 'add' 'sub'> <InPorts = 2> <OutPorts = 1>
ST_1 : Operation 1133 [1/1] (0.85ns)   --->   "%add_ln58_216 = add i16 %mult_30, i16 %mult_38" [firmware/nnet_utils/nnet_dense_latency.h:58->firmware/nnet_utils/nnet_dense_stream.h:17]   --->   Operation 1133 'add' 'add_ln58_216' <Predicate = true> <Delay = 0.85> <CoreInst = "Adder">   --->   Core 1 'Adder' <Latency = 0> <II = 1> <Delay = 0.85> <FuncUnit> <Opcode : 'add' 'sub'> <InPorts = 2> <OutPorts = 1>
ST_1 : Operation 1134 [1/1] (0.85ns)   --->   "%add_ln58_217 = add i16 %mult_46, i16 %mult_62" [firmware/nnet_utils/nnet_dense_latency.h:58->firmware/nnet_utils/nnet_dense_stream.h:17]   --->   Operation 1134 'add' 'add_ln58_217' <Predicate = true> <Delay = 0.85> <CoreInst = "Adder">   --->   Core 1 'Adder' <Latency = 0> <II = 1> <Delay = 0.85> <FuncUnit> <Opcode : 'add' 'sub'> <InPorts = 2> <OutPorts = 1>
ST_1 : Operation 1135 [1/1] (0.00ns) (grouped into TernaryAdder)   --->   "%add_ln58_220 = add i16 %mult_102, i16 %mult_110" [firmware/nnet_utils/nnet_dense_latency.h:58->firmware/nnet_utils/nnet_dense_stream.h:17]   --->   Operation 1135 'add' 'add_ln58_220' <Predicate = true> <Delay = 0.00> <CoreInst = "TAddSub">   --->   Core 10 'TAddSub' <Latency = 0> <II = 1> <Delay = 0.34> <IPBlock> <Opcode : '' 'add' 'sub'> <InPorts = 3> <OutPorts = 1> <Sync> <CReg>
ST_1 : Operation 1136 [1/1] (0.68ns) (root node of TernaryAdder)   --->   "%add_ln58_221 = add i16 %add_ln58_220, i16 %mult_86" [firmware/nnet_utils/nnet_dense_latency.h:58->firmware/nnet_utils/nnet_dense_stream.h:17]   --->   Operation 1136 'add' 'add_ln58_221' <Predicate = true> <Delay = 0.68> <CoreInst = "TAddSub">   --->   Core 10 'TAddSub' <Latency = 0> <II = 1> <Delay = 0.34> <IPBlock> <Opcode : '' 'add' 'sub'> <InPorts = 3> <OutPorts = 1> <Sync> <CReg>
ST_1 : Operation 1137 [1/1] (0.85ns)   --->   "%add_ln58_224 = add i16 %mult_126, i16 %mult_142" [firmware/nnet_utils/nnet_dense_latency.h:58->firmware/nnet_utils/nnet_dense_stream.h:17]   --->   Operation 1137 'add' 'add_ln58_224' <Predicate = true> <Delay = 0.85> <CoreInst = "Adder">   --->   Core 1 'Adder' <Latency = 0> <II = 1> <Delay = 0.85> <FuncUnit> <Opcode : 'add' 'sub'> <InPorts = 2> <OutPorts = 1>
ST_1 : Operation 1138 [1/1] (0.85ns)   --->   "%add_ln58_225 = add i16 %mult_166, i16 %mult_182" [firmware/nnet_utils/nnet_dense_latency.h:58->firmware/nnet_utils/nnet_dense_stream.h:17]   --->   Operation 1138 'add' 'add_ln58_225' <Predicate = true> <Delay = 0.85> <CoreInst = "Adder">   --->   Core 1 'Adder' <Latency = 0> <II = 1> <Delay = 0.85> <FuncUnit> <Opcode : 'add' 'sub'> <InPorts = 2> <OutPorts = 1>
ST_1 : Operation 1139 [1/1] (0.00ns) (grouped into TernaryAdder)   --->   "%add_ln58_228 = add i16 %mult_246, i16 %mult_254" [firmware/nnet_utils/nnet_dense_latency.h:58->firmware/nnet_utils/nnet_dense_stream.h:17]   --->   Operation 1139 'add' 'add_ln58_228' <Predicate = true> <Delay = 0.00> <CoreInst = "TAddSub">   --->   Core 10 'TAddSub' <Latency = 0> <II = 1> <Delay = 0.34> <IPBlock> <Opcode : '' 'add' 'sub'> <InPorts = 3> <OutPorts = 1> <Sync> <CReg>
ST_1 : Operation 1140 [1/1] (0.68ns) (root node of TernaryAdder)   --->   "%add_ln58_229 = add i16 %add_ln58_228, i16 %mult_238" [firmware/nnet_utils/nnet_dense_latency.h:58->firmware/nnet_utils/nnet_dense_stream.h:17]   --->   Operation 1140 'add' 'add_ln58_229' <Predicate = true> <Delay = 0.68> <CoreInst = "TAddSub">   --->   Core 10 'TAddSub' <Latency = 0> <II = 1> <Delay = 0.34> <IPBlock> <Opcode : '' 'add' 'sub'> <InPorts = 3> <OutPorts = 1> <Sync> <CReg>
ST_1 : Operation 1141 [1/1] (0.84ns)   --->   "%add_ln58_234 = add i16 %sext_ln42_6, i16 %sext_ln42_21" [firmware/nnet_utils/nnet_dense_latency.h:58->firmware/nnet_utils/nnet_dense_stream.h:17]   --->   Operation 1141 'add' 'add_ln58_234' <Predicate = true> <Delay = 0.84> <CoreInst = "Adder">   --->   Core 1 'Adder' <Latency = 0> <II = 1> <Delay = 0.84> <FuncUnit> <Opcode : 'add' 'sub'> <InPorts = 2> <OutPorts = 1>
ST_1 : Operation 1142 [1/1] (0.00ns) (grouped into TernaryAdder)   --->   "%add_ln58_237 = add i16 %sext_ln42_58, i16 %sext_ln42_70" [firmware/nnet_utils/nnet_dense_latency.h:58->firmware/nnet_utils/nnet_dense_stream.h:17]   --->   Operation 1142 'add' 'add_ln58_237' <Predicate = true> <Delay = 0.00> <CoreInst = "TAddSub">   --->   Core 10 'TAddSub' <Latency = 0> <II = 1> <Delay = 0.34> <IPBlock> <Opcode : '' 'add' 'sub'> <InPorts = 3> <OutPorts = 1> <Sync> <CReg>
ST_1 : Operation 1143 [1/1] (0.68ns) (root node of TernaryAdder)   --->   "%add_ln58_238 = add i16 %add_ln58_237, i16 %sext_ln42_54" [firmware/nnet_utils/nnet_dense_latency.h:58->firmware/nnet_utils/nnet_dense_stream.h:17]   --->   Operation 1143 'add' 'add_ln58_238' <Predicate = true> <Delay = 0.68> <CoreInst = "TAddSub">   --->   Core 10 'TAddSub' <Latency = 0> <II = 1> <Delay = 0.34> <IPBlock> <Opcode : '' 'add' 'sub'> <InPorts = 3> <OutPorts = 1> <Sync> <CReg>
ST_1 : Operation 1144 [1/1] (0.84ns)   --->   "%add_ln58_241 = add i16 %sext_ln42_85, i16 %sext_ln42_108" [firmware/nnet_utils/nnet_dense_latency.h:58->firmware/nnet_utils/nnet_dense_stream.h:17]   --->   Operation 1144 'add' 'add_ln58_241' <Predicate = true> <Delay = 0.84> <CoreInst = "Adder">   --->   Core 1 'Adder' <Latency = 0> <II = 1> <Delay = 0.84> <FuncUnit> <Opcode : 'add' 'sub'> <InPorts = 2> <OutPorts = 1>
ST_1 : Operation 1145 [1/1] (0.83ns)   --->   "%add_ln58_242 = add i15 %sext_ln17_47, i15 %sext_ln17_59" [firmware/nnet_utils/nnet_dense_latency.h:58->firmware/nnet_utils/nnet_dense_stream.h:17]   --->   Operation 1145 'add' 'add_ln58_242' <Predicate = true> <Delay = 0.83> <CoreInst = "Adder">   --->   Core 1 'Adder' <Latency = 0> <II = 1> <Delay = 0.83> <FuncUnit> <Opcode : 'add' 'sub'> <InPorts = 2> <OutPorts = 1>
ST_1 : Operation 1146 [1/1] (0.83ns)   --->   "%add_ln58_245 = add i15 %sext_ln17_65, i15 %sext_ln17_77" [firmware/nnet_utils/nnet_dense_latency.h:58->firmware/nnet_utils/nnet_dense_stream.h:17]   --->   Operation 1146 'add' 'add_ln58_245' <Predicate = true> <Delay = 0.83> <CoreInst = "Adder">   --->   Core 1 'Adder' <Latency = 0> <II = 1> <Delay = 0.83> <FuncUnit> <Opcode : 'add' 'sub'> <InPorts = 2> <OutPorts = 1>
ST_1 : Operation 1147 [1/1] (0.82ns)   --->   "%add_ln58_246 = add i14 %sext_ln17_81, i14 16376" [firmware/nnet_utils/nnet_dense_latency.h:58->firmware/nnet_utils/nnet_dense_stream.h:17]   --->   Operation 1147 'add' 'add_ln58_246' <Predicate = true> <Delay = 0.82> <CoreInst = "Adder">   --->   Core 1 'Adder' <Latency = 0> <II = 1> <Delay = 0.82> <FuncUnit> <Opcode : 'add' 'sub'> <InPorts = 2> <OutPorts = 1>
ST_1 : Operation 1148 [1/1] (0.00ns)   --->   "%sext_ln58_49 = sext i14 %add_ln58_246" [firmware/nnet_utils/nnet_dense_latency.h:58->firmware/nnet_utils/nnet_dense_stream.h:17]   --->   Operation 1148 'sext' 'sext_ln58_49' <Predicate = true> <Delay = 0.00>
ST_1 : Operation 1149 [1/1] (0.83ns)   --->   "%add_ln58_247 = add i15 %sext_ln58_49, i15 %sext_ln17_37" [firmware/nnet_utils/nnet_dense_latency.h:58->firmware/nnet_utils/nnet_dense_stream.h:17]   --->   Operation 1149 'add' 'add_ln58_247' <Predicate = true> <Delay = 0.83> <CoreInst = "Adder">   --->   Core 1 'Adder' <Latency = 0> <II = 1> <Delay = 0.83> <FuncUnit> <Opcode : 'add' 'sub'> <InPorts = 2> <OutPorts = 1>
ST_1 : Operation 1150 [1/1] (0.85ns)   --->   "%add_ln58_252 = add i16 %mult_39, i16 %mult_95" [firmware/nnet_utils/nnet_dense_latency.h:58->firmware/nnet_utils/nnet_dense_stream.h:17]   --->   Operation 1150 'add' 'add_ln58_252' <Predicate = true> <Delay = 0.85> <CoreInst = "Adder">   --->   Core 1 'Adder' <Latency = 0> <II = 1> <Delay = 0.85> <FuncUnit> <Opcode : 'add' 'sub'> <InPorts = 2> <OutPorts = 1>
ST_1 : Operation 1151 [1/1] (0.85ns)   --->   "%add_ln58_253 = add i16 %mult_103, i16 %mult_119" [firmware/nnet_utils/nnet_dense_latency.h:58->firmware/nnet_utils/nnet_dense_stream.h:17]   --->   Operation 1151 'add' 'add_ln58_253' <Predicate = true> <Delay = 0.85> <CoreInst = "Adder">   --->   Core 1 'Adder' <Latency = 0> <II = 1> <Delay = 0.85> <FuncUnit> <Opcode : 'add' 'sub'> <InPorts = 2> <OutPorts = 1>
ST_1 : Operation 1152 [1/1] (0.00ns) (grouped into TernaryAdder)   --->   "%add_ln58_256 = add i16 %mult_247, i16 %mult_279" [firmware/nnet_utils/nnet_dense_latency.h:58->firmware/nnet_utils/nnet_dense_stream.h:17]   --->   Operation 1152 'add' 'add_ln58_256' <Predicate = true> <Delay = 0.00> <CoreInst = "TAddSub">   --->   Core 10 'TAddSub' <Latency = 0> <II = 1> <Delay = 0.34> <IPBlock> <Opcode : '' 'add' 'sub'> <InPorts = 3> <OutPorts = 1> <Sync> <CReg>
ST_1 : Operation 1153 [1/1] (0.68ns) (root node of TernaryAdder)   --->   "%add_ln58_257 = add i16 %add_ln58_256, i16 %mult_191" [firmware/nnet_utils/nnet_dense_latency.h:58->firmware/nnet_utils/nnet_dense_stream.h:17]   --->   Operation 1153 'add' 'add_ln58_257' <Predicate = true> <Delay = 0.68> <CoreInst = "TAddSub">   --->   Core 10 'TAddSub' <Latency = 0> <II = 1> <Delay = 0.34> <IPBlock> <Opcode : '' 'add' 'sub'> <InPorts = 3> <OutPorts = 1> <Sync> <CReg>
ST_1 : Operation 1154 [1/1] (0.84ns)   --->   "%add_ln58_260 = add i16 %sext_ln42_7, i16 %sext_ln42_13" [firmware/nnet_utils/nnet_dense_latency.h:58->firmware/nnet_utils/nnet_dense_stream.h:17]   --->   Operation 1154 'add' 'add_ln58_260' <Predicate = true> <Delay = 0.84> <CoreInst = "Adder">   --->   Core 1 'Adder' <Latency = 0> <II = 1> <Delay = 0.84> <FuncUnit> <Opcode : 'add' 'sub'> <InPorts = 2> <OutPorts = 1>
ST_1 : Operation 1155 [1/1] (0.84ns)   --->   "%add_ln58_261 = add i16 %sext_ln42_22, i16 %sext_ln42_29" [firmware/nnet_utils/nnet_dense_latency.h:58->firmware/nnet_utils/nnet_dense_stream.h:17]   --->   Operation 1155 'add' 'add_ln58_261' <Predicate = true> <Delay = 0.84> <CoreInst = "Adder">   --->   Core 1 'Adder' <Latency = 0> <II = 1> <Delay = 0.84> <FuncUnit> <Opcode : 'add' 'sub'> <InPorts = 2> <OutPorts = 1>
ST_1 : Operation 1156 [1/1] (0.00ns) (grouped into TernaryAdder)   --->   "%add_ln58_264 = add i16 %sext_ln42_63, i16 %sext_ln42_66" [firmware/nnet_utils/nnet_dense_latency.h:58->firmware/nnet_utils/nnet_dense_stream.h:17]   --->   Operation 1156 'add' 'add_ln58_264' <Predicate = true> <Delay = 0.00> <CoreInst = "TAddSub">   --->   Core 10 'TAddSub' <Latency = 0> <II = 1> <Delay = 0.34> <IPBlock> <Opcode : '' 'add' 'sub'> <InPorts = 3> <OutPorts = 1> <Sync> <CReg>
ST_1 : Operation 1157 [1/1] (0.68ns) (root node of TernaryAdder)   --->   "%add_ln58_265 = add i16 %add_ln58_264, i16 %sext_ln42_55" [firmware/nnet_utils/nnet_dense_latency.h:58->firmware/nnet_utils/nnet_dense_stream.h:17]   --->   Operation 1157 'add' 'add_ln58_265' <Predicate = true> <Delay = 0.68> <CoreInst = "TAddSub">   --->   Core 10 'TAddSub' <Latency = 0> <II = 1> <Delay = 0.34> <IPBlock> <Opcode : '' 'add' 'sub'> <InPorts = 3> <OutPorts = 1> <Sync> <CReg>
ST_1 : Operation 1158 [1/1] (0.84ns)   --->   "%add_ln58_270 = add i16 %sext_ln42_81, i16 %sext_ln42_86" [firmware/nnet_utils/nnet_dense_latency.h:58->firmware/nnet_utils/nnet_dense_stream.h:17]   --->   Operation 1158 'add' 'add_ln58_270' <Predicate = true> <Delay = 0.84> <CoreInst = "Adder">   --->   Core 1 'Adder' <Latency = 0> <II = 1> <Delay = 0.84> <FuncUnit> <Opcode : 'add' 'sub'> <InPorts = 2> <OutPorts = 1>
ST_1 : Operation 1159 [1/1] (0.83ns)   --->   "%add_ln58_273 = add i15 %sext_ln17_4, i15 %sext_ln17_8" [firmware/nnet_utils/nnet_dense_latency.h:58->firmware/nnet_utils/nnet_dense_stream.h:17]   --->   Operation 1159 'add' 'add_ln58_273' <Predicate = true> <Delay = 0.83> <CoreInst = "Adder">   --->   Core 1 'Adder' <Latency = 0> <II = 1> <Delay = 0.83> <FuncUnit> <Opcode : 'add' 'sub'> <InPorts = 2> <OutPorts = 1>
ST_1 : Operation 1160 [1/1] (0.83ns)   --->   "%add_ln58_277 = add i15 %sext_ln17_23, i15 %sext_ln17_57" [firmware/nnet_utils/nnet_dense_latency.h:58->firmware/nnet_utils/nnet_dense_stream.h:17]   --->   Operation 1160 'add' 'add_ln58_277' <Predicate = true> <Delay = 0.83> <CoreInst = "Adder">   --->   Core 1 'Adder' <Latency = 0> <II = 1> <Delay = 0.83> <FuncUnit> <Opcode : 'add' 'sub'> <InPorts = 2> <OutPorts = 1>
ST_1 : Operation 1161 [1/1] (0.83ns)   --->   "%add_ln58_278 = add i15 %sext_ln17_74, i15 %sext_ln17_18" [firmware/nnet_utils/nnet_dense_latency.h:58->firmware/nnet_utils/nnet_dense_stream.h:17]   --->   Operation 1161 'add' 'add_ln58_278' <Predicate = true> <Delay = 0.83> <CoreInst = "Adder">   --->   Core 1 'Adder' <Latency = 0> <II = 1> <Delay = 0.83> <FuncUnit> <Opcode : 'add' 'sub'> <InPorts = 2> <OutPorts = 1>
ST_1 : Operation 1162 [1/1] (0.82ns)   --->   "%add_ln58_281 = add i14 %sext_ln17_20, i14 %sext_ln17_82" [firmware/nnet_utils/nnet_dense_latency.h:58->firmware/nnet_utils/nnet_dense_stream.h:17]   --->   Operation 1162 'add' 'add_ln58_281' <Predicate = true> <Delay = 0.82> <CoreInst = "Adder">   --->   Core 1 'Adder' <Latency = 0> <II = 1> <Delay = 0.82> <FuncUnit> <Opcode : 'add' 'sub'> <InPorts = 2> <OutPorts = 1>
ST_1 : Operation 1163 [1/1] (0.80ns)   --->   "%add_ln58_282 = add i13 %sext_ln17_41, i13 8190" [firmware/nnet_utils/nnet_dense_latency.h:58->firmware/nnet_utils/nnet_dense_stream.h:17]   --->   Operation 1163 'add' 'add_ln58_282' <Predicate = true> <Delay = 0.80> <CoreInst = "Adder">   --->   Core 1 'Adder' <Latency = 0> <II = 1> <Delay = 0.80> <FuncUnit> <Opcode : 'add' 'sub'> <InPorts = 2> <OutPorts = 1>
ST_1 : Operation 1164 [1/1] (0.00ns)   --->   "%sext_ln58_55 = sext i13 %add_ln58_282" [firmware/nnet_utils/nnet_dense_latency.h:58->firmware/nnet_utils/nnet_dense_stream.h:17]   --->   Operation 1164 'sext' 'sext_ln58_55' <Predicate = true> <Delay = 0.00>
ST_1 : Operation 1165 [1/1] (0.82ns)   --->   "%add_ln58_283 = add i14 %sext_ln58_55, i14 %sext_ln17_15" [firmware/nnet_utils/nnet_dense_latency.h:58->firmware/nnet_utils/nnet_dense_stream.h:17]   --->   Operation 1165 'add' 'add_ln58_283' <Predicate = true> <Delay = 0.82> <CoreInst = "Adder">   --->   Core 1 'Adder' <Latency = 0> <II = 1> <Delay = 0.82> <FuncUnit> <Opcode : 'add' 'sub'> <InPorts = 2> <OutPorts = 1>

State 2 <SV = 1> <Delay = 3.18>
ST_2 : Operation 1166 [1/1] (0.00ns)   --->   "%sext_ln42_1 = sext i15 %mult_6" [firmware/nnet_utils/nnet_dense_latency.h:42->firmware/nnet_utils/nnet_dense_stream.h:17]   --->   Operation 1166 'sext' 'sext_ln42_1' <Predicate = true> <Delay = 0.00>
ST_2 : Operation 1167 [1/1] (0.00ns)   --->   "%sext_ln42_9 = sext i14 %mult_22" [firmware/nnet_utils/nnet_dense_latency.h:42->firmware/nnet_utils/nnet_dense_stream.h:17]   --->   Operation 1167 'sext' 'sext_ln42_9' <Predicate = true> <Delay = 0.00>
ST_2 : Operation 1168 [1/1] (0.00ns)   --->   "%sext_ln42_12 = sext i14 %mult_29" [firmware/nnet_utils/nnet_dense_latency.h:42->firmware/nnet_utils/nnet_dense_stream.h:17]   --->   Operation 1168 'sext' 'sext_ln42_12' <Predicate = true> <Delay = 0.00>
ST_2 : Operation 1169 [1/1] (0.00ns)   --->   "%sext_ln42_15 = sext i15 %mult_34" [firmware/nnet_utils/nnet_dense_latency.h:42->firmware/nnet_utils/nnet_dense_stream.h:17]   --->   Operation 1169 'sext' 'sext_ln42_15' <Predicate = true> <Delay = 0.00>
ST_2 : Operation 1170 [1/1] (0.00ns)   --->   "%sext_ln42_16 = sext i15 %mult_40" [firmware/nnet_utils/nnet_dense_latency.h:42->firmware/nnet_utils/nnet_dense_stream.h:17]   --->   Operation 1170 'sext' 'sext_ln42_16' <Predicate = true> <Delay = 0.00>
ST_2 : Operation 1171 [1/1] (0.00ns)   --->   "%sext_ln42_17 = sext i15 %mult_42" [firmware/nnet_utils/nnet_dense_latency.h:42->firmware/nnet_utils/nnet_dense_stream.h:17]   --->   Operation 1171 'sext' 'sext_ln42_17' <Predicate = true> <Delay = 0.00>
ST_2 : Operation 1172 [1/1] (0.00ns)   --->   "%sext_ln42_18 = sext i14 %mult_45" [firmware/nnet_utils/nnet_dense_latency.h:42->firmware/nnet_utils/nnet_dense_stream.h:17]   --->   Operation 1172 'sext' 'sext_ln42_18' <Predicate = true> <Delay = 0.00>
ST_2 : Operation 1173 [1/1] (0.00ns)   --->   "%sext_ln42_20 = sext i15 %mult_53" [firmware/nnet_utils/nnet_dense_latency.h:42->firmware/nnet_utils/nnet_dense_stream.h:17]   --->   Operation 1173 'sext' 'sext_ln42_20' <Predicate = true> <Delay = 0.00>
ST_2 : Operation 1174 [1/1] (0.00ns)   --->   "%sext_ln42_26 = sext i15 %mult_69" [firmware/nnet_utils/nnet_dense_latency.h:42->firmware/nnet_utils/nnet_dense_stream.h:17]   --->   Operation 1174 'sext' 'sext_ln42_26' <Predicate = true> <Delay = 0.00>
ST_2 : Operation 1175 [1/1] (0.00ns)   --->   "%sext_ln42_27 = sext i15 %mult_72" [firmware/nnet_utils/nnet_dense_latency.h:42->firmware/nnet_utils/nnet_dense_stream.h:17]   --->   Operation 1175 'sext' 'sext_ln42_27' <Predicate = true> <Delay = 0.00>
ST_2 : Operation 1176 [1/1] (0.00ns)   --->   "%sext_ln42_32 = sext i15 %mult_82" [firmware/nnet_utils/nnet_dense_latency.h:42->firmware/nnet_utils/nnet_dense_stream.h:17]   --->   Operation 1176 'sext' 'sext_ln42_32' <Predicate = true> <Delay = 0.00>
ST_2 : Operation 1177 [1/1] (0.00ns)   --->   "%sext_ln42_33 = sext i15 %mult_83" [firmware/nnet_utils/nnet_dense_latency.h:42->firmware/nnet_utils/nnet_dense_stream.h:17]   --->   Operation 1177 'sext' 'sext_ln42_33' <Predicate = true> <Delay = 0.00>
ST_2 : Operation 1178 [1/1] (0.00ns)   --->   "%sext_ln42_35 = sext i14 %mult_88" [firmware/nnet_utils/nnet_dense_latency.h:42->firmware/nnet_utils/nnet_dense_stream.h:17]   --->   Operation 1178 'sext' 'sext_ln42_35' <Predicate = true> <Delay = 0.00>
ST_2 : Operation 1179 [1/1] (0.00ns)   --->   "%sext_ln42_36 = sext i15 %mult_94" [firmware/nnet_utils/nnet_dense_latency.h:42->firmware/nnet_utils/nnet_dense_stream.h:17]   --->   Operation 1179 'sext' 'sext_ln42_36' <Predicate = true> <Delay = 0.00>
ST_2 : Operation 1180 [1/1] (0.00ns)   --->   "%sext_ln42_40 = sext i15 %mult_106" [firmware/nnet_utils/nnet_dense_latency.h:42->firmware/nnet_utils/nnet_dense_stream.h:17]   --->   Operation 1180 'sext' 'sext_ln42_40' <Predicate = true> <Delay = 0.00>
ST_2 : Operation 1181 [1/1] (0.00ns)   --->   "%sext_ln42_41 = sext i14 %mult_108" [firmware/nnet_utils/nnet_dense_latency.h:42->firmware/nnet_utils/nnet_dense_stream.h:17]   --->   Operation 1181 'sext' 'sext_ln42_41' <Predicate = true> <Delay = 0.00>
ST_2 : Operation 1182 [1/1] (0.00ns)   --->   "%sext_ln42_43 = sext i15 %mult_111" [firmware/nnet_utils/nnet_dense_latency.h:42->firmware/nnet_utils/nnet_dense_stream.h:17]   --->   Operation 1182 'sext' 'sext_ln42_43' <Predicate = true> <Delay = 0.00>
ST_2 : Operation 1183 [1/1] (0.00ns)   --->   "%sext_ln42_45 = sext i15 %mult_113" [firmware/nnet_utils/nnet_dense_latency.h:42->firmware/nnet_utils/nnet_dense_stream.h:17]   --->   Operation 1183 'sext' 'sext_ln42_45' <Predicate = true> <Delay = 0.00>
ST_2 : Operation 1184 [1/1] (0.00ns)   --->   "%sext_ln17_32 = sext i13 %mult_115" [firmware/nnet_utils/nnet_dense_latency.h:17->firmware/nnet_utils/nnet_dense_stream.h:17]   --->   Operation 1184 'sext' 'sext_ln17_32' <Predicate = true> <Delay = 0.00>
ST_2 : Operation 1185 [1/1] (0.00ns)   --->   "%sext_ln42_47 = sext i15 %mult_118" [firmware/nnet_utils/nnet_dense_latency.h:42->firmware/nnet_utils/nnet_dense_stream.h:17]   --->   Operation 1185 'sext' 'sext_ln42_47' <Predicate = true> <Delay = 0.00>
ST_2 : Operation 1186 [1/1] (0.00ns)   --->   "%sext_ln42_48 = sext i15 %mult_121" [firmware/nnet_utils/nnet_dense_latency.h:42->firmware/nnet_utils/nnet_dense_stream.h:17]   --->   Operation 1186 'sext' 'sext_ln42_48' <Predicate = true> <Delay = 0.00>
ST_2 : Operation 1187 [1/1] (0.00ns)   --->   "%sext_ln42_49 = sext i15 %mult_123" [firmware/nnet_utils/nnet_dense_latency.h:42->firmware/nnet_utils/nnet_dense_stream.h:17]   --->   Operation 1187 'sext' 'sext_ln42_49' <Predicate = true> <Delay = 0.00>
ST_2 : Operation 1188 [1/1] (0.00ns)   --->   "%sext_ln42_50 = sext i15 %mult_128" [firmware/nnet_utils/nnet_dense_latency.h:42->firmware/nnet_utils/nnet_dense_stream.h:17]   --->   Operation 1188 'sext' 'sext_ln42_50' <Predicate = true> <Delay = 0.00>
ST_2 : Operation 1189 [1/1] (0.00ns)   --->   "%sext_ln17_36 = sext i13 %mult_132" [firmware/nnet_utils/nnet_dense_latency.h:17->firmware/nnet_utils/nnet_dense_stream.h:17]   --->   Operation 1189 'sext' 'sext_ln17_36' <Predicate = true> <Delay = 0.00>
ST_2 : Operation 1190 [1/1] (0.00ns)   --->   "%sext_ln42_52 = sext i15 %mult_135" [firmware/nnet_utils/nnet_dense_latency.h:42->firmware/nnet_utils/nnet_dense_stream.h:17]   --->   Operation 1190 'sext' 'sext_ln42_52' <Predicate = true> <Delay = 0.00>
ST_2 : Operation 1191 [1/1] (0.00ns)   --->   "%sext_ln42_53 = sext i15 %mult_141" [firmware/nnet_utils/nnet_dense_latency.h:42->firmware/nnet_utils/nnet_dense_stream.h:17]   --->   Operation 1191 'sext' 'sext_ln42_53' <Predicate = true> <Delay = 0.00>
ST_2 : Operation 1192 [1/1] (0.00ns)   --->   "%tmp_49 = bitconcatenate i24 @_ssdm_op_BitConcatenate.i24.i16.i8, i16 %data_18_val19_read, i8 0" [firmware/nnet_utils/nnet_mult.h:73->firmware/nnet_utils/nnet_dense_latency.h:42->firmware/nnet_utils/nnet_dense_stream.h:17]   --->   Operation 1192 'bitconcatenate' 'tmp_49' <Predicate = true> <Delay = 0.00>
ST_2 : Operation 1193 [1/1] (0.00ns)   --->   "%sext_ln73_37 = sext i24 %tmp_49" [firmware/nnet_utils/nnet_mult.h:73->firmware/nnet_utils/nnet_dense_latency.h:42->firmware/nnet_utils/nnet_dense_stream.h:17]   --->   Operation 1193 'sext' 'sext_ln73_37' <Predicate = true> <Delay = 0.00>
ST_2 : Operation 1194 [1/1] (0.00ns) (grouped into TernaryAdder)   --->   "%sub_ln73_17 = sub i26 0, i26 %sext_ln73_37" [firmware/nnet_utils/nnet_mult.h:73->firmware/nnet_utils/nnet_dense_latency.h:42->firmware/nnet_utils/nnet_dense_stream.h:17]   --->   Operation 1194 'sub' 'sub_ln73_17' <Predicate = true> <Delay = 0.00> <CoreInst = "TAddSub">   --->   Core 10 'TAddSub' <Latency = 0> <II = 1> <Delay = 0.34> <IPBlock> <Opcode : '' 'add' 'sub'> <InPorts = 3> <OutPorts = 1> <Sync> <CReg>
ST_2 : Operation 1195 [1/1] (0.00ns)   --->   "%tmp_50 = bitconcatenate i17 @_ssdm_op_BitConcatenate.i17.i16.i1, i16 %data_18_val19_read, i1 0" [firmware/nnet_utils/nnet_mult.h:73->firmware/nnet_utils/nnet_dense_latency.h:42->firmware/nnet_utils/nnet_dense_stream.h:17]   --->   Operation 1195 'bitconcatenate' 'tmp_50' <Predicate = true> <Delay = 0.00>
ST_2 : Operation 1196 [1/1] (0.00ns)   --->   "%sext_ln73_38 = sext i17 %tmp_50" [firmware/nnet_utils/nnet_mult.h:73->firmware/nnet_utils/nnet_dense_latency.h:42->firmware/nnet_utils/nnet_dense_stream.h:17]   --->   Operation 1196 'sext' 'sext_ln73_38' <Predicate = true> <Delay = 0.00>
ST_2 : Operation 1197 [1/1] (0.71ns) (root node of TernaryAdder)   --->   "%sub_ln73_18 = sub i26 %sub_ln73_17, i26 %sext_ln73_38" [firmware/nnet_utils/nnet_mult.h:73->firmware/nnet_utils/nnet_dense_latency.h:42->firmware/nnet_utils/nnet_dense_stream.h:17]   --->   Operation 1197 'sub' 'sub_ln73_18' <Predicate = true> <Delay = 0.71> <CoreInst = "TAddSub">   --->   Core 10 'TAddSub' <Latency = 0> <II = 1> <Delay = 0.34> <IPBlock> <Opcode : '' 'add' 'sub'> <InPorts = 3> <OutPorts = 1> <Sync> <CReg>
ST_2 : Operation 1198 [1/1] (0.00ns)   --->   "%mult_148 = partselect i16 @_ssdm_op_PartSelect.i16.i26.i32.i32, i26 %sub_ln73_18, i32 10, i32 25" [firmware/nnet_utils/nnet_dense_latency.h:42->firmware/nnet_utils/nnet_dense_stream.h:17]   --->   Operation 1198 'partselect' 'mult_148' <Predicate = true> <Delay = 0.00>
ST_2 : Operation 1199 [1/1] (0.00ns)   --->   "%sext_ln42_67 = sext i15 %mult_183" [firmware/nnet_utils/nnet_dense_latency.h:42->firmware/nnet_utils/nnet_dense_stream.h:17]   --->   Operation 1199 'sext' 'sext_ln42_67' <Predicate = true> <Delay = 0.00>
ST_2 : Operation 1200 [1/1] (0.00ns)   --->   "%sext_ln42_68 = sext i15 %mult_185" [firmware/nnet_utils/nnet_dense_latency.h:42->firmware/nnet_utils/nnet_dense_stream.h:17]   --->   Operation 1200 'sext' 'sext_ln42_68' <Predicate = true> <Delay = 0.00>
ST_2 : Operation 1201 [1/1] (0.00ns)   --->   "%sext_ln17_54 = sext i13 %mult_189" [firmware/nnet_utils/nnet_dense_latency.h:17->firmware/nnet_utils/nnet_dense_stream.h:17]   --->   Operation 1201 'sext' 'sext_ln17_54' <Predicate = true> <Delay = 0.00>
ST_2 : Operation 1202 [1/1] (0.00ns)   --->   "%sext_ln42_71 = sext i14 %mult_193" [firmware/nnet_utils/nnet_dense_latency.h:42->firmware/nnet_utils/nnet_dense_stream.h:17]   --->   Operation 1202 'sext' 'sext_ln42_71' <Predicate = true> <Delay = 0.00>
ST_2 : Operation 1203 [1/1] (0.00ns)   --->   "%sext_ln42_73 = sext i15 %mult_196" [firmware/nnet_utils/nnet_dense_latency.h:42->firmware/nnet_utils/nnet_dense_stream.h:17]   --->   Operation 1203 'sext' 'sext_ln42_73' <Predicate = true> <Delay = 0.00>
ST_2 : Operation 1204 [1/1] (0.00ns)   --->   "%sext_ln42_74 = sext i15 %mult_199" [firmware/nnet_utils/nnet_dense_latency.h:42->firmware/nnet_utils/nnet_dense_stream.h:17]   --->   Operation 1204 'sext' 'sext_ln42_74' <Predicate = true> <Delay = 0.00>
ST_2 : Operation 1205 [1/1] (0.00ns)   --->   "%sext_ln42_75 = sext i15 %mult_200" [firmware/nnet_utils/nnet_dense_latency.h:42->firmware/nnet_utils/nnet_dense_stream.h:17]   --->   Operation 1205 'sext' 'sext_ln42_75' <Predicate = true> <Delay = 0.00>
ST_2 : Operation 1206 [1/1] (0.00ns)   --->   "%sext_ln42_78 = sext i15 %mult_209" [firmware/nnet_utils/nnet_dense_latency.h:42->firmware/nnet_utils/nnet_dense_stream.h:17]   --->   Operation 1206 'sext' 'sext_ln42_78' <Predicate = true> <Delay = 0.00>
ST_2 : Operation 1207 [1/1] (0.00ns)   --->   "%sext_ln17_58 = sext i12 %mult_210" [firmware/nnet_utils/nnet_dense_latency.h:17->firmware/nnet_utils/nnet_dense_stream.h:17]   --->   Operation 1207 'sext' 'sext_ln17_58' <Predicate = true> <Delay = 0.00>
ST_2 : Operation 1208 [1/1] (0.00ns)   --->   "%sext_ln42_79 = sext i15 %mult_212" [firmware/nnet_utils/nnet_dense_latency.h:42->firmware/nnet_utils/nnet_dense_stream.h:17]   --->   Operation 1208 'sext' 'sext_ln42_79' <Predicate = true> <Delay = 0.00>
ST_2 : Operation 1209 [1/1] (0.00ns)   --->   "%sext_ln42_80 = sext i15 %mult_213" [firmware/nnet_utils/nnet_dense_latency.h:42->firmware/nnet_utils/nnet_dense_stream.h:17]   --->   Operation 1209 'sext' 'sext_ln42_80' <Predicate = true> <Delay = 0.00>
ST_2 : Operation 1210 [1/1] (0.00ns)   --->   "%sext_ln42_83 = sext i14 %mult_218" [firmware/nnet_utils/nnet_dense_latency.h:42->firmware/nnet_utils/nnet_dense_stream.h:17]   --->   Operation 1210 'sext' 'sext_ln42_83' <Predicate = true> <Delay = 0.00>
ST_2 : Operation 1211 [1/1] (0.00ns)   --->   "%sext_ln17_62 = sext i12 %mult_220" [firmware/nnet_utils/nnet_dense_latency.h:17->firmware/nnet_utils/nnet_dense_stream.h:17]   --->   Operation 1211 'sext' 'sext_ln17_62' <Predicate = true> <Delay = 0.00>
ST_2 : Operation 1212 [1/1] (0.00ns)   --->   "%sext_ln42_87 = sext i15 %mult_224" [firmware/nnet_utils/nnet_dense_latency.h:42->firmware/nnet_utils/nnet_dense_stream.h:17]   --->   Operation 1212 'sext' 'sext_ln42_87' <Predicate = true> <Delay = 0.00>
ST_2 : Operation 1213 [1/1] (0.00ns)   --->   "%sext_ln42_88 = sext i15 %mult_227" [firmware/nnet_utils/nnet_dense_latency.h:42->firmware/nnet_utils/nnet_dense_stream.h:17]   --->   Operation 1213 'sext' 'sext_ln42_88' <Predicate = true> <Delay = 0.00>
ST_2 : Operation 1214 [1/1] (0.00ns)   --->   "%sext_ln42_89 = sext i15 %mult_231" [firmware/nnet_utils/nnet_dense_latency.h:42->firmware/nnet_utils/nnet_dense_stream.h:17]   --->   Operation 1214 'sext' 'sext_ln42_89' <Predicate = true> <Delay = 0.00>
ST_2 : Operation 1215 [1/1] (0.00ns)   --->   "%sext_ln42_90 = sext i15 %mult_232" [firmware/nnet_utils/nnet_dense_latency.h:42->firmware/nnet_utils/nnet_dense_stream.h:17]   --->   Operation 1215 'sext' 'sext_ln42_90' <Predicate = true> <Delay = 0.00>
ST_2 : Operation 1216 [1/1] (0.00ns)   --->   "%sext_ln17_66 = sext i13 %mult_233" [firmware/nnet_utils/nnet_dense_latency.h:17->firmware/nnet_utils/nnet_dense_stream.h:17]   --->   Operation 1216 'sext' 'sext_ln17_66' <Predicate = true> <Delay = 0.00>
ST_2 : Operation 1217 [1/1] (0.00ns)   --->   "%sext_ln42_93 = sext i15 %mult_239" [firmware/nnet_utils/nnet_dense_latency.h:42->firmware/nnet_utils/nnet_dense_stream.h:17]   --->   Operation 1217 'sext' 'sext_ln42_93' <Predicate = true> <Delay = 0.00>
ST_2 : Operation 1218 [1/1] (0.00ns)   --->   "%sext_ln17_69 = sext i14 %mult_251" [firmware/nnet_utils/nnet_dense_latency.h:17->firmware/nnet_utils/nnet_dense_stream.h:17]   --->   Operation 1218 'sext' 'sext_ln17_69' <Predicate = true> <Delay = 0.00>
ST_2 : Operation 1219 [1/1] (0.00ns)   --->   "%sext_ln42_97 = sext i14 %mult_255" [firmware/nnet_utils/nnet_dense_latency.h:42->firmware/nnet_utils/nnet_dense_stream.h:17]   --->   Operation 1219 'sext' 'sext_ln42_97' <Predicate = true> <Delay = 0.00>
ST_2 : Operation 1220 [1/1] (0.00ns)   --->   "%sext_ln42_98 = sext i15 %mult_259" [firmware/nnet_utils/nnet_dense_latency.h:42->firmware/nnet_utils/nnet_dense_stream.h:17]   --->   Operation 1220 'sext' 'sext_ln42_98' <Predicate = true> <Delay = 0.00>
ST_2 : Operation 1221 [1/1] (0.00ns)   --->   "%sext_ln42_101 = sext i15 %mult_268" [firmware/nnet_utils/nnet_dense_latency.h:42->firmware/nnet_utils/nnet_dense_stream.h:17]   --->   Operation 1221 'sext' 'sext_ln42_101' <Predicate = true> <Delay = 0.00>
ST_2 : Operation 1222 [1/1] (0.00ns)   --->   "%sext_ln42_102 = sext i15 %mult_269" [firmware/nnet_utils/nnet_dense_latency.h:42->firmware/nnet_utils/nnet_dense_stream.h:17]   --->   Operation 1222 'sext' 'sext_ln42_102' <Predicate = true> <Delay = 0.00>
ST_2 : Operation 1223 [1/1] (0.00ns)   --->   "%sext_ln42_103 = sext i15 %mult_271" [firmware/nnet_utils/nnet_dense_latency.h:42->firmware/nnet_utils/nnet_dense_stream.h:17]   --->   Operation 1223 'sext' 'sext_ln42_103' <Predicate = true> <Delay = 0.00>
ST_2 : Operation 1224 [1/1] (0.00ns)   --->   "%sext_ln42_107 = sext i15 %mult_276" [firmware/nnet_utils/nnet_dense_latency.h:42->firmware/nnet_utils/nnet_dense_stream.h:17]   --->   Operation 1224 'sext' 'sext_ln42_107' <Predicate = true> <Delay = 0.00>
ST_2 : Operation 1225 [1/1] (0.00ns) (grouped into TernaryAdder)   --->   "%add_ln58_2 = add i16 %add_ln58_1, i16 %add_ln58" [firmware/nnet_utils/nnet_dense_latency.h:58->firmware/nnet_utils/nnet_dense_stream.h:17]   --->   Operation 1225 'add' 'add_ln58_2' <Predicate = true> <Delay = 0.00> <CoreInst = "TAddSub">   --->   Core 10 'TAddSub' <Latency = 0> <II = 1> <Delay = 0.34> <IPBlock> <Opcode : '' 'add' 'sub'> <InPorts = 3> <OutPorts = 1> <Sync> <CReg>
ST_2 : Operation 1226 [1/1] (0.00ns) (grouped into TernaryAdder)   --->   "%add_ln58_3 = add i16 %mult_104, i16 %mult_152" [firmware/nnet_utils/nnet_dense_latency.h:58->firmware/nnet_utils/nnet_dense_stream.h:17]   --->   Operation 1226 'add' 'add_ln58_3' <Predicate = true> <Delay = 0.00> <CoreInst = "TAddSub">   --->   Core 10 'TAddSub' <Latency = 0> <II = 1> <Delay = 0.34> <IPBlock> <Opcode : '' 'add' 'sub'> <InPorts = 3> <OutPorts = 1> <Sync> <CReg>
ST_2 : Operation 1227 [1/1] (0.68ns) (root node of TernaryAdder)   --->   "%add_ln58_6 = add i16 %add_ln58_5, i16 %add_ln58_3" [firmware/nnet_utils/nnet_dense_latency.h:58->firmware/nnet_utils/nnet_dense_stream.h:17]   --->   Operation 1227 'add' 'add_ln58_6' <Predicate = true> <Delay = 0.68> <CoreInst = "TAddSub">   --->   Core 10 'TAddSub' <Latency = 0> <II = 1> <Delay = 0.34> <IPBlock> <Opcode : '' 'add' 'sub'> <InPorts = 3> <OutPorts = 1> <Sync> <CReg>
ST_2 : Operation 1228 [1/1] (0.68ns) (root node of TernaryAdder)   --->   "%add_ln58_7 = add i16 %add_ln58_6, i16 %add_ln58_2" [firmware/nnet_utils/nnet_dense_latency.h:58->firmware/nnet_utils/nnet_dense_stream.h:17]   --->   Operation 1228 'add' 'add_ln58_7' <Predicate = true> <Delay = 0.68> <CoreInst = "TAddSub">   --->   Core 10 'TAddSub' <Latency = 0> <II = 1> <Delay = 0.34> <IPBlock> <Opcode : '' 'add' 'sub'> <InPorts = 3> <OutPorts = 1> <Sync> <CReg>
ST_2 : Operation 1229 [1/1] (0.00ns) (grouped into TernaryAdder)   --->   "%add_ln58_10 = add i16 %add_ln58_9, i16 %add_ln58_8" [firmware/nnet_utils/nnet_dense_latency.h:58->firmware/nnet_utils/nnet_dense_stream.h:17]   --->   Operation 1229 'add' 'add_ln58_10' <Predicate = true> <Delay = 0.00> <CoreInst = "TAddSub">   --->   Core 10 'TAddSub' <Latency = 0> <II = 1> <Delay = 0.34> <IPBlock> <Opcode : '' 'add' 'sub'> <InPorts = 3> <OutPorts = 1> <Sync> <CReg>
ST_2 : Operation 1230 [1/1] (0.00ns) (grouped into TernaryAdder)   --->   "%add_ln58_11 = add i16 %sext_ln42_16, i16 %sext_ln42_27" [firmware/nnet_utils/nnet_dense_latency.h:58->firmware/nnet_utils/nnet_dense_stream.h:17]   --->   Operation 1230 'add' 'add_ln58_11' <Predicate = true> <Delay = 0.00> <CoreInst = "TAddSub">   --->   Core 10 'TAddSub' <Latency = 0> <II = 1> <Delay = 0.34> <IPBlock> <Opcode : '' 'add' 'sub'> <InPorts = 3> <OutPorts = 1> <Sync> <CReg>
ST_2 : Operation 1231 [1/1] (0.68ns) (root node of TernaryAdder)   --->   "%add_ln58_14 = add i16 %add_ln58_13, i16 %add_ln58_11" [firmware/nnet_utils/nnet_dense_latency.h:58->firmware/nnet_utils/nnet_dense_stream.h:17]   --->   Operation 1231 'add' 'add_ln58_14' <Predicate = true> <Delay = 0.68> <CoreInst = "TAddSub">   --->   Core 10 'TAddSub' <Latency = 0> <II = 1> <Delay = 0.34> <IPBlock> <Opcode : '' 'add' 'sub'> <InPorts = 3> <OutPorts = 1> <Sync> <CReg>
ST_2 : Operation 1232 [1/1] (0.68ns) (root node of TernaryAdder)   --->   "%add_ln58_15 = add i16 %add_ln58_14, i16 %add_ln58_10" [firmware/nnet_utils/nnet_dense_latency.h:58->firmware/nnet_utils/nnet_dense_stream.h:17]   --->   Operation 1232 'add' 'add_ln58_15' <Predicate = true> <Delay = 0.68> <CoreInst = "TAddSub">   --->   Core 10 'TAddSub' <Latency = 0> <II = 1> <Delay = 0.34> <IPBlock> <Opcode : '' 'add' 'sub'> <InPorts = 3> <OutPorts = 1> <Sync> <CReg>
ST_2 : Operation 1233 [1/1] (0.00ns) (grouped into TernaryAdder)   --->   "%add_ln58_16 = add i16 %add_ln58_15, i16 %add_ln58_7" [firmware/nnet_utils/nnet_dense_latency.h:58->firmware/nnet_utils/nnet_dense_stream.h:17]   --->   Operation 1233 'add' 'add_ln58_16' <Predicate = true> <Delay = 0.00> <CoreInst = "TAddSub">   --->   Core 10 'TAddSub' <Latency = 0> <II = 1> <Delay = 0.34> <IPBlock> <Opcode : '' 'add' 'sub'> <InPorts = 3> <OutPorts = 1> <Sync> <CReg>
ST_2 : Operation 1234 [1/1] (0.00ns) (grouped into TernaryAdder)   --->   "%add_ln58_17 = add i16 %sext_ln42_50, i16 %sext_ln42_75" [firmware/nnet_utils/nnet_dense_latency.h:58->firmware/nnet_utils/nnet_dense_stream.h:17]   --->   Operation 1234 'add' 'add_ln58_17' <Predicate = true> <Delay = 0.00> <CoreInst = "TAddSub">   --->   Core 10 'TAddSub' <Latency = 0> <II = 1> <Delay = 0.34> <IPBlock> <Opcode : '' 'add' 'sub'> <InPorts = 3> <OutPorts = 1> <Sync> <CReg>
ST_2 : Operation 1235 [1/1] (0.68ns) (root node of TernaryAdder)   --->   "%add_ln58_19 = add i16 %add_ln58_18, i16 %add_ln58_17" [firmware/nnet_utils/nnet_dense_latency.h:58->firmware/nnet_utils/nnet_dense_stream.h:17]   --->   Operation 1235 'add' 'add_ln58_19' <Predicate = true> <Delay = 0.68> <CoreInst = "TAddSub">   --->   Core 10 'TAddSub' <Latency = 0> <II = 1> <Delay = 0.34> <IPBlock> <Opcode : '' 'add' 'sub'> <InPorts = 3> <OutPorts = 1> <Sync> <CReg>
ST_2 : Operation 1236 [1/1] (0.00ns) (grouped into TernaryAdder)   --->   "%add_ln58_20 = add i16 %sext_ln42_87, i16 %sext_ln42_90" [firmware/nnet_utils/nnet_dense_latency.h:58->firmware/nnet_utils/nnet_dense_stream.h:17]   --->   Operation 1236 'add' 'add_ln58_20' <Predicate = true> <Delay = 0.00> <CoreInst = "TAddSub">   --->   Core 10 'TAddSub' <Latency = 0> <II = 1> <Delay = 0.34> <IPBlock> <Opcode : '' 'add' 'sub'> <InPorts = 3> <OutPorts = 1> <Sync> <CReg>
ST_2 : Operation 1237 [1/1] (0.68ns) (root node of TernaryAdder)   --->   "%add_ln58_23 = add i16 %add_ln58_22, i16 %add_ln58_20" [firmware/nnet_utils/nnet_dense_latency.h:58->firmware/nnet_utils/nnet_dense_stream.h:17]   --->   Operation 1237 'add' 'add_ln58_23' <Predicate = true> <Delay = 0.68> <CoreInst = "TAddSub">   --->   Core 10 'TAddSub' <Latency = 0> <II = 1> <Delay = 0.34> <IPBlock> <Opcode : '' 'add' 'sub'> <InPorts = 3> <OutPorts = 1> <Sync> <CReg>
ST_2 : Operation 1238 [1/1] (0.00ns) (grouped into TernaryAdder)   --->   "%add_ln58_24 = add i16 %add_ln58_23, i16 %add_ln58_19" [firmware/nnet_utils/nnet_dense_latency.h:58->firmware/nnet_utils/nnet_dense_stream.h:17]   --->   Operation 1238 'add' 'add_ln58_24' <Predicate = true> <Delay = 0.00> <CoreInst = "TAddSub">   --->   Core 10 'TAddSub' <Latency = 0> <II = 1> <Delay = 0.34> <IPBlock> <Opcode : '' 'add' 'sub'> <InPorts = 3> <OutPorts = 1> <Sync> <CReg>
ST_2 : Operation 1239 [1/1] (0.00ns)   --->   "%sext_ln58 = sext i15 %add_ln58_25" [firmware/nnet_utils/nnet_dense_latency.h:58->firmware/nnet_utils/nnet_dense_stream.h:17]   --->   Operation 1239 'sext' 'sext_ln58' <Predicate = true> <Delay = 0.00>
ST_2 : Operation 1240 [1/1] (0.00ns)   --->   "%sext_ln58_1 = sext i15 %add_ln58_26" [firmware/nnet_utils/nnet_dense_latency.h:58->firmware/nnet_utils/nnet_dense_stream.h:17]   --->   Operation 1240 'sext' 'sext_ln58_1' <Predicate = true> <Delay = 0.00>
ST_2 : Operation 1241 [1/1] (0.84ns)   --->   "%add_ln58_27 = add i16 %sext_ln58_1, i16 %sext_ln42_35" [firmware/nnet_utils/nnet_dense_latency.h:58->firmware/nnet_utils/nnet_dense_stream.h:17]   --->   Operation 1241 'add' 'add_ln58_27' <Predicate = true> <Delay = 0.84> <CoreInst = "Adder">   --->   Core 1 'Adder' <Latency = 0> <II = 1> <Delay = 0.84> <FuncUnit> <Opcode : 'add' 'sub'> <InPorts = 2> <OutPorts = 1>
ST_2 : Operation 1242 [1/1] (0.00ns) (grouped into TernaryAdder)   --->   "%add_ln58_28 = add i16 %add_ln58_27, i16 %sext_ln58" [firmware/nnet_utils/nnet_dense_latency.h:58->firmware/nnet_utils/nnet_dense_stream.h:17]   --->   Operation 1242 'add' 'add_ln58_28' <Predicate = true> <Delay = 0.00> <CoreInst = "TAddSub">   --->   Core 10 'TAddSub' <Latency = 0> <II = 1> <Delay = 0.34> <IPBlock> <Opcode : '' 'add' 'sub'> <InPorts = 3> <OutPorts = 1> <Sync> <CReg>
ST_2 : Operation 1243 [1/1] (0.00ns)   --->   "%sext_ln58_2 = sext i15 %add_ln58_29" [firmware/nnet_utils/nnet_dense_latency.h:58->firmware/nnet_utils/nnet_dense_stream.h:17]   --->   Operation 1243 'sext' 'sext_ln58_2' <Predicate = true> <Delay = 0.00>
ST_2 : Operation 1244 [1/1] (0.00ns)   --->   "%sext_ln58_4 = sext i14 %add_ln58_31" [firmware/nnet_utils/nnet_dense_latency.h:58->firmware/nnet_utils/nnet_dense_stream.h:17]   --->   Operation 1244 'sext' 'sext_ln58_4' <Predicate = true> <Delay = 0.00>
ST_2 : Operation 1245 [1/1] (0.84ns)   --->   "%add_ln58_32 = add i16 %sext_ln58_4, i16 %sext_ln58_2" [firmware/nnet_utils/nnet_dense_latency.h:58->firmware/nnet_utils/nnet_dense_stream.h:17]   --->   Operation 1245 'add' 'add_ln58_32' <Predicate = true> <Delay = 0.84> <CoreInst = "Adder">   --->   Core 1 'Adder' <Latency = 0> <II = 1> <Delay = 0.84> <FuncUnit> <Opcode : 'add' 'sub'> <InPorts = 2> <OutPorts = 1>
ST_2 : Operation 1246 [1/1] (0.68ns) (root node of TernaryAdder)   --->   "%add_ln58_33 = add i16 %add_ln58_32, i16 %add_ln58_28" [firmware/nnet_utils/nnet_dense_latency.h:58->firmware/nnet_utils/nnet_dense_stream.h:17]   --->   Operation 1246 'add' 'add_ln58_33' <Predicate = true> <Delay = 0.68> <CoreInst = "TAddSub">   --->   Core 10 'TAddSub' <Latency = 0> <II = 1> <Delay = 0.34> <IPBlock> <Opcode : '' 'add' 'sub'> <InPorts = 3> <OutPorts = 1> <Sync> <CReg>
ST_2 : Operation 1247 [1/1] (0.68ns) (root node of TernaryAdder)   --->   "%add_ln58_34 = add i16 %add_ln58_33, i16 %add_ln58_24" [firmware/nnet_utils/nnet_dense_latency.h:58->firmware/nnet_utils/nnet_dense_stream.h:17]   --->   Operation 1247 'add' 'add_ln58_34' <Predicate = true> <Delay = 0.68> <CoreInst = "TAddSub">   --->   Core 10 'TAddSub' <Latency = 0> <II = 1> <Delay = 0.34> <IPBlock> <Opcode : '' 'add' 'sub'> <InPorts = 3> <OutPorts = 1> <Sync> <CReg>
ST_2 : Operation 1248 [1/1] (0.68ns) (root node of TernaryAdder)   --->   "%x = add i16 %add_ln58_34, i16 %add_ln58_16" [firmware/nnet_utils/nnet_dense_latency.h:58->firmware/nnet_utils/nnet_dense_stream.h:17]   --->   Operation 1248 'add' 'x' <Predicate = true> <Delay = 0.68> <CoreInst = "TAddSub">   --->   Core 10 'TAddSub' <Latency = 0> <II = 1> <Delay = 0.34> <IPBlock> <Opcode : '' 'add' 'sub'> <InPorts = 3> <OutPorts = 1> <Sync> <CReg>
ST_2 : Operation 1249 [1/1] (0.00ns) (grouped into TernaryAdder)   --->   "%add_ln58_38 = add i16 %add_ln58_37, i16 %add_ln58_36" [firmware/nnet_utils/nnet_dense_latency.h:58->firmware/nnet_utils/nnet_dense_stream.h:17]   --->   Operation 1249 'add' 'add_ln58_38' <Predicate = true> <Delay = 0.00> <CoreInst = "TAddSub">   --->   Core 10 'TAddSub' <Latency = 0> <II = 1> <Delay = 0.34> <IPBlock> <Opcode : '' 'add' 'sub'> <InPorts = 3> <OutPorts = 1> <Sync> <CReg>
ST_2 : Operation 1250 [1/1] (0.00ns) (grouped into TernaryAdder)   --->   "%add_ln58_39 = add i16 %mult_145, i16 %mult_249" [firmware/nnet_utils/nnet_dense_latency.h:58->firmware/nnet_utils/nnet_dense_stream.h:17]   --->   Operation 1250 'add' 'add_ln58_39' <Predicate = true> <Delay = 0.00> <CoreInst = "TAddSub">   --->   Core 10 'TAddSub' <Latency = 0> <II = 1> <Delay = 0.34> <IPBlock> <Opcode : '' 'add' 'sub'> <InPorts = 3> <OutPorts = 1> <Sync> <CReg>
ST_2 : Operation 1251 [1/1] (0.68ns) (root node of TernaryAdder)   --->   "%add_ln58_42 = add i16 %add_ln58_41, i16 %add_ln58_39" [firmware/nnet_utils/nnet_dense_latency.h:58->firmware/nnet_utils/nnet_dense_stream.h:17]   --->   Operation 1251 'add' 'add_ln58_42' <Predicate = true> <Delay = 0.68> <CoreInst = "TAddSub">   --->   Core 10 'TAddSub' <Latency = 0> <II = 1> <Delay = 0.34> <IPBlock> <Opcode : '' 'add' 'sub'> <InPorts = 3> <OutPorts = 1> <Sync> <CReg>
ST_2 : Operation 1252 [1/1] (0.68ns) (root node of TernaryAdder)   --->   "%add_ln58_43 = add i16 %add_ln58_42, i16 %add_ln58_38" [firmware/nnet_utils/nnet_dense_latency.h:58->firmware/nnet_utils/nnet_dense_stream.h:17]   --->   Operation 1252 'add' 'add_ln58_43' <Predicate = true> <Delay = 0.68> <CoreInst = "TAddSub">   --->   Core 10 'TAddSub' <Latency = 0> <II = 1> <Delay = 0.34> <IPBlock> <Opcode : '' 'add' 'sub'> <InPorts = 3> <OutPorts = 1> <Sync> <CReg>
ST_2 : Operation 1253 [1/1] (0.00ns) (grouped into TernaryAdder)   --->   "%add_ln58_46 = add i16 %add_ln58_45, i16 %add_ln58_44" [firmware/nnet_utils/nnet_dense_latency.h:58->firmware/nnet_utils/nnet_dense_stream.h:17]   --->   Operation 1253 'add' 'add_ln58_46' <Predicate = true> <Delay = 0.00> <CoreInst = "TAddSub">   --->   Core 10 'TAddSub' <Latency = 0> <II = 1> <Delay = 0.34> <IPBlock> <Opcode : '' 'add' 'sub'> <InPorts = 3> <OutPorts = 1> <Sync> <CReg>
ST_2 : Operation 1254 [1/1] (0.00ns) (grouped into TernaryAdder)   --->   "%add_ln58_47 = add i16 %sext_ln42_45, i16 %sext_ln42_48" [firmware/nnet_utils/nnet_dense_latency.h:58->firmware/nnet_utils/nnet_dense_stream.h:17]   --->   Operation 1254 'add' 'add_ln58_47' <Predicate = true> <Delay = 0.00> <CoreInst = "TAddSub">   --->   Core 10 'TAddSub' <Latency = 0> <II = 1> <Delay = 0.34> <IPBlock> <Opcode : '' 'add' 'sub'> <InPorts = 3> <OutPorts = 1> <Sync> <CReg>
ST_2 : Operation 1255 [1/1] (0.68ns) (root node of TernaryAdder)   --->   "%add_ln58_50 = add i16 %add_ln58_49, i16 %add_ln58_47" [firmware/nnet_utils/nnet_dense_latency.h:58->firmware/nnet_utils/nnet_dense_stream.h:17]   --->   Operation 1255 'add' 'add_ln58_50' <Predicate = true> <Delay = 0.68> <CoreInst = "TAddSub">   --->   Core 10 'TAddSub' <Latency = 0> <II = 1> <Delay = 0.34> <IPBlock> <Opcode : '' 'add' 'sub'> <InPorts = 3> <OutPorts = 1> <Sync> <CReg>
ST_2 : Operation 1256 [1/1] (0.68ns) (root node of TernaryAdder)   --->   "%add_ln58_51 = add i16 %add_ln58_50, i16 %add_ln58_46" [firmware/nnet_utils/nnet_dense_latency.h:58->firmware/nnet_utils/nnet_dense_stream.h:17]   --->   Operation 1256 'add' 'add_ln58_51' <Predicate = true> <Delay = 0.68> <CoreInst = "TAddSub">   --->   Core 10 'TAddSub' <Latency = 0> <II = 1> <Delay = 0.34> <IPBlock> <Opcode : '' 'add' 'sub'> <InPorts = 3> <OutPorts = 1> <Sync> <CReg>
ST_2 : Operation 1257 [1/1] (0.00ns) (grouped into TernaryAdder)   --->   "%add_ln58_53 = add i16 %sext_ln42_68, i16 %sext_ln42_78" [firmware/nnet_utils/nnet_dense_latency.h:58->firmware/nnet_utils/nnet_dense_stream.h:17]   --->   Operation 1257 'add' 'add_ln58_53' <Predicate = true> <Delay = 0.00> <CoreInst = "TAddSub">   --->   Core 10 'TAddSub' <Latency = 0> <II = 1> <Delay = 0.34> <IPBlock> <Opcode : '' 'add' 'sub'> <InPorts = 3> <OutPorts = 1> <Sync> <CReg>
ST_2 : Operation 1258 [1/1] (0.68ns) (root node of TernaryAdder)   --->   "%add_ln58_55 = add i16 %add_ln58_54, i16 %add_ln58_53" [firmware/nnet_utils/nnet_dense_latency.h:58->firmware/nnet_utils/nnet_dense_stream.h:17]   --->   Operation 1258 'add' 'add_ln58_55' <Predicate = true> <Delay = 0.68> <CoreInst = "TAddSub">   --->   Core 10 'TAddSub' <Latency = 0> <II = 1> <Delay = 0.34> <IPBlock> <Opcode : '' 'add' 'sub'> <InPorts = 3> <OutPorts = 1> <Sync> <CReg>
ST_2 : Operation 1259 [1/1] (0.00ns)   --->   "%sext_ln58_5 = sext i15 %add_ln58_56" [firmware/nnet_utils/nnet_dense_latency.h:58->firmware/nnet_utils/nnet_dense_stream.h:17]   --->   Operation 1259 'sext' 'sext_ln58_5' <Predicate = true> <Delay = 0.00>
ST_2 : Operation 1260 [1/1] (0.00ns)   --->   "%sext_ln58_6 = sext i15 %add_ln58_57" [firmware/nnet_utils/nnet_dense_latency.h:58->firmware/nnet_utils/nnet_dense_stream.h:17]   --->   Operation 1260 'sext' 'sext_ln58_6' <Predicate = true> <Delay = 0.00>
ST_2 : Operation 1261 [1/1] (0.00ns) (grouped into TernaryAdder)   --->   "%add_ln58_58 = add i16 %sext_ln58_6, i16 %sext_ln42_71" [firmware/nnet_utils/nnet_dense_latency.h:58->firmware/nnet_utils/nnet_dense_stream.h:17]   --->   Operation 1261 'add' 'add_ln58_58' <Predicate = true> <Delay = 0.00> <CoreInst = "TAddSub">   --->   Core 10 'TAddSub' <Latency = 0> <II = 1> <Delay = 0.34> <IPBlock> <Opcode : '' 'add' 'sub'> <InPorts = 3> <OutPorts = 1> <Sync> <CReg>
ST_2 : Operation 1262 [1/1] (0.68ns) (root node of TernaryAdder)   --->   "%add_ln58_59 = add i16 %add_ln58_58, i16 %sext_ln58_5" [firmware/nnet_utils/nnet_dense_latency.h:58->firmware/nnet_utils/nnet_dense_stream.h:17]   --->   Operation 1262 'add' 'add_ln58_59' <Predicate = true> <Delay = 0.68> <CoreInst = "TAddSub">   --->   Core 10 'TAddSub' <Latency = 0> <II = 1> <Delay = 0.34> <IPBlock> <Opcode : '' 'add' 'sub'> <InPorts = 3> <OutPorts = 1> <Sync> <CReg>
ST_2 : Operation 1263 [1/1] (0.00ns) (grouped into TernaryAdder)   --->   "%add_ln58_60 = add i16 %add_ln58_59, i16 %add_ln58_55" [firmware/nnet_utils/nnet_dense_latency.h:58->firmware/nnet_utils/nnet_dense_stream.h:17]   --->   Operation 1263 'add' 'add_ln58_60' <Predicate = true> <Delay = 0.00> <CoreInst = "TAddSub">   --->   Core 10 'TAddSub' <Latency = 0> <II = 1> <Delay = 0.34> <IPBlock> <Opcode : '' 'add' 'sub'> <InPorts = 3> <OutPorts = 1> <Sync> <CReg>
ST_2 : Operation 1264 [1/1] (0.00ns)   --->   "%sext_ln58_7 = sext i14 %add_ln58_61" [firmware/nnet_utils/nnet_dense_latency.h:58->firmware/nnet_utils/nnet_dense_stream.h:17]   --->   Operation 1264 'sext' 'sext_ln58_7' <Predicate = true> <Delay = 0.00>
ST_2 : Operation 1265 [1/1] (0.00ns)   --->   "%sext_ln58_8 = sext i13 %add_ln58_62" [firmware/nnet_utils/nnet_dense_latency.h:58->firmware/nnet_utils/nnet_dense_stream.h:17]   --->   Operation 1265 'sext' 'sext_ln58_8' <Predicate = true> <Delay = 0.00>
ST_2 : Operation 1266 [1/1] (0.82ns)   --->   "%add_ln58_63 = add i14 %sext_ln58_8, i14 %sext_ln17_66" [firmware/nnet_utils/nnet_dense_latency.h:58->firmware/nnet_utils/nnet_dense_stream.h:17]   --->   Operation 1266 'add' 'add_ln58_63' <Predicate = true> <Delay = 0.82> <CoreInst = "Adder">   --->   Core 1 'Adder' <Latency = 0> <II = 1> <Delay = 0.82> <FuncUnit> <Opcode : 'add' 'sub'> <InPorts = 2> <OutPorts = 1>
ST_2 : Operation 1267 [1/1] (0.00ns)   --->   "%sext_ln58_9 = sext i14 %add_ln58_63" [firmware/nnet_utils/nnet_dense_latency.h:58->firmware/nnet_utils/nnet_dense_stream.h:17]   --->   Operation 1267 'sext' 'sext_ln58_9' <Predicate = true> <Delay = 0.00>
ST_2 : Operation 1268 [1/1] (0.83ns)   --->   "%add_ln58_64 = add i15 %sext_ln58_9, i15 %sext_ln58_7" [firmware/nnet_utils/nnet_dense_latency.h:58->firmware/nnet_utils/nnet_dense_stream.h:17]   --->   Operation 1268 'add' 'add_ln58_64' <Predicate = true> <Delay = 0.83> <CoreInst = "Adder">   --->   Core 1 'Adder' <Latency = 0> <II = 1> <Delay = 0.83> <FuncUnit> <Opcode : 'add' 'sub'> <InPorts = 2> <OutPorts = 1>
ST_2 : Operation 1269 [1/1] (0.00ns)   --->   "%sext_ln58_10 = sext i15 %add_ln58_64" [firmware/nnet_utils/nnet_dense_latency.h:58->firmware/nnet_utils/nnet_dense_stream.h:17]   --->   Operation 1269 'sext' 'sext_ln58_10' <Predicate = true> <Delay = 0.00>
ST_2 : Operation 1270 [1/1] (0.00ns)   --->   "%sext_ln58_13 = sext i12 %add_ln58_68" [firmware/nnet_utils/nnet_dense_latency.h:58->firmware/nnet_utils/nnet_dense_stream.h:17]   --->   Operation 1270 'sext' 'sext_ln58_13' <Predicate = true> <Delay = 0.00>
ST_2 : Operation 1271 [1/1] (0.84ns)   --->   "%add_ln58_69 = add i16 %sext_ln58_13, i16 %sext_ln58_10" [firmware/nnet_utils/nnet_dense_latency.h:58->firmware/nnet_utils/nnet_dense_stream.h:17]   --->   Operation 1271 'add' 'add_ln58_69' <Predicate = true> <Delay = 0.84> <CoreInst = "Adder">   --->   Core 1 'Adder' <Latency = 0> <II = 1> <Delay = 0.84> <FuncUnit> <Opcode : 'add' 'sub'> <InPorts = 2> <OutPorts = 1>
ST_2 : Operation 1272 [1/1] (0.68ns) (root node of TernaryAdder)   --->   "%add_ln58_70 = add i16 %add_ln58_69, i16 %add_ln58_60" [firmware/nnet_utils/nnet_dense_latency.h:58->firmware/nnet_utils/nnet_dense_stream.h:17]   --->   Operation 1272 'add' 'add_ln58_70' <Predicate = true> <Delay = 0.68> <CoreInst = "TAddSub">   --->   Core 10 'TAddSub' <Latency = 0> <II = 1> <Delay = 0.34> <IPBlock> <Opcode : '' 'add' 'sub'> <InPorts = 3> <OutPorts = 1> <Sync> <CReg>
ST_2 : Operation 1273 [1/1] (0.00ns) (grouped into TernaryAdder)   --->   "%add_ln58_74 = add i16 %add_ln58_73, i16 %add_ln58_72" [firmware/nnet_utils/nnet_dense_latency.h:58->firmware/nnet_utils/nnet_dense_stream.h:17]   --->   Operation 1273 'add' 'add_ln58_74' <Predicate = true> <Delay = 0.00> <CoreInst = "TAddSub">   --->   Core 10 'TAddSub' <Latency = 0> <II = 1> <Delay = 0.34> <IPBlock> <Opcode : '' 'add' 'sub'> <InPorts = 3> <OutPorts = 1> <Sync> <CReg>
ST_2 : Operation 1274 [1/1] (0.00ns) (grouped into TernaryAdder)   --->   "%add_ln58_75 = add i16 %mult_98, i16 %mult_114" [firmware/nnet_utils/nnet_dense_latency.h:58->firmware/nnet_utils/nnet_dense_stream.h:17]   --->   Operation 1274 'add' 'add_ln58_75' <Predicate = true> <Delay = 0.00> <CoreInst = "TAddSub">   --->   Core 10 'TAddSub' <Latency = 0> <II = 1> <Delay = 0.34> <IPBlock> <Opcode : '' 'add' 'sub'> <InPorts = 3> <OutPorts = 1> <Sync> <CReg>
ST_2 : Operation 1275 [1/1] (0.68ns) (root node of TernaryAdder)   --->   "%add_ln58_78 = add i16 %add_ln58_77, i16 %add_ln58_75" [firmware/nnet_utils/nnet_dense_latency.h:58->firmware/nnet_utils/nnet_dense_stream.h:17]   --->   Operation 1275 'add' 'add_ln58_78' <Predicate = true> <Delay = 0.68> <CoreInst = "TAddSub">   --->   Core 10 'TAddSub' <Latency = 0> <II = 1> <Delay = 0.34> <IPBlock> <Opcode : '' 'add' 'sub'> <InPorts = 3> <OutPorts = 1> <Sync> <CReg>
ST_2 : Operation 1276 [1/1] (0.68ns) (root node of TernaryAdder)   --->   "%add_ln58_79 = add i16 %add_ln58_78, i16 %add_ln58_74" [firmware/nnet_utils/nnet_dense_latency.h:58->firmware/nnet_utils/nnet_dense_stream.h:17]   --->   Operation 1276 'add' 'add_ln58_79' <Predicate = true> <Delay = 0.68> <CoreInst = "TAddSub">   --->   Core 10 'TAddSub' <Latency = 0> <II = 1> <Delay = 0.34> <IPBlock> <Opcode : '' 'add' 'sub'> <InPorts = 3> <OutPorts = 1> <Sync> <CReg>
ST_2 : Operation 1277 [1/1] (0.00ns) (grouped into TernaryAdder)   --->   "%add_ln58_82 = add i16 %add_ln58_81, i16 %add_ln58_80" [firmware/nnet_utils/nnet_dense_latency.h:58->firmware/nnet_utils/nnet_dense_stream.h:17]   --->   Operation 1277 'add' 'add_ln58_82' <Predicate = true> <Delay = 0.00> <CoreInst = "TAddSub">   --->   Core 10 'TAddSub' <Latency = 0> <II = 1> <Delay = 0.34> <IPBlock> <Opcode : '' 'add' 'sub'> <InPorts = 3> <OutPorts = 1> <Sync> <CReg>
ST_2 : Operation 1278 [1/1] (0.00ns) (grouped into TernaryAdder)   --->   "%add_ln58_83 = add i16 %mult_226, i16 %mult_234" [firmware/nnet_utils/nnet_dense_latency.h:58->firmware/nnet_utils/nnet_dense_stream.h:17]   --->   Operation 1278 'add' 'add_ln58_83' <Predicate = true> <Delay = 0.00> <CoreInst = "TAddSub">   --->   Core 10 'TAddSub' <Latency = 0> <II = 1> <Delay = 0.34> <IPBlock> <Opcode : '' 'add' 'sub'> <InPorts = 3> <OutPorts = 1> <Sync> <CReg>
ST_2 : Operation 1279 [1/1] (0.68ns) (root node of TernaryAdder)   --->   "%add_ln58_86 = add i16 %add_ln58_85, i16 %add_ln58_83" [firmware/nnet_utils/nnet_dense_latency.h:58->firmware/nnet_utils/nnet_dense_stream.h:17]   --->   Operation 1279 'add' 'add_ln58_86' <Predicate = true> <Delay = 0.68> <CoreInst = "TAddSub">   --->   Core 10 'TAddSub' <Latency = 0> <II = 1> <Delay = 0.34> <IPBlock> <Opcode : '' 'add' 'sub'> <InPorts = 3> <OutPorts = 1> <Sync> <CReg>
ST_2 : Operation 1280 [1/1] (0.68ns) (root node of TernaryAdder)   --->   "%add_ln58_87 = add i16 %add_ln58_86, i16 %add_ln58_82" [firmware/nnet_utils/nnet_dense_latency.h:58->firmware/nnet_utils/nnet_dense_stream.h:17]   --->   Operation 1280 'add' 'add_ln58_87' <Predicate = true> <Delay = 0.68> <CoreInst = "TAddSub">   --->   Core 10 'TAddSub' <Latency = 0> <II = 1> <Delay = 0.34> <IPBlock> <Opcode : '' 'add' 'sub'> <InPorts = 3> <OutPorts = 1> <Sync> <CReg>
ST_2 : Operation 1281 [1/1] (0.00ns) (grouped into TernaryAdder)   --->   "%add_ln58_89 = add i16 %sext_ln42_15, i16 %sext_ln42_17" [firmware/nnet_utils/nnet_dense_latency.h:58->firmware/nnet_utils/nnet_dense_stream.h:17]   --->   Operation 1281 'add' 'add_ln58_89' <Predicate = true> <Delay = 0.00> <CoreInst = "TAddSub">   --->   Core 10 'TAddSub' <Latency = 0> <II = 1> <Delay = 0.34> <IPBlock> <Opcode : '' 'add' 'sub'> <InPorts = 3> <OutPorts = 1> <Sync> <CReg>
ST_2 : Operation 1282 [1/1] (0.68ns) (root node of TernaryAdder)   --->   "%add_ln58_91 = add i16 %add_ln58_90, i16 %add_ln58_89" [firmware/nnet_utils/nnet_dense_latency.h:58->firmware/nnet_utils/nnet_dense_stream.h:17]   --->   Operation 1282 'add' 'add_ln58_91' <Predicate = true> <Delay = 0.68> <CoreInst = "TAddSub">   --->   Core 10 'TAddSub' <Latency = 0> <II = 1> <Delay = 0.34> <IPBlock> <Opcode : '' 'add' 'sub'> <InPorts = 3> <OutPorts = 1> <Sync> <CReg>
ST_2 : Operation 1283 [1/1] (0.00ns) (grouped into TernaryAdder)   --->   "%add_ln58_92 = add i16 %sext_ln42_32, i16 %sext_ln42_40" [firmware/nnet_utils/nnet_dense_latency.h:58->firmware/nnet_utils/nnet_dense_stream.h:17]   --->   Operation 1283 'add' 'add_ln58_92' <Predicate = true> <Delay = 0.00> <CoreInst = "TAddSub">   --->   Core 10 'TAddSub' <Latency = 0> <II = 1> <Delay = 0.34> <IPBlock> <Opcode : '' 'add' 'sub'> <InPorts = 3> <OutPorts = 1> <Sync> <CReg>
ST_2 : Operation 1284 [1/1] (0.68ns) (root node of TernaryAdder)   --->   "%add_ln58_95 = add i16 %add_ln58_94, i16 %add_ln58_92" [firmware/nnet_utils/nnet_dense_latency.h:58->firmware/nnet_utils/nnet_dense_stream.h:17]   --->   Operation 1284 'add' 'add_ln58_95' <Predicate = true> <Delay = 0.68> <CoreInst = "TAddSub">   --->   Core 10 'TAddSub' <Latency = 0> <II = 1> <Delay = 0.34> <IPBlock> <Opcode : '' 'add' 'sub'> <InPorts = 3> <OutPorts = 1> <Sync> <CReg>
ST_2 : Operation 1285 [1/1] (0.00ns) (grouped into TernaryAdder)   --->   "%add_ln58_96 = add i16 %add_ln58_95, i16 %add_ln58_91" [firmware/nnet_utils/nnet_dense_latency.h:58->firmware/nnet_utils/nnet_dense_stream.h:17]   --->   Operation 1285 'add' 'add_ln58_96' <Predicate = true> <Delay = 0.00> <CoreInst = "TAddSub">   --->   Core 10 'TAddSub' <Latency = 0> <II = 1> <Delay = 0.34> <IPBlock> <Opcode : '' 'add' 'sub'> <InPorts = 3> <OutPorts = 1> <Sync> <CReg>
ST_2 : Operation 1286 [1/1] (0.00ns)   --->   "%sext_ln58_14 = sext i15 %add_ln58_97" [firmware/nnet_utils/nnet_dense_latency.h:58->firmware/nnet_utils/nnet_dense_stream.h:17]   --->   Operation 1286 'sext' 'sext_ln58_14' <Predicate = true> <Delay = 0.00>
ST_2 : Operation 1287 [1/1] (0.00ns)   --->   "%sext_ln58_15 = sext i15 %add_ln58_98" [firmware/nnet_utils/nnet_dense_latency.h:58->firmware/nnet_utils/nnet_dense_stream.h:17]   --->   Operation 1287 'sext' 'sext_ln58_15' <Predicate = true> <Delay = 0.00>
ST_2 : Operation 1288 [1/1] (0.84ns)   --->   "%add_ln58_99 = add i16 %sext_ln58_15, i16 %sext_ln42_83" [firmware/nnet_utils/nnet_dense_latency.h:58->firmware/nnet_utils/nnet_dense_stream.h:17]   --->   Operation 1288 'add' 'add_ln58_99' <Predicate = true> <Delay = 0.84> <CoreInst = "Adder">   --->   Core 1 'Adder' <Latency = 0> <II = 1> <Delay = 0.84> <FuncUnit> <Opcode : 'add' 'sub'> <InPorts = 2> <OutPorts = 1>
ST_2 : Operation 1289 [1/1] (0.00ns) (grouped into TernaryAdder)   --->   "%add_ln58_100 = add i16 %add_ln58_99, i16 %sext_ln58_14" [firmware/nnet_utils/nnet_dense_latency.h:58->firmware/nnet_utils/nnet_dense_stream.h:17]   --->   Operation 1289 'add' 'add_ln58_100' <Predicate = true> <Delay = 0.00> <CoreInst = "TAddSub">   --->   Core 10 'TAddSub' <Latency = 0> <II = 1> <Delay = 0.34> <IPBlock> <Opcode : '' 'add' 'sub'> <InPorts = 3> <OutPorts = 1> <Sync> <CReg>
ST_2 : Operation 1290 [1/1] (0.00ns)   --->   "%sext_ln58_16 = sext i14 %add_ln58_101" [firmware/nnet_utils/nnet_dense_latency.h:58->firmware/nnet_utils/nnet_dense_stream.h:17]   --->   Operation 1290 'sext' 'sext_ln58_16' <Predicate = true> <Delay = 0.00>
ST_2 : Operation 1291 [1/1] (0.00ns)   --->   "%sext_ln58_17 = sext i13 %add_ln58_102" [firmware/nnet_utils/nnet_dense_latency.h:58->firmware/nnet_utils/nnet_dense_stream.h:17]   --->   Operation 1291 'sext' 'sext_ln58_17' <Predicate = true> <Delay = 0.00>
ST_2 : Operation 1292 [1/1] (0.82ns)   --->   "%add_ln58_103 = add i14 %sext_ln58_17, i14 %sext_ln17_58" [firmware/nnet_utils/nnet_dense_latency.h:58->firmware/nnet_utils/nnet_dense_stream.h:17]   --->   Operation 1292 'add' 'add_ln58_103' <Predicate = true> <Delay = 0.82> <CoreInst = "Adder">   --->   Core 1 'Adder' <Latency = 0> <II = 1> <Delay = 0.82> <FuncUnit> <Opcode : 'add' 'sub'> <InPorts = 2> <OutPorts = 1>
ST_2 : Operation 1293 [1/1] (0.00ns)   --->   "%sext_ln58_18 = sext i14 %add_ln58_103" [firmware/nnet_utils/nnet_dense_latency.h:58->firmware/nnet_utils/nnet_dense_stream.h:17]   --->   Operation 1293 'sext' 'sext_ln58_18' <Predicate = true> <Delay = 0.00>
ST_2 : Operation 1294 [1/1] (0.83ns)   --->   "%add_ln58_104 = add i15 %sext_ln58_18, i15 %sext_ln58_16" [firmware/nnet_utils/nnet_dense_latency.h:58->firmware/nnet_utils/nnet_dense_stream.h:17]   --->   Operation 1294 'add' 'add_ln58_104' <Predicate = true> <Delay = 0.83> <CoreInst = "Adder">   --->   Core 1 'Adder' <Latency = 0> <II = 1> <Delay = 0.83> <FuncUnit> <Opcode : 'add' 'sub'> <InPorts = 2> <OutPorts = 1>
ST_2 : Operation 1295 [1/1] (0.00ns)   --->   "%sext_ln58_19 = sext i15 %add_ln58_104" [firmware/nnet_utils/nnet_dense_latency.h:58->firmware/nnet_utils/nnet_dense_stream.h:17]   --->   Operation 1295 'sext' 'sext_ln58_19' <Predicate = true> <Delay = 0.00>
ST_2 : Operation 1296 [1/1] (0.68ns) (root node of TernaryAdder)   --->   "%add_ln58_105 = add i16 %sext_ln58_19, i16 %add_ln58_100" [firmware/nnet_utils/nnet_dense_latency.h:58->firmware/nnet_utils/nnet_dense_stream.h:17]   --->   Operation 1296 'add' 'add_ln58_105' <Predicate = true> <Delay = 0.68> <CoreInst = "TAddSub">   --->   Core 10 'TAddSub' <Latency = 0> <II = 1> <Delay = 0.34> <IPBlock> <Opcode : '' 'add' 'sub'> <InPorts = 3> <OutPorts = 1> <Sync> <CReg>
ST_2 : Operation 1297 [1/1] (0.68ns) (root node of TernaryAdder)   --->   "%add_ln58_106 = add i16 %add_ln58_105, i16 %add_ln58_96" [firmware/nnet_utils/nnet_dense_latency.h:58->firmware/nnet_utils/nnet_dense_stream.h:17]   --->   Operation 1297 'add' 'add_ln58_106' <Predicate = true> <Delay = 0.68> <CoreInst = "TAddSub">   --->   Core 10 'TAddSub' <Latency = 0> <II = 1> <Delay = 0.34> <IPBlock> <Opcode : '' 'add' 'sub'> <InPorts = 3> <OutPorts = 1> <Sync> <CReg>
ST_2 : Operation 1298 [1/1] (0.00ns) (grouped into TernaryAdder)   --->   "%add_ln58_110 = add i16 %add_ln58_109, i16 %add_ln58_108" [firmware/nnet_utils/nnet_dense_latency.h:58->firmware/nnet_utils/nnet_dense_stream.h:17]   --->   Operation 1298 'add' 'add_ln58_110' <Predicate = true> <Delay = 0.00> <CoreInst = "TAddSub">   --->   Core 10 'TAddSub' <Latency = 0> <II = 1> <Delay = 0.34> <IPBlock> <Opcode : '' 'add' 'sub'> <InPorts = 3> <OutPorts = 1> <Sync> <CReg>
ST_2 : Operation 1299 [1/1] (0.00ns) (grouped into TernaryAdder)   --->   "%add_ln58_111 = add i16 %mult_131, i16 %mult_139" [firmware/nnet_utils/nnet_dense_latency.h:58->firmware/nnet_utils/nnet_dense_stream.h:17]   --->   Operation 1299 'add' 'add_ln58_111' <Predicate = true> <Delay = 0.00> <CoreInst = "TAddSub">   --->   Core 10 'TAddSub' <Latency = 0> <II = 1> <Delay = 0.34> <IPBlock> <Opcode : '' 'add' 'sub'> <InPorts = 3> <OutPorts = 1> <Sync> <CReg>
ST_2 : Operation 1300 [1/1] (0.68ns) (root node of TernaryAdder)   --->   "%add_ln58_114 = add i16 %add_ln58_113, i16 %add_ln58_111" [firmware/nnet_utils/nnet_dense_latency.h:58->firmware/nnet_utils/nnet_dense_stream.h:17]   --->   Operation 1300 'add' 'add_ln58_114' <Predicate = true> <Delay = 0.68> <CoreInst = "TAddSub">   --->   Core 10 'TAddSub' <Latency = 0> <II = 1> <Delay = 0.34> <IPBlock> <Opcode : '' 'add' 'sub'> <InPorts = 3> <OutPorts = 1> <Sync> <CReg>
ST_2 : Operation 1301 [1/1] (0.68ns) (root node of TernaryAdder)   --->   "%add_ln58_115 = add i16 %add_ln58_114, i16 %add_ln58_110" [firmware/nnet_utils/nnet_dense_latency.h:58->firmware/nnet_utils/nnet_dense_stream.h:17]   --->   Operation 1301 'add' 'add_ln58_115' <Predicate = true> <Delay = 0.68> <CoreInst = "TAddSub">   --->   Core 10 'TAddSub' <Latency = 0> <II = 1> <Delay = 0.34> <IPBlock> <Opcode : '' 'add' 'sub'> <InPorts = 3> <OutPorts = 1> <Sync> <CReg>
ST_2 : Operation 1302 [1/1] (0.00ns) (grouped into TernaryAdder)   --->   "%add_ln58_118 = add i16 %add_ln58_117, i16 %add_ln58_116" [firmware/nnet_utils/nnet_dense_latency.h:58->firmware/nnet_utils/nnet_dense_stream.h:17]   --->   Operation 1302 'add' 'add_ln58_118' <Predicate = true> <Delay = 0.00> <CoreInst = "TAddSub">   --->   Core 10 'TAddSub' <Latency = 0> <II = 1> <Delay = 0.34> <IPBlock> <Opcode : '' 'add' 'sub'> <InPorts = 3> <OutPorts = 1> <Sync> <CReg>
ST_2 : Operation 1303 [1/1] (0.00ns) (grouped into TernaryAdder)   --->   "%add_ln58_119 = add i16 %sext_ln42_33, i16 %sext_ln42_49" [firmware/nnet_utils/nnet_dense_latency.h:58->firmware/nnet_utils/nnet_dense_stream.h:17]   --->   Operation 1303 'add' 'add_ln58_119' <Predicate = true> <Delay = 0.00> <CoreInst = "TAddSub">   --->   Core 10 'TAddSub' <Latency = 0> <II = 1> <Delay = 0.34> <IPBlock> <Opcode : '' 'add' 'sub'> <InPorts = 3> <OutPorts = 1> <Sync> <CReg>
ST_2 : Operation 1304 [1/1] (0.68ns) (root node of TernaryAdder)   --->   "%add_ln58_122 = add i16 %add_ln58_121, i16 %add_ln58_119" [firmware/nnet_utils/nnet_dense_latency.h:58->firmware/nnet_utils/nnet_dense_stream.h:17]   --->   Operation 1304 'add' 'add_ln58_122' <Predicate = true> <Delay = 0.68> <CoreInst = "TAddSub">   --->   Core 10 'TAddSub' <Latency = 0> <II = 1> <Delay = 0.34> <IPBlock> <Opcode : '' 'add' 'sub'> <InPorts = 3> <OutPorts = 1> <Sync> <CReg>
ST_2 : Operation 1305 [1/1] (0.68ns) (root node of TernaryAdder)   --->   "%add_ln58_123 = add i16 %add_ln58_122, i16 %add_ln58_118" [firmware/nnet_utils/nnet_dense_latency.h:58->firmware/nnet_utils/nnet_dense_stream.h:17]   --->   Operation 1305 'add' 'add_ln58_123' <Predicate = true> <Delay = 0.68> <CoreInst = "TAddSub">   --->   Core 10 'TAddSub' <Latency = 0> <II = 1> <Delay = 0.34> <IPBlock> <Opcode : '' 'add' 'sub'> <InPorts = 3> <OutPorts = 1> <Sync> <CReg>
ST_2 : Operation 1306 [1/1] (0.00ns) (grouped into TernaryAdder)   --->   "%add_ln58_124 = add i16 %add_ln58_123, i16 %add_ln58_115" [firmware/nnet_utils/nnet_dense_latency.h:58->firmware/nnet_utils/nnet_dense_stream.h:17]   --->   Operation 1306 'add' 'add_ln58_124' <Predicate = true> <Delay = 0.00> <CoreInst = "TAddSub">   --->   Core 10 'TAddSub' <Latency = 0> <II = 1> <Delay = 0.34> <IPBlock> <Opcode : '' 'add' 'sub'> <InPorts = 3> <OutPorts = 1> <Sync> <CReg>
ST_2 : Operation 1307 [1/1] (0.00ns) (grouped into TernaryAdder)   --->   "%add_ln58_125 = add i16 %sext_ln42_88, i16 %sext_ln42_98" [firmware/nnet_utils/nnet_dense_latency.h:58->firmware/nnet_utils/nnet_dense_stream.h:17]   --->   Operation 1307 'add' 'add_ln58_125' <Predicate = true> <Delay = 0.00> <CoreInst = "TAddSub">   --->   Core 10 'TAddSub' <Latency = 0> <II = 1> <Delay = 0.34> <IPBlock> <Opcode : '' 'add' 'sub'> <InPorts = 3> <OutPorts = 1> <Sync> <CReg>
ST_2 : Operation 1308 [1/1] (0.68ns) (root node of TernaryAdder)   --->   "%add_ln58_127 = add i16 %add_ln58_126, i16 %add_ln58_125" [firmware/nnet_utils/nnet_dense_latency.h:58->firmware/nnet_utils/nnet_dense_stream.h:17]   --->   Operation 1308 'add' 'add_ln58_127' <Predicate = true> <Delay = 0.68> <CoreInst = "TAddSub">   --->   Core 10 'TAddSub' <Latency = 0> <II = 1> <Delay = 0.34> <IPBlock> <Opcode : '' 'add' 'sub'> <InPorts = 3> <OutPorts = 1> <Sync> <CReg>
ST_2 : Operation 1309 [1/1] (0.00ns)   --->   "%sext_ln58_20 = sext i15 %add_ln58_128" [firmware/nnet_utils/nnet_dense_latency.h:58->firmware/nnet_utils/nnet_dense_stream.h:17]   --->   Operation 1309 'sext' 'sext_ln58_20' <Predicate = true> <Delay = 0.00>
ST_2 : Operation 1310 [1/1] (0.00ns)   --->   "%sext_ln58_21 = sext i14 %add_ln58_129" [firmware/nnet_utils/nnet_dense_latency.h:58->firmware/nnet_utils/nnet_dense_stream.h:17]   --->   Operation 1310 'sext' 'sext_ln58_21' <Predicate = true> <Delay = 0.00>
ST_2 : Operation 1311 [1/1] (0.83ns)   --->   "%add_ln58_130 = add i15 %sext_ln58_21, i15 %sext_ln17_69" [firmware/nnet_utils/nnet_dense_latency.h:58->firmware/nnet_utils/nnet_dense_stream.h:17]   --->   Operation 1311 'add' 'add_ln58_130' <Predicate = true> <Delay = 0.83> <CoreInst = "Adder">   --->   Core 1 'Adder' <Latency = 0> <II = 1> <Delay = 0.83> <FuncUnit> <Opcode : 'add' 'sub'> <InPorts = 2> <OutPorts = 1>
ST_2 : Operation 1312 [1/1] (0.00ns)   --->   "%sext_ln58_22 = sext i15 %add_ln58_130" [firmware/nnet_utils/nnet_dense_latency.h:58->firmware/nnet_utils/nnet_dense_stream.h:17]   --->   Operation 1312 'sext' 'sext_ln58_22' <Predicate = true> <Delay = 0.00>
ST_2 : Operation 1313 [1/1] (0.84ns)   --->   "%add_ln58_131 = add i16 %sext_ln58_22, i16 %sext_ln58_20" [firmware/nnet_utils/nnet_dense_latency.h:58->firmware/nnet_utils/nnet_dense_stream.h:17]   --->   Operation 1313 'add' 'add_ln58_131' <Predicate = true> <Delay = 0.84> <CoreInst = "Adder">   --->   Core 1 'Adder' <Latency = 0> <II = 1> <Delay = 0.84> <FuncUnit> <Opcode : 'add' 'sub'> <InPorts = 2> <OutPorts = 1>
ST_2 : Operation 1314 [1/1] (0.00ns) (grouped into TernaryAdder)   --->   "%add_ln58_132 = add i16 %add_ln58_131, i16 %add_ln58_127" [firmware/nnet_utils/nnet_dense_latency.h:58->firmware/nnet_utils/nnet_dense_stream.h:17]   --->   Operation 1314 'add' 'add_ln58_132' <Predicate = true> <Delay = 0.00> <CoreInst = "TAddSub">   --->   Core 10 'TAddSub' <Latency = 0> <II = 1> <Delay = 0.34> <IPBlock> <Opcode : '' 'add' 'sub'> <InPorts = 3> <OutPorts = 1> <Sync> <CReg>
ST_2 : Operation 1315 [1/1] (0.00ns)   --->   "%sext_ln58_23 = sext i14 %add_ln58_133" [firmware/nnet_utils/nnet_dense_latency.h:58->firmware/nnet_utils/nnet_dense_stream.h:17]   --->   Operation 1315 'sext' 'sext_ln58_23' <Predicate = true> <Delay = 0.00>
ST_2 : Operation 1316 [1/1] (0.00ns)   --->   "%sext_ln58_24 = sext i14 %add_ln58_134" [firmware/nnet_utils/nnet_dense_latency.h:58->firmware/nnet_utils/nnet_dense_stream.h:17]   --->   Operation 1316 'sext' 'sext_ln58_24' <Predicate = true> <Delay = 0.00>
ST_2 : Operation 1317 [1/1] (0.83ns)   --->   "%add_ln58_135 = add i15 %sext_ln58_24, i15 %sext_ln17_32" [firmware/nnet_utils/nnet_dense_latency.h:58->firmware/nnet_utils/nnet_dense_stream.h:17]   --->   Operation 1317 'add' 'add_ln58_135' <Predicate = true> <Delay = 0.83> <CoreInst = "Adder">   --->   Core 1 'Adder' <Latency = 0> <II = 1> <Delay = 0.83> <FuncUnit> <Opcode : 'add' 'sub'> <InPorts = 2> <OutPorts = 1>
ST_2 : Operation 1318 [1/1] (0.00ns)   --->   "%sext_ln58_25 = sext i15 %add_ln58_135" [firmware/nnet_utils/nnet_dense_latency.h:58->firmware/nnet_utils/nnet_dense_stream.h:17]   --->   Operation 1318 'sext' 'sext_ln58_25' <Predicate = true> <Delay = 0.00>
ST_2 : Operation 1319 [1/1] (0.00ns) (grouped into TernaryAdder)   --->   "%add_ln58_136 = add i16 %sext_ln58_25, i16 %sext_ln58_23" [firmware/nnet_utils/nnet_dense_latency.h:58->firmware/nnet_utils/nnet_dense_stream.h:17]   --->   Operation 1319 'add' 'add_ln58_136' <Predicate = true> <Delay = 0.00> <CoreInst = "TAddSub">   --->   Core 10 'TAddSub' <Latency = 0> <II = 1> <Delay = 0.34> <IPBlock> <Opcode : '' 'add' 'sub'> <InPorts = 3> <OutPorts = 1> <Sync> <CReg>
ST_2 : Operation 1320 [1/1] (0.00ns)   --->   "%sext_ln58_29 = sext i14 %add_ln58_140" [firmware/nnet_utils/nnet_dense_latency.h:58->firmware/nnet_utils/nnet_dense_stream.h:17]   --->   Operation 1320 'sext' 'sext_ln58_29' <Predicate = true> <Delay = 0.00>
ST_2 : Operation 1321 [1/1] (0.68ns) (root node of TernaryAdder)   --->   "%add_ln58_141 = add i16 %sext_ln58_29, i16 %add_ln58_136" [firmware/nnet_utils/nnet_dense_latency.h:58->firmware/nnet_utils/nnet_dense_stream.h:17]   --->   Operation 1321 'add' 'add_ln58_141' <Predicate = true> <Delay = 0.68> <CoreInst = "TAddSub">   --->   Core 10 'TAddSub' <Latency = 0> <II = 1> <Delay = 0.34> <IPBlock> <Opcode : '' 'add' 'sub'> <InPorts = 3> <OutPorts = 1> <Sync> <CReg>
ST_2 : Operation 1322 [1/1] (0.68ns) (root node of TernaryAdder)   --->   "%add_ln58_142 = add i16 %add_ln58_141, i16 %add_ln58_132" [firmware/nnet_utils/nnet_dense_latency.h:58->firmware/nnet_utils/nnet_dense_stream.h:17]   --->   Operation 1322 'add' 'add_ln58_142' <Predicate = true> <Delay = 0.68> <CoreInst = "TAddSub">   --->   Core 10 'TAddSub' <Latency = 0> <II = 1> <Delay = 0.34> <IPBlock> <Opcode : '' 'add' 'sub'> <InPorts = 3> <OutPorts = 1> <Sync> <CReg>
ST_2 : Operation 1323 [1/1] (0.68ns) (root node of TernaryAdder)   --->   "%x_5 = add i16 %add_ln58_142, i16 %add_ln58_124" [firmware/nnet_utils/nnet_dense_latency.h:58->firmware/nnet_utils/nnet_dense_stream.h:17]   --->   Operation 1323 'add' 'x_5' <Predicate = true> <Delay = 0.68> <CoreInst = "TAddSub">   --->   Core 10 'TAddSub' <Latency = 0> <II = 1> <Delay = 0.34> <IPBlock> <Opcode : '' 'add' 'sub'> <InPorts = 3> <OutPorts = 1> <Sync> <CReg>
ST_2 : Operation 1324 [1/1] (0.00ns) (grouped into TernaryAdder)   --->   "%add_ln58_146 = add i16 %add_ln58_145, i16 %add_ln58_144" [firmware/nnet_utils/nnet_dense_latency.h:58->firmware/nnet_utils/nnet_dense_stream.h:17]   --->   Operation 1324 'add' 'add_ln58_146' <Predicate = true> <Delay = 0.00> <CoreInst = "TAddSub">   --->   Core 10 'TAddSub' <Latency = 0> <II = 1> <Delay = 0.34> <IPBlock> <Opcode : '' 'add' 'sub'> <InPorts = 3> <OutPorts = 1> <Sync> <CReg>
ST_2 : Operation 1325 [1/1] (0.00ns) (grouped into TernaryAdder)   --->   "%add_ln58_147 = add i16 %mult_140, i16 %mult_148" [firmware/nnet_utils/nnet_dense_latency.h:58->firmware/nnet_utils/nnet_dense_stream.h:17]   --->   Operation 1325 'add' 'add_ln58_147' <Predicate = true> <Delay = 0.00> <CoreInst = "TAddSub">   --->   Core 10 'TAddSub' <Latency = 0> <II = 1> <Delay = 0.34> <IPBlock> <Opcode : '' 'add' 'sub'> <InPorts = 3> <OutPorts = 1> <Sync> <CReg>
ST_2 : Operation 1326 [1/1] (0.68ns) (root node of TernaryAdder)   --->   "%add_ln58_150 = add i16 %add_ln58_149, i16 %add_ln58_147" [firmware/nnet_utils/nnet_dense_latency.h:58->firmware/nnet_utils/nnet_dense_stream.h:17]   --->   Operation 1326 'add' 'add_ln58_150' <Predicate = true> <Delay = 0.68> <CoreInst = "TAddSub">   --->   Core 10 'TAddSub' <Latency = 0> <II = 1> <Delay = 0.34> <IPBlock> <Opcode : '' 'add' 'sub'> <InPorts = 3> <OutPorts = 1> <Sync> <CReg>
ST_2 : Operation 1327 [1/1] (0.68ns) (root node of TernaryAdder)   --->   "%add_ln58_151 = add i16 %add_ln58_150, i16 %add_ln58_146" [firmware/nnet_utils/nnet_dense_latency.h:58->firmware/nnet_utils/nnet_dense_stream.h:17]   --->   Operation 1327 'add' 'add_ln58_151' <Predicate = true> <Delay = 0.68> <CoreInst = "TAddSub">   --->   Core 10 'TAddSub' <Latency = 0> <II = 1> <Delay = 0.34> <IPBlock> <Opcode : '' 'add' 'sub'> <InPorts = 3> <OutPorts = 1> <Sync> <CReg>
ST_2 : Operation 1328 [1/1] (0.00ns) (grouped into TernaryAdder)   --->   "%add_ln58_154 = add i16 %add_ln58_153, i16 %add_ln58_152" [firmware/nnet_utils/nnet_dense_latency.h:58->firmware/nnet_utils/nnet_dense_stream.h:17]   --->   Operation 1328 'add' 'add_ln58_154' <Predicate = true> <Delay = 0.00> <CoreInst = "TAddSub">   --->   Core 10 'TAddSub' <Latency = 0> <II = 1> <Delay = 0.34> <IPBlock> <Opcode : '' 'add' 'sub'> <InPorts = 3> <OutPorts = 1> <Sync> <CReg>
ST_2 : Operation 1329 [1/1] (0.00ns) (grouped into TernaryAdder)   --->   "%add_ln58_155 = add i16 %sext_ln42_73, i16 %sext_ln42_79" [firmware/nnet_utils/nnet_dense_latency.h:58->firmware/nnet_utils/nnet_dense_stream.h:17]   --->   Operation 1329 'add' 'add_ln58_155' <Predicate = true> <Delay = 0.00> <CoreInst = "TAddSub">   --->   Core 10 'TAddSub' <Latency = 0> <II = 1> <Delay = 0.34> <IPBlock> <Opcode : '' 'add' 'sub'> <InPorts = 3> <OutPorts = 1> <Sync> <CReg>
ST_2 : Operation 1330 [1/1] (0.68ns) (root node of TernaryAdder)   --->   "%add_ln58_158 = add i16 %add_ln58_157, i16 %add_ln58_155" [firmware/nnet_utils/nnet_dense_latency.h:58->firmware/nnet_utils/nnet_dense_stream.h:17]   --->   Operation 1330 'add' 'add_ln58_158' <Predicate = true> <Delay = 0.68> <CoreInst = "TAddSub">   --->   Core 10 'TAddSub' <Latency = 0> <II = 1> <Delay = 0.34> <IPBlock> <Opcode : '' 'add' 'sub'> <InPorts = 3> <OutPorts = 1> <Sync> <CReg>
ST_2 : Operation 1331 [1/1] (0.68ns) (root node of TernaryAdder)   --->   "%add_ln58_159 = add i16 %add_ln58_158, i16 %add_ln58_154" [firmware/nnet_utils/nnet_dense_latency.h:58->firmware/nnet_utils/nnet_dense_stream.h:17]   --->   Operation 1331 'add' 'add_ln58_159' <Predicate = true> <Delay = 0.68> <CoreInst = "TAddSub">   --->   Core 10 'TAddSub' <Latency = 0> <II = 1> <Delay = 0.34> <IPBlock> <Opcode : '' 'add' 'sub'> <InPorts = 3> <OutPorts = 1> <Sync> <CReg>
ST_2 : Operation 1332 [1/1] (0.00ns) (grouped into TernaryAdder)   --->   "%add_ln58_161 = add i16 %sext_ln42_101, i16 %sext_ln42_107" [firmware/nnet_utils/nnet_dense_latency.h:58->firmware/nnet_utils/nnet_dense_stream.h:17]   --->   Operation 1332 'add' 'add_ln58_161' <Predicate = true> <Delay = 0.00> <CoreInst = "TAddSub">   --->   Core 10 'TAddSub' <Latency = 0> <II = 1> <Delay = 0.34> <IPBlock> <Opcode : '' 'add' 'sub'> <InPorts = 3> <OutPorts = 1> <Sync> <CReg>
ST_2 : Operation 1333 [1/1] (0.68ns) (root node of TernaryAdder)   --->   "%add_ln58_163 = add i16 %add_ln58_162, i16 %add_ln58_161" [firmware/nnet_utils/nnet_dense_latency.h:58->firmware/nnet_utils/nnet_dense_stream.h:17]   --->   Operation 1333 'add' 'add_ln58_163' <Predicate = true> <Delay = 0.68> <CoreInst = "TAddSub">   --->   Core 10 'TAddSub' <Latency = 0> <II = 1> <Delay = 0.34> <IPBlock> <Opcode : '' 'add' 'sub'> <InPorts = 3> <OutPorts = 1> <Sync> <CReg>
ST_2 : Operation 1334 [1/1] (0.00ns)   --->   "%sext_ln58_30 = sext i15 %add_ln58_164" [firmware/nnet_utils/nnet_dense_latency.h:58->firmware/nnet_utils/nnet_dense_stream.h:17]   --->   Operation 1334 'sext' 'sext_ln58_30' <Predicate = true> <Delay = 0.00>
ST_2 : Operation 1335 [1/1] (0.00ns)   --->   "%sext_ln58_31 = sext i15 %add_ln58_165" [firmware/nnet_utils/nnet_dense_latency.h:58->firmware/nnet_utils/nnet_dense_stream.h:17]   --->   Operation 1335 'sext' 'sext_ln58_31' <Predicate = true> <Delay = 0.00>
ST_2 : Operation 1336 [1/1] (0.00ns) (grouped into TernaryAdder)   --->   "%add_ln58_166 = add i16 %sext_ln58_31, i16 %sext_ln42_41" [firmware/nnet_utils/nnet_dense_latency.h:58->firmware/nnet_utils/nnet_dense_stream.h:17]   --->   Operation 1336 'add' 'add_ln58_166' <Predicate = true> <Delay = 0.00> <CoreInst = "TAddSub">   --->   Core 10 'TAddSub' <Latency = 0> <II = 1> <Delay = 0.34> <IPBlock> <Opcode : '' 'add' 'sub'> <InPorts = 3> <OutPorts = 1> <Sync> <CReg>
ST_2 : Operation 1337 [1/1] (0.68ns) (root node of TernaryAdder)   --->   "%add_ln58_167 = add i16 %add_ln58_166, i16 %sext_ln58_30" [firmware/nnet_utils/nnet_dense_latency.h:58->firmware/nnet_utils/nnet_dense_stream.h:17]   --->   Operation 1337 'add' 'add_ln58_167' <Predicate = true> <Delay = 0.68> <CoreInst = "TAddSub">   --->   Core 10 'TAddSub' <Latency = 0> <II = 1> <Delay = 0.34> <IPBlock> <Opcode : '' 'add' 'sub'> <InPorts = 3> <OutPorts = 1> <Sync> <CReg>
ST_2 : Operation 1338 [1/1] (0.00ns) (grouped into TernaryAdder)   --->   "%add_ln58_168 = add i16 %add_ln58_167, i16 %add_ln58_163" [firmware/nnet_utils/nnet_dense_latency.h:58->firmware/nnet_utils/nnet_dense_stream.h:17]   --->   Operation 1338 'add' 'add_ln58_168' <Predicate = true> <Delay = 0.00> <CoreInst = "TAddSub">   --->   Core 10 'TAddSub' <Latency = 0> <II = 1> <Delay = 0.34> <IPBlock> <Opcode : '' 'add' 'sub'> <InPorts = 3> <OutPorts = 1> <Sync> <CReg>
ST_2 : Operation 1339 [1/1] (0.00ns)   --->   "%sext_ln58_32 = sext i14 %add_ln58_169" [firmware/nnet_utils/nnet_dense_latency.h:58->firmware/nnet_utils/nnet_dense_stream.h:17]   --->   Operation 1339 'sext' 'sext_ln58_32' <Predicate = true> <Delay = 0.00>
ST_2 : Operation 1340 [1/1] (0.00ns)   --->   "%sext_ln58_33 = sext i14 %add_ln58_170" [firmware/nnet_utils/nnet_dense_latency.h:58->firmware/nnet_utils/nnet_dense_stream.h:17]   --->   Operation 1340 'sext' 'sext_ln58_33' <Predicate = true> <Delay = 0.00>
ST_2 : Operation 1341 [1/1] (0.83ns)   --->   "%add_ln58_171 = add i15 %sext_ln58_33, i15 %sext_ln17_36" [firmware/nnet_utils/nnet_dense_latency.h:58->firmware/nnet_utils/nnet_dense_stream.h:17]   --->   Operation 1341 'add' 'add_ln58_171' <Predicate = true> <Delay = 0.83> <CoreInst = "Adder">   --->   Core 1 'Adder' <Latency = 0> <II = 1> <Delay = 0.83> <FuncUnit> <Opcode : 'add' 'sub'> <InPorts = 2> <OutPorts = 1>
ST_2 : Operation 1342 [1/1] (0.00ns)   --->   "%sext_ln58_34 = sext i15 %add_ln58_171" [firmware/nnet_utils/nnet_dense_latency.h:58->firmware/nnet_utils/nnet_dense_stream.h:17]   --->   Operation 1342 'sext' 'sext_ln58_34' <Predicate = true> <Delay = 0.00>
ST_2 : Operation 1343 [1/1] (0.00ns) (grouped into TernaryAdder)   --->   "%add_ln58_172 = add i16 %sext_ln58_34, i16 %sext_ln58_32" [firmware/nnet_utils/nnet_dense_latency.h:58->firmware/nnet_utils/nnet_dense_stream.h:17]   --->   Operation 1343 'add' 'add_ln58_172' <Predicate = true> <Delay = 0.00> <CoreInst = "TAddSub">   --->   Core 10 'TAddSub' <Latency = 0> <II = 1> <Delay = 0.34> <IPBlock> <Opcode : '' 'add' 'sub'> <InPorts = 3> <OutPorts = 1> <Sync> <CReg>
ST_2 : Operation 1344 [1/1] (0.00ns)   --->   "%sext_ln58_35 = sext i14 %add_ln58_173" [firmware/nnet_utils/nnet_dense_latency.h:58->firmware/nnet_utils/nnet_dense_stream.h:17]   --->   Operation 1344 'sext' 'sext_ln58_35' <Predicate = true> <Delay = 0.00>
ST_2 : Operation 1345 [1/1] (0.00ns)   --->   "%sext_ln58_36 = sext i12 %add_ln58_174" [firmware/nnet_utils/nnet_dense_latency.h:58->firmware/nnet_utils/nnet_dense_stream.h:17]   --->   Operation 1345 'sext' 'sext_ln58_36' <Predicate = true> <Delay = 0.00>
ST_2 : Operation 1346 [1/1] (0.80ns)   --->   "%add_ln58_175 = add i13 %sext_ln58_36, i13 %sext_ln17_62" [firmware/nnet_utils/nnet_dense_latency.h:58->firmware/nnet_utils/nnet_dense_stream.h:17]   --->   Operation 1346 'add' 'add_ln58_175' <Predicate = true> <Delay = 0.80> <CoreInst = "Adder">   --->   Core 1 'Adder' <Latency = 0> <II = 1> <Delay = 0.80> <FuncUnit> <Opcode : 'add' 'sub'> <InPorts = 2> <OutPorts = 1>
ST_2 : Operation 1347 [1/1] (0.00ns)   --->   "%sext_ln58_37 = sext i13 %add_ln58_175" [firmware/nnet_utils/nnet_dense_latency.h:58->firmware/nnet_utils/nnet_dense_stream.h:17]   --->   Operation 1347 'sext' 'sext_ln58_37' <Predicate = true> <Delay = 0.00>
ST_2 : Operation 1348 [1/1] (0.83ns)   --->   "%add_ln58_176 = add i15 %sext_ln58_37, i15 %sext_ln58_35" [firmware/nnet_utils/nnet_dense_latency.h:58->firmware/nnet_utils/nnet_dense_stream.h:17]   --->   Operation 1348 'add' 'add_ln58_176' <Predicate = true> <Delay = 0.83> <CoreInst = "Adder">   --->   Core 1 'Adder' <Latency = 0> <II = 1> <Delay = 0.83> <FuncUnit> <Opcode : 'add' 'sub'> <InPorts = 2> <OutPorts = 1>
ST_2 : Operation 1349 [1/1] (0.00ns)   --->   "%sext_ln58_38 = sext i15 %add_ln58_176" [firmware/nnet_utils/nnet_dense_latency.h:58->firmware/nnet_utils/nnet_dense_stream.h:17]   --->   Operation 1349 'sext' 'sext_ln58_38' <Predicate = true> <Delay = 0.00>
ST_2 : Operation 1350 [1/1] (0.68ns) (root node of TernaryAdder)   --->   "%add_ln58_177 = add i16 %sext_ln58_38, i16 %add_ln58_172" [firmware/nnet_utils/nnet_dense_latency.h:58->firmware/nnet_utils/nnet_dense_stream.h:17]   --->   Operation 1350 'add' 'add_ln58_177' <Predicate = true> <Delay = 0.68> <CoreInst = "TAddSub">   --->   Core 10 'TAddSub' <Latency = 0> <II = 1> <Delay = 0.34> <IPBlock> <Opcode : '' 'add' 'sub'> <InPorts = 3> <OutPorts = 1> <Sync> <CReg>
ST_2 : Operation 1351 [1/1] (0.68ns) (root node of TernaryAdder)   --->   "%add_ln58_178 = add i16 %add_ln58_177, i16 %add_ln58_168" [firmware/nnet_utils/nnet_dense_latency.h:58->firmware/nnet_utils/nnet_dense_stream.h:17]   --->   Operation 1351 'add' 'add_ln58_178' <Predicate = true> <Delay = 0.68> <CoreInst = "TAddSub">   --->   Core 10 'TAddSub' <Latency = 0> <II = 1> <Delay = 0.34> <IPBlock> <Opcode : '' 'add' 'sub'> <InPorts = 3> <OutPorts = 1> <Sync> <CReg>
ST_2 : Operation 1352 [1/1] (0.00ns) (grouped into TernaryAdder)   --->   "%add_ln58_182 = add i16 %add_ln58_181, i16 %add_ln58_180" [firmware/nnet_utils/nnet_dense_latency.h:58->firmware/nnet_utils/nnet_dense_stream.h:17]   --->   Operation 1352 'add' 'add_ln58_182' <Predicate = true> <Delay = 0.00> <CoreInst = "TAddSub">   --->   Core 10 'TAddSub' <Latency = 0> <II = 1> <Delay = 0.34> <IPBlock> <Opcode : '' 'add' 'sub'> <InPorts = 3> <OutPorts = 1> <Sync> <CReg>
ST_2 : Operation 1353 [1/1] (0.00ns) (grouped into TernaryAdder)   --->   "%add_ln58_183 = add i16 %mult_149, i16 %mult_165" [firmware/nnet_utils/nnet_dense_latency.h:58->firmware/nnet_utils/nnet_dense_stream.h:17]   --->   Operation 1353 'add' 'add_ln58_183' <Predicate = true> <Delay = 0.00> <CoreInst = "TAddSub">   --->   Core 10 'TAddSub' <Latency = 0> <II = 1> <Delay = 0.34> <IPBlock> <Opcode : '' 'add' 'sub'> <InPorts = 3> <OutPorts = 1> <Sync> <CReg>
ST_2 : Operation 1354 [1/1] (0.68ns) (root node of TernaryAdder)   --->   "%add_ln58_186 = add i16 %add_ln58_185, i16 %add_ln58_183" [firmware/nnet_utils/nnet_dense_latency.h:58->firmware/nnet_utils/nnet_dense_stream.h:17]   --->   Operation 1354 'add' 'add_ln58_186' <Predicate = true> <Delay = 0.68> <CoreInst = "TAddSub">   --->   Core 10 'TAddSub' <Latency = 0> <II = 1> <Delay = 0.34> <IPBlock> <Opcode : '' 'add' 'sub'> <InPorts = 3> <OutPorts = 1> <Sync> <CReg>
ST_2 : Operation 1355 [1/1] (0.68ns) (root node of TernaryAdder)   --->   "%add_ln58_187 = add i16 %add_ln58_186, i16 %add_ln58_182" [firmware/nnet_utils/nnet_dense_latency.h:58->firmware/nnet_utils/nnet_dense_stream.h:17]   --->   Operation 1355 'add' 'add_ln58_187' <Predicate = true> <Delay = 0.68> <CoreInst = "TAddSub">   --->   Core 10 'TAddSub' <Latency = 0> <II = 1> <Delay = 0.34> <IPBlock> <Opcode : '' 'add' 'sub'> <InPorts = 3> <OutPorts = 1> <Sync> <CReg>
ST_2 : Operation 1356 [1/1] (0.00ns) (grouped into TernaryAdder)   --->   "%add_ln58_190 = add i16 %add_ln58_189, i16 %add_ln58_188" [firmware/nnet_utils/nnet_dense_latency.h:58->firmware/nnet_utils/nnet_dense_stream.h:17]   --->   Operation 1356 'add' 'add_ln58_190' <Predicate = true> <Delay = 0.00> <CoreInst = "TAddSub">   --->   Core 10 'TAddSub' <Latency = 0> <II = 1> <Delay = 0.34> <IPBlock> <Opcode : '' 'add' 'sub'> <InPorts = 3> <OutPorts = 1> <Sync> <CReg>
ST_2 : Operation 1357 [1/1] (0.00ns) (grouped into TernaryAdder)   --->   "%add_ln58_191 = add i16 %sext_ln42_20, i16 %sext_ln42_26" [firmware/nnet_utils/nnet_dense_latency.h:58->firmware/nnet_utils/nnet_dense_stream.h:17]   --->   Operation 1357 'add' 'add_ln58_191' <Predicate = true> <Delay = 0.00> <CoreInst = "TAddSub">   --->   Core 10 'TAddSub' <Latency = 0> <II = 1> <Delay = 0.34> <IPBlock> <Opcode : '' 'add' 'sub'> <InPorts = 3> <OutPorts = 1> <Sync> <CReg>
ST_2 : Operation 1358 [1/1] (0.68ns) (root node of TernaryAdder)   --->   "%add_ln58_194 = add i16 %add_ln58_193, i16 %add_ln58_191" [firmware/nnet_utils/nnet_dense_latency.h:58->firmware/nnet_utils/nnet_dense_stream.h:17]   --->   Operation 1358 'add' 'add_ln58_194' <Predicate = true> <Delay = 0.68> <CoreInst = "TAddSub">   --->   Core 10 'TAddSub' <Latency = 0> <II = 1> <Delay = 0.34> <IPBlock> <Opcode : '' 'add' 'sub'> <InPorts = 3> <OutPorts = 1> <Sync> <CReg>
ST_2 : Operation 1359 [1/1] (0.68ns) (root node of TernaryAdder)   --->   "%add_ln58_195 = add i16 %add_ln58_194, i16 %add_ln58_190" [firmware/nnet_utils/nnet_dense_latency.h:58->firmware/nnet_utils/nnet_dense_stream.h:17]   --->   Operation 1359 'add' 'add_ln58_195' <Predicate = true> <Delay = 0.68> <CoreInst = "TAddSub">   --->   Core 10 'TAddSub' <Latency = 0> <II = 1> <Delay = 0.34> <IPBlock> <Opcode : '' 'add' 'sub'> <InPorts = 3> <OutPorts = 1> <Sync> <CReg>
ST_2 : Operation 1360 [1/1] (0.00ns) (grouped into TernaryAdder)   --->   "%add_ln58_196 = add i16 %add_ln58_195, i16 %add_ln58_187" [firmware/nnet_utils/nnet_dense_latency.h:58->firmware/nnet_utils/nnet_dense_stream.h:17]   --->   Operation 1360 'add' 'add_ln58_196' <Predicate = true> <Delay = 0.00> <CoreInst = "TAddSub">   --->   Core 10 'TAddSub' <Latency = 0> <II = 1> <Delay = 0.34> <IPBlock> <Opcode : '' 'add' 'sub'> <InPorts = 3> <OutPorts = 1> <Sync> <CReg>
ST_2 : Operation 1361 [1/1] (0.00ns) (grouped into TernaryAdder)   --->   "%add_ln58_197 = add i16 %sext_ln42_53, i16 %sext_ln42_80" [firmware/nnet_utils/nnet_dense_latency.h:58->firmware/nnet_utils/nnet_dense_stream.h:17]   --->   Operation 1361 'add' 'add_ln58_197' <Predicate = true> <Delay = 0.00> <CoreInst = "TAddSub">   --->   Core 10 'TAddSub' <Latency = 0> <II = 1> <Delay = 0.34> <IPBlock> <Opcode : '' 'add' 'sub'> <InPorts = 3> <OutPorts = 1> <Sync> <CReg>
ST_2 : Operation 1362 [1/1] (0.68ns) (root node of TernaryAdder)   --->   "%add_ln58_199 = add i16 %add_ln58_198, i16 %add_ln58_197" [firmware/nnet_utils/nnet_dense_latency.h:58->firmware/nnet_utils/nnet_dense_stream.h:17]   --->   Operation 1362 'add' 'add_ln58_199' <Predicate = true> <Delay = 0.68> <CoreInst = "TAddSub">   --->   Core 10 'TAddSub' <Latency = 0> <II = 1> <Delay = 0.34> <IPBlock> <Opcode : '' 'add' 'sub'> <InPorts = 3> <OutPorts = 1> <Sync> <CReg>
ST_2 : Operation 1363 [1/1] (0.00ns) (grouped into TernaryAdder)   --->   "%add_ln58_200 = add i16 %sext_ln42_102, i16 %sext_ln42_12" [firmware/nnet_utils/nnet_dense_latency.h:58->firmware/nnet_utils/nnet_dense_stream.h:17]   --->   Operation 1363 'add' 'add_ln58_200' <Predicate = true> <Delay = 0.00> <CoreInst = "TAddSub">   --->   Core 10 'TAddSub' <Latency = 0> <II = 1> <Delay = 0.34> <IPBlock> <Opcode : '' 'add' 'sub'> <InPorts = 3> <OutPorts = 1> <Sync> <CReg>
ST_2 : Operation 1364 [1/1] (0.00ns)   --->   "%sext_ln58_39 = sext i15 %add_ln58_201" [firmware/nnet_utils/nnet_dense_latency.h:58->firmware/nnet_utils/nnet_dense_stream.h:17]   --->   Operation 1364 'sext' 'sext_ln58_39' <Predicate = true> <Delay = 0.00>
ST_2 : Operation 1365 [1/1] (0.84ns)   --->   "%add_ln58_202 = add i16 %sext_ln58_39, i16 %sext_ln42_18" [firmware/nnet_utils/nnet_dense_latency.h:58->firmware/nnet_utils/nnet_dense_stream.h:17]   --->   Operation 1365 'add' 'add_ln58_202' <Predicate = true> <Delay = 0.84> <CoreInst = "Adder">   --->   Core 1 'Adder' <Latency = 0> <II = 1> <Delay = 0.84> <FuncUnit> <Opcode : 'add' 'sub'> <InPorts = 2> <OutPorts = 1>
ST_2 : Operation 1366 [1/1] (0.68ns) (root node of TernaryAdder)   --->   "%add_ln58_203 = add i16 %add_ln58_202, i16 %add_ln58_200" [firmware/nnet_utils/nnet_dense_latency.h:58->firmware/nnet_utils/nnet_dense_stream.h:17]   --->   Operation 1366 'add' 'add_ln58_203' <Predicate = true> <Delay = 0.68> <CoreInst = "TAddSub">   --->   Core 10 'TAddSub' <Latency = 0> <II = 1> <Delay = 0.34> <IPBlock> <Opcode : '' 'add' 'sub'> <InPorts = 3> <OutPorts = 1> <Sync> <CReg>
ST_2 : Operation 1367 [1/1] (0.00ns) (grouped into TernaryAdder)   --->   "%add_ln58_204 = add i16 %add_ln58_203, i16 %add_ln58_199" [firmware/nnet_utils/nnet_dense_latency.h:58->firmware/nnet_utils/nnet_dense_stream.h:17]   --->   Operation 1367 'add' 'add_ln58_204' <Predicate = true> <Delay = 0.00> <CoreInst = "TAddSub">   --->   Core 10 'TAddSub' <Latency = 0> <II = 1> <Delay = 0.34> <IPBlock> <Opcode : '' 'add' 'sub'> <InPorts = 3> <OutPorts = 1> <Sync> <CReg>
ST_2 : Operation 1368 [1/1] (0.00ns)   --->   "%sext_ln58_40 = sext i14 %add_ln58_205" [firmware/nnet_utils/nnet_dense_latency.h:58->firmware/nnet_utils/nnet_dense_stream.h:17]   --->   Operation 1368 'sext' 'sext_ln58_40' <Predicate = true> <Delay = 0.00>
ST_2 : Operation 1369 [1/1] (0.00ns)   --->   "%sext_ln58_41 = sext i14 %add_ln58_206" [firmware/nnet_utils/nnet_dense_latency.h:58->firmware/nnet_utils/nnet_dense_stream.h:17]   --->   Operation 1369 'sext' 'sext_ln58_41' <Predicate = true> <Delay = 0.00>
ST_2 : Operation 1370 [1/1] (0.83ns)   --->   "%add_ln58_207 = add i15 %sext_ln58_41, i15 %sext_ln17_54" [firmware/nnet_utils/nnet_dense_latency.h:58->firmware/nnet_utils/nnet_dense_stream.h:17]   --->   Operation 1370 'add' 'add_ln58_207' <Predicate = true> <Delay = 0.83> <CoreInst = "Adder">   --->   Core 1 'Adder' <Latency = 0> <II = 1> <Delay = 0.83> <FuncUnit> <Opcode : 'add' 'sub'> <InPorts = 2> <OutPorts = 1>
ST_2 : Operation 1371 [1/1] (0.00ns)   --->   "%sext_ln58_42 = sext i15 %add_ln58_207" [firmware/nnet_utils/nnet_dense_latency.h:58->firmware/nnet_utils/nnet_dense_stream.h:17]   --->   Operation 1371 'sext' 'sext_ln58_42' <Predicate = true> <Delay = 0.00>
ST_2 : Operation 1372 [1/1] (0.00ns) (grouped into TernaryAdder)   --->   "%add_ln58_208 = add i16 %sext_ln58_42, i16 %sext_ln58_40" [firmware/nnet_utils/nnet_dense_latency.h:58->firmware/nnet_utils/nnet_dense_stream.h:17]   --->   Operation 1372 'add' 'add_ln58_208' <Predicate = true> <Delay = 0.00> <CoreInst = "TAddSub">   --->   Core 10 'TAddSub' <Latency = 0> <II = 1> <Delay = 0.34> <IPBlock> <Opcode : '' 'add' 'sub'> <InPorts = 3> <OutPorts = 1> <Sync> <CReg>
ST_2 : Operation 1373 [1/1] (0.00ns)   --->   "%sext_ln58_43 = sext i13 %add_ln58_209" [firmware/nnet_utils/nnet_dense_latency.h:58->firmware/nnet_utils/nnet_dense_stream.h:17]   --->   Operation 1373 'sext' 'sext_ln58_43' <Predicate = true> <Delay = 0.00>
ST_2 : Operation 1374 [1/1] (0.00ns)   --->   "%sext_ln58_45 = sext i12 %add_ln58_211" [firmware/nnet_utils/nnet_dense_latency.h:58->firmware/nnet_utils/nnet_dense_stream.h:17]   --->   Operation 1374 'sext' 'sext_ln58_45' <Predicate = true> <Delay = 0.00>
ST_2 : Operation 1375 [1/1] (0.82ns)   --->   "%add_ln58_212 = add i14 %sext_ln58_45, i14 %sext_ln58_43" [firmware/nnet_utils/nnet_dense_latency.h:58->firmware/nnet_utils/nnet_dense_stream.h:17]   --->   Operation 1375 'add' 'add_ln58_212' <Predicate = true> <Delay = 0.82> <CoreInst = "Adder">   --->   Core 1 'Adder' <Latency = 0> <II = 1> <Delay = 0.82> <FuncUnit> <Opcode : 'add' 'sub'> <InPorts = 2> <OutPorts = 1>
ST_2 : Operation 1376 [1/1] (0.00ns)   --->   "%sext_ln58_46 = sext i14 %add_ln58_212" [firmware/nnet_utils/nnet_dense_latency.h:58->firmware/nnet_utils/nnet_dense_stream.h:17]   --->   Operation 1376 'sext' 'sext_ln58_46' <Predicate = true> <Delay = 0.00>
ST_2 : Operation 1377 [1/1] (0.68ns) (root node of TernaryAdder)   --->   "%add_ln58_213 = add i16 %sext_ln58_46, i16 %add_ln58_208" [firmware/nnet_utils/nnet_dense_latency.h:58->firmware/nnet_utils/nnet_dense_stream.h:17]   --->   Operation 1377 'add' 'add_ln58_213' <Predicate = true> <Delay = 0.68> <CoreInst = "TAddSub">   --->   Core 10 'TAddSub' <Latency = 0> <II = 1> <Delay = 0.34> <IPBlock> <Opcode : '' 'add' 'sub'> <InPorts = 3> <OutPorts = 1> <Sync> <CReg>
ST_2 : Operation 1378 [1/1] (0.68ns) (root node of TernaryAdder)   --->   "%add_ln58_214 = add i16 %add_ln58_213, i16 %add_ln58_204" [firmware/nnet_utils/nnet_dense_latency.h:58->firmware/nnet_utils/nnet_dense_stream.h:17]   --->   Operation 1378 'add' 'add_ln58_214' <Predicate = true> <Delay = 0.68> <CoreInst = "TAddSub">   --->   Core 10 'TAddSub' <Latency = 0> <II = 1> <Delay = 0.34> <IPBlock> <Opcode : '' 'add' 'sub'> <InPorts = 3> <OutPorts = 1> <Sync> <CReg>
ST_2 : Operation 1379 [1/1] (0.68ns) (root node of TernaryAdder)   --->   "%x_7 = add i16 %add_ln58_214, i16 %add_ln58_196" [firmware/nnet_utils/nnet_dense_latency.h:58->firmware/nnet_utils/nnet_dense_stream.h:17]   --->   Operation 1379 'add' 'x_7' <Predicate = true> <Delay = 0.68> <CoreInst = "TAddSub">   --->   Core 10 'TAddSub' <Latency = 0> <II = 1> <Delay = 0.34> <IPBlock> <Opcode : '' 'add' 'sub'> <InPorts = 3> <OutPorts = 1> <Sync> <CReg>
ST_2 : Operation 1380 [1/1] (0.00ns) (grouped into TernaryAdder)   --->   "%add_ln58_218 = add i16 %add_ln58_217, i16 %add_ln58_216" [firmware/nnet_utils/nnet_dense_latency.h:58->firmware/nnet_utils/nnet_dense_stream.h:17]   --->   Operation 1380 'add' 'add_ln58_218' <Predicate = true> <Delay = 0.00> <CoreInst = "TAddSub">   --->   Core 10 'TAddSub' <Latency = 0> <II = 1> <Delay = 0.34> <IPBlock> <Opcode : '' 'add' 'sub'> <InPorts = 3> <OutPorts = 1> <Sync> <CReg>
ST_2 : Operation 1381 [1/1] (0.00ns) (grouped into TernaryAdder)   --->   "%add_ln58_219 = add i16 %mult_70, i16 %mult_78" [firmware/nnet_utils/nnet_dense_latency.h:58->firmware/nnet_utils/nnet_dense_stream.h:17]   --->   Operation 1381 'add' 'add_ln58_219' <Predicate = true> <Delay = 0.00> <CoreInst = "TAddSub">   --->   Core 10 'TAddSub' <Latency = 0> <II = 1> <Delay = 0.34> <IPBlock> <Opcode : '' 'add' 'sub'> <InPorts = 3> <OutPorts = 1> <Sync> <CReg>
ST_2 : Operation 1382 [1/1] (0.68ns) (root node of TernaryAdder)   --->   "%add_ln58_222 = add i16 %add_ln58_221, i16 %add_ln58_219" [firmware/nnet_utils/nnet_dense_latency.h:58->firmware/nnet_utils/nnet_dense_stream.h:17]   --->   Operation 1382 'add' 'add_ln58_222' <Predicate = true> <Delay = 0.68> <CoreInst = "TAddSub">   --->   Core 10 'TAddSub' <Latency = 0> <II = 1> <Delay = 0.34> <IPBlock> <Opcode : '' 'add' 'sub'> <InPorts = 3> <OutPorts = 1> <Sync> <CReg>
ST_2 : Operation 1383 [1/1] (0.68ns) (root node of TernaryAdder)   --->   "%add_ln58_223 = add i16 %add_ln58_222, i16 %add_ln58_218" [firmware/nnet_utils/nnet_dense_latency.h:58->firmware/nnet_utils/nnet_dense_stream.h:17]   --->   Operation 1383 'add' 'add_ln58_223' <Predicate = true> <Delay = 0.68> <CoreInst = "TAddSub">   --->   Core 10 'TAddSub' <Latency = 0> <II = 1> <Delay = 0.34> <IPBlock> <Opcode : '' 'add' 'sub'> <InPorts = 3> <OutPorts = 1> <Sync> <CReg>
ST_2 : Operation 1384 [1/1] (0.00ns) (grouped into TernaryAdder)   --->   "%add_ln58_226 = add i16 %add_ln58_225, i16 %add_ln58_224" [firmware/nnet_utils/nnet_dense_latency.h:58->firmware/nnet_utils/nnet_dense_stream.h:17]   --->   Operation 1384 'add' 'add_ln58_226' <Predicate = true> <Delay = 0.00> <CoreInst = "TAddSub">   --->   Core 10 'TAddSub' <Latency = 0> <II = 1> <Delay = 0.34> <IPBlock> <Opcode : '' 'add' 'sub'> <InPorts = 3> <OutPorts = 1> <Sync> <CReg>
ST_2 : Operation 1385 [1/1] (0.00ns) (grouped into TernaryAdder)   --->   "%add_ln58_227 = add i16 %mult_198, i16 %mult_206" [firmware/nnet_utils/nnet_dense_latency.h:58->firmware/nnet_utils/nnet_dense_stream.h:17]   --->   Operation 1385 'add' 'add_ln58_227' <Predicate = true> <Delay = 0.00> <CoreInst = "TAddSub">   --->   Core 10 'TAddSub' <Latency = 0> <II = 1> <Delay = 0.34> <IPBlock> <Opcode : '' 'add' 'sub'> <InPorts = 3> <OutPorts = 1> <Sync> <CReg>
ST_2 : Operation 1386 [1/1] (0.68ns) (root node of TernaryAdder)   --->   "%add_ln58_230 = add i16 %add_ln58_229, i16 %add_ln58_227" [firmware/nnet_utils/nnet_dense_latency.h:58->firmware/nnet_utils/nnet_dense_stream.h:17]   --->   Operation 1386 'add' 'add_ln58_230' <Predicate = true> <Delay = 0.68> <CoreInst = "TAddSub">   --->   Core 10 'TAddSub' <Latency = 0> <II = 1> <Delay = 0.34> <IPBlock> <Opcode : '' 'add' 'sub'> <InPorts = 3> <OutPorts = 1> <Sync> <CReg>
ST_2 : Operation 1387 [1/1] (0.68ns) (root node of TernaryAdder)   --->   "%add_ln58_231 = add i16 %add_ln58_230, i16 %add_ln58_226" [firmware/nnet_utils/nnet_dense_latency.h:58->firmware/nnet_utils/nnet_dense_stream.h:17]   --->   Operation 1387 'add' 'add_ln58_231' <Predicate = true> <Delay = 0.68> <CoreInst = "TAddSub">   --->   Core 10 'TAddSub' <Latency = 0> <II = 1> <Delay = 0.34> <IPBlock> <Opcode : '' 'add' 'sub'> <InPorts = 3> <OutPorts = 1> <Sync> <CReg>
ST_2 : Operation 1388 [1/1] (0.00ns) (grouped into TernaryAdder)   --->   "%add_ln58_232 = add i16 %add_ln58_231, i16 %add_ln58_223" [firmware/nnet_utils/nnet_dense_latency.h:58->firmware/nnet_utils/nnet_dense_stream.h:17]   --->   Operation 1388 'add' 'add_ln58_232' <Predicate = true> <Delay = 0.00> <CoreInst = "TAddSub">   --->   Core 10 'TAddSub' <Latency = 0> <II = 1> <Delay = 0.34> <IPBlock> <Opcode : '' 'add' 'sub'> <InPorts = 3> <OutPorts = 1> <Sync> <CReg>
ST_2 : Operation 1389 [1/1] (0.00ns) (grouped into TernaryAdder)   --->   "%add_ln58_233 = add i16 %mult_262, i16 %sext_ln42_1" [firmware/nnet_utils/nnet_dense_latency.h:58->firmware/nnet_utils/nnet_dense_stream.h:17]   --->   Operation 1389 'add' 'add_ln58_233' <Predicate = true> <Delay = 0.00> <CoreInst = "TAddSub">   --->   Core 10 'TAddSub' <Latency = 0> <II = 1> <Delay = 0.34> <IPBlock> <Opcode : '' 'add' 'sub'> <InPorts = 3> <OutPorts = 1> <Sync> <CReg>
ST_2 : Operation 1390 [1/1] (0.68ns) (root node of TernaryAdder)   --->   "%add_ln58_235 = add i16 %add_ln58_234, i16 %add_ln58_233" [firmware/nnet_utils/nnet_dense_latency.h:58->firmware/nnet_utils/nnet_dense_stream.h:17]   --->   Operation 1390 'add' 'add_ln58_235' <Predicate = true> <Delay = 0.68> <CoreInst = "TAddSub">   --->   Core 10 'TAddSub' <Latency = 0> <II = 1> <Delay = 0.34> <IPBlock> <Opcode : '' 'add' 'sub'> <InPorts = 3> <OutPorts = 1> <Sync> <CReg>
ST_2 : Operation 1391 [1/1] (0.00ns) (grouped into TernaryAdder)   --->   "%add_ln58_236 = add i16 %sext_ln42_36, i16 %sext_ln42_47" [firmware/nnet_utils/nnet_dense_latency.h:58->firmware/nnet_utils/nnet_dense_stream.h:17]   --->   Operation 1391 'add' 'add_ln58_236' <Predicate = true> <Delay = 0.00> <CoreInst = "TAddSub">   --->   Core 10 'TAddSub' <Latency = 0> <II = 1> <Delay = 0.34> <IPBlock> <Opcode : '' 'add' 'sub'> <InPorts = 3> <OutPorts = 1> <Sync> <CReg>
ST_2 : Operation 1392 [1/1] (0.68ns) (root node of TernaryAdder)   --->   "%add_ln58_239 = add i16 %add_ln58_238, i16 %add_ln58_236" [firmware/nnet_utils/nnet_dense_latency.h:58->firmware/nnet_utils/nnet_dense_stream.h:17]   --->   Operation 1392 'add' 'add_ln58_239' <Predicate = true> <Delay = 0.68> <CoreInst = "TAddSub">   --->   Core 10 'TAddSub' <Latency = 0> <II = 1> <Delay = 0.34> <IPBlock> <Opcode : '' 'add' 'sub'> <InPorts = 3> <OutPorts = 1> <Sync> <CReg>
ST_2 : Operation 1393 [1/1] (0.00ns) (grouped into TernaryAdder)   --->   "%add_ln58_240 = add i16 %add_ln58_239, i16 %add_ln58_235" [firmware/nnet_utils/nnet_dense_latency.h:58->firmware/nnet_utils/nnet_dense_stream.h:17]   --->   Operation 1393 'add' 'add_ln58_240' <Predicate = true> <Delay = 0.00> <CoreInst = "TAddSub">   --->   Core 10 'TAddSub' <Latency = 0> <II = 1> <Delay = 0.34> <IPBlock> <Opcode : '' 'add' 'sub'> <InPorts = 3> <OutPorts = 1> <Sync> <CReg>
ST_2 : Operation 1394 [1/1] (0.00ns)   --->   "%sext_ln58_47 = sext i15 %add_ln58_242" [firmware/nnet_utils/nnet_dense_latency.h:58->firmware/nnet_utils/nnet_dense_stream.h:17]   --->   Operation 1394 'sext' 'sext_ln58_47' <Predicate = true> <Delay = 0.00>
ST_2 : Operation 1395 [1/1] (0.84ns)   --->   "%add_ln58_243 = add i16 %sext_ln58_47, i16 %sext_ln42_9" [firmware/nnet_utils/nnet_dense_latency.h:58->firmware/nnet_utils/nnet_dense_stream.h:17]   --->   Operation 1395 'add' 'add_ln58_243' <Predicate = true> <Delay = 0.84> <CoreInst = "Adder">   --->   Core 1 'Adder' <Latency = 0> <II = 1> <Delay = 0.84> <FuncUnit> <Opcode : 'add' 'sub'> <InPorts = 2> <OutPorts = 1>
ST_2 : Operation 1396 [1/1] (0.00ns) (grouped into TernaryAdder)   --->   "%add_ln58_244 = add i16 %add_ln58_243, i16 %add_ln58_241" [firmware/nnet_utils/nnet_dense_latency.h:58->firmware/nnet_utils/nnet_dense_stream.h:17]   --->   Operation 1396 'add' 'add_ln58_244' <Predicate = true> <Delay = 0.00> <CoreInst = "TAddSub">   --->   Core 10 'TAddSub' <Latency = 0> <II = 1> <Delay = 0.34> <IPBlock> <Opcode : '' 'add' 'sub'> <InPorts = 3> <OutPorts = 1> <Sync> <CReg>
ST_2 : Operation 1397 [1/1] (0.00ns)   --->   "%sext_ln58_48 = sext i15 %add_ln58_245" [firmware/nnet_utils/nnet_dense_latency.h:58->firmware/nnet_utils/nnet_dense_stream.h:17]   --->   Operation 1397 'sext' 'sext_ln58_48' <Predicate = true> <Delay = 0.00>
ST_2 : Operation 1398 [1/1] (0.00ns)   --->   "%sext_ln58_50 = sext i15 %add_ln58_247" [firmware/nnet_utils/nnet_dense_latency.h:58->firmware/nnet_utils/nnet_dense_stream.h:17]   --->   Operation 1398 'sext' 'sext_ln58_50' <Predicate = true> <Delay = 0.00>
ST_2 : Operation 1399 [1/1] (0.84ns)   --->   "%add_ln58_248 = add i16 %sext_ln58_50, i16 %sext_ln58_48" [firmware/nnet_utils/nnet_dense_latency.h:58->firmware/nnet_utils/nnet_dense_stream.h:17]   --->   Operation 1399 'add' 'add_ln58_248' <Predicate = true> <Delay = 0.84> <CoreInst = "Adder">   --->   Core 1 'Adder' <Latency = 0> <II = 1> <Delay = 0.84> <FuncUnit> <Opcode : 'add' 'sub'> <InPorts = 2> <OutPorts = 1>
ST_2 : Operation 1400 [1/1] (0.68ns) (root node of TernaryAdder)   --->   "%add_ln58_249 = add i16 %add_ln58_248, i16 %add_ln58_244" [firmware/nnet_utils/nnet_dense_latency.h:58->firmware/nnet_utils/nnet_dense_stream.h:17]   --->   Operation 1400 'add' 'add_ln58_249' <Predicate = true> <Delay = 0.68> <CoreInst = "TAddSub">   --->   Core 10 'TAddSub' <Latency = 0> <II = 1> <Delay = 0.34> <IPBlock> <Opcode : '' 'add' 'sub'> <InPorts = 3> <OutPorts = 1> <Sync> <CReg>
ST_2 : Operation 1401 [1/1] (0.68ns) (root node of TernaryAdder)   --->   "%add_ln58_250 = add i16 %add_ln58_249, i16 %add_ln58_240" [firmware/nnet_utils/nnet_dense_latency.h:58->firmware/nnet_utils/nnet_dense_stream.h:17]   --->   Operation 1401 'add' 'add_ln58_250' <Predicate = true> <Delay = 0.68> <CoreInst = "TAddSub">   --->   Core 10 'TAddSub' <Latency = 0> <II = 1> <Delay = 0.34> <IPBlock> <Opcode : '' 'add' 'sub'> <InPorts = 3> <OutPorts = 1> <Sync> <CReg>
ST_2 : Operation 1402 [1/1] (0.68ns) (root node of TernaryAdder)   --->   "%x_8 = add i16 %add_ln58_250, i16 %add_ln58_232" [firmware/nnet_utils/nnet_dense_latency.h:58->firmware/nnet_utils/nnet_dense_stream.h:17]   --->   Operation 1402 'add' 'x_8' <Predicate = true> <Delay = 0.68> <CoreInst = "TAddSub">   --->   Core 10 'TAddSub' <Latency = 0> <II = 1> <Delay = 0.34> <IPBlock> <Opcode : '' 'add' 'sub'> <InPorts = 3> <OutPorts = 1> <Sync> <CReg>
ST_2 : Operation 1403 [1/1] (0.00ns) (grouped into TernaryAdder)   --->   "%add_ln58_254 = add i16 %add_ln58_253, i16 %add_ln58_252" [firmware/nnet_utils/nnet_dense_latency.h:58->firmware/nnet_utils/nnet_dense_stream.h:17]   --->   Operation 1403 'add' 'add_ln58_254' <Predicate = true> <Delay = 0.00> <CoreInst = "TAddSub">   --->   Core 10 'TAddSub' <Latency = 0> <II = 1> <Delay = 0.34> <IPBlock> <Opcode : '' 'add' 'sub'> <InPorts = 3> <OutPorts = 1> <Sync> <CReg>
ST_2 : Operation 1404 [1/1] (0.00ns) (grouped into TernaryAdder)   --->   "%add_ln58_255 = add i16 %mult_127, i16 %mult_159" [firmware/nnet_utils/nnet_dense_latency.h:58->firmware/nnet_utils/nnet_dense_stream.h:17]   --->   Operation 1404 'add' 'add_ln58_255' <Predicate = true> <Delay = 0.00> <CoreInst = "TAddSub">   --->   Core 10 'TAddSub' <Latency = 0> <II = 1> <Delay = 0.34> <IPBlock> <Opcode : '' 'add' 'sub'> <InPorts = 3> <OutPorts = 1> <Sync> <CReg>
ST_2 : Operation 1405 [1/1] (0.68ns) (root node of TernaryAdder)   --->   "%add_ln58_258 = add i16 %add_ln58_257, i16 %add_ln58_255" [firmware/nnet_utils/nnet_dense_latency.h:58->firmware/nnet_utils/nnet_dense_stream.h:17]   --->   Operation 1405 'add' 'add_ln58_258' <Predicate = true> <Delay = 0.68> <CoreInst = "TAddSub">   --->   Core 10 'TAddSub' <Latency = 0> <II = 1> <Delay = 0.34> <IPBlock> <Opcode : '' 'add' 'sub'> <InPorts = 3> <OutPorts = 1> <Sync> <CReg>
ST_2 : Operation 1406 [1/1] (0.68ns) (root node of TernaryAdder)   --->   "%add_ln58_259 = add i16 %add_ln58_258, i16 %add_ln58_254" [firmware/nnet_utils/nnet_dense_latency.h:58->firmware/nnet_utils/nnet_dense_stream.h:17]   --->   Operation 1406 'add' 'add_ln58_259' <Predicate = true> <Delay = 0.68> <CoreInst = "TAddSub">   --->   Core 10 'TAddSub' <Latency = 0> <II = 1> <Delay = 0.34> <IPBlock> <Opcode : '' 'add' 'sub'> <InPorts = 3> <OutPorts = 1> <Sync> <CReg>
ST_2 : Operation 1407 [1/1] (0.00ns) (grouped into TernaryAdder)   --->   "%add_ln58_262 = add i16 %add_ln58_261, i16 %add_ln58_260" [firmware/nnet_utils/nnet_dense_latency.h:58->firmware/nnet_utils/nnet_dense_stream.h:17]   --->   Operation 1407 'add' 'add_ln58_262' <Predicate = true> <Delay = 0.00> <CoreInst = "TAddSub">   --->   Core 10 'TAddSub' <Latency = 0> <II = 1> <Delay = 0.34> <IPBlock> <Opcode : '' 'add' 'sub'> <InPorts = 3> <OutPorts = 1> <Sync> <CReg>
ST_2 : Operation 1408 [1/1] (0.00ns) (grouped into TernaryAdder)   --->   "%add_ln58_263 = add i16 %sext_ln42_43, i16 %sext_ln42_52" [firmware/nnet_utils/nnet_dense_latency.h:58->firmware/nnet_utils/nnet_dense_stream.h:17]   --->   Operation 1408 'add' 'add_ln58_263' <Predicate = true> <Delay = 0.00> <CoreInst = "TAddSub">   --->   Core 10 'TAddSub' <Latency = 0> <II = 1> <Delay = 0.34> <IPBlock> <Opcode : '' 'add' 'sub'> <InPorts = 3> <OutPorts = 1> <Sync> <CReg>
ST_2 : Operation 1409 [1/1] (0.68ns) (root node of TernaryAdder)   --->   "%add_ln58_266 = add i16 %add_ln58_265, i16 %add_ln58_263" [firmware/nnet_utils/nnet_dense_latency.h:58->firmware/nnet_utils/nnet_dense_stream.h:17]   --->   Operation 1409 'add' 'add_ln58_266' <Predicate = true> <Delay = 0.68> <CoreInst = "TAddSub">   --->   Core 10 'TAddSub' <Latency = 0> <II = 1> <Delay = 0.34> <IPBlock> <Opcode : '' 'add' 'sub'> <InPorts = 3> <OutPorts = 1> <Sync> <CReg>
ST_2 : Operation 1410 [1/1] (0.68ns) (root node of TernaryAdder)   --->   "%add_ln58_267 = add i16 %add_ln58_266, i16 %add_ln58_262" [firmware/nnet_utils/nnet_dense_latency.h:58->firmware/nnet_utils/nnet_dense_stream.h:17]   --->   Operation 1410 'add' 'add_ln58_267' <Predicate = true> <Delay = 0.68> <CoreInst = "TAddSub">   --->   Core 10 'TAddSub' <Latency = 0> <II = 1> <Delay = 0.34> <IPBlock> <Opcode : '' 'add' 'sub'> <InPorts = 3> <OutPorts = 1> <Sync> <CReg>
ST_2 : Operation 1411 [1/1] (0.00ns) (grouped into TernaryAdder)   --->   "%add_ln58_268 = add i16 %add_ln58_267, i16 %add_ln58_259" [firmware/nnet_utils/nnet_dense_latency.h:58->firmware/nnet_utils/nnet_dense_stream.h:17]   --->   Operation 1411 'add' 'add_ln58_268' <Predicate = true> <Delay = 0.00> <CoreInst = "TAddSub">   --->   Core 10 'TAddSub' <Latency = 0> <II = 1> <Delay = 0.34> <IPBlock> <Opcode : '' 'add' 'sub'> <InPorts = 3> <OutPorts = 1> <Sync> <CReg>
ST_2 : Operation 1412 [1/1] (0.00ns) (grouped into TernaryAdder)   --->   "%add_ln58_269 = add i16 %sext_ln42_67, i16 %sext_ln42_74" [firmware/nnet_utils/nnet_dense_latency.h:58->firmware/nnet_utils/nnet_dense_stream.h:17]   --->   Operation 1412 'add' 'add_ln58_269' <Predicate = true> <Delay = 0.00> <CoreInst = "TAddSub">   --->   Core 10 'TAddSub' <Latency = 0> <II = 1> <Delay = 0.34> <IPBlock> <Opcode : '' 'add' 'sub'> <InPorts = 3> <OutPorts = 1> <Sync> <CReg>
ST_2 : Operation 1413 [1/1] (0.68ns) (root node of TernaryAdder)   --->   "%add_ln58_271 = add i16 %add_ln58_270, i16 %add_ln58_269" [firmware/nnet_utils/nnet_dense_latency.h:58->firmware/nnet_utils/nnet_dense_stream.h:17]   --->   Operation 1413 'add' 'add_ln58_271' <Predicate = true> <Delay = 0.68> <CoreInst = "TAddSub">   --->   Core 10 'TAddSub' <Latency = 0> <II = 1> <Delay = 0.34> <IPBlock> <Opcode : '' 'add' 'sub'> <InPorts = 3> <OutPorts = 1> <Sync> <CReg>
ST_2 : Operation 1414 [1/1] (0.00ns) (grouped into TernaryAdder)   --->   "%add_ln58_272 = add i16 %sext_ln42_89, i16 %sext_ln42_93" [firmware/nnet_utils/nnet_dense_latency.h:58->firmware/nnet_utils/nnet_dense_stream.h:17]   --->   Operation 1414 'add' 'add_ln58_272' <Predicate = true> <Delay = 0.00> <CoreInst = "TAddSub">   --->   Core 10 'TAddSub' <Latency = 0> <II = 1> <Delay = 0.34> <IPBlock> <Opcode : '' 'add' 'sub'> <InPorts = 3> <OutPorts = 1> <Sync> <CReg>
ST_2 : Operation 1415 [1/1] (0.00ns)   --->   "%sext_ln58_51 = sext i15 %add_ln58_273" [firmware/nnet_utils/nnet_dense_latency.h:58->firmware/nnet_utils/nnet_dense_stream.h:17]   --->   Operation 1415 'sext' 'sext_ln58_51' <Predicate = true> <Delay = 0.00>
ST_2 : Operation 1416 [1/1] (0.84ns)   --->   "%add_ln58_274 = add i16 %sext_ln58_51, i16 %sext_ln42_103" [firmware/nnet_utils/nnet_dense_latency.h:58->firmware/nnet_utils/nnet_dense_stream.h:17]   --->   Operation 1416 'add' 'add_ln58_274' <Predicate = true> <Delay = 0.84> <CoreInst = "Adder">   --->   Core 1 'Adder' <Latency = 0> <II = 1> <Delay = 0.84> <FuncUnit> <Opcode : 'add' 'sub'> <InPorts = 2> <OutPorts = 1>
ST_2 : Operation 1417 [1/1] (0.68ns) (root node of TernaryAdder)   --->   "%add_ln58_275 = add i16 %add_ln58_274, i16 %add_ln58_272" [firmware/nnet_utils/nnet_dense_latency.h:58->firmware/nnet_utils/nnet_dense_stream.h:17]   --->   Operation 1417 'add' 'add_ln58_275' <Predicate = true> <Delay = 0.68> <CoreInst = "TAddSub">   --->   Core 10 'TAddSub' <Latency = 0> <II = 1> <Delay = 0.34> <IPBlock> <Opcode : '' 'add' 'sub'> <InPorts = 3> <OutPorts = 1> <Sync> <CReg>
ST_2 : Operation 1418 [1/1] (0.00ns) (grouped into TernaryAdder)   --->   "%add_ln58_276 = add i16 %add_ln58_275, i16 %add_ln58_271" [firmware/nnet_utils/nnet_dense_latency.h:58->firmware/nnet_utils/nnet_dense_stream.h:17]   --->   Operation 1418 'add' 'add_ln58_276' <Predicate = true> <Delay = 0.00> <CoreInst = "TAddSub">   --->   Core 10 'TAddSub' <Latency = 0> <II = 1> <Delay = 0.34> <IPBlock> <Opcode : '' 'add' 'sub'> <InPorts = 3> <OutPorts = 1> <Sync> <CReg>
ST_2 : Operation 1419 [1/1] (0.00ns)   --->   "%sext_ln58_52 = sext i15 %add_ln58_277" [firmware/nnet_utils/nnet_dense_latency.h:58->firmware/nnet_utils/nnet_dense_stream.h:17]   --->   Operation 1419 'sext' 'sext_ln58_52' <Predicate = true> <Delay = 0.00>
ST_2 : Operation 1420 [1/1] (0.00ns)   --->   "%sext_ln58_53 = sext i15 %add_ln58_278" [firmware/nnet_utils/nnet_dense_latency.h:58->firmware/nnet_utils/nnet_dense_stream.h:17]   --->   Operation 1420 'sext' 'sext_ln58_53' <Predicate = true> <Delay = 0.00>
ST_2 : Operation 1421 [1/1] (0.84ns)   --->   "%add_ln58_279 = add i16 %sext_ln58_53, i16 %sext_ln42_97" [firmware/nnet_utils/nnet_dense_latency.h:58->firmware/nnet_utils/nnet_dense_stream.h:17]   --->   Operation 1421 'add' 'add_ln58_279' <Predicate = true> <Delay = 0.84> <CoreInst = "Adder">   --->   Core 1 'Adder' <Latency = 0> <II = 1> <Delay = 0.84> <FuncUnit> <Opcode : 'add' 'sub'> <InPorts = 2> <OutPorts = 1>
ST_2 : Operation 1422 [1/1] (0.00ns) (grouped into TernaryAdder)   --->   "%add_ln58_280 = add i16 %add_ln58_279, i16 %sext_ln58_52" [firmware/nnet_utils/nnet_dense_latency.h:58->firmware/nnet_utils/nnet_dense_stream.h:17]   --->   Operation 1422 'add' 'add_ln58_280' <Predicate = true> <Delay = 0.00> <CoreInst = "TAddSub">   --->   Core 10 'TAddSub' <Latency = 0> <II = 1> <Delay = 0.34> <IPBlock> <Opcode : '' 'add' 'sub'> <InPorts = 3> <OutPorts = 1> <Sync> <CReg>
ST_2 : Operation 1423 [1/1] (0.00ns)   --->   "%sext_ln58_54 = sext i14 %add_ln58_281" [firmware/nnet_utils/nnet_dense_latency.h:58->firmware/nnet_utils/nnet_dense_stream.h:17]   --->   Operation 1423 'sext' 'sext_ln58_54' <Predicate = true> <Delay = 0.00>
ST_2 : Operation 1424 [1/1] (0.00ns)   --->   "%sext_ln58_56 = sext i14 %add_ln58_283" [firmware/nnet_utils/nnet_dense_latency.h:58->firmware/nnet_utils/nnet_dense_stream.h:17]   --->   Operation 1424 'sext' 'sext_ln58_56' <Predicate = true> <Delay = 0.00>
ST_2 : Operation 1425 [1/1] (0.83ns)   --->   "%add_ln58_284 = add i15 %sext_ln58_56, i15 %sext_ln58_54" [firmware/nnet_utils/nnet_dense_latency.h:58->firmware/nnet_utils/nnet_dense_stream.h:17]   --->   Operation 1425 'add' 'add_ln58_284' <Predicate = true> <Delay = 0.83> <CoreInst = "Adder">   --->   Core 1 'Adder' <Latency = 0> <II = 1> <Delay = 0.83> <FuncUnit> <Opcode : 'add' 'sub'> <InPorts = 2> <OutPorts = 1>
ST_2 : Operation 1426 [1/1] (0.00ns)   --->   "%sext_ln58_57 = sext i15 %add_ln58_284" [firmware/nnet_utils/nnet_dense_latency.h:58->firmware/nnet_utils/nnet_dense_stream.h:17]   --->   Operation 1426 'sext' 'sext_ln58_57' <Predicate = true> <Delay = 0.00>
ST_2 : Operation 1427 [1/1] (0.68ns) (root node of TernaryAdder)   --->   "%add_ln58_285 = add i16 %sext_ln58_57, i16 %add_ln58_280" [firmware/nnet_utils/nnet_dense_latency.h:58->firmware/nnet_utils/nnet_dense_stream.h:17]   --->   Operation 1427 'add' 'add_ln58_285' <Predicate = true> <Delay = 0.68> <CoreInst = "TAddSub">   --->   Core 10 'TAddSub' <Latency = 0> <II = 1> <Delay = 0.34> <IPBlock> <Opcode : '' 'add' 'sub'> <InPorts = 3> <OutPorts = 1> <Sync> <CReg>
ST_2 : Operation 1428 [1/1] (0.68ns) (root node of TernaryAdder)   --->   "%add_ln58_286 = add i16 %add_ln58_285, i16 %add_ln58_276" [firmware/nnet_utils/nnet_dense_latency.h:58->firmware/nnet_utils/nnet_dense_stream.h:17]   --->   Operation 1428 'add' 'add_ln58_286' <Predicate = true> <Delay = 0.68> <CoreInst = "TAddSub">   --->   Core 10 'TAddSub' <Latency = 0> <II = 1> <Delay = 0.34> <IPBlock> <Opcode : '' 'add' 'sub'> <InPorts = 3> <OutPorts = 1> <Sync> <CReg>
ST_2 : Operation 1429 [1/1] (0.68ns) (root node of TernaryAdder)   --->   "%x_9 = add i16 %add_ln58_286, i16 %add_ln58_268" [firmware/nnet_utils/nnet_dense_latency.h:58->firmware/nnet_utils/nnet_dense_stream.h:17]   --->   Operation 1429 'add' 'x_9' <Predicate = true> <Delay = 0.68> <CoreInst = "TAddSub">   --->   Core 10 'TAddSub' <Latency = 0> <II = 1> <Delay = 0.34> <IPBlock> <Opcode : '' 'add' 'sub'> <InPorts = 3> <OutPorts = 1> <Sync> <CReg>

State 3 <SV = 2> <Delay = 0.68>
ST_3 : Operation 1430 [1/1] (0.00ns)   --->   "%specpipeline_ln13 = specpipeline void @_ssdm_op_SpecPipeline, i32 1, i32 0, i32 0, i32 0, void @empty_3" [firmware/nnet_utils/nnet_dense_stream.h:13]   --->   Operation 1430 'specpipeline' 'specpipeline_ln13' <Predicate = true> <Delay = 0.00>
ST_3 : Operation 1431 [1/1] (0.00ns)   --->   "%specresourcelimit_ln33 = specresourcelimit void @_ssdm_op_SpecResourceLimit, i64 288, void @empty_5, void @empty_3, void @empty_3, void @empty_3" [firmware/nnet_utils/nnet_dense_latency.h:33->firmware/nnet_utils/nnet_dense_stream.h:17]   --->   Operation 1431 'specresourcelimit' 'specresourcelimit_ln33' <Predicate = true> <Delay = 0.00>
ST_3 : Operation 1432 [1/1] (0.00ns) (grouped into TernaryAdder)   --->   "%add_ln58_52 = add i16 %add_ln58_51, i16 %add_ln58_43" [firmware/nnet_utils/nnet_dense_latency.h:58->firmware/nnet_utils/nnet_dense_stream.h:17]   --->   Operation 1432 'add' 'add_ln58_52' <Predicate = true> <Delay = 0.00> <CoreInst = "TAddSub">   --->   Core 10 'TAddSub' <Latency = 0> <II = 1> <Delay = 0.34> <IPBlock> <Opcode : '' 'add' 'sub'> <InPorts = 3> <OutPorts = 1> <Sync> <CReg>
ST_3 : Operation 1433 [1/1] (0.68ns) (root node of TernaryAdder)   --->   "%x_3 = add i16 %add_ln58_70, i16 %add_ln58_52" [firmware/nnet_utils/nnet_dense_latency.h:58->firmware/nnet_utils/nnet_dense_stream.h:17]   --->   Operation 1433 'add' 'x_3' <Predicate = true> <Delay = 0.68> <CoreInst = "TAddSub">   --->   Core 10 'TAddSub' <Latency = 0> <II = 1> <Delay = 0.34> <IPBlock> <Opcode : '' 'add' 'sub'> <InPorts = 3> <OutPorts = 1> <Sync> <CReg>
ST_3 : Operation 1434 [1/1] (0.00ns) (grouped into TernaryAdder)   --->   "%add_ln58_88 = add i16 %add_ln58_87, i16 %add_ln58_79" [firmware/nnet_utils/nnet_dense_latency.h:58->firmware/nnet_utils/nnet_dense_stream.h:17]   --->   Operation 1434 'add' 'add_ln58_88' <Predicate = true> <Delay = 0.00> <CoreInst = "TAddSub">   --->   Core 10 'TAddSub' <Latency = 0> <II = 1> <Delay = 0.34> <IPBlock> <Opcode : '' 'add' 'sub'> <InPorts = 3> <OutPorts = 1> <Sync> <CReg>
ST_3 : Operation 1435 [1/1] (0.68ns) (root node of TernaryAdder)   --->   "%x_4 = add i16 %add_ln58_106, i16 %add_ln58_88" [firmware/nnet_utils/nnet_dense_latency.h:58->firmware/nnet_utils/nnet_dense_stream.h:17]   --->   Operation 1435 'add' 'x_4' <Predicate = true> <Delay = 0.68> <CoreInst = "TAddSub">   --->   Core 10 'TAddSub' <Latency = 0> <II = 1> <Delay = 0.34> <IPBlock> <Opcode : '' 'add' 'sub'> <InPorts = 3> <OutPorts = 1> <Sync> <CReg>
ST_3 : Operation 1436 [1/1] (0.00ns) (grouped into TernaryAdder)   --->   "%add_ln58_160 = add i16 %add_ln58_159, i16 %add_ln58_151" [firmware/nnet_utils/nnet_dense_latency.h:58->firmware/nnet_utils/nnet_dense_stream.h:17]   --->   Operation 1436 'add' 'add_ln58_160' <Predicate = true> <Delay = 0.00> <CoreInst = "TAddSub">   --->   Core 10 'TAddSub' <Latency = 0> <II = 1> <Delay = 0.34> <IPBlock> <Opcode : '' 'add' 'sub'> <InPorts = 3> <OutPorts = 1> <Sync> <CReg>
ST_3 : Operation 1437 [1/1] (0.68ns) (root node of TernaryAdder)   --->   "%x_6 = add i16 %add_ln58_178, i16 %add_ln58_160" [firmware/nnet_utils/nnet_dense_latency.h:58->firmware/nnet_utils/nnet_dense_stream.h:17]   --->   Operation 1437 'add' 'x_6' <Predicate = true> <Delay = 0.68> <CoreInst = "TAddSub">   --->   Core 10 'TAddSub' <Latency = 0> <II = 1> <Delay = 0.34> <IPBlock> <Opcode : '' 'add' 'sub'> <InPorts = 3> <OutPorts = 1> <Sync> <CReg>
ST_3 : Operation 1438 [1/1] (0.00ns)   --->   "%shl_ln = bitconcatenate i26 @_ssdm_op_BitConcatenate.i26.i16.i10, i16 %x, i10 0" [firmware/nnet_utils/nnet_mult.h:111->firmware/nnet_utils/nnet_dense_latency.h:66->firmware/nnet_utils/nnet_dense_stream.h:17]   --->   Operation 1438 'bitconcatenate' 'shl_ln' <Predicate = true> <Delay = 0.00>
ST_3 : Operation 1439 [1/1] (0.00ns)   --->   "%sext_ln110 = sext i26 %shl_ln" [firmware/nnet_utils/nnet_mult.h:110->firmware/nnet_utils/nnet_dense_latency.h:66->firmware/nnet_utils/nnet_dense_stream.h:17]   --->   Operation 1439 'sext' 'sext_ln110' <Predicate = true> <Delay = 0.00>
ST_3 : Operation 1440 [1/1] (0.00ns)   --->   "%shl_ln111_1 = bitconcatenate i26 @_ssdm_op_BitConcatenate.i26.i16.i10, i16 %x_3, i10 0" [firmware/nnet_utils/nnet_mult.h:111->firmware/nnet_utils/nnet_dense_latency.h:66->firmware/nnet_utils/nnet_dense_stream.h:17]   --->   Operation 1440 'bitconcatenate' 'shl_ln111_1' <Predicate = true> <Delay = 0.00>
ST_3 : Operation 1441 [1/1] (0.00ns)   --->   "%sext_ln110_1 = sext i26 %shl_ln111_1" [firmware/nnet_utils/nnet_mult.h:110->firmware/nnet_utils/nnet_dense_latency.h:66->firmware/nnet_utils/nnet_dense_stream.h:17]   --->   Operation 1441 'sext' 'sext_ln110_1' <Predicate = true> <Delay = 0.00>
ST_3 : Operation 1442 [1/1] (0.00ns)   --->   "%shl_ln111_2 = bitconcatenate i26 @_ssdm_op_BitConcatenate.i26.i16.i10, i16 %x_4, i10 0" [firmware/nnet_utils/nnet_mult.h:111->firmware/nnet_utils/nnet_dense_latency.h:66->firmware/nnet_utils/nnet_dense_stream.h:17]   --->   Operation 1442 'bitconcatenate' 'shl_ln111_2' <Predicate = true> <Delay = 0.00>
ST_3 : Operation 1443 [1/1] (0.00ns)   --->   "%sext_ln110_2 = sext i26 %shl_ln111_2" [firmware/nnet_utils/nnet_mult.h:110->firmware/nnet_utils/nnet_dense_latency.h:66->firmware/nnet_utils/nnet_dense_stream.h:17]   --->   Operation 1443 'sext' 'sext_ln110_2' <Predicate = true> <Delay = 0.00>
ST_3 : Operation 1444 [1/1] (0.00ns)   --->   "%shl_ln111_3 = bitconcatenate i26 @_ssdm_op_BitConcatenate.i26.i16.i10, i16 %x_5, i10 0" [firmware/nnet_utils/nnet_mult.h:111->firmware/nnet_utils/nnet_dense_latency.h:66->firmware/nnet_utils/nnet_dense_stream.h:17]   --->   Operation 1444 'bitconcatenate' 'shl_ln111_3' <Predicate = true> <Delay = 0.00>
ST_3 : Operation 1445 [1/1] (0.00ns)   --->   "%sext_ln110_3 = sext i26 %shl_ln111_3" [firmware/nnet_utils/nnet_mult.h:110->firmware/nnet_utils/nnet_dense_latency.h:66->firmware/nnet_utils/nnet_dense_stream.h:17]   --->   Operation 1445 'sext' 'sext_ln110_3' <Predicate = true> <Delay = 0.00>
ST_3 : Operation 1446 [1/1] (0.00ns)   --->   "%shl_ln111_4 = bitconcatenate i26 @_ssdm_op_BitConcatenate.i26.i16.i10, i16 %x_6, i10 0" [firmware/nnet_utils/nnet_mult.h:111->firmware/nnet_utils/nnet_dense_latency.h:66->firmware/nnet_utils/nnet_dense_stream.h:17]   --->   Operation 1446 'bitconcatenate' 'shl_ln111_4' <Predicate = true> <Delay = 0.00>
ST_3 : Operation 1447 [1/1] (0.00ns)   --->   "%sext_ln110_4 = sext i26 %shl_ln111_4" [firmware/nnet_utils/nnet_mult.h:110->firmware/nnet_utils/nnet_dense_latency.h:66->firmware/nnet_utils/nnet_dense_stream.h:17]   --->   Operation 1447 'sext' 'sext_ln110_4' <Predicate = true> <Delay = 0.00>
ST_3 : Operation 1448 [1/1] (0.00ns)   --->   "%shl_ln111_5 = bitconcatenate i26 @_ssdm_op_BitConcatenate.i26.i16.i10, i16 %x_7, i10 0" [firmware/nnet_utils/nnet_mult.h:111->firmware/nnet_utils/nnet_dense_latency.h:66->firmware/nnet_utils/nnet_dense_stream.h:17]   --->   Operation 1448 'bitconcatenate' 'shl_ln111_5' <Predicate = true> <Delay = 0.00>
ST_3 : Operation 1449 [1/1] (0.00ns)   --->   "%sext_ln110_5 = sext i26 %shl_ln111_5" [firmware/nnet_utils/nnet_mult.h:110->firmware/nnet_utils/nnet_dense_latency.h:66->firmware/nnet_utils/nnet_dense_stream.h:17]   --->   Operation 1449 'sext' 'sext_ln110_5' <Predicate = true> <Delay = 0.00>
ST_3 : Operation 1450 [1/1] (0.00ns)   --->   "%shl_ln111_6 = bitconcatenate i26 @_ssdm_op_BitConcatenate.i26.i16.i10, i16 %x_8, i10 0" [firmware/nnet_utils/nnet_mult.h:111->firmware/nnet_utils/nnet_dense_latency.h:66->firmware/nnet_utils/nnet_dense_stream.h:17]   --->   Operation 1450 'bitconcatenate' 'shl_ln111_6' <Predicate = true> <Delay = 0.00>
ST_3 : Operation 1451 [1/1] (0.00ns)   --->   "%sext_ln110_6 = sext i26 %shl_ln111_6" [firmware/nnet_utils/nnet_mult.h:110->firmware/nnet_utils/nnet_dense_latency.h:66->firmware/nnet_utils/nnet_dense_stream.h:17]   --->   Operation 1451 'sext' 'sext_ln110_6' <Predicate = true> <Delay = 0.00>
ST_3 : Operation 1452 [1/1] (0.00ns)   --->   "%shl_ln111_7 = bitconcatenate i26 @_ssdm_op_BitConcatenate.i26.i16.i10, i16 %x_9, i10 0" [firmware/nnet_utils/nnet_mult.h:111->firmware/nnet_utils/nnet_dense_latency.h:66->firmware/nnet_utils/nnet_dense_stream.h:17]   --->   Operation 1452 'bitconcatenate' 'shl_ln111_7' <Predicate = true> <Delay = 0.00>
ST_3 : Operation 1453 [1/1] (0.00ns)   --->   "%sext_ln18 = sext i26 %shl_ln111_7" [firmware/nnet_utils/nnet_dense_stream.h:18]   --->   Operation 1453 'sext' 'sext_ln18' <Predicate = true> <Delay = 0.00>
ST_3 : Operation 1454 [1/1] (0.00ns)   --->   "%mrv = insertvalue i312 <undef>, i39 %sext_ln110" [firmware/nnet_utils/nnet_dense_stream.h:18]   --->   Operation 1454 'insertvalue' 'mrv' <Predicate = true> <Delay = 0.00>
ST_3 : Operation 1455 [1/1] (0.00ns)   --->   "%mrv_1 = insertvalue i312 %mrv, i39 %sext_ln110_1" [firmware/nnet_utils/nnet_dense_stream.h:18]   --->   Operation 1455 'insertvalue' 'mrv_1' <Predicate = true> <Delay = 0.00>
ST_3 : Operation 1456 [1/1] (0.00ns)   --->   "%mrv_2 = insertvalue i312 %mrv_1, i39 %sext_ln110_2" [firmware/nnet_utils/nnet_dense_stream.h:18]   --->   Operation 1456 'insertvalue' 'mrv_2' <Predicate = true> <Delay = 0.00>
ST_3 : Operation 1457 [1/1] (0.00ns)   --->   "%mrv_3 = insertvalue i312 %mrv_2, i39 %sext_ln110_3" [firmware/nnet_utils/nnet_dense_stream.h:18]   --->   Operation 1457 'insertvalue' 'mrv_3' <Predicate = true> <Delay = 0.00>
ST_3 : Operation 1458 [1/1] (0.00ns)   --->   "%mrv_4 = insertvalue i312 %mrv_3, i39 %sext_ln110_4" [firmware/nnet_utils/nnet_dense_stream.h:18]   --->   Operation 1458 'insertvalue' 'mrv_4' <Predicate = true> <Delay = 0.00>
ST_3 : Operation 1459 [1/1] (0.00ns)   --->   "%mrv_5 = insertvalue i312 %mrv_4, i39 %sext_ln110_5" [firmware/nnet_utils/nnet_dense_stream.h:18]   --->   Operation 1459 'insertvalue' 'mrv_5' <Predicate = true> <Delay = 0.00>
ST_3 : Operation 1460 [1/1] (0.00ns)   --->   "%mrv_6 = insertvalue i312 %mrv_5, i39 %sext_ln110_6" [firmware/nnet_utils/nnet_dense_stream.h:18]   --->   Operation 1460 'insertvalue' 'mrv_6' <Predicate = true> <Delay = 0.00>
ST_3 : Operation 1461 [1/1] (0.00ns)   --->   "%mrv_7 = insertvalue i312 %mrv_6, i39 %sext_ln18" [firmware/nnet_utils/nnet_dense_stream.h:18]   --->   Operation 1461 'insertvalue' 'mrv_7' <Predicate = true> <Delay = 0.00>
ST_3 : Operation 1462 [1/1] (0.00ns)   --->   "%ret_ln18 = ret i312 %mrv_7" [firmware/nnet_utils/nnet_dense_stream.h:18]   --->   Operation 1462 'ret' 'ret_ln18' <Predicate = true> <Delay = 0.00>


============================================================
+ Verbose Summary: Timing violations
============================================================
Target clock period: 5.000ns, clock uncertainty: 1.350ns.

 <State 1>: 3.289ns
The critical path consists of the following:
	wire read operation ('data_23_val24_read', firmware/nnet_utils/nnet_mult.h:70->firmware/nnet_utils/nnet_dense_latency.h:42->firmware/nnet_utils/nnet_dense_stream.h:17) on port 'data_23_val24' (firmware/nnet_utils/nnet_mult.h:70->firmware/nnet_utils/nnet_dense_latency.h:42->firmware/nnet_utils/nnet_dense_stream.h:17) [51]  (0.000 ns)
	'sub' operation 20 bit ('sub_ln73_25', firmware/nnet_utils/nnet_mult.h:73->firmware/nnet_utils/nnet_dense_latency.h:42->firmware/nnet_utils/nnet_dense_stream.h:17) [757]  (0.884 ns)
	'add' operation 11 bit ('add_ln58_138', firmware/nnet_utils/nnet_dense_latency.h:58->firmware/nnet_utils/nnet_dense_stream.h:17) [1290]  (0.787 ns)
	'add' operation 12 bit ('add_ln58_139', firmware/nnet_utils/nnet_dense_latency.h:58->firmware/nnet_utils/nnet_dense_stream.h:17) [1292]  (0.798 ns)
	'add' operation 14 bit ('add_ln58_140', firmware/nnet_utils/nnet_dense_latency.h:58->firmware/nnet_utils/nnet_dense_stream.h:17) [1294]  (0.820 ns)

 <State 2>: 3.180ns
The critical path consists of the following:
	'add' operation 14 bit ('add_ln58_63', firmware/nnet_utils/nnet_dense_latency.h:58->firmware/nnet_utils/nnet_dense_stream.h:17) [1197]  (0.820 ns)
	'add' operation 15 bit ('add_ln58_64', firmware/nnet_utils/nnet_dense_latency.h:58->firmware/nnet_utils/nnet_dense_stream.h:17) [1199]  (0.831 ns)
	'add' operation 16 bit ('add_ln58_69', firmware/nnet_utils/nnet_dense_latency.h:58->firmware/nnet_utils/nnet_dense_stream.h:17) [1208]  (0.842 ns)
	'add' operation 16 bit ('add_ln58_70', firmware/nnet_utils/nnet_dense_latency.h:58->firmware/nnet_utils/nnet_dense_stream.h:17) [1209]  (0.687 ns)

 <State 3>: 0.687ns
The critical path consists of the following:
	'add' operation 16 bit ('add_ln58_52', firmware/nnet_utils/nnet_dense_latency.h:58->firmware/nnet_utils/nnet_dense_stream.h:17) [1182]  (0.000 ns)
	'add' operation 16 bit ('x', firmware/nnet_utils/nnet_dense_latency.h:58->firmware/nnet_utils/nnet_dense_stream.h:17) [1210]  (0.687 ns)


============================================================
+ Verbose Summary: Binding
============================================================
N/A
* FSMD analyzer results:
  - Output states:
 - Input state : 
  - Chain level:
	State 1
	State 2
	State 3


============================================================
+ Verbose Summary: Datapath Resource usage 
============================================================
N/A
