

================================================================
== Vitis HLS Report for 'init_exp_table_ap_ufixed_35_15_5_3_0_softmax_config9_s'
================================================================
* Date:           Mon Mar 23 21:38:17 2026

* Version:        2024.2 (Build 5238294 on Nov  8 2024)
* Project:        myproject_prj
* Solution:       solution1 (Vivado IP Flow Target)
* Product family: zynquplus
* Target device:  xczu7ev-ffvc1156-2-e


================================================================
== Performance Estimates
================================================================
+ Timing: 
    * Summary: 
    +--------+---------+----------+------------+
    |  Clock |  Target | Estimated| Uncertainty|
    +--------+---------+----------+------------+
    |ap_clk  |  5.00 ns|  3.644 ns|     1.35 ns|
    +--------+---------+----------+------------+

+ Latency: 
    * Summary: 
    +---------+---------+----------+----------+------+------+------------------------------------------------+
    |  Latency (cycles) |  Latency (absolute) |   Interval  |                    Pipeline                    |
    |   min   |   max   |    min   |    max   |  min |  max |                      Type                      |
    +---------+---------+----------+----------+------+------+------------------------------------------------+
    |     1045|     1045|  5.225 us|  5.225 us|  1025|  1025|  loop auto-rewind stp (delay=0 clock cycles(s))|
    +---------+---------+----------+----------+------+------+------------------------------------------------+

    + Detail: 
        * Instance: 
        N/A

        * Loop: 
        +--------------------+---------+---------+----------+-----------+-----------+------+----------+
        |                    |  Latency (cycles) | Iteration|  Initiation Interval  | Trip |          |
        |      Loop Name     |   min   |   max   |  Latency |  achieved |   target  | Count| Pipelined|
        +--------------------+---------+---------+----------+-----------+-----------+------+----------+
        |- VITIS_LOOP_151_1  |     1043|     1043|        21|          1|          1|  1024|       yes|
        +--------------------+---------+---------+----------+-----------+-----------+------+----------+



================================================================
== Utilization Estimates
================================================================
* Summary: 
+-----------------+---------+------+--------+--------+-----+
|       Name      | BRAM_18K|  DSP |   FF   |   LUT  | URAM|
+-----------------+---------+------+--------+--------+-----+
|DSP              |        -|     -|       -|       -|    -|
|Expression       |        -|     -|       0|    1903|    -|
|FIFO             |        -|     -|       -|       -|    -|
|Instance         |        -|     7|     381|    1086|    -|
|Memory           |        -|     -|       -|       -|    -|
|Multiplexer      |        -|     -|       0|      36|    -|
|Register         |        -|     -|     622|      96|    -|
+-----------------+---------+------+--------+--------+-----+
|Total            |        0|     7|    1003|    3121|    0|
+-----------------+---------+------+--------+--------+-----+
|Available        |      624|  1728|  460800|  230400|   96|
+-----------------+---------+------+--------+--------+-----+
|Utilization (%)  |        0|    ~0|      ~0|       1|    0|
+-----------------+---------+------+--------+--------+-----+

+ Detail: 
    * Instance: 
    +--------------------------------------+---------------------------------+---------+----+-----+-----+-----+
    |               Instance               |              Module             | BRAM_18K| DSP|  FF | LUT | URAM|
    +--------------------------------------+---------------------------------+---------+----+-----+-----+-----+
    |bitselect_1ns_35ns_32s_1_1_1_U439     |bitselect_1ns_35ns_32s_1_1_1     |        0|   0|    0|   17|    0|
    |bitselect_1ns_54ns_32ns_1_1_1_U440    |bitselect_1ns_54ns_32ns_1_1_1    |        0|   0|    0|   17|    0|
    |bitselect_1ns_54ns_32s_1_1_1_U441     |bitselect_1ns_54ns_32s_1_1_1     |        0|   0|    0|   17|    0|
    |ctlz_35_35_1_1_U438                   |ctlz_35_35_1_1                   |        0|   0|    0|   51|    0|
    |fexp_32ns_32ns_32_13_full_dsp_1_U437  |fexp_32ns_32ns_32_13_full_dsp_1  |        0|   7|  381|  939|    0|
    |fpext_32ns_64_2_no_dsp_1_U436         |fpext_32ns_64_2_no_dsp_1         |        0|   0|    0|    0|    0|
    |sparsemux_7_2_16_1_1_U446             |sparsemux_7_2_16_1_1             |        0|   0|    0|    9|    0|
    |sparsemux_7_2_18_1_1_U444             |sparsemux_7_2_18_1_1             |        0|   0|    0|    9|    0|
    |sparsemux_7_2_1_1_1_U442              |sparsemux_7_2_1_1_1              |        0|   0|    0|    9|    0|
    |sparsemux_7_2_1_1_1_U443              |sparsemux_7_2_1_1_1              |        0|   0|    0|    9|    0|
    |sparsemux_7_2_1_1_1_U445              |sparsemux_7_2_1_1_1              |        0|   0|    0|    9|    0|
    +--------------------------------------+---------------------------------+---------+----+-----+-----+-----+
    |Total                                 |                                 |        0|   7|  381| 1086|    0|
    +--------------------------------------+---------------------------------+---------+----+-----+-----+-----+

    * DSP: 
    N/A

    * Memory: 
    N/A

    * FIFO: 
    N/A

    * Expression: 
    +--------------------------------+----------+----+---+-----+------------+------------+
    |          Variable Name         | Operation| DSP| FF| LUT | Bitwidth P0| Bitwidth P1|
    +--------------------------------+----------+----+---+-----+------------+------------+
    |add_ln138_1_fu_241_p2           |         +|   0|  0|   13|           6|           6|
    |add_ln138_2_fu_345_p2           |         +|   0|  0|   43|          36|          36|
    |add_ln138_3_fu_390_p2           |         +|   0|  0|   15|           8|           8|
    |add_ln138_fu_263_p2             |         +|   0|  0|   13|           6|           6|
    |add_ln151_fu_205_p2             |         +|   0|  0|   18|          11|           1|
    |add_ln159_1_fu_551_p2           |         +|   0|  0|   18|          11|           5|
    |add_ln159_2_fu_727_p2           |         +|   0|  0|   25|          18|          18|
    |add_ln159_3_fu_581_p2           |         +|   0|  0|   19|          12|          12|
    |add_ln159_4_fu_603_p2           |         +|   0|  0|   19|          12|           4|
    |add_ln159_5_fu_613_p2           |         +|   0|  0|   19|          12|           4|
    |add_ln159_fu_511_p2             |         +|   0|  0|   19|          12|           5|
    |sub_ln138_1_fu_247_p2           |         -|   0|  0|   13|           5|           6|
    |sub_ln138_2_fu_381_p2           |         -|   0|  0|   13|           4|           6|
    |sub_ln138_fu_235_p2             |         -|   0|  0|   13|           6|           6|
    |sub_ln159_1_fu_495_p2           |         -|   0|  0|   19|          11|          12|
    |sub_ln159_2_fu_521_p2           |         -|   0|  0|   18|           4|          11|
    |sub_ln159_fu_482_p2             |         -|   0|  0|   61|           1|          54|
    |pi_assign_fu_400_p5             |      1003|   0|  0|    2|          64|           9|
    |Range1_all_ones_2_i_fu_894_p2   |       and|   0|  0|    2|           1|           1|
    |Range1_all_zeros_2_i_fu_913_p2  |       and|   0|  0|    2|           1|           1|
    |and_ln159_10_fu_757_p2          |       and|   0|  0|    2|           1|           1|
    |and_ln159_11_fu_880_p2          |       and|   0|  0|    2|           1|           1|
    |and_ln159_12_fu_1018_p2         |       and|   0|  0|    2|           1|           1|
    |and_ln159_13_fu_1056_p2         |       and|   0|  0|    2|           1|           1|
    |and_ln159_14_fu_1115_p2         |       and|   0|  0|    2|           1|           1|
    |and_ln159_15_fu_1121_p2         |       and|   0|  0|    2|           1|           1|
    |and_ln159_1_fu_825_p2           |       and|   0|  0|    2|           1|           1|
    |and_ln159_4_fu_986_p2           |       and|   0|  0|    2|           1|           1|
    |and_ln159_5_fu_997_p2           |       and|   0|  0|    2|           1|           1|
    |and_ln159_6_fu_1072_p2          |       and|   0|  0|    2|           1|           1|
    |and_ln159_7_fu_1078_p2          |       and|   0|  0|    2|           1|           1|
    |and_ln159_8_fu_1090_p2          |       and|   0|  0|    2|           1|           1|
    |and_ln159_9_fu_752_p2           |       and|   0|  0|    2|           1|           1|
    |carry_1_i_fu_763_p2             |       and|   0|  0|    2|           1|           1|
    |lD_0_i_fu_647_p2                |       and|   0|  0|    2|           1|           1|
    |neg_src_0_i_fu_1030_p2          |       and|   0|  0|    2|           1|           1|
    |phi_ln138_1_fu_293_p2           |       and|   0|  0|    2|           1|           1|
    |ashr_ln159_fu_672_p2            |      ashr|   0|  0|  159|          54|          54|
    |icmp_ln138_1_fu_299_p2          |      icmp|   0|  0|   13|           6|           1|
    |icmp_ln138_fu_258_p2            |      icmp|   0|  0|   42|          35|           1|
    |icmp_ln151_fu_199_p2            |      icmp|   0|  0|   19|          11|          12|
    |icmp_ln159_10_fu_779_p2         |      icmp|   0|  0|   19|          12|           6|
    |icmp_ln159_11_fu_798_p2         |      icmp|   0|  0|   61|          54|          54|
    |icmp_ln159_12_fu_841_p2         |      icmp|   0|  0|   61|          54|           1|
    |icmp_ln159_13_fu_853_p2         |      icmp|   0|  0|   19|          12|           6|
    |icmp_ln159_14_fu_858_p2         |      icmp|   0|  0|   61|          54|           1|
    |icmp_ln159_1_fu_505_p2          |      icmp|   0|  0|   19|          12|           4|
    |icmp_ln159_2_fu_535_p2          |      icmp|   0|  0|   19|          12|           4|
    |icmp_ln159_3_fu_657_p2          |      icmp|   0|  0|   18|          11|           6|
    |icmp_ln159_4_fu_545_p2          |      icmp|   0|  0|   19|          12|           6|
    |icmp_ln159_5_fu_689_p2          |      icmp|   0|  0|   18|          11|           5|
    |icmp_ln159_6_fu_597_p2          |      icmp|   0|  0|   16|           9|           1|
    |icmp_ln159_7_fu_619_p2          |      icmp|   0|  0|   19|          12|           6|
    |icmp_ln159_8_fu_633_p2          |      icmp|   0|  0|   19|          12|           6|
    |icmp_ln159_9_fu_774_p2          |      icmp|   0|  0|   19|          12|           6|
    |icmp_ln159_fu_462_p2            |      icmp|   0|  0|   70|          63|           1|
    |lshr_ln138_fu_312_p2            |      lshr|   0|  0|  113|          35|          35|
    |lshr_ln159_1_fu_792_p2          |      lshr|   0|  0|  159|           2|          54|
    |lshr_ln159_fu_787_p2            |      lshr|   0|  0|  159|          54|          54|
    |Range1_all_zeros_2_i_fu_913_p6  |        or|   0|  0|    2|           1|           1|
    |deleted_ones_0_i_fu_1012_p2     |        or|   0|  0|    2|           1|           1|
    |or_ln159_1_fu_982_p2            |        or|   0|  0|    2|           1|           1|
    |or_ln159_2_fu_1061_p2           |        or|   0|  0|    2|           1|           1|
    |or_ln159_3_fu_1096_p2           |        or|   0|  0|    2|           1|           1|
    |or_ln159_5_fu_875_p2            |        or|   0|  0|    2|           1|           1|
    |Range2_all_ones_1_i_fu_817_p3   |    select|   0|  0|    2|           1|           1|
    |cond193_i_fu_991_p3             |    select|   0|  0|    2|           1|           1|
    |cond42_i_i_i_in_fu_329_p3       |    select|   0|  0|   33|           1|          35|
    |cond64_i_fu_710_p3              |    select|   0|  0|    2|           1|           1|
    |exp_x_fu_1133_p4                |    select|   0|  0|    2|           1|           2|
    |select_ln138_fu_373_p3          |    select|   0|  0|    7|           1|           7|
    |select_ln159_1_fu_527_p3        |    select|   0|  0|   10|           1|          11|
    |select_ln159_2_fu_681_p3        |    select|   0|  0|   17|           1|          18|
    |select_ln159_3_fu_702_p3        |    select|   0|  0|   17|           1|          18|
    |select_ln159_4_fu_977_p3        |    select|   0|  0|    2|           1|           1|
    |select_ln159_5_fu_662_p3        |    select|   0|  0|    2|           1|           2|
    |select_ln159_fu_488_p3          |    select|   0|  0|   52|           1|          54|
    |x_2_fu_427_p3                   |    select|   0|  0|   32|           1|          33|
    |shl_ln138_fu_324_p2             |       shl|   0|  0|  113|          35|          35|
    |shl_ln159_fu_697_p2             |       shl|   0|  0|   51|          18|          18|
    |ap_enable_pp0                   |       xor|   0|  0|    2|           1|           2|
    |neg_src_0_i_fu_1030_p4          |       xor|   0|  0|    2|           2|           1|
    |not_icmp_ln159_749_fu_1007_p2   |       xor|   0|  0|    2|           1|           2|
    |xor_ln138_fu_280_p2             |       xor|   0|  0|    2|           1|           2|
    |xor_ln159_10_fu_811_p2          |       xor|   0|  0|    2|           1|           2|
    |xor_ln159_11_fu_869_p2          |       xor|   0|  0|    2|           1|           2|
    |xor_ln159_1_fu_836_p2           |       xor|   0|  0|    2|           1|           2|
    |xor_ln159_2_fu_747_p2           |       xor|   0|  0|    2|           1|           2|
    |xor_ln159_5_fu_1050_p2          |       xor|   0|  0|    2|           1|           2|
    |xor_ln159_6_fu_1067_p2          |       xor|   0|  0|    2|           1|           2|
    |xor_ln159_7_fu_1084_p2          |       xor|   0|  0|    2|           2|           1|
    |xor_ln159_8_fu_1110_p2          |       xor|   0|  0|    2|           1|           2|
    |xor_ln159_9_fu_769_p2           |       xor|   0|  0|    2|           1|           2|
    |xor_ln159_fu_741_p2             |       xor|   0|  0|    2|           1|           2|
    +--------------------------------+----------+----+---+-----+------------+------------+
    |Total                           |          |   0|  0| 1903|         895|         821|
    +--------------------------------+----------+----+---+-----+------------+------------+

    * Multiplexer: 
    +-------------------------+----+-----------+-----+-----------+
    |           Name          | LUT| Input Size| Bits| Total Bits|
    +-------------------------+----+-----------+-----+-----------+
    |ap_done_int              |   9|          2|    1|          2|
    |ap_enable_reg_pp0_iter1  |   9|          2|    1|          2|
    |ap_sig_allocacmp_i_1     |   9|          2|   11|         22|
    |i_fu_166                 |   9|          2|   11|         22|
    +-------------------------+----+-----------+-----+-----------+
    |Total                    |  36|          8|   24|         48|
    +-------------------------+----+-----------+-----+-----------+

    * Register: 
    +---------------------------------------+----+----+-----+-----------+
    |                  Name                 | FF | LUT| Bits| Const Bits|
    +---------------------------------------+----+----+-----+-----------+
    |Range1_all_ones_2_i_reg_1357           |   1|   0|    1|          0|
    |Range1_all_zeros_2_i_reg_1364          |   1|   0|    1|          0|
    |Range2_all_ones_1_i_reg_1347           |   1|   0|    1|          0|
    |add_ln138_1_reg_1188                   |   6|   0|    6|          0|
    |add_ln159_2_reg_1330                   |  18|   0|   18|          0|
    |add_ln159_5_reg_1291                   |  12|   0|   12|          0|
    |and_ln159_9_reg_1335                   |   1|   0|    1|          0|
    |ap_CS_fsm                              |   1|   0|    1|          0|
    |ap_done_reg                            |   1|   0|    1|          0|
    |ap_enable_reg_pp0_iter1                |   1|   0|    1|          0|
    |ap_enable_reg_pp0_iter10               |   1|   0|    1|          0|
    |ap_enable_reg_pp0_iter11               |   1|   0|    1|          0|
    |ap_enable_reg_pp0_iter12               |   1|   0|    1|          0|
    |ap_enable_reg_pp0_iter13               |   1|   0|    1|          0|
    |ap_enable_reg_pp0_iter14               |   1|   0|    1|          0|
    |ap_enable_reg_pp0_iter15               |   1|   0|    1|          0|
    |ap_enable_reg_pp0_iter16               |   1|   0|    1|          0|
    |ap_enable_reg_pp0_iter17               |   1|   0|    1|          0|
    |ap_enable_reg_pp0_iter18               |   1|   0|    1|          0|
    |ap_enable_reg_pp0_iter19               |   1|   0|    1|          0|
    |ap_enable_reg_pp0_iter2                |   1|   0|    1|          0|
    |ap_enable_reg_pp0_iter20               |   1|   0|    1|          0|
    |ap_enable_reg_pp0_iter3                |   1|   0|    1|          0|
    |ap_enable_reg_pp0_iter4                |   1|   0|    1|          0|
    |ap_enable_reg_pp0_iter5                |   1|   0|    1|          0|
    |ap_enable_reg_pp0_iter6                |   1|   0|    1|          0|
    |ap_enable_reg_pp0_iter7                |   1|   0|    1|          0|
    |ap_enable_reg_pp0_iter8                |   1|   0|    1|          0|
    |ap_enable_reg_pp0_iter9                |   1|   0|    1|          0|
    |ap_loop_exit_ready_pp0_iter10_reg      |   1|   0|    1|          0|
    |ap_loop_exit_ready_pp0_iter11_reg      |   1|   0|    1|          0|
    |ap_loop_exit_ready_pp0_iter12_reg      |   1|   0|    1|          0|
    |ap_loop_exit_ready_pp0_iter13_reg      |   1|   0|    1|          0|
    |ap_loop_exit_ready_pp0_iter14_reg      |   1|   0|    1|          0|
    |ap_loop_exit_ready_pp0_iter15_reg      |   1|   0|    1|          0|
    |ap_loop_exit_ready_pp0_iter16_reg      |   1|   0|    1|          0|
    |ap_loop_exit_ready_pp0_iter17_reg      |   1|   0|    1|          0|
    |ap_loop_exit_ready_pp0_iter18_reg      |   1|   0|    1|          0|
    |ap_loop_exit_ready_pp0_iter19_reg      |   1|   0|    1|          0|
    |ap_loop_exit_ready_pp0_iter1_reg       |   1|   0|    1|          0|
    |ap_loop_exit_ready_pp0_iter2_reg       |   1|   0|    1|          0|
    |ap_loop_exit_ready_pp0_iter3_reg       |   1|   0|    1|          0|
    |ap_loop_exit_ready_pp0_iter4_reg       |   1|   0|    1|          0|
    |ap_loop_exit_ready_pp0_iter5_reg       |   1|   0|    1|          0|
    |ap_loop_exit_ready_pp0_iter6_reg       |   1|   0|    1|          0|
    |ap_loop_exit_ready_pp0_iter7_reg       |   1|   0|    1|          0|
    |ap_loop_exit_ready_pp0_iter8_reg       |   1|   0|    1|          0|
    |ap_loop_exit_ready_pp0_iter9_reg       |   1|   0|    1|          0|
    |carry_1_i_reg_1340                     |   1|   0|    1|          0|
    |i_1_reg_1161                           |  11|   0|   11|          0|
    |i_fu_166                               |  11|   0|   11|          0|
    |icmp_ln138_reg_1198                    |   1|   0|    1|          0|
    |icmp_ln159_1_reg_1251                  |   1|   0|    1|          0|
    |icmp_ln159_2_reg_1264                  |   1|   0|    1|          0|
    |icmp_ln159_2_reg_1264_pp0_iter19_reg   |   1|   0|    1|          0|
    |icmp_ln159_4_reg_1276                  |   1|   0|    1|          0|
    |icmp_ln159_6_reg_1286                  |   1|   0|    1|          0|
    |icmp_ln159_6_reg_1286_pp0_iter19_reg   |   1|   0|    1|          0|
    |icmp_ln159_7_reg_1299                  |   1|   0|    1|          0|
    |icmp_ln159_7_reg_1299_pp0_iter19_reg   |   1|   0|    1|          0|
    |icmp_ln159_reg_1238                    |   1|   0|    1|          0|
    |lD_0_i_reg_1313                        |   1|   0|    1|          0|
    |select_ln159_1_reg_1256                |  11|   0|   11|          0|
    |select_ln159_3_reg_1325                |  18|   0|   18|          0|
    |select_ln159_reg_1244                  |  54|   0|   54|          0|
    |sub_ln138_1_reg_1193                   |   6|   0|    6|          0|
    |sub_ln138_reg_1183                     |   6|   0|    6|          0|
    |tmp_12_reg_1306                        |   1|   0|    1|          0|
    |tmp_12_reg_1306_pp0_iter19_reg         |   1|   0|    1|          0|
    |tmp_4_reg_1213                         |  32|   0|   32|          0|
    |tmp_5_reg_1218                         |   1|   0|    1|          0|
    |tmp_6_reg_1228                         |  11|   0|   11|          0|
    |tmp_7_reg_1281                         |   1|   0|    1|          0|
    |trunc_ln138_reg_1178                   |   6|   0|    6|          0|
    |trunc_ln157_reg_1203                   |  31|   0|   31|          0|
    |trunc_ln159_1_reg_1233                 |  52|   0|   52|          0|
    |trunc_ln159_4_reg_1270                 |  18|   0|   18|          0|
    |trunc_ln159_4_reg_1270_pp0_iter19_reg  |  18|   0|   18|          0|
    |trunc_ln159_8_reg_1320                 |   6|   0|    6|          0|
    |x_2_reg_1208                           |  31|   0|   32|          1|
    |x_reg_1170                             |  10|   0|   35|         25|
    |xor_ln159_1_reg_1352                   |   1|   0|    1|          0|
    |i_1_reg_1161                           |  64|  32|   11|          0|
    |icmp_ln159_reg_1238                    |  64|  32|    1|          0|
    |tmp_5_reg_1218                         |  64|  32|    1|          0|
    +---------------------------------------+----+----+-----+-----------+
    |Total                                  | 622|  96|  469|         26|
    +---------------------------------------+----+----+-----+-----------+



================================================================
== Interface
================================================================
* Summary: 
+--------------------+-----+-----+------------+-------------------------------------------------------------+--------------+
|      RTL Ports     | Dir | Bits|  Protocol  |                        Source Object                        |    C Type    |
+--------------------+-----+-----+------------+-------------------------------------------------------------+--------------+
|ap_clk              |   in|    1|  ap_ctrl_hs|  init_exp_table<ap_ufixed<35, 15, 5, 3, 0>, softmax_config9>|  return value|
|ap_rst              |   in|    1|  ap_ctrl_hs|  init_exp_table<ap_ufixed<35, 15, 5, 3, 0>, softmax_config9>|  return value|
|ap_start            |   in|    1|  ap_ctrl_hs|  init_exp_table<ap_ufixed<35, 15, 5, 3, 0>, softmax_config9>|  return value|
|ap_done             |  out|    1|  ap_ctrl_hs|  init_exp_table<ap_ufixed<35, 15, 5, 3, 0>, softmax_config9>|  return value|
|ap_idle             |  out|    1|  ap_ctrl_hs|  init_exp_table<ap_ufixed<35, 15, 5, 3, 0>, softmax_config9>|  return value|
|ap_ready            |  out|    1|  ap_ctrl_hs|  init_exp_table<ap_ufixed<35, 15, 5, 3, 0>, softmax_config9>|  return value|
|table_out_address0  |  out|   10|   ap_memory|                                                    table_out|         array|
|table_out_ce0       |  out|    1|   ap_memory|                                                    table_out|         array|
|table_out_we0       |  out|    1|   ap_memory|                                                    table_out|         array|
|table_out_d0        |  out|   16|   ap_memory|                                                    table_out|         array|
+--------------------+-----+-----+------------+-------------------------------------------------------------+--------------+

============================================================
+ Verbose Summary: Synthesis Manager
============================================================
InlineROM: 1
ExposeGlobal: 0
============================================================
+ Verbose Summary: CDFG Model
============================================================
IsTopModel: 0
ResetActiveHigh: 1
IsCombinational: 2
IsDatapathOnly: 2
HasWiredReturn: 1
HasMFsm: 2
HasVarLatency: 1
IsPipeline: 0
IsRtlPipelined: 0
IsInstanceOverlapped: 0
IsDontTouch: 0
HasImplIP: 0
IsGatedGlobalClock: 0

+ Individual pipeline summary: 
  * Pipeline-0: initiation interval (II) = 1, depth = 21


============================================================
+ Verbose Summary: Schedule
============================================================
* Number of FSM states : 21
* Pipeline : 1
  Pipeline-0 : II = 1, D = 21, States = { 1 2 3 4 5 6 7 8 9 10 11 12 13 14 15 16 17 18 19 20 21 }
* Dataflow Pipeline: 0

* FSM state transitions: 
1 --> 2 
2 --> 3 
3 --> 4 
4 --> 5 
5 --> 6 
6 --> 7 
7 --> 8 
8 --> 9 
9 --> 10 
10 --> 11 
11 --> 12 
12 --> 13 
13 --> 14 
14 --> 15 
15 --> 16 
16 --> 17 
17 --> 18 
18 --> 19 
19 --> 20 
20 --> 21 
21 --> 

* FSM state operations: 

State 1 <SV = 0> <Delay = 2.60>
ST_1 : Operation 24 [1/1] (0.00ns)   --->   "%i = alloca i32 1" [firmware/nnet_utils/nnet_activation.h:151]   --->   Operation 24 'alloca' 'i' <Predicate = true> <Delay = 0.00>
ST_1 : Operation 25 [1/1] (0.42ns)   --->   "%store_ln151 = store i11 0, i11 %i" [firmware/nnet_utils/nnet_activation.h:151]   --->   Operation 25 'store' 'store_ln151' <Predicate = true> <Delay = 0.42>
ST_1 : Operation 26 [1/1] (0.00ns)   --->   "%br_ln151 = br void %for.body" [firmware/nnet_utils/nnet_activation.h:151]   --->   Operation 26 'br' 'br_ln151' <Predicate = true> <Delay = 0.00>
ST_1 : Operation 27 [1/1] (0.00ns)   --->   "%i_1 = load i11 %i" [firmware/nnet_utils/nnet_activation.h:137->firmware/nnet_utils/nnet_activation.h:153]   --->   Operation 27 'load' 'i_1' <Predicate = true> <Delay = 0.00>
ST_1 : Operation 28 [1/1] (0.79ns)   --->   "%icmp_ln151 = icmp_eq  i11 %i_1, i11 1024" [firmware/nnet_utils/nnet_activation.h:151]   --->   Operation 28 'icmp' 'icmp_ln151' <Predicate = true> <Delay = 0.79> <CoreInst = "Cmp">   --->   Core 9 'Cmp' <Latency = 0> <II = 1> <Delay = 0.80> <FuncUnit> <Opcode : 'seteq' 'setne' 'setle' 'setge' 'setlt' 'setgt'> <InPorts = 2> <OutPorts = 1>
ST_1 : Operation 29 [1/1] (0.79ns)   --->   "%add_ln151 = add i11 %i_1, i11 1" [firmware/nnet_utils/nnet_activation.h:151]   --->   Operation 29 'add' 'add_ln151' <Predicate = true> <Delay = 0.79> <CoreInst = "Adder">   --->   Core 1 'Adder' <Latency = 0> <II = 1> <Delay = 0.79> <FuncUnit> <Opcode : 'add' 'sub'> <InPorts = 2> <OutPorts = 1>
ST_1 : Operation 30 [1/1] (0.00ns)   --->   "%br_ln151 = br i1 %icmp_ln151, void %for.body.split_ifconv, void %for.end" [firmware/nnet_utils/nnet_activation.h:151]   --->   Operation 30 'br' 'br_ln151' <Predicate = true> <Delay = 0.00>
ST_1 : Operation 31 [1/1] (0.00ns)   --->   "%trunc_ln137 = trunc i11 %i_1" [firmware/nnet_utils/nnet_activation.h:137->firmware/nnet_utils/nnet_activation.h:153]   --->   Operation 31 'trunc' 'trunc_ln137' <Predicate = (!icmp_ln151)> <Delay = 0.00>
ST_1 : Operation 32 [1/1] (0.00ns)   --->   "%x = bitconcatenate i35 @_ssdm_op_BitConcatenate.i35.i10.i25, i10 %trunc_ln137, i25 0" [firmware/nnet_utils/nnet_activation.h:137->firmware/nnet_utils/nnet_activation.h:153]   --->   Operation 32 'bitconcatenate' 'x' <Predicate = (!icmp_ln151)> <Delay = 0.00>
ST_1 : Operation 33 [1/1] (0.61ns)   --->   "%tmp = ctlz i35 @llvm.ctlz.i35, i35 %x, i1 0" [firmware/nnet_utils/nnet_activation.h:138->firmware/nnet_utils/nnet_activation.h:153]   --->   Operation 33 'ctlz' 'tmp' <Predicate = (!icmp_ln151)> <Delay = 0.61> <CoreInst = "ctlz">   --->   Core 145 'ctlz' <Latency = 0> <II = 1> <Delay = 0.61> <FuncUnit> <Opcode : 'ctlz'> <InPorts = 1> <OutPorts = 1>
ST_1 : Operation 34 [1/1] (0.00ns)   --->   "%trunc_ln138 = trunc i35 %tmp" [firmware/nnet_utils/nnet_activation.h:138->firmware/nnet_utils/nnet_activation.h:153]   --->   Operation 34 'trunc' 'trunc_ln138' <Predicate = (!icmp_ln151)> <Delay = 0.00>
ST_1 : Operation 35 [1/1] (0.78ns)   --->   "%sub_ln138 = sub i6 35, i6 %trunc_ln138" [firmware/nnet_utils/nnet_activation.h:138->firmware/nnet_utils/nnet_activation.h:153]   --->   Operation 35 'sub' 'sub_ln138' <Predicate = (!icmp_ln151)> <Delay = 0.78> <CoreInst = "Adder">   --->   Core 1 'Adder' <Latency = 0> <II = 1> <Delay = 0.78> <FuncUnit> <Opcode : 'add' 'sub'> <InPorts = 2> <OutPorts = 1>
ST_1 : Operation 36 [1/1] (0.78ns)   --->   "%add_ln138_1 = add i6 %sub_ln138, i6 39" [firmware/nnet_utils/nnet_activation.h:138->firmware/nnet_utils/nnet_activation.h:153]   --->   Operation 36 'add' 'add_ln138_1' <Predicate = (!icmp_ln151)> <Delay = 0.78> <CoreInst = "Adder">   --->   Core 1 'Adder' <Latency = 0> <II = 1> <Delay = 0.78> <FuncUnit> <Opcode : 'add' 'sub'> <InPorts = 2> <OutPorts = 1>
ST_1 : Operation 37 [1/1] (0.78ns)   --->   "%sub_ln138_1 = sub i6 25, i6 %sub_ln138" [firmware/nnet_utils/nnet_activation.h:138->firmware/nnet_utils/nnet_activation.h:153]   --->   Operation 37 'sub' 'sub_ln138_1' <Predicate = (!icmp_ln151)> <Delay = 0.78> <CoreInst = "Adder">   --->   Core 1 'Adder' <Latency = 0> <II = 1> <Delay = 0.78> <FuncUnit> <Opcode : 'add' 'sub'> <InPorts = 2> <OutPorts = 1>
ST_1 : Operation 38 [1/1] (0.42ns)   --->   "%store_ln151 = store i11 %add_ln151, i11 %i" [firmware/nnet_utils/nnet_activation.h:151]   --->   Operation 38 'store' 'store_ln151' <Predicate = (!icmp_ln151)> <Delay = 0.42>

State 2 <SV = 1> <Delay = 3.34>
ST_2 : Operation 39 [1/1] (1.02ns)   --->   "%icmp_ln138 = icmp_eq  i35 %x, i35 0" [firmware/nnet_utils/nnet_activation.h:138->firmware/nnet_utils/nnet_activation.h:153]   --->   Operation 39 'icmp' 'icmp_ln138' <Predicate = true> <Delay = 1.02> <CoreInst = "Cmp">   --->   Core 9 'Cmp' <Latency = 0> <II = 1> <Delay = 1.02> <FuncUnit> <Opcode : 'seteq' 'setne' 'setle' 'setge' 'setlt' 'setgt'> <InPorts = 2> <OutPorts = 1>
ST_2 : Operation 40 [1/1] (0.78ns)   --->   "%add_ln138 = add i6 %sub_ln138, i6 40" [firmware/nnet_utils/nnet_activation.h:138->firmware/nnet_utils/nnet_activation.h:153]   --->   Operation 40 'add' 'add_ln138' <Predicate = true> <Delay = 0.78> <CoreInst = "Adder">   --->   Core 1 'Adder' <Latency = 0> <II = 1> <Delay = 0.78> <FuncUnit> <Opcode : 'add' 'sub'> <InPorts = 2> <OutPorts = 1>
ST_2 : Operation 41 [1/1] (0.00ns)   --->   "%sext_ln138 = sext i6 %add_ln138" [firmware/nnet_utils/nnet_activation.h:138->firmware/nnet_utils/nnet_activation.h:153]   --->   Operation 41 'sext' 'sext_ln138' <Predicate = true> <Delay = 0.00>
ST_2 : Operation 42 [1/1] (0.00ns) (grouped into LUT with out node add_ln138_2)   --->   "%tmp_1 = bitselect i1 @_ssdm_op_BitSelect.i1.i6.i32, i6 %add_ln138, i32 5" [firmware/nnet_utils/nnet_activation.h:138->firmware/nnet_utils/nnet_activation.h:153]   --->   Operation 42 'bitselect' 'tmp_1' <Predicate = true> <Delay = 0.00>
ST_2 : Operation 43 [1/1] (0.00ns) (grouped into LUT with out node add_ln138_2)   --->   "%xor_ln138 = xor i1 %tmp_1, i1 1" [firmware/nnet_utils/nnet_activation.h:138->firmware/nnet_utils/nnet_activation.h:153]   --->   Operation 43 'xor' 'xor_ln138' <Predicate = true> <Delay = 0.00> <CoreInst = "LogicGate">   --->   Core 74 'LogicGate' <Latency = 0> <II = 1> <Delay = 0.28> <FuncUnit> <Opcode : 'and' 'or' 'xor'> <InPorts = 2> <OutPorts = 1>
ST_2 : Operation 44 [1/1] (0.65ns)   --->   "%tmp_2 = bitselect i1 @_ssdm_op_BitSelect.i1.i35.i32, i35 %x, i32 %sext_ln138" [firmware/nnet_utils/nnet_activation.h:138->firmware/nnet_utils/nnet_activation.h:153]   --->   Operation 44 'bitselect' 'tmp_2' <Predicate = true> <Delay = 0.65> <CoreInst = "BitSelector">   --->   Core 153 'BitSelector' <Latency = 0> <II = 1> <Delay = 0.65> <FuncUnit> <Opcode : 'bitselect'> <InPorts = 2> <OutPorts = 1>
ST_2 : Operation 45 [1/1] (0.00ns) (grouped into LUT with out node add_ln138_2)   --->   "%phi_ln138_1 = and i1 %tmp_2, i1 %xor_ln138" [firmware/nnet_utils/nnet_activation.h:138->firmware/nnet_utils/nnet_activation.h:153]   --->   Operation 45 'and' 'phi_ln138_1' <Predicate = true> <Delay = 0.00> <CoreInst = "LogicGate">   --->   Core 74 'LogicGate' <Latency = 0> <II = 1> <Delay = 0.28> <FuncUnit> <Opcode : 'and' 'or' 'xor'> <InPorts = 2> <OutPorts = 1>
ST_2 : Operation 46 [1/1] (0.78ns)   --->   "%icmp_ln138_1 = icmp_sgt  i6 %add_ln138, i6 0" [firmware/nnet_utils/nnet_activation.h:138->firmware/nnet_utils/nnet_activation.h:153]   --->   Operation 46 'icmp' 'icmp_ln138_1' <Predicate = true> <Delay = 0.78> <CoreInst = "Cmp">   --->   Core 9 'Cmp' <Latency = 0> <II = 1> <Delay = 0.78> <FuncUnit> <Opcode : 'seteq' 'setne' 'setle' 'setge' 'setlt' 'setgt'> <InPorts = 2> <OutPorts = 1>
ST_2 : Operation 47 [1/1] (0.00ns)   --->   "%sext_ln138_1 = sext i6 %add_ln138_1" [firmware/nnet_utils/nnet_activation.h:138->firmware/nnet_utils/nnet_activation.h:153]   --->   Operation 47 'sext' 'sext_ln138_1' <Predicate = true> <Delay = 0.00>
ST_2 : Operation 48 [1/1] (0.00ns)   --->   "%zext_ln138 = zext i32 %sext_ln138_1" [firmware/nnet_utils/nnet_activation.h:138->firmware/nnet_utils/nnet_activation.h:153]   --->   Operation 48 'zext' 'zext_ln138' <Predicate = true> <Delay = 0.00>
ST_2 : Operation 49 [1/1] (1.46ns)   --->   "%lshr_ln138 = lshr i35 %x, i35 %zext_ln138" [firmware/nnet_utils/nnet_activation.h:138->firmware/nnet_utils/nnet_activation.h:153]   --->   Operation 49 'lshr' 'lshr_ln138' <Predicate = true> <Delay = 1.46> <CoreInst = "Shifter">   --->   Core 75 'Shifter' <Latency = 0> <II = 1> <Delay = 1.46> <FuncUnit> <Opcode : 'shl' 'lshr' 'ashr'> <InPorts = 2> <OutPorts = 1>
ST_2 : Operation 50 [1/1] (0.00ns)   --->   "%sext_ln138_2 = sext i6 %sub_ln138_1" [firmware/nnet_utils/nnet_activation.h:138->firmware/nnet_utils/nnet_activation.h:153]   --->   Operation 50 'sext' 'sext_ln138_2' <Predicate = true> <Delay = 0.00>
ST_2 : Operation 51 [1/1] (0.00ns)   --->   "%zext_ln138_1 = zext i32 %sext_ln138_2" [firmware/nnet_utils/nnet_activation.h:138->firmware/nnet_utils/nnet_activation.h:153]   --->   Operation 51 'zext' 'zext_ln138_1' <Predicate = true> <Delay = 0.00>
ST_2 : Operation 52 [1/1] (1.46ns)   --->   "%shl_ln138 = shl i35 %x, i35 %zext_ln138_1" [firmware/nnet_utils/nnet_activation.h:138->firmware/nnet_utils/nnet_activation.h:153]   --->   Operation 52 'shl' 'shl_ln138' <Predicate = true> <Delay = 1.46> <CoreInst = "Shifter">   --->   Core 75 'Shifter' <Latency = 0> <II = 1> <Delay = 1.46> <FuncUnit> <Opcode : 'shl' 'lshr' 'ashr'> <InPorts = 2> <OutPorts = 1>
ST_2 : Operation 53 [1/1] (0.00ns) (grouped into LUT with out node add_ln138_2)   --->   "%cond42_i_i_i_in = select i1 %icmp_ln138_1, i35 %lshr_ln138, i35 %shl_ln138" [firmware/nnet_utils/nnet_activation.h:138->firmware/nnet_utils/nnet_activation.h:153]   --->   Operation 53 'select' 'cond42_i_i_i_in' <Predicate = true> <Delay = 0.00> <CoreInst = "Sel">   --->   Core 73 'Sel' <Latency = 0> <II = 1> <Delay = 0.39> <FuncUnit> <Opcode : 'select'> <InPorts = 3> <OutPorts = 1>
ST_2 : Operation 54 [1/1] (0.00ns) (grouped into LUT with out node add_ln138_2)   --->   "%zext_ln138_2 = zext i35 %cond42_i_i_i_in" [firmware/nnet_utils/nnet_activation.h:138->firmware/nnet_utils/nnet_activation.h:153]   --->   Operation 54 'zext' 'zext_ln138_2' <Predicate = true> <Delay = 0.00>
ST_2 : Operation 55 [1/1] (0.00ns) (grouped into LUT with out node add_ln138_2)   --->   "%zext_ln138_3 = zext i1 %phi_ln138_1" [firmware/nnet_utils/nnet_activation.h:138->firmware/nnet_utils/nnet_activation.h:153]   --->   Operation 55 'zext' 'zext_ln138_3' <Predicate = true> <Delay = 0.00>
ST_2 : Operation 56 [1/1] (1.02ns) (out node of the LUT)   --->   "%add_ln138_2 = add i36 %zext_ln138_2, i36 %zext_ln138_3" [firmware/nnet_utils/nnet_activation.h:138->firmware/nnet_utils/nnet_activation.h:153]   --->   Operation 56 'add' 'add_ln138_2' <Predicate = true> <Delay = 1.02> <CoreInst = "Adder">   --->   Core 1 'Adder' <Latency = 0> <II = 1> <Delay = 1.02> <FuncUnit> <Opcode : 'add' 'sub'> <InPorts = 2> <OutPorts = 1>
ST_2 : Operation 57 [1/1] (0.00ns)   --->   "%lshr_ln138_1 = partselect i35 @_ssdm_op_PartSelect.i35.i36.i32.i32, i36 %add_ln138_2, i32 1, i32 35" [firmware/nnet_utils/nnet_activation.h:138->firmware/nnet_utils/nnet_activation.h:153]   --->   Operation 57 'partselect' 'lshr_ln138_1' <Predicate = true> <Delay = 0.00>
ST_2 : Operation 58 [1/1] (0.00ns)   --->   "%zext_ln138_4 = zext i35 %lshr_ln138_1" [firmware/nnet_utils/nnet_activation.h:138->firmware/nnet_utils/nnet_activation.h:153]   --->   Operation 58 'zext' 'zext_ln138_4' <Predicate = true> <Delay = 0.00>
ST_2 : Operation 59 [1/1] (0.00ns) (grouped into LUT with out node add_ln138_3)   --->   "%tmp_3 = bitselect i1 @_ssdm_op_BitSelect.i1.i36.i32, i36 %add_ln138_2, i32 25" [firmware/nnet_utils/nnet_activation.h:138->firmware/nnet_utils/nnet_activation.h:153]   --->   Operation 59 'bitselect' 'tmp_3' <Predicate = true> <Delay = 0.00>
ST_2 : Operation 60 [1/1] (0.00ns) (grouped into LUT with out node add_ln138_3)   --->   "%select_ln138 = select i1 %tmp_3, i8 127, i8 126" [firmware/nnet_utils/nnet_activation.h:138->firmware/nnet_utils/nnet_activation.h:153]   --->   Operation 60 'select' 'select_ln138' <Predicate = true> <Delay = 0.00> <CoreInst = "Sel">   --->   Core 73 'Sel' <Latency = 0> <II = 1> <Delay = 0.36> <FuncUnit> <Opcode : 'select'> <InPorts = 3> <OutPorts = 1>
ST_2 : Operation 61 [1/1] (0.78ns)   --->   "%sub_ln138_2 = sub i6 15, i6 %trunc_ln138" [firmware/nnet_utils/nnet_activation.h:138->firmware/nnet_utils/nnet_activation.h:153]   --->   Operation 61 'sub' 'sub_ln138_2' <Predicate = true> <Delay = 0.78> <CoreInst = "Adder">   --->   Core 1 'Adder' <Latency = 0> <II = 1> <Delay = 0.78> <FuncUnit> <Opcode : 'add' 'sub'> <InPorts = 2> <OutPorts = 1>
ST_2 : Operation 62 [1/1] (0.00ns) (grouped into LUT with out node add_ln138_3)   --->   "%sext_ln138_3 = sext i6 %sub_ln138_2" [firmware/nnet_utils/nnet_activation.h:138->firmware/nnet_utils/nnet_activation.h:153]   --->   Operation 62 'sext' 'sext_ln138_3' <Predicate = true> <Delay = 0.00>
ST_2 : Operation 63 [1/1] (0.76ns) (out node of the LUT)   --->   "%add_ln138_3 = add i8 %select_ln138, i8 %sext_ln138_3" [firmware/nnet_utils/nnet_activation.h:138->firmware/nnet_utils/nnet_activation.h:153]   --->   Operation 63 'add' 'add_ln138_3' <Predicate = true> <Delay = 0.76> <CoreInst = "Adder">   --->   Core 1 'Adder' <Latency = 0> <II = 1> <Delay = 0.76> <FuncUnit> <Opcode : 'add' 'sub'> <InPorts = 2> <OutPorts = 1>
ST_2 : Operation 64 [1/1] (0.00ns)   --->   "%zext_ln138_5 = zext i8 %add_ln138_3" [firmware/nnet_utils/nnet_activation.h:138->firmware/nnet_utils/nnet_activation.h:153]   --->   Operation 64 'zext' 'zext_ln138_5' <Predicate = true> <Delay = 0.00>
ST_2 : Operation 65 [1/1] (0.00ns)   --->   "%pi_assign = partset i64 @_ssdm_op_PartSet.i64.i64.i9.i32.i32, i64 %zext_ln138_4, i9 %zext_ln138_5, i32 23, i32 31" [firmware/nnet_utils/nnet_activation.h:138->firmware/nnet_utils/nnet_activation.h:153]   --->   Operation 65 'partset' 'pi_assign' <Predicate = true> <Delay = 0.00>
ST_2 : Operation 66 [1/1] (0.00ns)   --->   "%trunc_ln157 = trunc i64 %pi_assign" [firmware/nnet_utils/nnet_activation.h:157]   --->   Operation 66 'trunc' 'trunc_ln157' <Predicate = true> <Delay = 0.00>

State 3 <SV = 2> <Delay = 0.44>
ST_3 : Operation 67 [1/1] (0.00ns)   --->   "%xor_ln = bitconcatenate i32 @_ssdm_op_BitConcatenate.i32.i1.i31, i1 1, i31 %trunc_ln157" [firmware/nnet_utils/nnet_activation.h:157]   --->   Operation 67 'bitconcatenate' 'xor_ln' <Predicate = (!icmp_ln138)> <Delay = 0.00>
ST_3 : Operation 68 [1/1] (0.00ns)   --->   "%bitcast_ln157 = bitcast i32 %xor_ln" [firmware/nnet_utils/nnet_activation.h:157]   --->   Operation 68 'bitcast' 'bitcast_ln157' <Predicate = (!icmp_ln138)> <Delay = 0.00>
ST_3 : Operation 69 [1/1] (0.44ns)   --->   "%x_2 = select i1 %icmp_ln138, i32 -0, i32 %bitcast_ln157" [firmware/nnet_utils/nnet_activation.h:157]   --->   Operation 69 'select' 'x_2' <Predicate = true> <Delay = 0.44> <CoreInst = "Sel">   --->   Core 73 'Sel' <Latency = 0> <II = 1> <Delay = 0.43> <FuncUnit> <Opcode : 'select'> <InPorts = 3> <OutPorts = 1>

State 4 <SV = 3> <Delay = 3.64>
ST_4 : Operation 70 [13/13] (3.64ns)   --->   "%tmp_4 = fexp i32 @llvm.exp.f32, i32 %x_2" [C:/Xilinx/Vitis/2024.2/tps/mingw/8.3.0/win64.o/nt\lib\gcc\x86_64-w64-mingw32\8.3.0\include\c++\cmath:223->firmware/nnet_utils/nnet_activation.h:131->firmware/nnet_utils/nnet_activation.h:159]   --->   Operation 70 'fexp' 'tmp_4' <Predicate = true> <Delay = 3.64> <CoreInst = "FExp_fulldsp">   --->   Core 23 'FExp_fulldsp' <Latency = 12> <II = 1> <Delay = 3.64> <FuncUnit> <Opcode : 'fexp'> <InPorts = 1> <OutPorts = 1>

State 5 <SV = 4> <Delay = 3.64>
ST_5 : Operation 71 [12/13] (3.64ns)   --->   "%tmp_4 = fexp i32 @llvm.exp.f32, i32 %x_2" [C:/Xilinx/Vitis/2024.2/tps/mingw/8.3.0/win64.o/nt\lib\gcc\x86_64-w64-mingw32\8.3.0\include\c++\cmath:223->firmware/nnet_utils/nnet_activation.h:131->firmware/nnet_utils/nnet_activation.h:159]   --->   Operation 71 'fexp' 'tmp_4' <Predicate = true> <Delay = 3.64> <CoreInst = "FExp_fulldsp">   --->   Core 23 'FExp_fulldsp' <Latency = 12> <II = 1> <Delay = 3.64> <FuncUnit> <Opcode : 'fexp'> <InPorts = 1> <OutPorts = 1>

State 6 <SV = 5> <Delay = 3.64>
ST_6 : Operation 72 [11/13] (3.64ns)   --->   "%tmp_4 = fexp i32 @llvm.exp.f32, i32 %x_2" [C:/Xilinx/Vitis/2024.2/tps/mingw/8.3.0/win64.o/nt\lib\gcc\x86_64-w64-mingw32\8.3.0\include\c++\cmath:223->firmware/nnet_utils/nnet_activation.h:131->firmware/nnet_utils/nnet_activation.h:159]   --->   Operation 72 'fexp' 'tmp_4' <Predicate = true> <Delay = 3.64> <CoreInst = "FExp_fulldsp">   --->   Core 23 'FExp_fulldsp' <Latency = 12> <II = 1> <Delay = 3.64> <FuncUnit> <Opcode : 'fexp'> <InPorts = 1> <OutPorts = 1>

State 7 <SV = 6> <Delay = 3.64>
ST_7 : Operation 73 [10/13] (3.64ns)   --->   "%tmp_4 = fexp i32 @llvm.exp.f32, i32 %x_2" [C:/Xilinx/Vitis/2024.2/tps/mingw/8.3.0/win64.o/nt\lib\gcc\x86_64-w64-mingw32\8.3.0\include\c++\cmath:223->firmware/nnet_utils/nnet_activation.h:131->firmware/nnet_utils/nnet_activation.h:159]   --->   Operation 73 'fexp' 'tmp_4' <Predicate = true> <Delay = 3.64> <CoreInst = "FExp_fulldsp">   --->   Core 23 'FExp_fulldsp' <Latency = 12> <II = 1> <Delay = 3.64> <FuncUnit> <Opcode : 'fexp'> <InPorts = 1> <OutPorts = 1>

State 8 <SV = 7> <Delay = 3.64>
ST_8 : Operation 74 [9/13] (3.64ns)   --->   "%tmp_4 = fexp i32 @llvm.exp.f32, i32 %x_2" [C:/Xilinx/Vitis/2024.2/tps/mingw/8.3.0/win64.o/nt\lib\gcc\x86_64-w64-mingw32\8.3.0\include\c++\cmath:223->firmware/nnet_utils/nnet_activation.h:131->firmware/nnet_utils/nnet_activation.h:159]   --->   Operation 74 'fexp' 'tmp_4' <Predicate = true> <Delay = 3.64> <CoreInst = "FExp_fulldsp">   --->   Core 23 'FExp_fulldsp' <Latency = 12> <II = 1> <Delay = 3.64> <FuncUnit> <Opcode : 'fexp'> <InPorts = 1> <OutPorts = 1>

State 9 <SV = 8> <Delay = 3.64>
ST_9 : Operation 75 [8/13] (3.64ns)   --->   "%tmp_4 = fexp i32 @llvm.exp.f32, i32 %x_2" [C:/Xilinx/Vitis/2024.2/tps/mingw/8.3.0/win64.o/nt\lib\gcc\x86_64-w64-mingw32\8.3.0\include\c++\cmath:223->firmware/nnet_utils/nnet_activation.h:131->firmware/nnet_utils/nnet_activation.h:159]   --->   Operation 75 'fexp' 'tmp_4' <Predicate = true> <Delay = 3.64> <CoreInst = "FExp_fulldsp">   --->   Core 23 'FExp_fulldsp' <Latency = 12> <II = 1> <Delay = 3.64> <FuncUnit> <Opcode : 'fexp'> <InPorts = 1> <OutPorts = 1>

State 10 <SV = 9> <Delay = 3.64>
ST_10 : Operation 76 [7/13] (3.64ns)   --->   "%tmp_4 = fexp i32 @llvm.exp.f32, i32 %x_2" [C:/Xilinx/Vitis/2024.2/tps/mingw/8.3.0/win64.o/nt\lib\gcc\x86_64-w64-mingw32\8.3.0\include\c++\cmath:223->firmware/nnet_utils/nnet_activation.h:131->firmware/nnet_utils/nnet_activation.h:159]   --->   Operation 76 'fexp' 'tmp_4' <Predicate = true> <Delay = 3.64> <CoreInst = "FExp_fulldsp">   --->   Core 23 'FExp_fulldsp' <Latency = 12> <II = 1> <Delay = 3.64> <FuncUnit> <Opcode : 'fexp'> <InPorts = 1> <OutPorts = 1>

State 11 <SV = 10> <Delay = 3.64>
ST_11 : Operation 77 [6/13] (3.64ns)   --->   "%tmp_4 = fexp i32 @llvm.exp.f32, i32 %x_2" [C:/Xilinx/Vitis/2024.2/tps/mingw/8.3.0/win64.o/nt\lib\gcc\x86_64-w64-mingw32\8.3.0\include\c++\cmath:223->firmware/nnet_utils/nnet_activation.h:131->firmware/nnet_utils/nnet_activation.h:159]   --->   Operation 77 'fexp' 'tmp_4' <Predicate = true> <Delay = 3.64> <CoreInst = "FExp_fulldsp">   --->   Core 23 'FExp_fulldsp' <Latency = 12> <II = 1> <Delay = 3.64> <FuncUnit> <Opcode : 'fexp'> <InPorts = 1> <OutPorts = 1>

State 12 <SV = 11> <Delay = 3.64>
ST_12 : Operation 78 [5/13] (3.64ns)   --->   "%tmp_4 = fexp i32 @llvm.exp.f32, i32 %x_2" [C:/Xilinx/Vitis/2024.2/tps/mingw/8.3.0/win64.o/nt\lib\gcc\x86_64-w64-mingw32\8.3.0\include\c++\cmath:223->firmware/nnet_utils/nnet_activation.h:131->firmware/nnet_utils/nnet_activation.h:159]   --->   Operation 78 'fexp' 'tmp_4' <Predicate = true> <Delay = 3.64> <CoreInst = "FExp_fulldsp">   --->   Core 23 'FExp_fulldsp' <Latency = 12> <II = 1> <Delay = 3.64> <FuncUnit> <Opcode : 'fexp'> <InPorts = 1> <OutPorts = 1>

State 13 <SV = 12> <Delay = 3.64>
ST_13 : Operation 79 [4/13] (3.64ns)   --->   "%tmp_4 = fexp i32 @llvm.exp.f32, i32 %x_2" [C:/Xilinx/Vitis/2024.2/tps/mingw/8.3.0/win64.o/nt\lib\gcc\x86_64-w64-mingw32\8.3.0\include\c++\cmath:223->firmware/nnet_utils/nnet_activation.h:131->firmware/nnet_utils/nnet_activation.h:159]   --->   Operation 79 'fexp' 'tmp_4' <Predicate = true> <Delay = 3.64> <CoreInst = "FExp_fulldsp">   --->   Core 23 'FExp_fulldsp' <Latency = 12> <II = 1> <Delay = 3.64> <FuncUnit> <Opcode : 'fexp'> <InPorts = 1> <OutPorts = 1>

State 14 <SV = 13> <Delay = 3.64>
ST_14 : Operation 80 [3/13] (3.64ns)   --->   "%tmp_4 = fexp i32 @llvm.exp.f32, i32 %x_2" [C:/Xilinx/Vitis/2024.2/tps/mingw/8.3.0/win64.o/nt\lib\gcc\x86_64-w64-mingw32\8.3.0\include\c++\cmath:223->firmware/nnet_utils/nnet_activation.h:131->firmware/nnet_utils/nnet_activation.h:159]   --->   Operation 80 'fexp' 'tmp_4' <Predicate = true> <Delay = 3.64> <CoreInst = "FExp_fulldsp">   --->   Core 23 'FExp_fulldsp' <Latency = 12> <II = 1> <Delay = 3.64> <FuncUnit> <Opcode : 'fexp'> <InPorts = 1> <OutPorts = 1>

State 15 <SV = 14> <Delay = 3.64>
ST_15 : Operation 81 [2/13] (3.64ns)   --->   "%tmp_4 = fexp i32 @llvm.exp.f32, i32 %x_2" [C:/Xilinx/Vitis/2024.2/tps/mingw/8.3.0/win64.o/nt\lib\gcc\x86_64-w64-mingw32\8.3.0\include\c++\cmath:223->firmware/nnet_utils/nnet_activation.h:131->firmware/nnet_utils/nnet_activation.h:159]   --->   Operation 81 'fexp' 'tmp_4' <Predicate = true> <Delay = 3.64> <CoreInst = "FExp_fulldsp">   --->   Core 23 'FExp_fulldsp' <Latency = 12> <II = 1> <Delay = 3.64> <FuncUnit> <Opcode : 'fexp'> <InPorts = 1> <OutPorts = 1>

State 16 <SV = 15> <Delay = 3.64>
ST_16 : Operation 82 [1/13] (3.64ns)   --->   "%tmp_4 = fexp i32 @llvm.exp.f32, i32 %x_2" [C:/Xilinx/Vitis/2024.2/tps/mingw/8.3.0/win64.o/nt\lib\gcc\x86_64-w64-mingw32\8.3.0\include\c++\cmath:223->firmware/nnet_utils/nnet_activation.h:131->firmware/nnet_utils/nnet_activation.h:159]   --->   Operation 82 'fexp' 'tmp_4' <Predicate = true> <Delay = 3.64> <CoreInst = "FExp_fulldsp">   --->   Core 23 'FExp_fulldsp' <Latency = 12> <II = 1> <Delay = 3.64> <FuncUnit> <Opcode : 'fexp'> <InPorts = 1> <OutPorts = 1>

State 17 <SV = 16> <Delay = 2.30>
ST_17 : Operation 83 [2/2] (2.30ns)   --->   "%pf = fpext i32 %tmp_4" [firmware/nnet_utils/nnet_activation.h:159]   --->   Operation 83 'fpext' 'pf' <Predicate = true> <Delay = 2.30> <CoreInst = "Float2Double">   --->   Core 64 'Float2Double' <Latency = 1> <II = 1> <Delay = 2.30> <FuncUnit> <Opcode : 'fpext'> <InPorts = 1> <OutPorts = 1>

State 18 <SV = 17> <Delay = 3.39>
ST_18 : Operation 84 [1/2] (2.30ns)   --->   "%pf = fpext i32 %tmp_4" [firmware/nnet_utils/nnet_activation.h:159]   --->   Operation 84 'fpext' 'pf' <Predicate = true> <Delay = 2.30> <CoreInst = "Float2Double">   --->   Core 64 'Float2Double' <Latency = 1> <II = 1> <Delay = 2.30> <FuncUnit> <Opcode : 'fpext'> <InPorts = 1> <OutPorts = 1>
ST_18 : Operation 85 [1/1] (0.00ns)   --->   "%bitcast_ln716 = bitcast i64 %pf" [firmware/nnet_utils/nnet_activation.h:159]   --->   Operation 85 'bitcast' 'bitcast_ln716' <Predicate = true> <Delay = 0.00>
ST_18 : Operation 86 [1/1] (0.00ns)   --->   "%trunc_ln159 = trunc i64 %bitcast_ln716" [firmware/nnet_utils/nnet_activation.h:159]   --->   Operation 86 'trunc' 'trunc_ln159' <Predicate = true> <Delay = 0.00>
ST_18 : Operation 87 [1/1] (0.00ns)   --->   "%tmp_5 = bitselect i1 @_ssdm_op_BitSelect.i1.i64.i32, i64 %bitcast_ln716, i32 63" [firmware/nnet_utils/nnet_activation.h:159]   --->   Operation 87 'bitselect' 'tmp_5' <Predicate = true> <Delay = 0.00>
ST_18 : Operation 88 [1/1] (0.00ns)   --->   "%tmp_6 = partselect i11 @_ssdm_op_PartSelect.i11.i64.i32, i64 %bitcast_ln716, i32 52" [firmware/nnet_utils/nnet_activation.h:159]   --->   Operation 88 'partselect' 'tmp_6' <Predicate = true> <Delay = 0.00>
ST_18 : Operation 89 [1/1] (0.00ns)   --->   "%trunc_ln159_1 = trunc i64 %bitcast_ln716" [firmware/nnet_utils/nnet_activation.h:159]   --->   Operation 89 'trunc' 'trunc_ln159_1' <Predicate = true> <Delay = 0.00>
ST_18 : Operation 90 [1/1] (1.08ns)   --->   "%icmp_ln159 = icmp_eq  i63 %trunc_ln159, i63 0" [firmware/nnet_utils/nnet_activation.h:159]   --->   Operation 90 'icmp' 'icmp_ln159' <Predicate = true> <Delay = 1.08> <CoreInst = "Cmp">   --->   Core 9 'Cmp' <Latency = 0> <II = 1> <Delay = 1.08> <FuncUnit> <Opcode : 'seteq' 'setne' 'setle' 'setge' 'setlt' 'setgt'> <InPorts = 2> <OutPorts = 1>

State 19 <SV = 18> <Delay = 3.19>
ST_19 : Operation 91 [1/1] (0.00ns)   --->   "%zext_ln159 = zext i11 %tmp_6" [firmware/nnet_utils/nnet_activation.h:159]   --->   Operation 91 'zext' 'zext_ln159' <Predicate = true> <Delay = 0.00>
ST_19 : Operation 92 [1/1] (0.00ns)   --->   "%zext_ln159_1_cast = bitconcatenate i53 @_ssdm_op_BitConcatenate.i53.i1.i52, i1 1, i52 %trunc_ln159_1" [firmware/nnet_utils/nnet_activation.h:159]   --->   Operation 92 'bitconcatenate' 'zext_ln159_1_cast' <Predicate = true> <Delay = 0.00>
ST_19 : Operation 93 [1/1] (0.00ns)   --->   "%zext_ln159_1 = zext i53 %zext_ln159_1_cast" [firmware/nnet_utils/nnet_activation.h:159]   --->   Operation 93 'zext' 'zext_ln159_1' <Predicate = true> <Delay = 0.00>
ST_19 : Operation 94 [1/1] (1.10ns)   --->   "%sub_ln159 = sub i54 0, i54 %zext_ln159_1" [firmware/nnet_utils/nnet_activation.h:159]   --->   Operation 94 'sub' 'sub_ln159' <Predicate = (tmp_5)> <Delay = 1.10> <CoreInst = "Adder">   --->   Core 1 'Adder' <Latency = 0> <II = 1> <Delay = 1.09> <FuncUnit> <Opcode : 'add' 'sub'> <InPorts = 2> <OutPorts = 1>
ST_19 : Operation 95 [1/1] (0.40ns)   --->   "%select_ln159 = select i1 %tmp_5, i54 %sub_ln159, i54 %zext_ln159_1" [firmware/nnet_utils/nnet_activation.h:159]   --->   Operation 95 'select' 'select_ln159' <Predicate = true> <Delay = 0.40> <CoreInst = "Sel">   --->   Core 73 'Sel' <Latency = 0> <II = 1> <Delay = 0.40> <FuncUnit> <Opcode : 'select'> <InPorts = 3> <OutPorts = 1>
ST_19 : Operation 96 [1/1] (0.80ns)   --->   "%sub_ln159_1 = sub i12 1075, i12 %zext_ln159" [firmware/nnet_utils/nnet_activation.h:159]   --->   Operation 96 'sub' 'sub_ln159_1' <Predicate = true> <Delay = 0.80> <CoreInst = "Adder">   --->   Core 1 'Adder' <Latency = 0> <II = 1> <Delay = 0.80> <FuncUnit> <Opcode : 'add' 'sub'> <InPorts = 2> <OutPorts = 1>
ST_19 : Operation 97 [1/1] (0.00ns)   --->   "%trunc_ln159_2 = trunc i12 %sub_ln159_1" [firmware/nnet_utils/nnet_activation.h:159]   --->   Operation 97 'trunc' 'trunc_ln159_2' <Predicate = true> <Delay = 0.00>
ST_19 : Operation 98 [1/1] (0.80ns)   --->   "%icmp_ln159_1 = icmp_sgt  i12 %sub_ln159_1, i12 10" [firmware/nnet_utils/nnet_activation.h:159]   --->   Operation 98 'icmp' 'icmp_ln159_1' <Predicate = true> <Delay = 0.80> <CoreInst = "Cmp">   --->   Core 9 'Cmp' <Latency = 0> <II = 1> <Delay = 0.80> <FuncUnit> <Opcode : 'seteq' 'setne' 'setle' 'setge' 'setlt' 'setgt'> <InPorts = 2> <OutPorts = 1>
ST_19 : Operation 99 [1/1] (0.80ns)   --->   "%add_ln159 = add i12 %sub_ln159_1, i12 4086" [firmware/nnet_utils/nnet_activation.h:159]   --->   Operation 99 'add' 'add_ln159' <Predicate = true> <Delay = 0.80> <CoreInst = "Adder">   --->   Core 1 'Adder' <Latency = 0> <II = 1> <Delay = 0.80> <FuncUnit> <Opcode : 'add' 'sub'> <InPorts = 2> <OutPorts = 1>
ST_19 : Operation 100 [1/1] (0.00ns)   --->   "%trunc_ln159_3 = trunc i12 %add_ln159" [firmware/nnet_utils/nnet_activation.h:159]   --->   Operation 100 'trunc' 'trunc_ln159_3' <Predicate = true> <Delay = 0.00>
ST_19 : Operation 101 [1/1] (0.79ns)   --->   "%sub_ln159_2 = sub i11 10, i11 %trunc_ln159_2" [firmware/nnet_utils/nnet_activation.h:159]   --->   Operation 101 'sub' 'sub_ln159_2' <Predicate = true> <Delay = 0.79> <CoreInst = "Adder">   --->   Core 1 'Adder' <Latency = 0> <II = 1> <Delay = 0.79> <FuncUnit> <Opcode : 'add' 'sub'> <InPorts = 2> <OutPorts = 1>
ST_19 : Operation 102 [1/1] (0.38ns)   --->   "%select_ln159_1 = select i1 %icmp_ln159_1, i11 %trunc_ln159_3, i11 %sub_ln159_2" [firmware/nnet_utils/nnet_activation.h:159]   --->   Operation 102 'select' 'select_ln159_1' <Predicate = true> <Delay = 0.38> <CoreInst = "Sel">   --->   Core 73 'Sel' <Latency = 0> <II = 1> <Delay = 0.38> <FuncUnit> <Opcode : 'select'> <InPorts = 3> <OutPorts = 1>
ST_19 : Operation 103 [1/1] (0.80ns)   --->   "%icmp_ln159_2 = icmp_eq  i12 %sub_ln159_1, i12 10" [firmware/nnet_utils/nnet_activation.h:159]   --->   Operation 103 'icmp' 'icmp_ln159_2' <Predicate = true> <Delay = 0.80> <CoreInst = "Cmp">   --->   Core 9 'Cmp' <Latency = 0> <II = 1> <Delay = 0.80> <FuncUnit> <Opcode : 'seteq' 'setne' 'setle' 'setge' 'setlt' 'setgt'> <InPorts = 2> <OutPorts = 1>
ST_19 : Operation 104 [1/1] (0.00ns)   --->   "%trunc_ln159_4 = trunc i54 %select_ln159" [firmware/nnet_utils/nnet_activation.h:159]   --->   Operation 104 'trunc' 'trunc_ln159_4' <Predicate = true> <Delay = 0.00>
ST_19 : Operation 105 [1/1] (0.80ns)   --->   "%icmp_ln159_4 = icmp_sgt  i12 %add_ln159, i12 54" [firmware/nnet_utils/nnet_activation.h:159]   --->   Operation 105 'icmp' 'icmp_ln159_4' <Predicate = true> <Delay = 0.80> <CoreInst = "Cmp">   --->   Core 9 'Cmp' <Latency = 0> <II = 1> <Delay = 0.80> <FuncUnit> <Opcode : 'seteq' 'setne' 'setle' 'setge' 'setlt' 'setgt'> <InPorts = 2> <OutPorts = 1>
ST_19 : Operation 106 [1/1] (0.79ns)   --->   "%add_ln159_1 = add i11 %trunc_ln159_2, i11 2037" [firmware/nnet_utils/nnet_activation.h:159]   --->   Operation 106 'add' 'add_ln159_1' <Predicate = true> <Delay = 0.79> <CoreInst = "Adder">   --->   Core 1 'Adder' <Latency = 0> <II = 1> <Delay = 0.79> <FuncUnit> <Opcode : 'add' 'sub'> <InPorts = 2> <OutPorts = 1>
ST_19 : Operation 107 [1/1] (0.00ns)   --->   "%zext_ln159_5 = zext i11 %add_ln159_1" [firmware/nnet_utils/nnet_activation.h:159]   --->   Operation 107 'zext' 'zext_ln159_5' <Predicate = true> <Delay = 0.00>
ST_19 : Operation 108 [1/1] (0.65ns)   --->   "%tmp_7 = bitselect i1 @_ssdm_op_BitSelect.i1.i54.i32, i54 %select_ln159, i32 %zext_ln159_5" [firmware/nnet_utils/nnet_activation.h:159]   --->   Operation 108 'bitselect' 'tmp_7' <Predicate = true> <Delay = 0.65> <CoreInst = "BitSelector">   --->   Core 153 'BitSelector' <Latency = 0> <II = 1> <Delay = 0.65> <FuncUnit> <Opcode : 'bitselect'> <InPorts = 2> <OutPorts = 1>
ST_19 : Operation 109 [1/1] (0.00ns)   --->   "%or_ln159_4 = bitconcatenate i11 @_ssdm_op_BitConcatenate.i11.i10.i1, i10 513, i1 %icmp_ln159_1" [firmware/nnet_utils/nnet_activation.h:159]   --->   Operation 109 'bitconcatenate' 'or_ln159_4' <Predicate = true> <Delay = 0.00>
ST_19 : Operation 110 [1/1] (0.00ns)   --->   "%sext_ln159_1 = sext i11 %or_ln159_4" [firmware/nnet_utils/nnet_activation.h:159]   --->   Operation 110 'sext' 'sext_ln159_1' <Predicate = true> <Delay = 0.00>
ST_19 : Operation 111 [1/1] (0.79ns)   --->   "%add_ln159_3 = add i12 %sext_ln159_1, i12 %zext_ln159" [firmware/nnet_utils/nnet_activation.h:159]   --->   Operation 111 'add' 'add_ln159_3' <Predicate = true> <Delay = 0.79> <CoreInst = "Adder">   --->   Core 1 'Adder' <Latency = 0> <II = 1> <Delay = 0.80> <FuncUnit> <Opcode : 'add' 'sub'> <InPorts = 2> <OutPorts = 1>
ST_19 : Operation 112 [1/1] (0.00ns)   --->   "%tmp_10 = partselect i9 @_ssdm_op_PartSelect.i9.i12.i32.i32, i12 %add_ln159_3, i32 3, i32 11" [firmware/nnet_utils/nnet_activation.h:159]   --->   Operation 112 'partselect' 'tmp_10' <Predicate = true> <Delay = 0.00>
ST_19 : Operation 113 [1/1] (0.77ns)   --->   "%icmp_ln159_6 = icmp_sgt  i9 %tmp_10, i9 0" [firmware/nnet_utils/nnet_activation.h:159]   --->   Operation 113 'icmp' 'icmp_ln159_6' <Predicate = true> <Delay = 0.77> <CoreInst = "Cmp">   --->   Core 9 'Cmp' <Latency = 0> <II = 1> <Delay = 0.77> <FuncUnit> <Opcode : 'seteq' 'setne' 'setle' 'setge' 'setlt' 'setgt'> <InPorts = 2> <OutPorts = 1>
ST_19 : Operation 114 [1/1] (0.80ns)   --->   "%add_ln159_4 = add i12 %sub_ln159_1, i12 8" [firmware/nnet_utils/nnet_activation.h:159]   --->   Operation 114 'add' 'add_ln159_4' <Predicate = true> <Delay = 0.80> <CoreInst = "Adder">   --->   Core 1 'Adder' <Latency = 0> <II = 1> <Delay = 0.80> <FuncUnit> <Opcode : 'add' 'sub'> <InPorts = 2> <OutPorts = 1>
ST_19 : Operation 115 [1/1] (0.00ns)   --->   "%sext_ln159_2 = sext i12 %add_ln159_4" [firmware/nnet_utils/nnet_activation.h:159]   --->   Operation 115 'sext' 'sext_ln159_2' <Predicate = true> <Delay = 0.00>
ST_19 : Operation 116 [1/1] (0.80ns)   --->   "%add_ln159_5 = add i12 %sub_ln159_1, i12 9" [firmware/nnet_utils/nnet_activation.h:159]   --->   Operation 116 'add' 'add_ln159_5' <Predicate = true> <Delay = 0.80> <CoreInst = "Adder">   --->   Core 1 'Adder' <Latency = 0> <II = 1> <Delay = 0.80> <FuncUnit> <Opcode : 'add' 'sub'> <InPorts = 2> <OutPorts = 1>
ST_19 : Operation 117 [1/1] (0.80ns)   --->   "%icmp_ln159_7 = icmp_slt  i12 %add_ln159_4, i12 54" [firmware/nnet_utils/nnet_activation.h:159]   --->   Operation 117 'icmp' 'icmp_ln159_7' <Predicate = true> <Delay = 0.80> <CoreInst = "Cmp">   --->   Core 9 'Cmp' <Latency = 0> <II = 1> <Delay = 0.80> <FuncUnit> <Opcode : 'seteq' 'setne' 'setle' 'setge' 'setlt' 'setgt'> <InPorts = 2> <OutPorts = 1>
ST_19 : Operation 118 [1/1] (0.00ns)   --->   "%tmp_12 = bitselect i1 @_ssdm_op_BitSelect.i1.i12.i32, i12 %add_ln159_4, i32 11" [firmware/nnet_utils/nnet_activation.h:159]   --->   Operation 118 'bitselect' 'tmp_12' <Predicate = true> <Delay = 0.00>
ST_19 : Operation 119 [1/1] (0.80ns)   --->   "%icmp_ln159_8 = icmp_ult  i12 %add_ln159_4, i12 54" [firmware/nnet_utils/nnet_activation.h:159]   --->   Operation 119 'icmp' 'icmp_ln159_8' <Predicate = true> <Delay = 0.80> <CoreInst = "Cmp">   --->   Core 9 'Cmp' <Latency = 0> <II = 1> <Delay = 0.80> <FuncUnit> <Opcode : 'seteq' 'setne' 'setle' 'setge' 'setlt' 'setgt'> <InPorts = 2> <OutPorts = 1>
ST_19 : Operation 120 [1/1] (0.65ns)   --->   "%tobool134_i = bitselect i1 @_ssdm_op_BitSelect.i1.i54.i32, i54 %select_ln159, i32 %sext_ln159_2" [firmware/nnet_utils/nnet_activation.h:159]   --->   Operation 120 'bitselect' 'tobool134_i' <Predicate = true> <Delay = 0.65> <CoreInst = "BitSelector">   --->   Core 153 'BitSelector' <Latency = 0> <II = 1> <Delay = 0.65> <FuncUnit> <Opcode : 'bitselect'> <InPorts = 2> <OutPorts = 1>
ST_19 : Operation 121 [1/1] (0.28ns)   --->   "%lD_0_i = and i1 %icmp_ln159_8, i1 %tobool134_i" [firmware/nnet_utils/nnet_activation.h:159]   --->   Operation 121 'and' 'lD_0_i' <Predicate = true> <Delay = 0.28> <CoreInst = "LogicGate">   --->   Core 74 'LogicGate' <Latency = 0> <II = 1> <Delay = 0.28> <FuncUnit> <Opcode : 'and' 'or' 'xor'> <InPorts = 2> <OutPorts = 1>
ST_19 : Operation 122 [1/1] (0.00ns)   --->   "%trunc_ln159_8 = trunc i12 %add_ln159_5" [firmware/nnet_utils/nnet_activation.h:159]   --->   Operation 122 'trunc' 'trunc_ln159_8' <Predicate = true> <Delay = 0.00>

State 20 <SV = 19> <Delay = 3.60>
ST_20 : Operation 123 [1/1] (0.79ns)   --->   "%icmp_ln159_3 = icmp_ult  i11 %select_ln159_1, i11 54" [firmware/nnet_utils/nnet_activation.h:159]   --->   Operation 123 'icmp' 'icmp_ln159_3' <Predicate = true> <Delay = 0.79> <CoreInst = "Cmp">   --->   Core 9 'Cmp' <Latency = 0> <II = 1> <Delay = 0.79> <FuncUnit> <Opcode : 'seteq' 'setne' 'setle' 'setge' 'setlt' 'setgt'> <InPorts = 2> <OutPorts = 1>
ST_20 : Operation 124 [1/1] (0.00ns) (grouped into LUT with out node select_ln159_2)   --->   "%select_ln159_5 = select i1 %tmp_5, i18 262143, i18 0" [firmware/nnet_utils/nnet_activation.h:159]   --->   Operation 124 'select' 'select_ln159_5' <Predicate = true> <Delay = 0.00> <CoreInst = "Sel">   --->   Core 73 'Sel' <Latency = 0> <II = 1> <Delay = 0.17> <FuncUnit> <Opcode : 'select'> <InPorts = 3> <OutPorts = 1>
ST_20 : Operation 125 [1/1] (0.00ns)   --->   "%zext_ln159_2 = zext i11 %select_ln159_1" [firmware/nnet_utils/nnet_activation.h:159]   --->   Operation 125 'zext' 'zext_ln159_2' <Predicate = true> <Delay = 0.00>
ST_20 : Operation 126 [1/1] (1.50ns)   --->   "%ashr_ln159 = ashr i54 %select_ln159, i54 %zext_ln159_2" [firmware/nnet_utils/nnet_activation.h:159]   --->   Operation 126 'ashr' 'ashr_ln159' <Predicate = true> <Delay = 1.50> <CoreInst = "Shifter">   --->   Core 75 'Shifter' <Latency = 0> <II = 1> <Delay = 1.50> <FuncUnit> <Opcode : 'shl' 'lshr' 'ashr'> <InPorts = 2> <OutPorts = 1>
ST_20 : Operation 127 [1/1] (0.00ns) (grouped into LUT with out node select_ln159_2)   --->   "%trunc_ln159_5 = trunc i54 %ashr_ln159" [firmware/nnet_utils/nnet_activation.h:159]   --->   Operation 127 'trunc' 'trunc_ln159_5' <Predicate = true> <Delay = 0.00>
ST_20 : Operation 128 [1/1] (0.36ns) (out node of the LUT)   --->   "%select_ln159_2 = select i1 %icmp_ln159_3, i18 %trunc_ln159_5, i18 %select_ln159_5" [firmware/nnet_utils/nnet_activation.h:159]   --->   Operation 128 'select' 'select_ln159_2' <Predicate = true> <Delay = 0.36> <CoreInst = "Sel">   --->   Core 73 'Sel' <Latency = 0> <II = 1> <Delay = 0.36> <FuncUnit> <Opcode : 'select'> <InPorts = 3> <OutPorts = 1>
ST_20 : Operation 129 [1/1] (0.79ns)   --->   "%icmp_ln159_5 = icmp_ult  i11 %select_ln159_1, i11 18" [firmware/nnet_utils/nnet_activation.h:159]   --->   Operation 129 'icmp' 'icmp_ln159_5' <Predicate = true> <Delay = 0.79> <CoreInst = "Cmp">   --->   Core 9 'Cmp' <Latency = 0> <II = 1> <Delay = 0.79> <FuncUnit> <Opcode : 'seteq' 'setne' 'setle' 'setge' 'setlt' 'setgt'> <InPorts = 2> <OutPorts = 1>
ST_20 : Operation 130 [1/1] (0.00ns)   --->   "%select_ln159_1cast = zext i11 %select_ln159_1" [firmware/nnet_utils/nnet_activation.h:159]   --->   Operation 130 'zext' 'select_ln159_1cast' <Predicate = true> <Delay = 0.00>
ST_20 : Operation 131 [1/1] (1.21ns)   --->   "%shl_ln159 = shl i18 %trunc_ln159_4, i18 %select_ln159_1cast" [firmware/nnet_utils/nnet_activation.h:159]   --->   Operation 131 'shl' 'shl_ln159' <Predicate = true> <Delay = 1.21> <CoreInst = "Shifter">   --->   Core 75 'Shifter' <Latency = 0> <II = 1> <Delay = 1.21> <FuncUnit> <Opcode : 'shl' 'lshr' 'ashr'> <InPorts = 2> <OutPorts = 1>
ST_20 : Operation 132 [1/1] (0.36ns)   --->   "%select_ln159_3 = select i1 %icmp_ln159_5, i18 %shl_ln159, i18 0" [firmware/nnet_utils/nnet_activation.h:159]   --->   Operation 132 'select' 'select_ln159_3' <Predicate = true> <Delay = 0.36> <CoreInst = "Sel">   --->   Core 73 'Sel' <Latency = 0> <II = 1> <Delay = 0.36> <FuncUnit> <Opcode : 'select'> <InPorts = 3> <OutPorts = 1>
ST_20 : Operation 133 [1/1] (0.00ns) (grouped into LUT with out node add_ln159_2)   --->   "%cond64_i = select i1 %icmp_ln159_4, i1 %tmp_5, i1 %tmp_7" [firmware/nnet_utils/nnet_activation.h:159]   --->   Operation 133 'select' 'cond64_i' <Predicate = true> <Delay = 0.00> <CoreInst = "Sel">   --->   Core 73 'Sel' <Latency = 0> <II = 1> <Delay = 0.17> <FuncUnit> <Opcode : 'select'> <InPorts = 3> <OutPorts = 1>
ST_20 : Operation 134 [1/1] (0.00ns) (grouped into LUT with out node carry_1_i)   --->   "%tmp_8 = bitselect i1 @_ssdm_op_BitSelect.i1.i18.i32, i18 %select_ln159_2, i32 17" [firmware/nnet_utils/nnet_activation.h:159]   --->   Operation 134 'bitselect' 'tmp_8' <Predicate = true> <Delay = 0.00>
ST_20 : Operation 135 [1/1] (0.00ns) (grouped into LUT with out node add_ln159_2)   --->   "%zext_ln159_3 = zext i1 %cond64_i" [firmware/nnet_utils/nnet_activation.h:159]   --->   Operation 135 'zext' 'zext_ln159_3' <Predicate = true> <Delay = 0.00>
ST_20 : Operation 136 [1/1] (0.87ns) (out node of the LUT)   --->   "%add_ln159_2 = add i18 %select_ln159_2, i18 %zext_ln159_3" [firmware/nnet_utils/nnet_activation.h:159]   --->   Operation 136 'add' 'add_ln159_2' <Predicate = true> <Delay = 0.87> <CoreInst = "Adder">   --->   Core 1 'Adder' <Latency = 0> <II = 1> <Delay = 0.87> <FuncUnit> <Opcode : 'add' 'sub'> <InPorts = 2> <OutPorts = 1>
ST_20 : Operation 137 [1/1] (0.00ns) (grouped into LUT with out node carry_1_i)   --->   "%tmp_9 = bitselect i1 @_ssdm_op_BitSelect.i1.i18.i32, i18 %add_ln159_2, i32 17" [firmware/nnet_utils/nnet_activation.h:159]   --->   Operation 137 'bitselect' 'tmp_9' <Predicate = true> <Delay = 0.00>
ST_20 : Operation 138 [1/1] (0.00ns) (grouped into LUT with out node carry_1_i)   --->   "%xor_ln159 = xor i1 %tmp_9, i1 1" [firmware/nnet_utils/nnet_activation.h:159]   --->   Operation 138 'xor' 'xor_ln159' <Predicate = true> <Delay = 0.00> <CoreInst = "LogicGate">   --->   Core 74 'LogicGate' <Latency = 0> <II = 1> <Delay = 0.28> <FuncUnit> <Opcode : 'and' 'or' 'xor'> <InPorts = 2> <OutPorts = 1>
ST_20 : Operation 139 [1/1] (0.00ns) (grouped into LUT with out node and_ln159_9)   --->   "%xor_ln159_2 = xor i1 %icmp_ln159_2, i1 1" [firmware/nnet_utils/nnet_activation.h:159]   --->   Operation 139 'xor' 'xor_ln159_2' <Predicate = true> <Delay = 0.00> <CoreInst = "LogicGate">   --->   Core 74 'LogicGate' <Latency = 0> <II = 1> <Delay = 0.28> <FuncUnit> <Opcode : 'and' 'or' 'xor'> <InPorts = 2> <OutPorts = 1>
ST_20 : Operation 140 [1/1] (0.28ns) (out node of the LUT)   --->   "%and_ln159_9 = and i1 %icmp_ln159_1, i1 %xor_ln159_2" [firmware/nnet_utils/nnet_activation.h:159]   --->   Operation 140 'and' 'and_ln159_9' <Predicate = true> <Delay = 0.28> <CoreInst = "LogicGate">   --->   Core 74 'LogicGate' <Latency = 0> <II = 1> <Delay = 0.28> <FuncUnit> <Opcode : 'and' 'or' 'xor'> <InPorts = 2> <OutPorts = 1>
ST_20 : Operation 141 [1/1] (0.00ns) (grouped into LUT with out node carry_1_i)   --->   "%and_ln159_10 = and i1 %and_ln159_9, i1 %tmp_8" [firmware/nnet_utils/nnet_activation.h:159]   --->   Operation 141 'and' 'and_ln159_10' <Predicate = true> <Delay = 0.00> <CoreInst = "LogicGate">   --->   Core 74 'LogicGate' <Latency = 0> <II = 1> <Delay = 0.28> <FuncUnit> <Opcode : 'and' 'or' 'xor'> <InPorts = 2> <OutPorts = 1>
ST_20 : Operation 142 [1/1] (0.28ns) (out node of the LUT)   --->   "%carry_1_i = and i1 %and_ln159_10, i1 %xor_ln159" [firmware/nnet_utils/nnet_activation.h:159]   --->   Operation 142 'and' 'carry_1_i' <Predicate = true> <Delay = 0.28> <CoreInst = "LogicGate">   --->   Core 74 'LogicGate' <Latency = 0> <II = 1> <Delay = 0.28> <FuncUnit> <Opcode : 'and' 'or' 'xor'> <InPorts = 2> <OutPorts = 1>
ST_20 : Operation 143 [1/1] (0.28ns)   --->   "%xor_ln159_9 = xor i1 %tmp_12, i1 1" [firmware/nnet_utils/nnet_activation.h:159]   --->   Operation 143 'xor' 'xor_ln159_9' <Predicate = true> <Delay = 0.28> <CoreInst = "LogicGate">   --->   Core 74 'LogicGate' <Latency = 0> <II = 1> <Delay = 0.28> <FuncUnit> <Opcode : 'and' 'or' 'xor'> <InPorts = 2> <OutPorts = 1>
ST_20 : Operation 144 [1/1] (0.80ns)   --->   "%icmp_ln159_9 = icmp_slt  i12 %add_ln159_5, i12 54" [firmware/nnet_utils/nnet_activation.h:159]   --->   Operation 144 'icmp' 'icmp_ln159_9' <Predicate = true> <Delay = 0.80> <CoreInst = "Cmp">   --->   Core 9 'Cmp' <Latency = 0> <II = 1> <Delay = 0.80> <FuncUnit> <Opcode : 'seteq' 'setne' 'setle' 'setge' 'setlt' 'setgt'> <InPorts = 2> <OutPorts = 1>
ST_20 : Operation 145 [1/1] (0.80ns)   --->   "%icmp_ln159_10 = icmp_ult  i12 %add_ln159_5, i12 54" [firmware/nnet_utils/nnet_activation.h:159]   --->   Operation 145 'icmp' 'icmp_ln159_10' <Predicate = true> <Delay = 0.80> <CoreInst = "Cmp">   --->   Core 9 'Cmp' <Latency = 0> <II = 1> <Delay = 0.80> <FuncUnit> <Opcode : 'seteq' 'setne' 'setle' 'setge' 'setlt' 'setgt'> <InPorts = 2> <OutPorts = 1>
ST_20 : Operation 146 [1/1] (0.00ns)   --->   "%zext_ln159_6 = zext i6 %trunc_ln159_8" [firmware/nnet_utils/nnet_activation.h:159]   --->   Operation 146 'zext' 'zext_ln159_6' <Predicate = true> <Delay = 0.00>
ST_20 : Operation 147 [1/1] (1.50ns)   --->   "%lshr_ln159 = lshr i54 %select_ln159, i54 %zext_ln159_6" [firmware/nnet_utils/nnet_activation.h:159]   --->   Operation 147 'lshr' 'lshr_ln159' <Predicate = true> <Delay = 1.50> <CoreInst = "Shifter">   --->   Core 75 'Shifter' <Latency = 0> <II = 1> <Delay = 1.50> <FuncUnit> <Opcode : 'shl' 'lshr' 'ashr'> <InPorts = 2> <OutPorts = 1>
ST_20 : Operation 148 [1/1] (0.73ns)   --->   "%lshr_ln159_1 = lshr i54 18014398509481983, i54 %zext_ln159_6" [firmware/nnet_utils/nnet_activation.h:159]   --->   Operation 148 'lshr' 'lshr_ln159_1' <Predicate = true> <Delay = 0.73> <CoreInst = "Shifter">   --->   Core 75 'Shifter' <Latency = 0> <II = 1> <Delay = 1.50> <FuncUnit> <Opcode : 'shl' 'lshr' 'ashr'> <InPorts = 2> <OutPorts = 1>
ST_20 : Operation 149 [1/1] (1.09ns)   --->   "%icmp_ln159_11 = icmp_eq  i54 %lshr_ln159, i54 %lshr_ln159_1" [firmware/nnet_utils/nnet_activation.h:159]   --->   Operation 149 'icmp' 'icmp_ln159_11' <Predicate = true> <Delay = 1.09> <CoreInst = "Cmp">   --->   Core 9 'Cmp' <Latency = 0> <II = 1> <Delay = 1.09> <FuncUnit> <Opcode : 'seteq' 'setne' 'setle' 'setge' 'setlt' 'setgt'> <InPorts = 2> <OutPorts = 1>
ST_20 : Operation 150 [1/1] (0.00ns) (grouped into LUT with out node Range2_all_ones_1_i)   --->   "%tmp_13 = bitselect i1 @_ssdm_op_BitSelect.i1.i12.i32, i12 %add_ln159_5, i32 11" [firmware/nnet_utils/nnet_activation.h:159]   --->   Operation 150 'bitselect' 'tmp_13' <Predicate = true> <Delay = 0.00>
ST_20 : Operation 151 [1/1] (0.00ns) (grouped into LUT with out node Range2_all_ones_1_i)   --->   "%xor_ln159_10 = xor i1 %tmp_13, i1 1" [firmware/nnet_utils/nnet_activation.h:159]   --->   Operation 151 'xor' 'xor_ln159_10' <Predicate = true> <Delay = 0.00> <CoreInst = "LogicGate">   --->   Core 74 'LogicGate' <Latency = 0> <II = 1> <Delay = 0.28> <FuncUnit> <Opcode : 'and' 'or' 'xor'> <InPorts = 2> <OutPorts = 1>
ST_20 : Operation 152 [1/1] (0.28ns) (out node of the LUT)   --->   "%Range2_all_ones_1_i = select i1 %icmp_ln159_10, i1 %icmp_ln159_11, i1 %xor_ln159_10" [firmware/nnet_utils/nnet_activation.h:159]   --->   Operation 152 'select' 'Range2_all_ones_1_i' <Predicate = true> <Delay = 0.28> <CoreInst = "Sel">   --->   Core 73 'Sel' <Latency = 0> <II = 1> <Delay = 0.17> <FuncUnit> <Opcode : 'select'> <InPorts = 3> <OutPorts = 1>
ST_20 : Operation 153 [1/1] (0.28ns)   --->   "%and_ln159_1 = and i1 %icmp_ln159_9, i1 %xor_ln159_9" [firmware/nnet_utils/nnet_activation.h:159]   --->   Operation 153 'and' 'and_ln159_1' <Predicate = true> <Delay = 0.28> <CoreInst = "LogicGate">   --->   Core 74 'LogicGate' <Latency = 0> <II = 1> <Delay = 0.28> <FuncUnit> <Opcode : 'and' 'or' 'xor'> <InPorts = 2> <OutPorts = 1>
ST_20 : Operation 154 [1/1] (0.28ns)   --->   "%and_ln159_2 = and i1 %Range2_all_ones_1_i, i1 %lD_0_i" [firmware/nnet_utils/nnet_activation.h:159]   --->   Operation 154 'and' 'and_ln159_2' <Predicate = true> <Delay = 0.28> <CoreInst = "LogicGate">   --->   Core 74 'LogicGate' <Latency = 0> <II = 1> <Delay = 0.28> <FuncUnit> <Opcode : 'and' 'or' 'xor'> <InPorts = 2> <OutPorts = 1>
ST_20 : Operation 155 [1/1] (0.28ns)   --->   "%xor_ln159_1 = xor i1 %lD_0_i, i1 1" [firmware/nnet_utils/nnet_activation.h:159]   --->   Operation 155 'xor' 'xor_ln159_1' <Predicate = true> <Delay = 0.28> <CoreInst = "LogicGate">   --->   Core 74 'LogicGate' <Latency = 0> <II = 1> <Delay = 0.28> <FuncUnit> <Opcode : 'and' 'or' 'xor'> <InPorts = 2> <OutPorts = 1>
ST_20 : Operation 156 [1/1] (1.09ns)   --->   "%icmp_ln159_12 = icmp_eq  i54 %lshr_ln159, i54 0" [firmware/nnet_utils/nnet_activation.h:159]   --->   Operation 156 'icmp' 'icmp_ln159_12' <Predicate = true> <Delay = 1.09> <CoreInst = "Cmp">   --->   Core 9 'Cmp' <Latency = 0> <II = 1> <Delay = 1.09> <FuncUnit> <Opcode : 'seteq' 'setne' 'setle' 'setge' 'setlt' 'setgt'> <InPorts = 2> <OutPorts = 1>
ST_20 : Operation 157 [1/1] (0.28ns)   --->   "%and_ln159_3 = and i1 %icmp_ln159_12, i1 %xor_ln159_1" [firmware/nnet_utils/nnet_activation.h:159]   --->   Operation 157 'and' 'and_ln159_3' <Predicate = true> <Delay = 0.28> <CoreInst = "LogicGate">   --->   Core 74 'LogicGate' <Latency = 0> <II = 1> <Delay = 0.28> <FuncUnit> <Opcode : 'and' 'or' 'xor'> <InPorts = 2> <OutPorts = 1>
ST_20 : Operation 158 [1/1] (0.80ns)   --->   "%icmp_ln159_13 = icmp_eq  i12 %add_ln159_5, i12 54" [firmware/nnet_utils/nnet_activation.h:159]   --->   Operation 158 'icmp' 'icmp_ln159_13' <Predicate = true> <Delay = 0.80> <CoreInst = "Cmp">   --->   Core 9 'Cmp' <Latency = 0> <II = 1> <Delay = 0.80> <FuncUnit> <Opcode : 'seteq' 'setne' 'setle' 'setge' 'setlt' 'setgt'> <InPorts = 2> <OutPorts = 1>
ST_20 : Operation 159 [1/1] (1.09ns)   --->   "%icmp_ln159_14 = icmp_eq  i54 %select_ln159, i54 0" [firmware/nnet_utils/nnet_activation.h:159]   --->   Operation 159 'icmp' 'icmp_ln159_14' <Predicate = true> <Delay = 1.09> <CoreInst = "Cmp">   --->   Core 9 'Cmp' <Latency = 0> <II = 1> <Delay = 1.09> <FuncUnit> <Opcode : 'seteq' 'setne' 'setle' 'setge' 'setlt' 'setgt'> <InPorts = 2> <OutPorts = 1>
ST_20 : Operation 160 [1/1] (0.28ns)   --->   "%or_ln159 = or i1 %icmp_ln159_14, i1 %xor_ln159_9" [firmware/nnet_utils/nnet_activation.h:159]   --->   Operation 160 'or' 'or_ln159' <Predicate = true> <Delay = 0.28> <CoreInst = "LogicGate">   --->   Core 74 'LogicGate' <Latency = 0> <II = 1> <Delay = 0.28> <FuncUnit> <Opcode : 'and' 'or' 'xor'> <InPorts = 2> <OutPorts = 1>
ST_20 : Operation 161 [1/1] (0.00ns) (grouped into LUT with out node and_ln159_11)   --->   "%xor_ln159_11 = xor i1 %icmp_ln159_9, i1 1" [firmware/nnet_utils/nnet_activation.h:159]   --->   Operation 161 'xor' 'xor_ln159_11' <Predicate = true> <Delay = 0.00> <CoreInst = "LogicGate">   --->   Core 74 'LogicGate' <Latency = 0> <II = 1> <Delay = 0.28> <FuncUnit> <Opcode : 'and' 'or' 'xor'> <InPorts = 2> <OutPorts = 1>
ST_20 : Operation 162 [1/1] (0.00ns) (grouped into LUT with out node and_ln159_11)   --->   "%or_ln159_5 = or i1 %tmp_12, i1 %xor_ln159_11" [firmware/nnet_utils/nnet_activation.h:159]   --->   Operation 162 'or' 'or_ln159_5' <Predicate = true> <Delay = 0.00> <CoreInst = "LogicGate">   --->   Core 74 'LogicGate' <Latency = 0> <II = 1> <Delay = 0.28> <FuncUnit> <Opcode : 'and' 'or' 'xor'> <InPorts = 2> <OutPorts = 1>
ST_20 : Operation 163 [1/1] (0.28ns) (out node of the LUT)   --->   "%and_ln159_11 = and i1 %icmp_ln159_13, i1 %or_ln159_5" [firmware/nnet_utils/nnet_activation.h:159]   --->   Operation 163 'and' 'and_ln159_11' <Predicate = true> <Delay = 0.28> <CoreInst = "LogicGate">   --->   Core 74 'LogicGate' <Latency = 0> <II = 1> <Delay = 0.28> <FuncUnit> <Opcode : 'and' 'or' 'xor'> <InPorts = 2> <OutPorts = 1>
ST_20 : Operation 164 [1/1] (0.00ns)   --->   "%sel_tmp = bitconcatenate i2 @_ssdm_op_BitConcatenate.i2.i1.i1, i1 %and_ln159_1, i1 %and_ln159_11" [firmware/nnet_utils/nnet_activation.h:159]   --->   Operation 164 'bitconcatenate' 'sel_tmp' <Predicate = true> <Delay = 0.00>
ST_20 : Operation 165 [1/1] (0.42ns)   --->   "%Range1_all_ones_2_i = sparsemux i1 @_ssdm_op_SparseMux.ap_auto.3i1.i1.i2, i2 2, i1 %and_ln159_2, i2 1, i1 %lD_0_i, i2 0, i1 %xor_ln159_9, i1 0, i2 %sel_tmp" [firmware/nnet_utils/nnet_activation.h:159]   --->   Operation 165 'sparsemux' 'Range1_all_ones_2_i' <Predicate = true> <Delay = 0.42> <CoreInst = "OneHotSparseMux_HasDef">   --->   Core 152 'OneHotSparseMux_HasDef' <Latency = 0> <II = 1> <Delay = 0.42> <FuncUnit> <Opcode : 'sparsemux'> <InPorts = 2> <OutPorts = 1>
ST_20 : Operation 166 [1/1] (0.42ns)   --->   "%Range1_all_zeros_2_i = sparsemux i1 @_ssdm_op_SparseMux.ap_auto.3i1.i1.i2, i2 2, i1 %and_ln159_3, i2 1, i1 %xor_ln159_1, i2 0, i1 %or_ln159, i1 0, i2 %sel_tmp" [firmware/nnet_utils/nnet_activation.h:159]   --->   Operation 166 'sparsemux' 'Range1_all_zeros_2_i' <Predicate = true> <Delay = 0.42> <CoreInst = "OneHotSparseMux_HasDef">   --->   Core 152 'OneHotSparseMux_HasDef' <Latency = 0> <II = 1> <Delay = 0.42> <FuncUnit> <Opcode : 'sparsemux'> <InPorts = 2> <OutPorts = 1>
ST_20 : Operation 205 [1/1] (0.42ns)   --->   "%ret_ln162 = ret" [firmware/nnet_utils/nnet_activation.h:162]   --->   Operation 205 'ret' 'ret_ln162' <Predicate = (icmp_ln151)> <Delay = 0.42>

State 21 <SV = 20> <Delay = 2.81>
ST_21 : Operation 167 [1/1] (0.00ns)   --->   "%zext_ln151 = zext i11 %i_1" [firmware/nnet_utils/nnet_activation.h:151]   --->   Operation 167 'zext' 'zext_ln151' <Predicate = true> <Delay = 0.00>
ST_21 : Operation 168 [1/1] (0.00ns)   --->   "%specpipeline_ln151 = specpipeline void @_ssdm_op_SpecPipeline, i32 4294967295, i32 0, i32 0, i32 0, void @empty_3" [firmware/nnet_utils/nnet_activation.h:151]   --->   Operation 168 'specpipeline' 'specpipeline_ln151' <Predicate = true> <Delay = 0.00>
ST_21 : Operation 169 [1/1] (0.00ns)   --->   "%speclooptripcount_ln151 = speclooptripcount void @_ssdm_op_SpecLoopTripCount, i64 1024, i64 1024, i64 1024" [firmware/nnet_utils/nnet_activation.h:151]   --->   Operation 169 'speclooptripcount' 'speclooptripcount_ln151' <Predicate = true> <Delay = 0.00>
ST_21 : Operation 170 [1/1] (0.00ns)   --->   "%specloopname_ln151 = specloopname void @_ssdm_op_SpecLoopName, void @empty_1" [firmware/nnet_utils/nnet_activation.h:151]   --->   Operation 170 'specloopname' 'specloopname_ln151' <Predicate = true> <Delay = 0.00>
ST_21 : Operation 171 [1/1] (0.00ns)   --->   "%sel_tmp3 = bitconcatenate i2 @_ssdm_op_BitConcatenate.i2.i1.i1, i1 %icmp_ln159_2, i1 %and_ln159_9" [firmware/nnet_utils/nnet_activation.h:159]   --->   Operation 171 'bitconcatenate' 'sel_tmp3' <Predicate = true> <Delay = 0.00>
ST_21 : Operation 172 [1/1] (0.42ns)   --->   "%ref_tmp_i_i = sparsemux i18 @_ssdm_op_SparseMux.ap_auto.3i18.i18.i2, i2 2, i18 %trunc_ln159_4, i2 1, i18 %add_ln159_2, i2 0, i18 %select_ln159_3, i18 0, i2 %sel_tmp3" [firmware/nnet_utils/nnet_activation.h:159]   --->   Operation 172 'sparsemux' 'ref_tmp_i_i' <Predicate = true> <Delay = 0.42> <CoreInst = "OneHotSparseMux_HasDef">   --->   Core 152 'OneHotSparseMux_HasDef' <Latency = 0> <II = 1> <Delay = 0.42> <FuncUnit> <Opcode : 'sparsemux'> <InPorts = 2> <OutPorts = 1>
ST_21 : Operation 173 [1/1] (0.00ns) (grouped into LUT with out node exp_x)   --->   "%trunc_ln159_7 = trunc i18 %ref_tmp_i_i" [firmware/nnet_utils/nnet_activation.h:159]   --->   Operation 173 'trunc' 'trunc_ln159_7' <Predicate = true> <Delay = 0.00>
ST_21 : Operation 174 [1/1] (0.00ns)   --->   "%tmp_11 = bitselect i1 @_ssdm_op_BitSelect.i1.i18.i32, i18 %ref_tmp_i_i, i32 17" [firmware/nnet_utils/nnet_activation.h:159]   --->   Operation 174 'bitselect' 'tmp_11' <Predicate = true> <Delay = 0.00>
ST_21 : Operation 175 [1/1] (0.00ns) (grouped into LUT with out node neg_src_0_i)   --->   "%and_ln159 = and i1 %tmp_5, i1 %tmp_11" [firmware/nnet_utils/nnet_activation.h:159]   --->   Operation 175 'and' 'and_ln159' <Predicate = true> <Delay = 0.00> <CoreInst = "LogicGate">   --->   Core 74 'LogicGate' <Latency = 0> <II = 1> <Delay = 0.28> <FuncUnit> <Opcode : 'and' 'or' 'xor'> <InPorts = 2> <OutPorts = 1>
ST_21 : Operation 176 [1/1] (0.00ns) (grouped into LUT with out node and_ln159_6)   --->   "%select_ln159_4 = select i1 %carry_1_i, i1 %Range1_all_ones_2_i, i1 %Range1_all_zeros_2_i" [firmware/nnet_utils/nnet_activation.h:159]   --->   Operation 176 'select' 'select_ln159_4' <Predicate = true> <Delay = 0.00> <CoreInst = "Sel">   --->   Core 73 'Sel' <Latency = 0> <II = 1> <Delay = 0.17> <FuncUnit> <Opcode : 'select'> <InPorts = 3> <OutPorts = 1>
ST_21 : Operation 177 [1/1] (0.00ns) (grouped into LUT with out node deleted_ones_0_i)   --->   "%or_ln159_1 = or i1 %tmp_12, i1 %xor_ln159_1" [firmware/nnet_utils/nnet_activation.h:159]   --->   Operation 177 'or' 'or_ln159_1' <Predicate = true> <Delay = 0.00> <CoreInst = "LogicGate">   --->   Core 74 'LogicGate' <Latency = 0> <II = 1> <Delay = 0.28> <FuncUnit> <Opcode : 'and' 'or' 'xor'> <InPorts = 2> <OutPorts = 1>
ST_21 : Operation 178 [1/1] (0.00ns) (grouped into LUT with out node deleted_ones_0_i)   --->   "%and_ln159_4 = and i1 %Range2_all_ones_1_i, i1 %or_ln159_1" [firmware/nnet_utils/nnet_activation.h:159]   --->   Operation 178 'and' 'and_ln159_4' <Predicate = true> <Delay = 0.00> <CoreInst = "LogicGate">   --->   Core 74 'LogicGate' <Latency = 0> <II = 1> <Delay = 0.28> <FuncUnit> <Opcode : 'and' 'or' 'xor'> <InPorts = 2> <OutPorts = 1>
ST_21 : Operation 179 [1/1] (0.00ns) (grouped into LUT with out node deleted_ones_0_i)   --->   "%cond193_i = select i1 %carry_1_i, i1 %and_ln159_4, i1 %Range1_all_ones_2_i" [firmware/nnet_utils/nnet_activation.h:159]   --->   Operation 179 'select' 'cond193_i' <Predicate = true> <Delay = 0.00> <CoreInst = "Sel">   --->   Core 73 'Sel' <Latency = 0> <II = 1> <Delay = 0.17> <FuncUnit> <Opcode : 'select'> <InPorts = 3> <OutPorts = 1>
ST_21 : Operation 180 [1/1] (0.00ns) (grouped into LUT with out node neg_src_0_i)   --->   "%and_ln159_5 = and i1 %carry_1_i, i1 %Range1_all_ones_2_i" [firmware/nnet_utils/nnet_activation.h:159]   --->   Operation 180 'and' 'and_ln159_5' <Predicate = true> <Delay = 0.00> <CoreInst = "LogicGate">   --->   Core 74 'LogicGate' <Latency = 0> <II = 1> <Delay = 0.28> <FuncUnit> <Opcode : 'and' 'or' 'xor'> <InPorts = 2> <OutPorts = 1>
ST_21 : Operation 181 [1/1] (0.00ns) (grouped into LUT with out node neg_src_0_i)   --->   "%xor_ln159_4 = xor i1 %and_ln159_5, i1 1" [firmware/nnet_utils/nnet_activation.h:159]   --->   Operation 181 'xor' 'xor_ln159_4' <Predicate = true> <Delay = 0.00> <CoreInst = "LogicGate">   --->   Core 74 'LogicGate' <Latency = 0> <II = 1> <Delay = 0.28> <FuncUnit> <Opcode : 'and' 'or' 'xor'> <InPorts = 2> <OutPorts = 1>
ST_21 : Operation 182 [1/1] (0.28ns)   --->   "%not_icmp_ln159_749 = xor i1 %icmp_ln159_7, i1 1" [firmware/nnet_utils/nnet_activation.h:159]   --->   Operation 182 'xor' 'not_icmp_ln159_749' <Predicate = true> <Delay = 0.28> <CoreInst = "LogicGate">   --->   Core 74 'LogicGate' <Latency = 0> <II = 1> <Delay = 0.28> <FuncUnit> <Opcode : 'and' 'or' 'xor'> <InPorts = 2> <OutPorts = 1>
ST_21 : Operation 183 [1/1] (0.28ns) (out node of the LUT)   --->   "%deleted_ones_0_i = or i1 %cond193_i, i1 %not_icmp_ln159_749" [firmware/nnet_utils/nnet_activation.h:159]   --->   Operation 183 'or' 'deleted_ones_0_i' <Predicate = true> <Delay = 0.28> <CoreInst = "LogicGate">   --->   Core 74 'LogicGate' <Latency = 0> <II = 1> <Delay = 0.28> <FuncUnit> <Opcode : 'and' 'or' 'xor'> <InPorts = 2> <OutPorts = 1>
ST_21 : Operation 184 [1/1] (0.00ns) (grouped into LUT with out node neg_src_0_i)   --->   "%and_ln159_12 = and i1 %icmp_ln159_7, i1 %tmp_5" [firmware/nnet_utils/nnet_activation.h:159]   --->   Operation 184 'and' 'and_ln159_12' <Predicate = true> <Delay = 0.00> <CoreInst = "LogicGate">   --->   Core 74 'LogicGate' <Latency = 0> <II = 1> <Delay = 0.28> <FuncUnit> <Opcode : 'and' 'or' 'xor'> <InPorts = 2> <OutPorts = 1>
ST_21 : Operation 185 [1/1] (0.00ns) (grouped into LUT with out node neg_src_0_i)   --->   "%sel_tmp1 = bitconcatenate i2 @_ssdm_op_BitConcatenate.i2.i1.i1, i1 %not_icmp_ln159_749, i1 %and_ln159_12" [firmware/nnet_utils/nnet_activation.h:159]   --->   Operation 185 'bitconcatenate' 'sel_tmp1' <Predicate = true> <Delay = 0.00>
ST_21 : Operation 186 [1/1] (0.42ns) (out node of the LUT)   --->   "%neg_src_0_i = sparsemux i1 @_ssdm_op_SparseMux.ap_auto.3i1.i1.i2, i2 2, i1 %and_ln159, i2 1, i1 %xor_ln159_4, i2 0, i1 0, i1 0, i2 %sel_tmp1" [firmware/nnet_utils/nnet_activation.h:159]   --->   Operation 186 'sparsemux' 'neg_src_0_i' <Predicate = true> <Delay = 0.42> <CoreInst = "OneHotSparseMux_HasDef">   --->   Core 152 'OneHotSparseMux_HasDef' <Latency = 0> <II = 1> <Delay = 0.42> <FuncUnit> <Opcode : 'sparsemux'> <InPorts = 2> <OutPorts = 1>
ST_21 : Operation 187 [1/1] (0.00ns) (grouped into LUT with out node and_ln159_6)   --->   "%xor_ln159_5 = xor i1 %select_ln159_4, i1 1" [firmware/nnet_utils/nnet_activation.h:159]   --->   Operation 187 'xor' 'xor_ln159_5' <Predicate = true> <Delay = 0.00> <CoreInst = "LogicGate">   --->   Core 74 'LogicGate' <Latency = 0> <II = 1> <Delay = 0.28> <FuncUnit> <Opcode : 'and' 'or' 'xor'> <InPorts = 2> <OutPorts = 1>
ST_21 : Operation 188 [1/1] (0.00ns) (grouped into LUT with out node and_ln159_6)   --->   "%and_ln159_13 = and i1 %icmp_ln159_7, i1 %xor_ln159_5" [firmware/nnet_utils/nnet_activation.h:159]   --->   Operation 188 'and' 'and_ln159_13' <Predicate = true> <Delay = 0.00> <CoreInst = "LogicGate">   --->   Core 74 'LogicGate' <Latency = 0> <II = 1> <Delay = 0.28> <FuncUnit> <Opcode : 'and' 'or' 'xor'> <InPorts = 2> <OutPorts = 1>
ST_21 : Operation 189 [1/1] (0.00ns) (grouped into LUT with out node and_ln159_6)   --->   "%or_ln159_2 = or i1 %tmp_11, i1 %and_ln159_13" [firmware/nnet_utils/nnet_activation.h:159]   --->   Operation 189 'or' 'or_ln159_2' <Predicate = true> <Delay = 0.00> <CoreInst = "LogicGate">   --->   Core 74 'LogicGate' <Latency = 0> <II = 1> <Delay = 0.28> <FuncUnit> <Opcode : 'and' 'or' 'xor'> <InPorts = 2> <OutPorts = 1>
ST_21 : Operation 190 [1/1] (0.00ns) (grouped into LUT with out node and_ln159_6)   --->   "%xor_ln159_6 = xor i1 %tmp_5, i1 1" [firmware/nnet_utils/nnet_activation.h:159]   --->   Operation 190 'xor' 'xor_ln159_6' <Predicate = true> <Delay = 0.00> <CoreInst = "LogicGate">   --->   Core 74 'LogicGate' <Latency = 0> <II = 1> <Delay = 0.28> <FuncUnit> <Opcode : 'and' 'or' 'xor'> <InPorts = 2> <OutPorts = 1>
ST_21 : Operation 191 [1/1] (0.28ns) (out node of the LUT)   --->   "%and_ln159_6 = and i1 %or_ln159_2, i1 %xor_ln159_6" [firmware/nnet_utils/nnet_activation.h:159]   --->   Operation 191 'and' 'and_ln159_6' <Predicate = true> <Delay = 0.28> <CoreInst = "LogicGate">   --->   Core 74 'LogicGate' <Latency = 0> <II = 1> <Delay = 0.28> <FuncUnit> <Opcode : 'and' 'or' 'xor'> <InPorts = 2> <OutPorts = 1>
ST_21 : Operation 192 [1/1] (0.00ns) (grouped into LUT with out node xor_ln159_7)   --->   "%and_ln159_7 = and i1 %tmp_11, i1 %deleted_ones_0_i" [firmware/nnet_utils/nnet_activation.h:159]   --->   Operation 192 'and' 'and_ln159_7' <Predicate = true> <Delay = 0.00> <CoreInst = "LogicGate">   --->   Core 74 'LogicGate' <Latency = 0> <II = 1> <Delay = 0.28> <FuncUnit> <Opcode : 'and' 'or' 'xor'> <InPorts = 2> <OutPorts = 1>
ST_21 : Operation 193 [1/1] (0.28ns) (out node of the LUT)   --->   "%xor_ln159_7 = xor i1 %and_ln159_7, i1 1" [firmware/nnet_utils/nnet_activation.h:159]   --->   Operation 193 'xor' 'xor_ln159_7' <Predicate = true> <Delay = 0.28> <CoreInst = "LogicGate">   --->   Core 74 'LogicGate' <Latency = 0> <II = 1> <Delay = 0.28> <FuncUnit> <Opcode : 'and' 'or' 'xor'> <InPorts = 2> <OutPorts = 1>
ST_21 : Operation 194 [1/1] (0.00ns) (grouped into LUT with out node sel_tmp2)   --->   "%and_ln159_8 = and i1 %neg_src_0_i, i1 %xor_ln159_7" [firmware/nnet_utils/nnet_activation.h:159]   --->   Operation 194 'and' 'and_ln159_8' <Predicate = true> <Delay = 0.00> <CoreInst = "LogicGate">   --->   Core 74 'LogicGate' <Latency = 0> <II = 1> <Delay = 0.28> <FuncUnit> <Opcode : 'and' 'or' 'xor'> <InPorts = 2> <OutPorts = 1>
ST_21 : Operation 195 [1/1] (0.00ns) (grouped into LUT with out node sel_tmp2)   --->   "%or_ln159_3 = or i1 %and_ln159_8, i1 %and_ln159_6" [firmware/nnet_utils/nnet_activation.h:159]   --->   Operation 195 'or' 'or_ln159_3' <Predicate = true> <Delay = 0.00> <CoreInst = "LogicGate">   --->   Core 74 'LogicGate' <Latency = 0> <II = 1> <Delay = 0.28> <FuncUnit> <Opcode : 'and' 'or' 'xor'> <InPorts = 2> <OutPorts = 1>
ST_21 : Operation 196 [1/1] (0.00ns) (grouped into LUT with out node exp_x)   --->   "%select_ln159_6 = select i1 %and_ln159_6, i16 65535, i16 0" [firmware/nnet_utils/nnet_activation.h:159]   --->   Operation 196 'select' 'select_ln159_6' <Predicate = true> <Delay = 0.00> <CoreInst = "Sel">   --->   Core 73 'Sel' <Latency = 0> <II = 1> <Delay = 0.17> <FuncUnit> <Opcode : 'select'> <InPorts = 3> <OutPorts = 1>
ST_21 : Operation 197 [1/1] (0.00ns) (grouped into LUT with out node sel_tmp2)   --->   "%xor_ln159_8 = xor i1 %icmp_ln159, i1 1" [firmware/nnet_utils/nnet_activation.h:159]   --->   Operation 197 'xor' 'xor_ln159_8' <Predicate = true> <Delay = 0.00> <CoreInst = "LogicGate">   --->   Core 74 'LogicGate' <Latency = 0> <II = 1> <Delay = 0.28> <FuncUnit> <Opcode : 'and' 'or' 'xor'> <InPorts = 2> <OutPorts = 1>
ST_21 : Operation 198 [1/1] (0.00ns) (grouped into LUT with out node sel_tmp2)   --->   "%and_ln159_14 = and i1 %or_ln159_3, i1 %xor_ln159_8" [firmware/nnet_utils/nnet_activation.h:159]   --->   Operation 198 'and' 'and_ln159_14' <Predicate = true> <Delay = 0.00> <CoreInst = "LogicGate">   --->   Core 74 'LogicGate' <Latency = 0> <II = 1> <Delay = 0.28> <FuncUnit> <Opcode : 'and' 'or' 'xor'> <InPorts = 2> <OutPorts = 1>
ST_21 : Operation 199 [1/1] (0.00ns) (grouped into LUT with out node sel_tmp2)   --->   "%and_ln159_15 = and i1 %and_ln159_14, i1 %icmp_ln159_6" [firmware/nnet_utils/nnet_activation.h:159]   --->   Operation 199 'and' 'and_ln159_15' <Predicate = true> <Delay = 0.00> <CoreInst = "LogicGate">   --->   Core 74 'LogicGate' <Latency = 0> <II = 1> <Delay = 0.28> <FuncUnit> <Opcode : 'and' 'or' 'xor'> <InPorts = 2> <OutPorts = 1>
ST_21 : Operation 200 [1/1] (0.28ns) (out node of the LUT)   --->   "%sel_tmp2 = bitconcatenate i2 @_ssdm_op_BitConcatenate.i2.i1.i1, i1 %icmp_ln159, i1 %and_ln159_15" [firmware/nnet_utils/nnet_activation.h:159]   --->   Operation 200 'bitconcatenate' 'sel_tmp2' <Predicate = true> <Delay = 0.28>
ST_21 : Operation 201 [1/1] (0.42ns) (out node of the LUT)   --->   "%exp_x = sparsemux i16 @_ssdm_op_SparseMux.ap_auto.3i16.i16.i2, i2 2, i16 0, i2 1, i16 %select_ln159_6, i2 0, i16 %trunc_ln159_7, i16 0, i2 %sel_tmp2" [firmware/nnet_utils/nnet_activation.h:159]   --->   Operation 201 'sparsemux' 'exp_x' <Predicate = true> <Delay = 0.42> <CoreInst = "OneHotSparseMux_HasDef">   --->   Core 152 'OneHotSparseMux_HasDef' <Latency = 0> <II = 1> <Delay = 0.42> <FuncUnit> <Opcode : 'sparsemux'> <InPorts = 2> <OutPorts = 1>
ST_21 : Operation 202 [1/1] (0.00ns)   --->   "%table_out_addr = getelementptr i16 %table_out, i64 0, i64 %zext_ln151" [firmware/nnet_utils/nnet_activation.h:160]   --->   Operation 202 'getelementptr' 'table_out_addr' <Predicate = true> <Delay = 0.00>
ST_21 : Operation 203 [1/1] ( I:1.23ns O:1.23ns )   --->   "%store_ln160 = store i16 %exp_x, i10 %table_out_addr" [firmware/nnet_utils/nnet_activation.h:160]   --->   Operation 203 'store' 'store_ln160' <Predicate = true> <Delay = 1.23> <CoreInst = "RAM">   --->   Core 82 'RAM' <Latency = 1> <II = 1> <Delay = 1.23> <Storage> <Opcode : 'load' 'store'> <Ports = 2> <Width = 16> <Depth = 1024> <RAM>
ST_21 : Operation 204 [1/1] (0.00ns)   --->   "%br_ln151 = br void %for.body" [firmware/nnet_utils/nnet_activation.h:151]   --->   Operation 204 'br' 'br_ln151' <Predicate = true> <Delay = 0.00>


============================================================
+ Verbose Summary: Binding
============================================================
STG Binding: 
---------------- STG Properties BEGIN ----------------
- Is combinational: 0
- Is one-state seq: 0
- Is datapath-only: 0
- Is pipelined: 0
- Is top level: 0
Port [ Return ] is wired: 1; IO mode=ap_ctrl_hs:ce=0
Port [ table_out]:  wired=1; compound=1; hidden=0; nouse=0; global=0; static=0; extern=0; dir=1; type=1; pingpong=0; private_global=0; MemPort=[03]; IO mode=ap_memory:ce=0
---------------- STG Properties END ------------------

---------------- Datapath Model BEGIN ----------------

<LifeTime>
<method=bitvector/>
i                       (alloca           ) [ 0100000000000000000000]
store_ln151             (store            ) [ 0000000000000000000000]
br_ln151                (br               ) [ 0000000000000000000000]
i_1                     (load             ) [ 0111111111111111111111]
icmp_ln151              (icmp             ) [ 0111111111111111111110]
add_ln151               (add              ) [ 0000000000000000000000]
br_ln151                (br               ) [ 0000000000000000000000]
trunc_ln137             (trunc            ) [ 0000000000000000000000]
x                       (bitconcatenate   ) [ 0110000000000000000000]
tmp                     (ctlz             ) [ 0000000000000000000000]
trunc_ln138             (trunc            ) [ 0110000000000000000000]
sub_ln138               (sub              ) [ 0110000000000000000000]
add_ln138_1             (add              ) [ 0110000000000000000000]
sub_ln138_1             (sub              ) [ 0110000000000000000000]
store_ln151             (store            ) [ 0000000000000000000000]
icmp_ln138              (icmp             ) [ 0101000000000000000000]
add_ln138               (add              ) [ 0000000000000000000000]
sext_ln138              (sext             ) [ 0000000000000000000000]
tmp_1                   (bitselect        ) [ 0000000000000000000000]
xor_ln138               (xor              ) [ 0000000000000000000000]
tmp_2                   (bitselect        ) [ 0000000000000000000000]
phi_ln138_1             (and              ) [ 0000000000000000000000]
icmp_ln138_1            (icmp             ) [ 0000000000000000000000]
sext_ln138_1            (sext             ) [ 0000000000000000000000]
zext_ln138              (zext             ) [ 0000000000000000000000]
lshr_ln138              (lshr             ) [ 0000000000000000000000]
sext_ln138_2            (sext             ) [ 0000000000000000000000]
zext_ln138_1            (zext             ) [ 0000000000000000000000]
shl_ln138               (shl              ) [ 0000000000000000000000]
cond42_i_i_i_in         (select           ) [ 0000000000000000000000]
zext_ln138_2            (zext             ) [ 0000000000000000000000]
zext_ln138_3            (zext             ) [ 0000000000000000000000]
add_ln138_2             (add              ) [ 0000000000000000000000]
lshr_ln138_1            (partselect       ) [ 0000000000000000000000]
zext_ln138_4            (zext             ) [ 0000000000000000000000]
tmp_3                   (bitselect        ) [ 0000000000000000000000]
select_ln138            (select           ) [ 0000000000000000000000]
sub_ln138_2             (sub              ) [ 0000000000000000000000]
sext_ln138_3            (sext             ) [ 0000000000000000000000]
add_ln138_3             (add              ) [ 0000000000000000000000]
zext_ln138_5            (zext             ) [ 0000000000000000000000]
pi_assign               (partset          ) [ 0000000000000000000000]
trunc_ln157             (trunc            ) [ 0101000000000000000000]
xor_ln                  (bitconcatenate   ) [ 0000000000000000000000]
bitcast_ln157           (bitcast          ) [ 0000000000000000000000]
x_2                     (select           ) [ 0100111111111111100000]
tmp_4                   (fexp             ) [ 0100000000000000011000]
pf                      (fpext            ) [ 0000000000000000000000]
bitcast_ln716           (bitcast          ) [ 0000000000000000000000]
trunc_ln159             (trunc            ) [ 0000000000000000000000]
tmp_5                   (bitselect        ) [ 0100000000000000000111]
tmp_6                   (partselect       ) [ 0100000000000000000100]
trunc_ln159_1           (trunc            ) [ 0100000000000000000100]
icmp_ln159              (icmp             ) [ 0100000000000000000111]
zext_ln159              (zext             ) [ 0000000000000000000000]
zext_ln159_1_cast       (bitconcatenate   ) [ 0000000000000000000000]
zext_ln159_1            (zext             ) [ 0000000000000000000000]
sub_ln159               (sub              ) [ 0000000000000000000000]
select_ln159            (select           ) [ 0100000000000000000010]
sub_ln159_1             (sub              ) [ 0000000000000000000000]
trunc_ln159_2           (trunc            ) [ 0000000000000000000000]
icmp_ln159_1            (icmp             ) [ 0100000000000000000010]
add_ln159               (add              ) [ 0000000000000000000000]
trunc_ln159_3           (trunc            ) [ 0000000000000000000000]
sub_ln159_2             (sub              ) [ 0000000000000000000000]
select_ln159_1          (select           ) [ 0100000000000000000010]
icmp_ln159_2            (icmp             ) [ 0100000000000000000011]
trunc_ln159_4           (trunc            ) [ 0100000000000000000011]
icmp_ln159_4            (icmp             ) [ 0100000000000000000010]
add_ln159_1             (add              ) [ 0000000000000000000000]
zext_ln159_5            (zext             ) [ 0000000000000000000000]
tmp_7                   (bitselect        ) [ 0100000000000000000010]
or_ln159_4              (bitconcatenate   ) [ 0000000000000000000000]
sext_ln159_1            (sext             ) [ 0000000000000000000000]
add_ln159_3             (add              ) [ 0000000000000000000000]
tmp_10                  (partselect       ) [ 0000000000000000000000]
icmp_ln159_6            (icmp             ) [ 0100000000000000000011]
add_ln159_4             (add              ) [ 0000000000000000000000]
sext_ln159_2            (sext             ) [ 0000000000000000000000]
add_ln159_5             (add              ) [ 0100000000000000000010]
icmp_ln159_7            (icmp             ) [ 0100000000000000000011]
tmp_12                  (bitselect        ) [ 0100000000000000000011]
icmp_ln159_8            (icmp             ) [ 0000000000000000000000]
tobool134_i             (bitselect        ) [ 0000000000000000000000]
lD_0_i                  (and              ) [ 0100000000000000000010]
trunc_ln159_8           (trunc            ) [ 0100000000000000000010]
icmp_ln159_3            (icmp             ) [ 0000000000000000000000]
select_ln159_5          (select           ) [ 0000000000000000000000]
zext_ln159_2            (zext             ) [ 0000000000000000000000]
ashr_ln159              (ashr             ) [ 0000000000000000000000]
trunc_ln159_5           (trunc            ) [ 0000000000000000000000]
select_ln159_2          (select           ) [ 0000000000000000000000]
icmp_ln159_5            (icmp             ) [ 0000000000000000000000]
select_ln159_1cast      (zext             ) [ 0000000000000000000000]
shl_ln159               (shl              ) [ 0000000000000000000000]
select_ln159_3          (select           ) [ 0100000000000000000001]
cond64_i                (select           ) [ 0000000000000000000000]
tmp_8                   (bitselect        ) [ 0000000000000000000000]
zext_ln159_3            (zext             ) [ 0000000000000000000000]
add_ln159_2             (add              ) [ 0100000000000000000001]
tmp_9                   (bitselect        ) [ 0000000000000000000000]
xor_ln159               (xor              ) [ 0000000000000000000000]
xor_ln159_2             (xor              ) [ 0000000000000000000000]
and_ln159_9             (and              ) [ 0100000000000000000001]
and_ln159_10            (and              ) [ 0000000000000000000000]
carry_1_i               (and              ) [ 0100000000000000000001]
xor_ln159_9             (xor              ) [ 0000000000000000000000]
icmp_ln159_9            (icmp             ) [ 0000000000000000000000]
icmp_ln159_10           (icmp             ) [ 0000000000000000000000]
zext_ln159_6            (zext             ) [ 0000000000000000000000]
lshr_ln159              (lshr             ) [ 0000000000000000000000]
lshr_ln159_1            (lshr             ) [ 0000000000000000000000]
icmp_ln159_11           (icmp             ) [ 0000000000000000000000]
tmp_13                  (bitselect        ) [ 0000000000000000000000]
xor_ln159_10            (xor              ) [ 0000000000000000000000]
Range2_all_ones_1_i     (select           ) [ 0100000000000000000001]
and_ln159_1             (and              ) [ 0000000000000000000000]
and_ln159_2             (and              ) [ 0000000000000000000000]
xor_ln159_1             (xor              ) [ 0100000000000000000001]
icmp_ln159_12           (icmp             ) [ 0000000000000000000000]
and_ln159_3             (and              ) [ 0000000000000000000000]
icmp_ln159_13           (icmp             ) [ 0000000000000000000000]
icmp_ln159_14           (icmp             ) [ 0000000000000000000000]
or_ln159                (or               ) [ 0000000000000000000000]
xor_ln159_11            (xor              ) [ 0000000000000000000000]
or_ln159_5              (or               ) [ 0000000000000000000000]
and_ln159_11            (and              ) [ 0000000000000000000000]
sel_tmp                 (bitconcatenate   ) [ 0000000000000000000000]
Range1_all_ones_2_i     (sparsemux        ) [ 0100000000000000000001]
Range1_all_zeros_2_i    (sparsemux        ) [ 0100000000000000000001]
zext_ln151              (zext             ) [ 0000000000000000000000]
specpipeline_ln151      (specpipeline     ) [ 0000000000000000000000]
speclooptripcount_ln151 (speclooptripcount) [ 0000000000000000000000]
specloopname_ln151      (specloopname     ) [ 0000000000000000000000]
sel_tmp3                (bitconcatenate   ) [ 0000000000000000000000]
ref_tmp_i_i             (sparsemux        ) [ 0000000000000000000000]
trunc_ln159_7           (trunc            ) [ 0000000000000000000000]
tmp_11                  (bitselect        ) [ 0000000000000000000000]
and_ln159               (and              ) [ 0000000000000000000000]
select_ln159_4          (select           ) [ 0000000000000000000000]
or_ln159_1              (or               ) [ 0000000000000000000000]
and_ln159_4             (and              ) [ 0000000000000000000000]
cond193_i               (select           ) [ 0000000000000000000000]
and_ln159_5             (and              ) [ 0000000000000000000000]
xor_ln159_4             (xor              ) [ 0000000000000000000000]
not_icmp_ln159_749      (xor              ) [ 0000000000000000000000]
deleted_ones_0_i        (or               ) [ 0000000000000000000000]
and_ln159_12            (and              ) [ 0000000000000000000000]
sel_tmp1                (bitconcatenate   ) [ 0000000000000000000000]
neg_src_0_i             (sparsemux        ) [ 0000000000000000000000]
xor_ln159_5             (xor              ) [ 0000000000000000000000]
and_ln159_13            (and              ) [ 0000000000000000000000]
or_ln159_2              (or               ) [ 0000000000000000000000]
xor_ln159_6             (xor              ) [ 0000000000000000000000]
and_ln159_6             (and              ) [ 0000000000000000000000]
and_ln159_7             (and              ) [ 0000000000000000000000]
xor_ln159_7             (xor              ) [ 0000000000000000000000]
and_ln159_8             (and              ) [ 0000000000000000000000]
or_ln159_3              (or               ) [ 0000000000000000000000]
select_ln159_6          (select           ) [ 0000000000000000000000]
xor_ln159_8             (xor              ) [ 0000000000000000000000]
and_ln159_14            (and              ) [ 0000000000000000000000]
and_ln159_15            (and              ) [ 0000000000000000000000]
sel_tmp2                (bitconcatenate   ) [ 0000000000000000000000]
exp_x                   (sparsemux        ) [ 0000000000000000000000]
table_out_addr          (getelementptr    ) [ 0000000000000000000000]
store_ln160             (store            ) [ 0000000000000000000000]
br_ln151                (br               ) [ 0000000000000000000000]
ret_ln162               (ret              ) [ 0000000000000000000000]
</LifeTime>

<model>

<comp_list>
<comp id="0" class="1000" name="table_out">
<pin_list>
<pin id="1" dir="1" index="0" bw="1" slack="0"/>
</pin_list>
<bind>
<StgValue><ssdm name="table_out"/><MemPortTyVec>0 3 </MemPortTyVec>
</StgValue>
</bind>
</comp>

<comp id="2" class="1001" name="const_2">
<pin_list>
<pin id="3" dir="1" index="0" bw="1" slack="0"/>
</pin_list>
<bind>
<StgValue><ssdm name=""/></StgValue>
</bind>
</comp>

<comp id="4" class="1001" name="const_4">
<pin_list>
<pin id="5" dir="1" index="0" bw="1" slack="0"/>
</pin_list>
<bind>
<StgValue><ssdm name=""/></StgValue>
</bind>
</comp>

<comp id="6" class="1001" name="const_6">
<pin_list>
<pin id="7" dir="1" index="0" bw="1" slack="0"/>
</pin_list>
<bind>
<StgValue><ssdm name=""/></StgValue>
</bind>
</comp>

<comp id="8" class="1001" name="const_8">
<pin_list>
<pin id="9" dir="1" index="0" bw="1" slack="0"/>
</pin_list>
<bind>
<StgValue><ssdm name=""/></StgValue>
</bind>
</comp>

<comp id="10" class="1001" name="const_10">
<pin_list>
<pin id="11" dir="1" index="0" bw="1" slack="0"/>
</pin_list>
<bind>
<StgValue><ssdm name="_ssdm_op_BitConcatenate.i35.i10.i25"/></StgValue>
</bind>
</comp>

<comp id="12" class="1001" name="const_12">
<pin_list>
<pin id="13" dir="1" index="0" bw="1" slack="0"/>
</pin_list>
<bind>
<StgValue><ssdm name=""/></StgValue>
</bind>
</comp>

<comp id="14" class="1001" name="const_14">
<pin_list>
<pin id="15" dir="1" index="0" bw="1" slack="0"/>
</pin_list>
<bind>
<StgValue><ssdm name="llvm.ctlz.i35"/></StgValue>
</bind>
</comp>

<comp id="16" class="1001" name="const_16">
<pin_list>
<pin id="17" dir="1" index="0" bw="1" slack="0"/>
</pin_list>
<bind>
<StgValue><ssdm name=""/></StgValue>
</bind>
</comp>

<comp id="18" class="1001" name="const_18">
<pin_list>
<pin id="19" dir="1" index="0" bw="1" slack="0"/>
</pin_list>
<bind>
<StgValue><ssdm name=""/></StgValue>
</bind>
</comp>

<comp id="20" class="1001" name="const_20">
<pin_list>
<pin id="21" dir="1" index="0" bw="1" slack="0"/>
</pin_list>
<bind>
<StgValue><ssdm name=""/></StgValue>
</bind>
</comp>

<comp id="22" class="1001" name="const_22">
<pin_list>
<pin id="23" dir="1" index="0" bw="1" slack="0"/>
</pin_list>
<bind>
<StgValue><ssdm name=""/></StgValue>
</bind>
</comp>

<comp id="24" class="1001" name="const_24">
<pin_list>
<pin id="25" dir="1" index="0" bw="1" slack="0"/>
</pin_list>
<bind>
<StgValue><ssdm name=""/></StgValue>
</bind>
</comp>

<comp id="26" class="1001" name="const_26">
<pin_list>
<pin id="27" dir="1" index="0" bw="1" slack="0"/>
</pin_list>
<bind>
<StgValue><ssdm name=""/></StgValue>
</bind>
</comp>

<comp id="28" class="1001" name="const_28">
<pin_list>
<pin id="29" dir="1" index="0" bw="1" slack="0"/>
</pin_list>
<bind>
<StgValue><ssdm name="_ssdm_op_BitSelect.i1.i6.i32"/></StgValue>
</bind>
</comp>

<comp id="30" class="1001" name="const_30">
<pin_list>
<pin id="31" dir="1" index="0" bw="1" slack="0"/>
</pin_list>
<bind>
<StgValue><ssdm name=""/></StgValue>
</bind>
</comp>

<comp id="32" class="1001" name="const_32">
<pin_list>
<pin id="33" dir="1" index="0" bw="1" slack="0"/>
</pin_list>
<bind>
<StgValue><ssdm name=""/></StgValue>
</bind>
</comp>

<comp id="34" class="1001" name="const_34">
<pin_list>
<pin id="35" dir="1" index="0" bw="1" slack="0"/>
</pin_list>
<bind>
<StgValue><ssdm name="_ssdm_op_BitSelect.i1.i35.i32"/></StgValue>
</bind>
</comp>

<comp id="36" class="1001" name="const_36">
<pin_list>
<pin id="37" dir="1" index="0" bw="1" slack="0"/>
</pin_list>
<bind>
<StgValue><ssdm name=""/></StgValue>
</bind>
</comp>

<comp id="38" class="1001" name="const_38">
<pin_list>
<pin id="39" dir="1" index="0" bw="1" slack="0"/>
</pin_list>
<bind>
<StgValue><ssdm name="_ssdm_op_PartSelect.i35.i36.i32.i32"/></StgValue>
</bind>
</comp>

<comp id="40" class="1001" name="const_40">
<pin_list>
<pin id="41" dir="1" index="0" bw="1" slack="0"/>
</pin_list>
<bind>
<StgValue><ssdm name=""/></StgValue>
</bind>
</comp>

<comp id="42" class="1001" name="const_42">
<pin_list>
<pin id="43" dir="1" index="0" bw="1" slack="0"/>
</pin_list>
<bind>
<StgValue><ssdm name="_ssdm_op_BitSelect.i1.i36.i32"/></StgValue>
</bind>
</comp>

<comp id="44" class="1001" name="const_44">
<pin_list>
<pin id="45" dir="1" index="0" bw="1" slack="0"/>
</pin_list>
<bind>
<StgValue><ssdm name=""/></StgValue>
</bind>
</comp>

<comp id="46" class="1001" name="const_46">
<pin_list>
<pin id="47" dir="1" index="0" bw="1" slack="0"/>
</pin_list>
<bind>
<StgValue><ssdm name=""/></StgValue>
</bind>
</comp>

<comp id="48" class="1001" name="const_48">
<pin_list>
<pin id="49" dir="1" index="0" bw="1" slack="0"/>
</pin_list>
<bind>
<StgValue><ssdm name=""/></StgValue>
</bind>
</comp>

<comp id="50" class="1001" name="const_50">
<pin_list>
<pin id="51" dir="1" index="0" bw="1" slack="0"/>
</pin_list>
<bind>
<StgValue><ssdm name=""/></StgValue>
</bind>
</comp>

<comp id="52" class="1001" name="const_52">
<pin_list>
<pin id="53" dir="1" index="0" bw="1" slack="0"/>
</pin_list>
<bind>
<StgValue><ssdm name="_ssdm_op_PartSet.i64.i64.i9.i32.i32"/></StgValue>
</bind>
</comp>

<comp id="54" class="1001" name="const_54">
<pin_list>
<pin id="55" dir="1" index="0" bw="1" slack="0"/>
</pin_list>
<bind>
<StgValue><ssdm name=""/></StgValue>
</bind>
</comp>

<comp id="56" class="1001" name="const_56">
<pin_list>
<pin id="57" dir="1" index="0" bw="1" slack="0"/>
</pin_list>
<bind>
<StgValue><ssdm name=""/></StgValue>
</bind>
</comp>

<comp id="58" class="1001" name="const_58">
<pin_list>
<pin id="59" dir="1" index="0" bw="1" slack="0"/>
</pin_list>
<bind>
<StgValue><ssdm name="_ssdm_op_BitConcatenate.i32.i1.i31"/></StgValue>
</bind>
</comp>

<comp id="60" class="1001" name="const_60">
<pin_list>
<pin id="61" dir="1" index="0" bw="1" slack="0"/>
</pin_list>
<bind>
<StgValue><ssdm name=""/></StgValue>
</bind>
</comp>

<comp id="62" class="1001" name="const_62">
<pin_list>
<pin id="63" dir="1" index="0" bw="1" slack="0"/>
</pin_list>
<bind>
<StgValue><ssdm name="llvm.exp.f32"/></StgValue>
</bind>
</comp>

<comp id="64" class="1001" name="const_64">
<pin_list>
<pin id="65" dir="1" index="0" bw="1" slack="0"/>
</pin_list>
<bind>
<StgValue><ssdm name="_ssdm_op_BitSelect.i1.i64.i32"/></StgValue>
</bind>
</comp>

<comp id="66" class="1001" name="const_66">
<pin_list>
<pin id="67" dir="1" index="0" bw="1" slack="0"/>
</pin_list>
<bind>
<StgValue><ssdm name=""/></StgValue>
</bind>
</comp>

<comp id="68" class="1001" name="const_68">
<pin_list>
<pin id="69" dir="1" index="0" bw="1" slack="0"/>
</pin_list>
<bind>
<StgValue><ssdm name="_ssdm_op_PartSelect.i11.i64.i32"/></StgValue>
</bind>
</comp>

<comp id="70" class="1001" name="const_70">
<pin_list>
<pin id="71" dir="1" index="0" bw="1" slack="0"/>
</pin_list>
<bind>
<StgValue><ssdm name=""/></StgValue>
</bind>
</comp>

<comp id="72" class="1001" name="const_72">
<pin_list>
<pin id="73" dir="1" index="0" bw="1" slack="0"/>
</pin_list>
<bind>
<StgValue><ssdm name=""/></StgValue>
</bind>
</comp>

<comp id="74" class="1001" name="const_74">
<pin_list>
<pin id="75" dir="1" index="0" bw="1" slack="0"/>
</pin_list>
<bind>
<StgValue><ssdm name="_ssdm_op_BitConcatenate.i53.i1.i52"/></StgValue>
</bind>
</comp>

<comp id="76" class="1001" name="const_76">
<pin_list>
<pin id="77" dir="1" index="0" bw="1" slack="0"/>
</pin_list>
<bind>
<StgValue><ssdm name=""/></StgValue>
</bind>
</comp>

<comp id="78" class="1001" name="const_78">
<pin_list>
<pin id="79" dir="1" index="0" bw="1" slack="0"/>
</pin_list>
<bind>
<StgValue><ssdm name=""/></StgValue>
</bind>
</comp>

<comp id="80" class="1001" name="const_80">
<pin_list>
<pin id="81" dir="1" index="0" bw="1" slack="0"/>
</pin_list>
<bind>
<StgValue><ssdm name=""/></StgValue>
</bind>
</comp>

<comp id="82" class="1001" name="const_82">
<pin_list>
<pin id="83" dir="1" index="0" bw="1" slack="0"/>
</pin_list>
<bind>
<StgValue><ssdm name=""/></StgValue>
</bind>
</comp>

<comp id="84" class="1001" name="const_84">
<pin_list>
<pin id="85" dir="1" index="0" bw="1" slack="0"/>
</pin_list>
<bind>
<StgValue><ssdm name=""/></StgValue>
</bind>
</comp>

<comp id="86" class="1001" name="const_86">
<pin_list>
<pin id="87" dir="1" index="0" bw="1" slack="0"/>
</pin_list>
<bind>
<StgValue><ssdm name=""/></StgValue>
</bind>
</comp>

<comp id="88" class="1001" name="const_88">
<pin_list>
<pin id="89" dir="1" index="0" bw="1" slack="0"/>
</pin_list>
<bind>
<StgValue><ssdm name=""/></StgValue>
</bind>
</comp>

<comp id="90" class="1001" name="const_90">
<pin_list>
<pin id="91" dir="1" index="0" bw="1" slack="0"/>
</pin_list>
<bind>
<StgValue><ssdm name="_ssdm_op_BitSelect.i1.i54.i32"/></StgValue>
</bind>
</comp>

<comp id="92" class="1001" name="const_92">
<pin_list>
<pin id="93" dir="1" index="0" bw="1" slack="0"/>
</pin_list>
<bind>
<StgValue><ssdm name="_ssdm_op_BitConcatenate.i11.i10.i1"/></StgValue>
</bind>
</comp>

<comp id="94" class="1001" name="const_94">
<pin_list>
<pin id="95" dir="1" index="0" bw="1" slack="0"/>
</pin_list>
<bind>
<StgValue><ssdm name=""/></StgValue>
</bind>
</comp>

<comp id="96" class="1001" name="const_96">
<pin_list>
<pin id="97" dir="1" index="0" bw="1" slack="0"/>
</pin_list>
<bind>
<StgValue><ssdm name="_ssdm_op_PartSelect.i9.i12.i32.i32"/></StgValue>
</bind>
</comp>

<comp id="98" class="1001" name="const_98">
<pin_list>
<pin id="99" dir="1" index="0" bw="1" slack="0"/>
</pin_list>
<bind>
<StgValue><ssdm name=""/></StgValue>
</bind>
</comp>

<comp id="100" class="1001" name="const_100">
<pin_list>
<pin id="101" dir="1" index="0" bw="1" slack="0"/>
</pin_list>
<bind>
<StgValue><ssdm name=""/></StgValue>
</bind>
</comp>

<comp id="102" class="1001" name="const_102">
<pin_list>
<pin id="103" dir="1" index="0" bw="1" slack="0"/>
</pin_list>
<bind>
<StgValue><ssdm name=""/></StgValue>
</bind>
</comp>

<comp id="104" class="1001" name="const_104">
<pin_list>
<pin id="105" dir="1" index="0" bw="1" slack="0"/>
</pin_list>
<bind>
<StgValue><ssdm name=""/></StgValue>
</bind>
</comp>

<comp id="106" class="1001" name="const_106">
<pin_list>
<pin id="107" dir="1" index="0" bw="1" slack="0"/>
</pin_list>
<bind>
<StgValue><ssdm name=""/></StgValue>
</bind>
</comp>

<comp id="108" class="1001" name="const_108">
<pin_list>
<pin id="109" dir="1" index="0" bw="1" slack="0"/>
</pin_list>
<bind>
<StgValue><ssdm name="_ssdm_op_BitSelect.i1.i12.i32"/></StgValue>
</bind>
</comp>

<comp id="110" class="1001" name="const_110">
<pin_list>
<pin id="111" dir="1" index="0" bw="1" slack="0"/>
</pin_list>
<bind>
<StgValue><ssdm name=""/></StgValue>
</bind>
</comp>

<comp id="112" class="1001" name="const_112">
<pin_list>
<pin id="113" dir="1" index="0" bw="1" slack="0"/>
</pin_list>
<bind>
<StgValue><ssdm name=""/></StgValue>
</bind>
</comp>

<comp id="114" class="1001" name="const_114">
<pin_list>
<pin id="115" dir="1" index="0" bw="1" slack="0"/>
</pin_list>
<bind>
<StgValue><ssdm name=""/></StgValue>
</bind>
</comp>

<comp id="116" class="1001" name="const_116">
<pin_list>
<pin id="117" dir="1" index="0" bw="1" slack="0"/>
</pin_list>
<bind>
<StgValue><ssdm name=""/></StgValue>
</bind>
</comp>

<comp id="118" class="1001" name="const_118">
<pin_list>
<pin id="119" dir="1" index="0" bw="1" slack="0"/>
</pin_list>
<bind>
<StgValue><ssdm name="_ssdm_op_BitSelect.i1.i18.i32"/></StgValue>
</bind>
</comp>

<comp id="120" class="1001" name="const_120">
<pin_list>
<pin id="121" dir="1" index="0" bw="1" slack="0"/>
</pin_list>
<bind>
<StgValue><ssdm name=""/></StgValue>
</bind>
</comp>

<comp id="122" class="1001" name="const_122">
<pin_list>
<pin id="123" dir="1" index="0" bw="1" slack="0"/>
</pin_list>
<bind>
<StgValue><ssdm name=""/></StgValue>
</bind>
</comp>

<comp id="124" class="1001" name="const_124">
<pin_list>
<pin id="125" dir="1" index="0" bw="1" slack="0"/>
</pin_list>
<bind>
<StgValue><ssdm name="_ssdm_op_BitConcatenate.i2.i1.i1"/></StgValue>
</bind>
</comp>

<comp id="126" class="1001" name="const_126">
<pin_list>
<pin id="127" dir="1" index="0" bw="1" slack="0"/>
</pin_list>
<bind>
<StgValue><ssdm name="_ssdm_op_SparseMux.ap_auto.3i1.i1.i2"/></StgValue>
</bind>
</comp>

<comp id="128" class="1001" name="const_128">
<pin_list>
<pin id="129" dir="1" index="0" bw="1" slack="0"/>
</pin_list>
<bind>
<StgValue><ssdm name=""/></StgValue>
</bind>
</comp>

<comp id="130" class="1001" name="const_130">
<pin_list>
<pin id="131" dir="1" index="0" bw="1" slack="0"/>
</pin_list>
<bind>
<StgValue><ssdm name=""/></StgValue>
</bind>
</comp>

<comp id="132" class="1001" name="const_132">
<pin_list>
<pin id="133" dir="1" index="0" bw="1" slack="0"/>
</pin_list>
<bind>
<StgValue><ssdm name=""/></StgValue>
</bind>
</comp>

<comp id="134" class="1001" name="const_134">
<pin_list>
<pin id="135" dir="1" index="0" bw="1" slack="0"/>
</pin_list>
<bind>
<StgValue><ssdm name=""/></StgValue>
</bind>
</comp>

<comp id="136" class="1001" name="const_136">
<pin_list>
<pin id="137" dir="1" index="0" bw="1" slack="2147483647"/>
</pin_list>
<bind>
<StgValue><ssdm name="_ssdm_op_SpecPipeline"/></StgValue>
</bind>
</comp>

<comp id="138" class="1001" name="const_138">
<pin_list>
<pin id="139" dir="1" index="0" bw="1" slack="2147483647"/>
</pin_list>
<bind>
<StgValue><ssdm name=""/></StgValue>
</bind>
</comp>

<comp id="140" class="1001" name="const_140">
<pin_list>
<pin id="141" dir="1" index="0" bw="1" slack="2147483647"/>
</pin_list>
<bind>
<StgValue><ssdm name=""/></StgValue>
</bind>
</comp>

<comp id="142" class="1001" name="const_142">
<pin_list>
<pin id="143" dir="1" index="0" bw="1" slack="2147483647"/>
</pin_list>
<bind>
<StgValue><ssdm name="empty_3"/></StgValue>
</bind>
</comp>

<comp id="144" class="1001" name="const_144">
<pin_list>
<pin id="145" dir="1" index="0" bw="1" slack="2147483647"/>
</pin_list>
<bind>
<StgValue><ssdm name="_ssdm_op_SpecLoopTripCount"/></StgValue>
</bind>
</comp>

<comp id="146" class="1001" name="const_146">
<pin_list>
<pin id="147" dir="1" index="0" bw="1" slack="2147483647"/>
</pin_list>
<bind>
<StgValue><ssdm name=""/></StgValue>
</bind>
</comp>

<comp id="148" class="1001" name="const_148">
<pin_list>
<pin id="149" dir="1" index="0" bw="1" slack="2147483647"/>
</pin_list>
<bind>
<StgValue><ssdm name="_ssdm_op_SpecLoopName"/></StgValue>
</bind>
</comp>

<comp id="150" class="1001" name="const_150">
<pin_list>
<pin id="151" dir="1" index="0" bw="1" slack="2147483647"/>
</pin_list>
<bind>
<StgValue><ssdm name="empty_1"/></StgValue>
</bind>
</comp>

<comp id="152" class="1001" name="const_152">
<pin_list>
<pin id="153" dir="1" index="0" bw="1" slack="0"/>
</pin_list>
<bind>
<StgValue><ssdm name="_ssdm_op_SparseMux.ap_auto.3i18.i18.i2"/></StgValue>
</bind>
</comp>

<comp id="154" class="1001" name="const_154">
<pin_list>
<pin id="155" dir="1" index="0" bw="1" slack="0"/>
</pin_list>
<bind>
<StgValue><ssdm name=""/></StgValue>
</bind>
</comp>

<comp id="156" class="1001" name="const_156">
<pin_list>
<pin id="157" dir="1" index="0" bw="1" slack="0"/>
</pin_list>
<bind>
<StgValue><ssdm name=""/></StgValue>
</bind>
</comp>

<comp id="158" class="1001" name="const_158">
<pin_list>
<pin id="159" dir="1" index="0" bw="1" slack="0"/>
</pin_list>
<bind>
<StgValue><ssdm name=""/></StgValue>
</bind>
</comp>

<comp id="160" class="1001" name="const_160">
<pin_list>
<pin id="161" dir="1" index="0" bw="1" slack="0"/>
</pin_list>
<bind>
<StgValue><ssdm name="_ssdm_op_SparseMux.ap_auto.3i16.i16.i2"/></StgValue>
</bind>
</comp>

<comp id="162" class="1001" name="const_162">
<pin_list>
<pin id="163" dir="1" index="0" bw="1" slack="0"/>
</pin_list>
<bind>
<StgValue><ssdm name=""/></StgValue>
</bind>
</comp>

<comp id="164" class="1001" name="const_164">
<pin_list>
<pin id="165" dir="1" index="0" bw="1" slack="0"/>
</pin_list>
<bind>
<StgValue><ssdm name=""/></StgValue>
</bind>
</comp>

<comp id="166" class="1004" name="i_fu_166">
<pin_list>
<pin id="167" dir="0" index="0" bw="1" slack="0"/>
<pin id="168" dir="1" index="1" bw="11" slack="0"/>
</pin_list>
<bind>
<opcode="alloca(26) " fcode="alloca"/>
<opset="i/1 "/>
</bind>
</comp>

<comp id="170" class="1004" name="table_out_addr_gep_fu_170">
<pin_list>
<pin id="171" dir="0" index="0" bw="16" slack="0"/>
<pin id="172" dir="0" index="1" bw="1" slack="0"/>
<pin id="173" dir="0" index="2" bw="11" slack="0"/>
<pin id="174" dir="1" index="3" bw="10" slack="0"/>
</pin_list>
<bind>
<opcode="getelementptr(29) " fcode="getelementptr"/>
<opset="table_out_addr/21 "/>
</bind>
</comp>

<comp id="177" class="1004" name="store_ln160_access_fu_177">
<pin_list>
<pin id="178" dir="0" index="0" bw="10" slack="0"/>
<pin id="179" dir="0" index="1" bw="16" slack="0"/>
<pin id="180" dir="0" index="2" bw="0" slack="2147483647"/>
<pin id="181" dir="1" index="3" bw="16" slack="2147483647"/>
</pin_list>
<bind>
<opcode="store(28) " fcode="store"/>
<opset="store_ln160/21 "/>
</bind>
</comp>

<comp id="183" class="1004" name="grp_fu_183">
<pin_list>
<pin id="184" dir="0" index="0" bw="32" slack="1"/>
<pin id="185" dir="1" index="1" bw="64" slack="0"/>
</pin_list>
<bind>
<opcode="fpext(41) " fcode="fpext"/>
<opset="pf/17 "/>
</bind>
</comp>

<comp id="186" class="1004" name="grp_fu_186">
<pin_list>
<pin id="187" dir="0" index="0" bw="32" slack="0"/>
<pin id="188" dir="0" index="1" bw="32" slack="1"/>
<pin id="189" dir="1" index="2" bw="32" slack="1"/>
</pin_list>
<bind>
<opcode="fexp(507) " fcode="fexp"/>
<opset="tmp_4/4 "/>
</bind>
</comp>

<comp id="191" class="1004" name="store_ln151_store_fu_191">
<pin_list>
<pin id="192" dir="0" index="0" bw="1" slack="0"/>
<pin id="193" dir="0" index="1" bw="11" slack="0"/>
<pin id="194" dir="1" index="2" bw="0" slack="2147483647"/>
</pin_list>
<bind>
<opcode="store(28) " fcode="store"/>
<opset="store_ln151/1 "/>
</bind>
</comp>

<comp id="196" class="1004" name="i_1_load_fu_196">
<pin_list>
<pin id="197" dir="0" index="0" bw="11" slack="0"/>
<pin id="198" dir="1" index="1" bw="11" slack="0"/>
</pin_list>
<bind>
<opcode="load(27) " fcode="load"/>
<opset="i_1/1 "/>
</bind>
</comp>

<comp id="199" class="1004" name="icmp_ln151_fu_199">
<pin_list>
<pin id="200" dir="0" index="0" bw="11" slack="0"/>
<pin id="201" dir="0" index="1" bw="11" slack="0"/>
<pin id="202" dir="1" index="2" bw="1" slack="19"/>
</pin_list>
<bind>
<opcode="icmp(45) " fcode="icmp"/>
<opset="icmp_ln151/1 "/>
</bind>
</comp>

<comp id="205" class="1004" name="add_ln151_fu_205">
<pin_list>
<pin id="206" dir="0" index="0" bw="11" slack="0"/>
<pin id="207" dir="0" index="1" bw="1" slack="0"/>
<pin id="208" dir="1" index="2" bw="11" slack="0"/>
</pin_list>
<bind>
<opcode="add(8) " fcode="add"/>
<opset="add_ln151/1 "/>
</bind>
</comp>

<comp id="211" class="1004" name="trunc_ln137_fu_211">
<pin_list>
<pin id="212" dir="0" index="0" bw="11" slack="0"/>
<pin id="213" dir="1" index="1" bw="10" slack="0"/>
</pin_list>
<bind>
<opcode="trunc(33) " fcode="trunc"/>
<opset="trunc_ln137/1 "/>
</bind>
</comp>

<comp id="215" class="1004" name="x_fu_215">
<pin_list>
<pin id="216" dir="0" index="0" bw="35" slack="0"/>
<pin id="217" dir="0" index="1" bw="10" slack="0"/>
<pin id="218" dir="0" index="2" bw="1" slack="0"/>
<pin id="219" dir="1" index="3" bw="35" slack="0"/>
</pin_list>
<bind>
<opcode="bitconcatenate(1004) " fcode="bitconcatenate"/>
<opset="x/1 "/>
</bind>
</comp>

<comp id="223" class="1004" name="tmp_fu_223">
<pin_list>
<pin id="224" dir="0" index="0" bw="35" slack="0"/>
<pin id="225" dir="0" index="1" bw="35" slack="0"/>
<pin id="226" dir="0" index="2" bw="1" slack="0"/>
<pin id="227" dir="1" index="3" bw="35" slack="0"/>
</pin_list>
<bind>
<opcode="ctlz(523) " fcode="ctlz"/>
<opset="tmp/1 "/>
</bind>
</comp>

<comp id="231" class="1004" name="trunc_ln138_fu_231">
<pin_list>
<pin id="232" dir="0" index="0" bw="35" slack="0"/>
<pin id="233" dir="1" index="1" bw="6" slack="0"/>
</pin_list>
<bind>
<opcode="trunc(33) " fcode="trunc"/>
<opset="trunc_ln138/1 "/>
</bind>
</comp>

<comp id="235" class="1004" name="sub_ln138_fu_235">
<pin_list>
<pin id="236" dir="0" index="0" bw="6" slack="0"/>
<pin id="237" dir="0" index="1" bw="6" slack="0"/>
<pin id="238" dir="1" index="2" bw="6" slack="0"/>
</pin_list>
<bind>
<opcode="sub(10) " fcode="sub"/>
<opset="sub_ln138/1 "/>
</bind>
</comp>

<comp id="241" class="1004" name="add_ln138_1_fu_241">
<pin_list>
<pin id="242" dir="0" index="0" bw="6" slack="0"/>
<pin id="243" dir="0" index="1" bw="6" slack="0"/>
<pin id="244" dir="1" index="2" bw="6" slack="1"/>
</pin_list>
<bind>
<opcode="add(8) " fcode="add"/>
<opset="add_ln138_1/1 "/>
</bind>
</comp>

<comp id="247" class="1004" name="sub_ln138_1_fu_247">
<pin_list>
<pin id="248" dir="0" index="0" bw="6" slack="0"/>
<pin id="249" dir="0" index="1" bw="6" slack="0"/>
<pin id="250" dir="1" index="2" bw="6" slack="1"/>
</pin_list>
<bind>
<opcode="sub(10) " fcode="sub"/>
<opset="sub_ln138_1/1 "/>
</bind>
</comp>

<comp id="253" class="1004" name="store_ln151_store_fu_253">
<pin_list>
<pin id="254" dir="0" index="0" bw="11" slack="0"/>
<pin id="255" dir="0" index="1" bw="11" slack="0"/>
<pin id="256" dir="1" index="2" bw="0" slack="2147483647"/>
</pin_list>
<bind>
<opcode="store(28) " fcode="store"/>
<opset="store_ln151/1 "/>
</bind>
</comp>

<comp id="258" class="1004" name="icmp_ln138_fu_258">
<pin_list>
<pin id="259" dir="0" index="0" bw="35" slack="1"/>
<pin id="260" dir="0" index="1" bw="35" slack="0"/>
<pin id="261" dir="1" index="2" bw="1" slack="1"/>
</pin_list>
<bind>
<opcode="icmp(45) " fcode="icmp"/>
<opset="icmp_ln138/2 "/>
</bind>
</comp>

<comp id="263" class="1004" name="add_ln138_fu_263">
<pin_list>
<pin id="264" dir="0" index="0" bw="6" slack="1"/>
<pin id="265" dir="0" index="1" bw="6" slack="0"/>
<pin id="266" dir="1" index="2" bw="6" slack="0"/>
</pin_list>
<bind>
<opcode="add(8) " fcode="add"/>
<opset="add_ln138/2 "/>
</bind>
</comp>

<comp id="268" class="1004" name="sext_ln138_fu_268">
<pin_list>
<pin id="269" dir="0" index="0" bw="6" slack="0"/>
<pin id="270" dir="1" index="1" bw="32" slack="0"/>
</pin_list>
<bind>
<opcode="sext(35) " fcode="sext"/>
<opset="sext_ln138/2 "/>
</bind>
</comp>

<comp id="272" class="1004" name="tmp_1_fu_272">
<pin_list>
<pin id="273" dir="0" index="0" bw="1" slack="0"/>
<pin id="274" dir="0" index="1" bw="6" slack="0"/>
<pin id="275" dir="0" index="2" bw="4" slack="0"/>
<pin id="276" dir="1" index="3" bw="1" slack="0"/>
</pin_list>
<bind>
<opcode="bitselect(1000) " fcode="bitselect"/>
<opset="tmp_1/2 "/>
</bind>
</comp>

<comp id="280" class="1004" name="xor_ln138_fu_280">
<pin_list>
<pin id="281" dir="0" index="0" bw="1" slack="0"/>
<pin id="282" dir="0" index="1" bw="1" slack="0"/>
<pin id="283" dir="1" index="2" bw="1" slack="0"/>
</pin_list>
<bind>
<opcode="xor(25) " fcode="xor"/>
<opset="xor_ln138/2 "/>
</bind>
</comp>

<comp id="286" class="1004" name="tmp_2_fu_286">
<pin_list>
<pin id="287" dir="0" index="0" bw="1" slack="0"/>
<pin id="288" dir="0" index="1" bw="35" slack="1"/>
<pin id="289" dir="0" index="2" bw="6" slack="0"/>
<pin id="290" dir="1" index="3" bw="1" slack="0"/>
</pin_list>
<bind>
<opcode="bitselect(1000) " fcode="bitselect"/>
<opset="tmp_2/2 "/>
</bind>
</comp>

<comp id="293" class="1004" name="phi_ln138_1_fu_293">
<pin_list>
<pin id="294" dir="0" index="0" bw="1" slack="0"/>
<pin id="295" dir="0" index="1" bw="1" slack="0"/>
<pin id="296" dir="1" index="2" bw="1" slack="0"/>
</pin_list>
<bind>
<opcode="and(23) " fcode="and"/>
<opset="phi_ln138_1/2 "/>
</bind>
</comp>

<comp id="299" class="1004" name="icmp_ln138_1_fu_299">
<pin_list>
<pin id="300" dir="0" index="0" bw="6" slack="0"/>
<pin id="301" dir="0" index="1" bw="6" slack="0"/>
<pin id="302" dir="1" index="2" bw="1" slack="0"/>
</pin_list>
<bind>
<opcode="icmp(45) " fcode="icmp"/>
<opset="icmp_ln138_1/2 "/>
</bind>
</comp>

<comp id="305" class="1004" name="sext_ln138_1_fu_305">
<pin_list>
<pin id="306" dir="0" index="0" bw="6" slack="1"/>
<pin id="307" dir="1" index="1" bw="32" slack="0"/>
</pin_list>
<bind>
<opcode="sext(35) " fcode="sext"/>
<opset="sext_ln138_1/2 "/>
</bind>
</comp>

<comp id="308" class="1004" name="zext_ln138_fu_308">
<pin_list>
<pin id="309" dir="0" index="0" bw="6" slack="0"/>
<pin id="310" dir="1" index="1" bw="35" slack="0"/>
</pin_list>
<bind>
<opcode="zext(34) " fcode="zext"/>
<opset="zext_ln138/2 "/>
</bind>
</comp>

<comp id="312" class="1004" name="lshr_ln138_fu_312">
<pin_list>
<pin id="313" dir="0" index="0" bw="35" slack="1"/>
<pin id="314" dir="0" index="1" bw="32" slack="0"/>
<pin id="315" dir="1" index="2" bw="35" slack="0"/>
</pin_list>
<bind>
<opcode="lshr(21) " fcode="lshr"/>
<opset="lshr_ln138/2 "/>
</bind>
</comp>

<comp id="317" class="1004" name="sext_ln138_2_fu_317">
<pin_list>
<pin id="318" dir="0" index="0" bw="6" slack="1"/>
<pin id="319" dir="1" index="1" bw="32" slack="0"/>
</pin_list>
<bind>
<opcode="sext(35) " fcode="sext"/>
<opset="sext_ln138_2/2 "/>
</bind>
</comp>

<comp id="320" class="1004" name="zext_ln138_1_fu_320">
<pin_list>
<pin id="321" dir="0" index="0" bw="6" slack="0"/>
<pin id="322" dir="1" index="1" bw="35" slack="0"/>
</pin_list>
<bind>
<opcode="zext(34) " fcode="zext"/>
<opset="zext_ln138_1/2 "/>
</bind>
</comp>

<comp id="324" class="1004" name="shl_ln138_fu_324">
<pin_list>
<pin id="325" dir="0" index="0" bw="35" slack="1"/>
<pin id="326" dir="0" index="1" bw="32" slack="0"/>
<pin id="327" dir="1" index="2" bw="35" slack="0"/>
</pin_list>
<bind>
<opcode="shl(20) " fcode="shl"/>
<opset="shl_ln138/2 "/>
</bind>
</comp>

<comp id="329" class="1004" name="cond42_i_i_i_in_fu_329">
<pin_list>
<pin id="330" dir="0" index="0" bw="1" slack="0"/>
<pin id="331" dir="0" index="1" bw="35" slack="0"/>
<pin id="332" dir="0" index="2" bw="35" slack="0"/>
<pin id="333" dir="1" index="3" bw="35" slack="0"/>
</pin_list>
<bind>
<opcode="select(49) " fcode="select"/>
<opset="cond42_i_i_i_in/2 "/>
</bind>
</comp>

<comp id="337" class="1004" name="zext_ln138_2_fu_337">
<pin_list>
<pin id="338" dir="0" index="0" bw="35" slack="0"/>
<pin id="339" dir="1" index="1" bw="36" slack="0"/>
</pin_list>
<bind>
<opcode="zext(34) " fcode="zext"/>
<opset="zext_ln138_2/2 "/>
</bind>
</comp>

<comp id="341" class="1004" name="zext_ln138_3_fu_341">
<pin_list>
<pin id="342" dir="0" index="0" bw="1" slack="0"/>
<pin id="343" dir="1" index="1" bw="36" slack="0"/>
</pin_list>
<bind>
<opcode="zext(34) " fcode="zext"/>
<opset="zext_ln138_3/2 "/>
</bind>
</comp>

<comp id="345" class="1004" name="add_ln138_2_fu_345">
<pin_list>
<pin id="346" dir="0" index="0" bw="35" slack="0"/>
<pin id="347" dir="0" index="1" bw="1" slack="0"/>
<pin id="348" dir="1" index="2" bw="36" slack="0"/>
</pin_list>
<bind>
<opcode="add(8) " fcode="add"/>
<opset="add_ln138_2/2 "/>
</bind>
</comp>

<comp id="351" class="1004" name="lshr_ln138_1_fu_351">
<pin_list>
<pin id="352" dir="0" index="0" bw="35" slack="0"/>
<pin id="353" dir="0" index="1" bw="36" slack="0"/>
<pin id="354" dir="0" index="2" bw="1" slack="0"/>
<pin id="355" dir="0" index="3" bw="7" slack="0"/>
<pin id="356" dir="1" index="4" bw="35" slack="0"/>
</pin_list>
<bind>
<opcode="partselect(1002) " fcode="partselect"/>
<opset="lshr_ln138_1/2 "/>
</bind>
</comp>

<comp id="361" class="1004" name="zext_ln138_4_fu_361">
<pin_list>
<pin id="362" dir="0" index="0" bw="35" slack="0"/>
<pin id="363" dir="1" index="1" bw="64" slack="0"/>
</pin_list>
<bind>
<opcode="zext(34) " fcode="zext"/>
<opset="zext_ln138_4/2 "/>
</bind>
</comp>

<comp id="365" class="1004" name="tmp_3_fu_365">
<pin_list>
<pin id="366" dir="0" index="0" bw="1" slack="0"/>
<pin id="367" dir="0" index="1" bw="36" slack="0"/>
<pin id="368" dir="0" index="2" bw="6" slack="0"/>
<pin id="369" dir="1" index="3" bw="1" slack="0"/>
</pin_list>
<bind>
<opcode="bitselect(1000) " fcode="bitselect"/>
<opset="tmp_3/2 "/>
</bind>
</comp>

<comp id="373" class="1004" name="select_ln138_fu_373">
<pin_list>
<pin id="374" dir="0" index="0" bw="1" slack="0"/>
<pin id="375" dir="0" index="1" bw="8" slack="0"/>
<pin id="376" dir="0" index="2" bw="8" slack="0"/>
<pin id="377" dir="1" index="3" bw="8" slack="0"/>
</pin_list>
<bind>
<opcode="select(49) " fcode="select"/>
<opset="select_ln138/2 "/>
</bind>
</comp>

<comp id="381" class="1004" name="sub_ln138_2_fu_381">
<pin_list>
<pin id="382" dir="0" index="0" bw="5" slack="0"/>
<pin id="383" dir="0" index="1" bw="6" slack="1"/>
<pin id="384" dir="1" index="2" bw="6" slack="0"/>
</pin_list>
<bind>
<opcode="sub(10) " fcode="sub"/>
<opset="sub_ln138_2/2 "/>
</bind>
</comp>

<comp id="386" class="1004" name="sext_ln138_3_fu_386">
<pin_list>
<pin id="387" dir="0" index="0" bw="6" slack="0"/>
<pin id="388" dir="1" index="1" bw="8" slack="0"/>
</pin_list>
<bind>
<opcode="sext(35) " fcode="sext"/>
<opset="sext_ln138_3/2 "/>
</bind>
</comp>

<comp id="390" class="1004" name="add_ln138_3_fu_390">
<pin_list>
<pin id="391" dir="0" index="0" bw="8" slack="0"/>
<pin id="392" dir="0" index="1" bw="6" slack="0"/>
<pin id="393" dir="1" index="2" bw="8" slack="0"/>
</pin_list>
<bind>
<opcode="add(8) " fcode="add"/>
<opset="add_ln138_3/2 "/>
</bind>
</comp>

<comp id="396" class="1004" name="zext_ln138_5_fu_396">
<pin_list>
<pin id="397" dir="0" index="0" bw="8" slack="0"/>
<pin id="398" dir="1" index="1" bw="9" slack="0"/>
</pin_list>
<bind>
<opcode="zext(34) " fcode="zext"/>
<opset="zext_ln138_5/2 "/>
</bind>
</comp>

<comp id="400" class="1004" name="pi_assign_fu_400">
<pin_list>
<pin id="401" dir="0" index="0" bw="64" slack="0"/>
<pin id="402" dir="0" index="1" bw="35" slack="0"/>
<pin id="403" dir="0" index="2" bw="8" slack="0"/>
<pin id="404" dir="0" index="3" bw="6" slack="0"/>
<pin id="405" dir="0" index="4" bw="6" slack="0"/>
<pin id="406" dir="1" index="5" bw="64" slack="0"/>
</pin_list>
<bind>
<opcode="partset(1003) " fcode="partset"/>
<opset="pi_assign/2 "/>
</bind>
</comp>

<comp id="412" class="1004" name="trunc_ln157_fu_412">
<pin_list>
<pin id="413" dir="0" index="0" bw="64" slack="0"/>
<pin id="414" dir="1" index="1" bw="31" slack="1"/>
</pin_list>
<bind>
<opcode="trunc(33) " fcode="trunc"/>
<opset="trunc_ln157/2 "/>
</bind>
</comp>

<comp id="416" class="1004" name="xor_ln_fu_416">
<pin_list>
<pin id="417" dir="0" index="0" bw="32" slack="0"/>
<pin id="418" dir="0" index="1" bw="1" slack="0"/>
<pin id="419" dir="0" index="2" bw="31" slack="1"/>
<pin id="420" dir="1" index="3" bw="32" slack="0"/>
</pin_list>
<bind>
<opcode="bitconcatenate(1004) " fcode="bitconcatenate"/>
<opset="xor_ln/3 "/>
</bind>
</comp>

<comp id="423" class="1004" name="bitcast_ln157_fu_423">
<pin_list>
<pin id="424" dir="0" index="0" bw="32" slack="0"/>
<pin id="425" dir="1" index="1" bw="32" slack="0"/>
</pin_list>
<bind>
<opcode="bitcast(44) " fcode="bitcast"/>
<opset="bitcast_ln157/3 "/>
</bind>
</comp>

<comp id="427" class="1004" name="x_2_fu_427">
<pin_list>
<pin id="428" dir="0" index="0" bw="1" slack="1"/>
<pin id="429" dir="0" index="1" bw="32" slack="0"/>
<pin id="430" dir="0" index="2" bw="32" slack="0"/>
<pin id="431" dir="1" index="3" bw="32" slack="1"/>
</pin_list>
<bind>
<opcode="select(49) " fcode="select"/>
<opset="x_2/3 "/>
</bind>
</comp>

<comp id="434" class="1004" name="bitcast_ln716_fu_434">
<pin_list>
<pin id="435" dir="0" index="0" bw="64" slack="0"/>
<pin id="436" dir="1" index="1" bw="64" slack="0"/>
</pin_list>
<bind>
<opcode="bitcast(44) " fcode="bitcast"/>
<opset="bitcast_ln716/18 "/>
</bind>
</comp>

<comp id="438" class="1004" name="trunc_ln159_fu_438">
<pin_list>
<pin id="439" dir="0" index="0" bw="64" slack="0"/>
<pin id="440" dir="1" index="1" bw="63" slack="0"/>
</pin_list>
<bind>
<opcode="trunc(33) " fcode="trunc"/>
<opset="trunc_ln159/18 "/>
</bind>
</comp>

<comp id="442" class="1004" name="tmp_5_fu_442">
<pin_list>
<pin id="443" dir="0" index="0" bw="1" slack="0"/>
<pin id="444" dir="0" index="1" bw="64" slack="0"/>
<pin id="445" dir="0" index="2" bw="7" slack="0"/>
<pin id="446" dir="1" index="3" bw="1" slack="1"/>
</pin_list>
<bind>
<opcode="bitselect(1000) " fcode="bitselect"/>
<opset="tmp_5/18 "/>
</bind>
</comp>

<comp id="450" class="1004" name="tmp_6_fu_450">
<pin_list>
<pin id="451" dir="0" index="0" bw="11" slack="0"/>
<pin id="452" dir="0" index="1" bw="64" slack="0"/>
<pin id="453" dir="0" index="2" bw="7" slack="0"/>
<pin id="454" dir="1" index="3" bw="11" slack="1"/>
</pin_list>
<bind>
<opcode="partselect(1002) " fcode="partselect"/>
<opset="tmp_6/18 "/>
</bind>
</comp>

<comp id="458" class="1004" name="trunc_ln159_1_fu_458">
<pin_list>
<pin id="459" dir="0" index="0" bw="64" slack="0"/>
<pin id="460" dir="1" index="1" bw="52" slack="1"/>
</pin_list>
<bind>
<opcode="trunc(33) " fcode="trunc"/>
<opset="trunc_ln159_1/18 "/>
</bind>
</comp>

<comp id="462" class="1004" name="icmp_ln159_fu_462">
<pin_list>
<pin id="463" dir="0" index="0" bw="63" slack="0"/>
<pin id="464" dir="0" index="1" bw="63" slack="0"/>
<pin id="465" dir="1" index="2" bw="1" slack="3"/>
</pin_list>
<bind>
<opcode="icmp(45) " fcode="icmp"/>
<opset="icmp_ln159/18 "/>
</bind>
</comp>

<comp id="468" class="1004" name="zext_ln159_fu_468">
<pin_list>
<pin id="469" dir="0" index="0" bw="11" slack="1"/>
<pin id="470" dir="1" index="1" bw="12" slack="0"/>
</pin_list>
<bind>
<opcode="zext(34) " fcode="zext"/>
<opset="zext_ln159/19 "/>
</bind>
</comp>

<comp id="471" class="1004" name="zext_ln159_1_cast_fu_471">
<pin_list>
<pin id="472" dir="0" index="0" bw="53" slack="0"/>
<pin id="473" dir="0" index="1" bw="1" slack="0"/>
<pin id="474" dir="0" index="2" bw="52" slack="1"/>
<pin id="475" dir="1" index="3" bw="53" slack="0"/>
</pin_list>
<bind>
<opcode="bitconcatenate(1004) " fcode="bitconcatenate"/>
<opset="zext_ln159_1_cast/19 "/>
</bind>
</comp>

<comp id="478" class="1004" name="zext_ln159_1_fu_478">
<pin_list>
<pin id="479" dir="0" index="0" bw="53" slack="0"/>
<pin id="480" dir="1" index="1" bw="54" slack="0"/>
</pin_list>
<bind>
<opcode="zext(34) " fcode="zext"/>
<opset="zext_ln159_1/19 "/>
</bind>
</comp>

<comp id="482" class="1004" name="sub_ln159_fu_482">
<pin_list>
<pin id="483" dir="0" index="0" bw="1" slack="0"/>
<pin id="484" dir="0" index="1" bw="53" slack="0"/>
<pin id="485" dir="1" index="2" bw="54" slack="0"/>
</pin_list>
<bind>
<opcode="sub(10) " fcode="sub"/>
<opset="sub_ln159/19 "/>
</bind>
</comp>

<comp id="488" class="1004" name="select_ln159_fu_488">
<pin_list>
<pin id="489" dir="0" index="0" bw="1" slack="1"/>
<pin id="490" dir="0" index="1" bw="54" slack="0"/>
<pin id="491" dir="0" index="2" bw="54" slack="0"/>
<pin id="492" dir="1" index="3" bw="54" slack="0"/>
</pin_list>
<bind>
<opcode="select(49) " fcode="select"/>
<opset="select_ln159/19 "/>
</bind>
</comp>

<comp id="495" class="1004" name="sub_ln159_1_fu_495">
<pin_list>
<pin id="496" dir="0" index="0" bw="12" slack="0"/>
<pin id="497" dir="0" index="1" bw="11" slack="0"/>
<pin id="498" dir="1" index="2" bw="12" slack="0"/>
</pin_list>
<bind>
<opcode="sub(10) " fcode="sub"/>
<opset="sub_ln159_1/19 "/>
</bind>
</comp>

<comp id="501" class="1004" name="trunc_ln159_2_fu_501">
<pin_list>
<pin id="502" dir="0" index="0" bw="12" slack="0"/>
<pin id="503" dir="1" index="1" bw="11" slack="0"/>
</pin_list>
<bind>
<opcode="trunc(33) " fcode="trunc"/>
<opset="trunc_ln159_2/19 "/>
</bind>
</comp>

<comp id="505" class="1004" name="icmp_ln159_1_fu_505">
<pin_list>
<pin id="506" dir="0" index="0" bw="12" slack="0"/>
<pin id="507" dir="0" index="1" bw="12" slack="0"/>
<pin id="508" dir="1" index="2" bw="1" slack="0"/>
</pin_list>
<bind>
<opcode="icmp(45) " fcode="icmp"/>
<opset="icmp_ln159_1/19 "/>
</bind>
</comp>

<comp id="511" class="1004" name="add_ln159_fu_511">
<pin_list>
<pin id="512" dir="0" index="0" bw="12" slack="0"/>
<pin id="513" dir="0" index="1" bw="5" slack="0"/>
<pin id="514" dir="1" index="2" bw="12" slack="0"/>
</pin_list>
<bind>
<opcode="add(8) " fcode="add"/>
<opset="add_ln159/19 "/>
</bind>
</comp>

<comp id="517" class="1004" name="trunc_ln159_3_fu_517">
<pin_list>
<pin id="518" dir="0" index="0" bw="12" slack="0"/>
<pin id="519" dir="1" index="1" bw="11" slack="0"/>
</pin_list>
<bind>
<opcode="trunc(33) " fcode="trunc"/>
<opset="trunc_ln159_3/19 "/>
</bind>
</comp>

<comp id="521" class="1004" name="sub_ln159_2_fu_521">
<pin_list>
<pin id="522" dir="0" index="0" bw="5" slack="0"/>
<pin id="523" dir="0" index="1" bw="11" slack="0"/>
<pin id="524" dir="1" index="2" bw="11" slack="0"/>
</pin_list>
<bind>
<opcode="sub(10) " fcode="sub"/>
<opset="sub_ln159_2/19 "/>
</bind>
</comp>

<comp id="527" class="1004" name="select_ln159_1_fu_527">
<pin_list>
<pin id="528" dir="0" index="0" bw="1" slack="0"/>
<pin id="529" dir="0" index="1" bw="11" slack="0"/>
<pin id="530" dir="0" index="2" bw="11" slack="0"/>
<pin id="531" dir="1" index="3" bw="11" slack="1"/>
</pin_list>
<bind>
<opcode="select(49) " fcode="select"/>
<opset="select_ln159_1/19 "/>
</bind>
</comp>

<comp id="535" class="1004" name="icmp_ln159_2_fu_535">
<pin_list>
<pin id="536" dir="0" index="0" bw="12" slack="0"/>
<pin id="537" dir="0" index="1" bw="12" slack="0"/>
<pin id="538" dir="1" index="2" bw="1" slack="1"/>
</pin_list>
<bind>
<opcode="icmp(45) " fcode="icmp"/>
<opset="icmp_ln159_2/19 "/>
</bind>
</comp>

<comp id="541" class="1004" name="trunc_ln159_4_fu_541">
<pin_list>
<pin id="542" dir="0" index="0" bw="54" slack="0"/>
<pin id="543" dir="1" index="1" bw="18" slack="1"/>
</pin_list>
<bind>
<opcode="trunc(33) " fcode="trunc"/>
<opset="trunc_ln159_4/19 "/>
</bind>
</comp>

<comp id="545" class="1004" name="icmp_ln159_4_fu_545">
<pin_list>
<pin id="546" dir="0" index="0" bw="12" slack="0"/>
<pin id="547" dir="0" index="1" bw="12" slack="0"/>
<pin id="548" dir="1" index="2" bw="1" slack="1"/>
</pin_list>
<bind>
<opcode="icmp(45) " fcode="icmp"/>
<opset="icmp_ln159_4/19 "/>
</bind>
</comp>

<comp id="551" class="1004" name="add_ln159_1_fu_551">
<pin_list>
<pin id="552" dir="0" index="0" bw="11" slack="0"/>
<pin id="553" dir="0" index="1" bw="5" slack="0"/>
<pin id="554" dir="1" index="2" bw="11" slack="0"/>
</pin_list>
<bind>
<opcode="add(8) " fcode="add"/>
<opset="add_ln159_1/19 "/>
</bind>
</comp>

<comp id="557" class="1004" name="zext_ln159_5_fu_557">
<pin_list>
<pin id="558" dir="0" index="0" bw="11" slack="0"/>
<pin id="559" dir="1" index="1" bw="32" slack="0"/>
</pin_list>
<bind>
<opcode="zext(34) " fcode="zext"/>
<opset="zext_ln159_5/19 "/>
</bind>
</comp>

<comp id="561" class="1004" name="tmp_7_fu_561">
<pin_list>
<pin id="562" dir="0" index="0" bw="1" slack="0"/>
<pin id="563" dir="0" index="1" bw="54" slack="0"/>
<pin id="564" dir="0" index="2" bw="11" slack="0"/>
<pin id="565" dir="1" index="3" bw="1" slack="1"/>
</pin_list>
<bind>
<opcode="bitselect(1000) " fcode="bitselect"/>
<opset="tmp_7/19 "/>
</bind>
</comp>

<comp id="569" class="1004" name="or_ln159_4_fu_569">
<pin_list>
<pin id="570" dir="0" index="0" bw="11" slack="0"/>
<pin id="571" dir="0" index="1" bw="10" slack="0"/>
<pin id="572" dir="0" index="2" bw="1" slack="0"/>
<pin id="573" dir="1" index="3" bw="11" slack="0"/>
</pin_list>
<bind>
<opcode="bitconcatenate(1004) " fcode="bitconcatenate"/>
<opset="or_ln159_4/19 "/>
</bind>
</comp>

<comp id="577" class="1004" name="sext_ln159_1_fu_577">
<pin_list>
<pin id="578" dir="0" index="0" bw="11" slack="0"/>
<pin id="579" dir="1" index="1" bw="12" slack="0"/>
</pin_list>
<bind>
<opcode="sext(35) " fcode="sext"/>
<opset="sext_ln159_1/19 "/>
</bind>
</comp>

<comp id="581" class="1004" name="add_ln159_3_fu_581">
<pin_list>
<pin id="582" dir="0" index="0" bw="11" slack="0"/>
<pin id="583" dir="0" index="1" bw="11" slack="0"/>
<pin id="584" dir="1" index="2" bw="12" slack="0"/>
</pin_list>
<bind>
<opcode="add(8) " fcode="add"/>
<opset="add_ln159_3/19 "/>
</bind>
</comp>

<comp id="587" class="1004" name="tmp_10_fu_587">
<pin_list>
<pin id="588" dir="0" index="0" bw="9" slack="0"/>
<pin id="589" dir="0" index="1" bw="12" slack="0"/>
<pin id="590" dir="0" index="2" bw="3" slack="0"/>
<pin id="591" dir="0" index="3" bw="5" slack="0"/>
<pin id="592" dir="1" index="4" bw="9" slack="0"/>
</pin_list>
<bind>
<opcode="partselect(1002) " fcode="partselect"/>
<opset="tmp_10/19 "/>
</bind>
</comp>

<comp id="597" class="1004" name="icmp_ln159_6_fu_597">
<pin_list>
<pin id="598" dir="0" index="0" bw="9" slack="0"/>
<pin id="599" dir="0" index="1" bw="9" slack="0"/>
<pin id="600" dir="1" index="2" bw="1" slack="2"/>
</pin_list>
<bind>
<opcode="icmp(45) " fcode="icmp"/>
<opset="icmp_ln159_6/19 "/>
</bind>
</comp>

<comp id="603" class="1004" name="add_ln159_4_fu_603">
<pin_list>
<pin id="604" dir="0" index="0" bw="12" slack="0"/>
<pin id="605" dir="0" index="1" bw="5" slack="0"/>
<pin id="606" dir="1" index="2" bw="12" slack="0"/>
</pin_list>
<bind>
<opcode="add(8) " fcode="add"/>
<opset="add_ln159_4/19 "/>
</bind>
</comp>

<comp id="609" class="1004" name="sext_ln159_2_fu_609">
<pin_list>
<pin id="610" dir="0" index="0" bw="12" slack="0"/>
<pin id="611" dir="1" index="1" bw="32" slack="0"/>
</pin_list>
<bind>
<opcode="sext(35) " fcode="sext"/>
<opset="sext_ln159_2/19 "/>
</bind>
</comp>

<comp id="613" class="1004" name="add_ln159_5_fu_613">
<pin_list>
<pin id="614" dir="0" index="0" bw="12" slack="0"/>
<pin id="615" dir="0" index="1" bw="5" slack="0"/>
<pin id="616" dir="1" index="2" bw="12" slack="0"/>
</pin_list>
<bind>
<opcode="add(8) " fcode="add"/>
<opset="add_ln159_5/19 "/>
</bind>
</comp>

<comp id="619" class="1004" name="icmp_ln159_7_fu_619">
<pin_list>
<pin id="620" dir="0" index="0" bw="12" slack="0"/>
<pin id="621" dir="0" index="1" bw="12" slack="0"/>
<pin id="622" dir="1" index="2" bw="1" slack="2"/>
</pin_list>
<bind>
<opcode="icmp(45) " fcode="icmp"/>
<opset="icmp_ln159_7/19 "/>
</bind>
</comp>

<comp id="625" class="1004" name="tmp_12_fu_625">
<pin_list>
<pin id="626" dir="0" index="0" bw="1" slack="0"/>
<pin id="627" dir="0" index="1" bw="12" slack="0"/>
<pin id="628" dir="0" index="2" bw="5" slack="0"/>
<pin id="629" dir="1" index="3" bw="1" slack="1"/>
</pin_list>
<bind>
<opcode="bitselect(1000) " fcode="bitselect"/>
<opset="tmp_12/19 "/>
</bind>
</comp>

<comp id="633" class="1004" name="icmp_ln159_8_fu_633">
<pin_list>
<pin id="634" dir="0" index="0" bw="12" slack="0"/>
<pin id="635" dir="0" index="1" bw="12" slack="0"/>
<pin id="636" dir="1" index="2" bw="1" slack="0"/>
</pin_list>
<bind>
<opcode="icmp(45) " fcode="icmp"/>
<opset="icmp_ln159_8/19 "/>
</bind>
</comp>

<comp id="639" class="1004" name="tobool134_i_fu_639">
<pin_list>
<pin id="640" dir="0" index="0" bw="1" slack="0"/>
<pin id="641" dir="0" index="1" bw="54" slack="0"/>
<pin id="642" dir="0" index="2" bw="12" slack="0"/>
<pin id="643" dir="1" index="3" bw="1" slack="0"/>
</pin_list>
<bind>
<opcode="bitselect(1000) " fcode="bitselect"/>
<opset="tobool134_i/19 "/>
</bind>
</comp>

<comp id="647" class="1004" name="lD_0_i_fu_647">
<pin_list>
<pin id="648" dir="0" index="0" bw="1" slack="0"/>
<pin id="649" dir="0" index="1" bw="1" slack="0"/>
<pin id="650" dir="1" index="2" bw="1" slack="1"/>
</pin_list>
<bind>
<opcode="and(23) " fcode="and"/>
<opset="lD_0_i/19 "/>
</bind>
</comp>

<comp id="653" class="1004" name="trunc_ln159_8_fu_653">
<pin_list>
<pin id="654" dir="0" index="0" bw="12" slack="0"/>
<pin id="655" dir="1" index="1" bw="6" slack="1"/>
</pin_list>
<bind>
<opcode="trunc(33) " fcode="trunc"/>
<opset="trunc_ln159_8/19 "/>
</bind>
</comp>

<comp id="657" class="1004" name="icmp_ln159_3_fu_657">
<pin_list>
<pin id="658" dir="0" index="0" bw="11" slack="1"/>
<pin id="659" dir="0" index="1" bw="11" slack="0"/>
<pin id="660" dir="1" index="2" bw="1" slack="0"/>
</pin_list>
<bind>
<opcode="icmp(45) " fcode="icmp"/>
<opset="icmp_ln159_3/20 "/>
</bind>
</comp>

<comp id="662" class="1004" name="select_ln159_5_fu_662">
<pin_list>
<pin id="663" dir="0" index="0" bw="1" slack="2"/>
<pin id="664" dir="0" index="1" bw="18" slack="0"/>
<pin id="665" dir="0" index="2" bw="18" slack="0"/>
<pin id="666" dir="1" index="3" bw="18" slack="0"/>
</pin_list>
<bind>
<opcode="select(49) " fcode="select"/>
<opset="select_ln159_5/20 "/>
</bind>
</comp>

<comp id="669" class="1004" name="zext_ln159_2_fu_669">
<pin_list>
<pin id="670" dir="0" index="0" bw="11" slack="1"/>
<pin id="671" dir="1" index="1" bw="54" slack="0"/>
</pin_list>
<bind>
<opcode="zext(34) " fcode="zext"/>
<opset="zext_ln159_2/20 "/>
</bind>
</comp>

<comp id="672" class="1004" name="ashr_ln159_fu_672">
<pin_list>
<pin id="673" dir="0" index="0" bw="54" slack="1"/>
<pin id="674" dir="0" index="1" bw="11" slack="0"/>
<pin id="675" dir="1" index="2" bw="54" slack="0"/>
</pin_list>
<bind>
<opcode="ashr(22) " fcode="ashr"/>
<opset="ashr_ln159/20 "/>
</bind>
</comp>

<comp id="677" class="1004" name="trunc_ln159_5_fu_677">
<pin_list>
<pin id="678" dir="0" index="0" bw="54" slack="0"/>
<pin id="679" dir="1" index="1" bw="18" slack="0"/>
</pin_list>
<bind>
<opcode="trunc(33) " fcode="trunc"/>
<opset="trunc_ln159_5/20 "/>
</bind>
</comp>

<comp id="681" class="1004" name="select_ln159_2_fu_681">
<pin_list>
<pin id="682" dir="0" index="0" bw="1" slack="0"/>
<pin id="683" dir="0" index="1" bw="18" slack="0"/>
<pin id="684" dir="0" index="2" bw="18" slack="0"/>
<pin id="685" dir="1" index="3" bw="18" slack="0"/>
</pin_list>
<bind>
<opcode="select(49) " fcode="select"/>
<opset="select_ln159_2/20 "/>
</bind>
</comp>

<comp id="689" class="1004" name="icmp_ln159_5_fu_689">
<pin_list>
<pin id="690" dir="0" index="0" bw="11" slack="1"/>
<pin id="691" dir="0" index="1" bw="11" slack="0"/>
<pin id="692" dir="1" index="2" bw="1" slack="0"/>
</pin_list>
<bind>
<opcode="icmp(45) " fcode="icmp"/>
<opset="icmp_ln159_5/20 "/>
</bind>
</comp>

<comp id="694" class="1004" name="select_ln159_1cast_fu_694">
<pin_list>
<pin id="695" dir="0" index="0" bw="11" slack="1"/>
<pin id="696" dir="1" index="1" bw="18" slack="0"/>
</pin_list>
<bind>
<opcode="zext(34) " fcode="zext"/>
<opset="select_ln159_1cast/20 "/>
</bind>
</comp>

<comp id="697" class="1004" name="shl_ln159_fu_697">
<pin_list>
<pin id="698" dir="0" index="0" bw="18" slack="1"/>
<pin id="699" dir="0" index="1" bw="11" slack="0"/>
<pin id="700" dir="1" index="2" bw="18" slack="0"/>
</pin_list>
<bind>
<opcode="shl(20) " fcode="shl"/>
<opset="shl_ln159/20 "/>
</bind>
</comp>

<comp id="702" class="1004" name="select_ln159_3_fu_702">
<pin_list>
<pin id="703" dir="0" index="0" bw="1" slack="0"/>
<pin id="704" dir="0" index="1" bw="18" slack="0"/>
<pin id="705" dir="0" index="2" bw="18" slack="0"/>
<pin id="706" dir="1" index="3" bw="18" slack="1"/>
</pin_list>
<bind>
<opcode="select(49) " fcode="select"/>
<opset="select_ln159_3/20 "/>
</bind>
</comp>

<comp id="710" class="1004" name="cond64_i_fu_710">
<pin_list>
<pin id="711" dir="0" index="0" bw="1" slack="1"/>
<pin id="712" dir="0" index="1" bw="1" slack="2"/>
<pin id="713" dir="0" index="2" bw="1" slack="1"/>
<pin id="714" dir="1" index="3" bw="1" slack="0"/>
</pin_list>
<bind>
<opcode="select(49) " fcode="select"/>
<opset="cond64_i/20 "/>
</bind>
</comp>

<comp id="715" class="1004" name="tmp_8_fu_715">
<pin_list>
<pin id="716" dir="0" index="0" bw="1" slack="0"/>
<pin id="717" dir="0" index="1" bw="18" slack="0"/>
<pin id="718" dir="0" index="2" bw="6" slack="0"/>
<pin id="719" dir="1" index="3" bw="1" slack="0"/>
</pin_list>
<bind>
<opcode="bitselect(1000) " fcode="bitselect"/>
<opset="tmp_8/20 "/>
</bind>
</comp>

<comp id="723" class="1004" name="zext_ln159_3_fu_723">
<pin_list>
<pin id="724" dir="0" index="0" bw="1" slack="0"/>
<pin id="725" dir="1" index="1" bw="18" slack="0"/>
</pin_list>
<bind>
<opcode="zext(34) " fcode="zext"/>
<opset="zext_ln159_3/20 "/>
</bind>
</comp>

<comp id="727" class="1004" name="add_ln159_2_fu_727">
<pin_list>
<pin id="728" dir="0" index="0" bw="18" slack="0"/>
<pin id="729" dir="0" index="1" bw="1" slack="0"/>
<pin id="730" dir="1" index="2" bw="18" slack="0"/>
</pin_list>
<bind>
<opcode="add(8) " fcode="add"/>
<opset="add_ln159_2/20 "/>
</bind>
</comp>

<comp id="733" class="1004" name="tmp_9_fu_733">
<pin_list>
<pin id="734" dir="0" index="0" bw="1" slack="0"/>
<pin id="735" dir="0" index="1" bw="18" slack="0"/>
<pin id="736" dir="0" index="2" bw="6" slack="0"/>
<pin id="737" dir="1" index="3" bw="1" slack="0"/>
</pin_list>
<bind>
<opcode="bitselect(1000) " fcode="bitselect"/>
<opset="tmp_9/20 "/>
</bind>
</comp>

<comp id="741" class="1004" name="xor_ln159_fu_741">
<pin_list>
<pin id="742" dir="0" index="0" bw="1" slack="0"/>
<pin id="743" dir="0" index="1" bw="1" slack="0"/>
<pin id="744" dir="1" index="2" bw="1" slack="0"/>
</pin_list>
<bind>
<opcode="xor(25) " fcode="xor"/>
<opset="xor_ln159/20 "/>
</bind>
</comp>

<comp id="747" class="1004" name="xor_ln159_2_fu_747">
<pin_list>
<pin id="748" dir="0" index="0" bw="1" slack="1"/>
<pin id="749" dir="0" index="1" bw="1" slack="0"/>
<pin id="750" dir="1" index="2" bw="1" slack="0"/>
</pin_list>
<bind>
<opcode="xor(25) " fcode="xor"/>
<opset="xor_ln159_2/20 "/>
</bind>
</comp>

<comp id="752" class="1004" name="and_ln159_9_fu_752">
<pin_list>
<pin id="753" dir="0" index="0" bw="1" slack="1"/>
<pin id="754" dir="0" index="1" bw="1" slack="0"/>
<pin id="755" dir="1" index="2" bw="1" slack="0"/>
</pin_list>
<bind>
<opcode="and(23) " fcode="and"/>
<opset="and_ln159_9/20 "/>
</bind>
</comp>

<comp id="757" class="1004" name="and_ln159_10_fu_757">
<pin_list>
<pin id="758" dir="0" index="0" bw="1" slack="0"/>
<pin id="759" dir="0" index="1" bw="1" slack="0"/>
<pin id="760" dir="1" index="2" bw="1" slack="0"/>
</pin_list>
<bind>
<opcode="and(23) " fcode="and"/>
<opset="and_ln159_10/20 "/>
</bind>
</comp>

<comp id="763" class="1004" name="carry_1_i_fu_763">
<pin_list>
<pin id="764" dir="0" index="0" bw="1" slack="0"/>
<pin id="765" dir="0" index="1" bw="1" slack="0"/>
<pin id="766" dir="1" index="2" bw="1" slack="1"/>
</pin_list>
<bind>
<opcode="and(23) " fcode="and"/>
<opset="carry_1_i/20 "/>
</bind>
</comp>

<comp id="769" class="1004" name="xor_ln159_9_fu_769">
<pin_list>
<pin id="770" dir="0" index="0" bw="1" slack="1"/>
<pin id="771" dir="0" index="1" bw="1" slack="0"/>
<pin id="772" dir="1" index="2" bw="1" slack="0"/>
</pin_list>
<bind>
<opcode="xor(25) " fcode="xor"/>
<opset="xor_ln159_9/20 "/>
</bind>
</comp>

<comp id="774" class="1004" name="icmp_ln159_9_fu_774">
<pin_list>
<pin id="775" dir="0" index="0" bw="12" slack="1"/>
<pin id="776" dir="0" index="1" bw="12" slack="0"/>
<pin id="777" dir="1" index="2" bw="1" slack="0"/>
</pin_list>
<bind>
<opcode="icmp(45) " fcode="icmp"/>
<opset="icmp_ln159_9/20 "/>
</bind>
</comp>

<comp id="779" class="1004" name="icmp_ln159_10_fu_779">
<pin_list>
<pin id="780" dir="0" index="0" bw="12" slack="1"/>
<pin id="781" dir="0" index="1" bw="12" slack="0"/>
<pin id="782" dir="1" index="2" bw="1" slack="0"/>
</pin_list>
<bind>
<opcode="icmp(45) " fcode="icmp"/>
<opset="icmp_ln159_10/20 "/>
</bind>
</comp>

<comp id="784" class="1004" name="zext_ln159_6_fu_784">
<pin_list>
<pin id="785" dir="0" index="0" bw="6" slack="1"/>
<pin id="786" dir="1" index="1" bw="54" slack="0"/>
</pin_list>
<bind>
<opcode="zext(34) " fcode="zext"/>
<opset="zext_ln159_6/20 "/>
</bind>
</comp>

<comp id="787" class="1004" name="lshr_ln159_fu_787">
<pin_list>
<pin id="788" dir="0" index="0" bw="54" slack="1"/>
<pin id="789" dir="0" index="1" bw="6" slack="0"/>
<pin id="790" dir="1" index="2" bw="54" slack="0"/>
</pin_list>
<bind>
<opcode="lshr(21) " fcode="lshr"/>
<opset="lshr_ln159/20 "/>
</bind>
</comp>

<comp id="792" class="1004" name="lshr_ln159_1_fu_792">
<pin_list>
<pin id="793" dir="0" index="0" bw="1" slack="0"/>
<pin id="794" dir="0" index="1" bw="6" slack="0"/>
<pin id="795" dir="1" index="2" bw="54" slack="0"/>
</pin_list>
<bind>
<opcode="lshr(21) " fcode="lshr"/>
<opset="lshr_ln159_1/20 "/>
</bind>
</comp>

<comp id="798" class="1004" name="icmp_ln159_11_fu_798">
<pin_list>
<pin id="799" dir="0" index="0" bw="54" slack="0"/>
<pin id="800" dir="0" index="1" bw="54" slack="0"/>
<pin id="801" dir="1" index="2" bw="1" slack="0"/>
</pin_list>
<bind>
<opcode="icmp(45) " fcode="icmp"/>
<opset="icmp_ln159_11/20 "/>
</bind>
</comp>

<comp id="804" class="1004" name="tmp_13_fu_804">
<pin_list>
<pin id="805" dir="0" index="0" bw="1" slack="0"/>
<pin id="806" dir="0" index="1" bw="12" slack="1"/>
<pin id="807" dir="0" index="2" bw="5" slack="0"/>
<pin id="808" dir="1" index="3" bw="1" slack="0"/>
</pin_list>
<bind>
<opcode="bitselect(1000) " fcode="bitselect"/>
<opset="tmp_13/20 "/>
</bind>
</comp>

<comp id="811" class="1004" name="xor_ln159_10_fu_811">
<pin_list>
<pin id="812" dir="0" index="0" bw="1" slack="0"/>
<pin id="813" dir="0" index="1" bw="1" slack="0"/>
<pin id="814" dir="1" index="2" bw="1" slack="0"/>
</pin_list>
<bind>
<opcode="xor(25) " fcode="xor"/>
<opset="xor_ln159_10/20 "/>
</bind>
</comp>

<comp id="817" class="1004" name="Range2_all_ones_1_i_fu_817">
<pin_list>
<pin id="818" dir="0" index="0" bw="1" slack="0"/>
<pin id="819" dir="0" index="1" bw="1" slack="0"/>
<pin id="820" dir="0" index="2" bw="1" slack="0"/>
<pin id="821" dir="1" index="3" bw="1" slack="0"/>
</pin_list>
<bind>
<opcode="select(49) " fcode="select"/>
<opset="Range2_all_ones_1_i/20 "/>
</bind>
</comp>

<comp id="825" class="1004" name="and_ln159_1_fu_825">
<pin_list>
<pin id="826" dir="0" index="0" bw="1" slack="0"/>
<pin id="827" dir="0" index="1" bw="1" slack="0"/>
<pin id="828" dir="1" index="2" bw="1" slack="0"/>
</pin_list>
<bind>
<opcode="and(23) " fcode="and"/>
<opset="and_ln159_1/20 "/>
</bind>
</comp>

<comp id="831" class="1004" name="and_ln159_2_fu_831">
<pin_list>
<pin id="832" dir="0" index="0" bw="1" slack="0"/>
<pin id="833" dir="0" index="1" bw="1" slack="1"/>
<pin id="834" dir="1" index="2" bw="1" slack="0"/>
</pin_list>
<bind>
<opcode="and(23) " fcode="and"/>
<opset="and_ln159_2/20 "/>
</bind>
</comp>

<comp id="836" class="1004" name="xor_ln159_1_fu_836">
<pin_list>
<pin id="837" dir="0" index="0" bw="1" slack="1"/>
<pin id="838" dir="0" index="1" bw="1" slack="0"/>
<pin id="839" dir="1" index="2" bw="1" slack="0"/>
</pin_list>
<bind>
<opcode="xor(25) " fcode="xor"/>
<opset="xor_ln159_1/20 "/>
</bind>
</comp>

<comp id="841" class="1004" name="icmp_ln159_12_fu_841">
<pin_list>
<pin id="842" dir="0" index="0" bw="54" slack="0"/>
<pin id="843" dir="0" index="1" bw="54" slack="0"/>
<pin id="844" dir="1" index="2" bw="1" slack="0"/>
</pin_list>
<bind>
<opcode="icmp(45) " fcode="icmp"/>
<opset="icmp_ln159_12/20 "/>
</bind>
</comp>

<comp id="847" class="1004" name="and_ln159_3_fu_847">
<pin_list>
<pin id="848" dir="0" index="0" bw="1" slack="0"/>
<pin id="849" dir="0" index="1" bw="1" slack="0"/>
<pin id="850" dir="1" index="2" bw="1" slack="0"/>
</pin_list>
<bind>
<opcode="and(23) " fcode="and"/>
<opset="and_ln159_3/20 "/>
</bind>
</comp>

<comp id="853" class="1004" name="icmp_ln159_13_fu_853">
<pin_list>
<pin id="854" dir="0" index="0" bw="12" slack="1"/>
<pin id="855" dir="0" index="1" bw="12" slack="0"/>
<pin id="856" dir="1" index="2" bw="1" slack="0"/>
</pin_list>
<bind>
<opcode="icmp(45) " fcode="icmp"/>
<opset="icmp_ln159_13/20 "/>
</bind>
</comp>

<comp id="858" class="1004" name="icmp_ln159_14_fu_858">
<pin_list>
<pin id="859" dir="0" index="0" bw="54" slack="1"/>
<pin id="860" dir="0" index="1" bw="54" slack="0"/>
<pin id="861" dir="1" index="2" bw="1" slack="0"/>
</pin_list>
<bind>
<opcode="icmp(45) " fcode="icmp"/>
<opset="icmp_ln159_14/20 "/>
</bind>
</comp>

<comp id="863" class="1004" name="or_ln159_fu_863">
<pin_list>
<pin id="864" dir="0" index="0" bw="1" slack="0"/>
<pin id="865" dir="0" index="1" bw="1" slack="0"/>
<pin id="866" dir="1" index="2" bw="1" slack="0"/>
</pin_list>
<bind>
<opcode="or(24) " fcode="or"/>
<opset="or_ln159/20 "/>
</bind>
</comp>

<comp id="869" class="1004" name="xor_ln159_11_fu_869">
<pin_list>
<pin id="870" dir="0" index="0" bw="1" slack="0"/>
<pin id="871" dir="0" index="1" bw="1" slack="0"/>
<pin id="872" dir="1" index="2" bw="1" slack="0"/>
</pin_list>
<bind>
<opcode="xor(25) " fcode="xor"/>
<opset="xor_ln159_11/20 "/>
</bind>
</comp>

<comp id="875" class="1004" name="or_ln159_5_fu_875">
<pin_list>
<pin id="876" dir="0" index="0" bw="1" slack="1"/>
<pin id="877" dir="0" index="1" bw="1" slack="0"/>
<pin id="878" dir="1" index="2" bw="1" slack="0"/>
</pin_list>
<bind>
<opcode="or(24) " fcode="or"/>
<opset="or_ln159_5/20 "/>
</bind>
</comp>

<comp id="880" class="1004" name="and_ln159_11_fu_880">
<pin_list>
<pin id="881" dir="0" index="0" bw="1" slack="0"/>
<pin id="882" dir="0" index="1" bw="1" slack="0"/>
<pin id="883" dir="1" index="2" bw="1" slack="0"/>
</pin_list>
<bind>
<opcode="and(23) " fcode="and"/>
<opset="and_ln159_11/20 "/>
</bind>
</comp>

<comp id="886" class="1004" name="sel_tmp_fu_886">
<pin_list>
<pin id="887" dir="0" index="0" bw="2" slack="0"/>
<pin id="888" dir="0" index="1" bw="1" slack="0"/>
<pin id="889" dir="0" index="2" bw="1" slack="0"/>
<pin id="890" dir="1" index="3" bw="2" slack="0"/>
</pin_list>
<bind>
<opcode="bitconcatenate(1004) " fcode="bitconcatenate"/>
<opset="sel_tmp/20 "/>
</bind>
</comp>

<comp id="894" class="1004" name="Range1_all_ones_2_i_fu_894">
<pin_list>
<pin id="895" dir="0" index="0" bw="1" slack="0"/>
<pin id="896" dir="0" index="1" bw="2" slack="0"/>
<pin id="897" dir="0" index="2" bw="1" slack="0"/>
<pin id="898" dir="0" index="3" bw="2" slack="0"/>
<pin id="899" dir="0" index="4" bw="1" slack="1"/>
<pin id="900" dir="0" index="5" bw="2" slack="0"/>
<pin id="901" dir="0" index="6" bw="1" slack="0"/>
<pin id="902" dir="0" index="7" bw="1" slack="0"/>
<pin id="903" dir="0" index="8" bw="2" slack="0"/>
<pin id="904" dir="1" index="9" bw="1" slack="1"/>
</pin_list>
<bind>
<opcode="sparsemux(1197) " fcode="sparsemux"/>
<opset="Range1_all_ones_2_i/20 "/>
</bind>
</comp>

<comp id="913" class="1004" name="Range1_all_zeros_2_i_fu_913">
<pin_list>
<pin id="914" dir="0" index="0" bw="1" slack="0"/>
<pin id="915" dir="0" index="1" bw="2" slack="0"/>
<pin id="916" dir="0" index="2" bw="1" slack="0"/>
<pin id="917" dir="0" index="3" bw="2" slack="0"/>
<pin id="918" dir="0" index="4" bw="1" slack="0"/>
<pin id="919" dir="0" index="5" bw="2" slack="0"/>
<pin id="920" dir="0" index="6" bw="1" slack="0"/>
<pin id="921" dir="0" index="7" bw="1" slack="0"/>
<pin id="922" dir="0" index="8" bw="2" slack="0"/>
<pin id="923" dir="1" index="9" bw="1" slack="1"/>
</pin_list>
<bind>
<opcode="sparsemux(1197) " fcode="sparsemux"/>
<opset="Range1_all_zeros_2_i/20 "/>
</bind>
</comp>

<comp id="933" class="1004" name="zext_ln151_fu_933">
<pin_list>
<pin id="934" dir="0" index="0" bw="11" slack="20"/>
<pin id="935" dir="1" index="1" bw="64" slack="0"/>
</pin_list>
<bind>
<opcode="zext(34) " fcode="zext"/>
<opset="zext_ln151/21 "/>
</bind>
</comp>

<comp id="937" class="1004" name="sel_tmp3_fu_937">
<pin_list>
<pin id="938" dir="0" index="0" bw="2" slack="0"/>
<pin id="939" dir="0" index="1" bw="1" slack="2"/>
<pin id="940" dir="0" index="2" bw="1" slack="1"/>
<pin id="941" dir="1" index="3" bw="2" slack="0"/>
</pin_list>
<bind>
<opcode="bitconcatenate(1004) " fcode="bitconcatenate"/>
<opset="sel_tmp3/21 "/>
</bind>
</comp>

<comp id="943" class="1004" name="ref_tmp_i_i_fu_943">
<pin_list>
<pin id="944" dir="0" index="0" bw="18" slack="0"/>
<pin id="945" dir="0" index="1" bw="2" slack="0"/>
<pin id="946" dir="0" index="2" bw="18" slack="2"/>
<pin id="947" dir="0" index="3" bw="2" slack="0"/>
<pin id="948" dir="0" index="4" bw="18" slack="1"/>
<pin id="949" dir="0" index="5" bw="2" slack="0"/>
<pin id="950" dir="0" index="6" bw="18" slack="1"/>
<pin id="951" dir="0" index="7" bw="18" slack="0"/>
<pin id="952" dir="0" index="8" bw="2" slack="0"/>
<pin id="953" dir="1" index="9" bw="18" slack="0"/>
</pin_list>
<bind>
<opcode="sparsemux(1197) " fcode="sparsemux"/>
<opset="ref_tmp_i_i/21 "/>
</bind>
</comp>

<comp id="960" class="1004" name="trunc_ln159_7_fu_960">
<pin_list>
<pin id="961" dir="0" index="0" bw="18" slack="0"/>
<pin id="962" dir="1" index="1" bw="16" slack="0"/>
</pin_list>
<bind>
<opcode="trunc(33) " fcode="trunc"/>
<opset="trunc_ln159_7/21 "/>
</bind>
</comp>

<comp id="964" class="1004" name="tmp_11_fu_964">
<pin_list>
<pin id="965" dir="0" index="0" bw="1" slack="0"/>
<pin id="966" dir="0" index="1" bw="18" slack="0"/>
<pin id="967" dir="0" index="2" bw="6" slack="0"/>
<pin id="968" dir="1" index="3" bw="1" slack="0"/>
</pin_list>
<bind>
<opcode="bitselect(1000) " fcode="bitselect"/>
<opset="tmp_11/21 "/>
</bind>
</comp>

<comp id="972" class="1004" name="and_ln159_fu_972">
<pin_list>
<pin id="973" dir="0" index="0" bw="1" slack="3"/>
<pin id="974" dir="0" index="1" bw="1" slack="0"/>
<pin id="975" dir="1" index="2" bw="1" slack="0"/>
</pin_list>
<bind>
<opcode="and(23) " fcode="and"/>
<opset="and_ln159/21 "/>
</bind>
</comp>

<comp id="977" class="1004" name="select_ln159_4_fu_977">
<pin_list>
<pin id="978" dir="0" index="0" bw="1" slack="1"/>
<pin id="979" dir="0" index="1" bw="1" slack="1"/>
<pin id="980" dir="0" index="2" bw="1" slack="1"/>
<pin id="981" dir="1" index="3" bw="1" slack="0"/>
</pin_list>
<bind>
<opcode="select(49) " fcode="select"/>
<opset="select_ln159_4/21 "/>
</bind>
</comp>

<comp id="982" class="1004" name="or_ln159_1_fu_982">
<pin_list>
<pin id="983" dir="0" index="0" bw="1" slack="2"/>
<pin id="984" dir="0" index="1" bw="1" slack="1"/>
<pin id="985" dir="1" index="2" bw="1" slack="0"/>
</pin_list>
<bind>
<opcode="or(24) " fcode="or"/>
<opset="or_ln159_1/21 "/>
</bind>
</comp>

<comp id="986" class="1004" name="and_ln159_4_fu_986">
<pin_list>
<pin id="987" dir="0" index="0" bw="1" slack="1"/>
<pin id="988" dir="0" index="1" bw="1" slack="0"/>
<pin id="989" dir="1" index="2" bw="1" slack="0"/>
</pin_list>
<bind>
<opcode="and(23) " fcode="and"/>
<opset="and_ln159_4/21 "/>
</bind>
</comp>

<comp id="991" class="1004" name="cond193_i_fu_991">
<pin_list>
<pin id="992" dir="0" index="0" bw="1" slack="1"/>
<pin id="993" dir="0" index="1" bw="1" slack="0"/>
<pin id="994" dir="0" index="2" bw="1" slack="1"/>
<pin id="995" dir="1" index="3" bw="1" slack="0"/>
</pin_list>
<bind>
<opcode="select(49) " fcode="select"/>
<opset="cond193_i/21 "/>
</bind>
</comp>

<comp id="997" class="1004" name="and_ln159_5_fu_997">
<pin_list>
<pin id="998" dir="0" index="0" bw="1" slack="1"/>
<pin id="999" dir="0" index="1" bw="1" slack="1"/>
<pin id="1000" dir="1" index="2" bw="1" slack="0"/>
</pin_list>
<bind>
<opcode="and(23) " fcode="and"/>
<opset="and_ln159_5/21 "/>
</bind>
</comp>

<comp id="1001" class="1004" name="xor_ln159_4_fu_1001">
<pin_list>
<pin id="1002" dir="0" index="0" bw="1" slack="0"/>
<pin id="1003" dir="0" index="1" bw="1" slack="0"/>
<pin id="1004" dir="1" index="2" bw="1" slack="0"/>
</pin_list>
<bind>
<opcode="xor(25) " fcode="xor"/>
<opset="xor_ln159_4/21 "/>
</bind>
</comp>

<comp id="1007" class="1004" name="not_icmp_ln159_749_fu_1007">
<pin_list>
<pin id="1008" dir="0" index="0" bw="1" slack="2"/>
<pin id="1009" dir="0" index="1" bw="1" slack="0"/>
<pin id="1010" dir="1" index="2" bw="1" slack="0"/>
</pin_list>
<bind>
<opcode="xor(25) " fcode="xor"/>
<opset="not_icmp_ln159_749/21 "/>
</bind>
</comp>

<comp id="1012" class="1004" name="deleted_ones_0_i_fu_1012">
<pin_list>
<pin id="1013" dir="0" index="0" bw="1" slack="0"/>
<pin id="1014" dir="0" index="1" bw="1" slack="0"/>
<pin id="1015" dir="1" index="2" bw="1" slack="0"/>
</pin_list>
<bind>
<opcode="or(24) " fcode="or"/>
<opset="deleted_ones_0_i/21 "/>
</bind>
</comp>

<comp id="1018" class="1004" name="and_ln159_12_fu_1018">
<pin_list>
<pin id="1019" dir="0" index="0" bw="1" slack="2"/>
<pin id="1020" dir="0" index="1" bw="1" slack="3"/>
<pin id="1021" dir="1" index="2" bw="1" slack="0"/>
</pin_list>
<bind>
<opcode="and(23) " fcode="and"/>
<opset="and_ln159_12/21 "/>
</bind>
</comp>

<comp id="1022" class="1004" name="sel_tmp1_fu_1022">
<pin_list>
<pin id="1023" dir="0" index="0" bw="2" slack="0"/>
<pin id="1024" dir="0" index="1" bw="1" slack="0"/>
<pin id="1025" dir="0" index="2" bw="1" slack="0"/>
<pin id="1026" dir="1" index="3" bw="2" slack="0"/>
</pin_list>
<bind>
<opcode="bitconcatenate(1004) " fcode="bitconcatenate"/>
<opset="sel_tmp1/21 "/>
</bind>
</comp>

<comp id="1030" class="1004" name="neg_src_0_i_fu_1030">
<pin_list>
<pin id="1031" dir="0" index="0" bw="1" slack="0"/>
<pin id="1032" dir="0" index="1" bw="2" slack="0"/>
<pin id="1033" dir="0" index="2" bw="1" slack="0"/>
<pin id="1034" dir="0" index="3" bw="2" slack="0"/>
<pin id="1035" dir="0" index="4" bw="1" slack="0"/>
<pin id="1036" dir="0" index="5" bw="2" slack="0"/>
<pin id="1037" dir="0" index="6" bw="1" slack="0"/>
<pin id="1038" dir="0" index="7" bw="1" slack="0"/>
<pin id="1039" dir="0" index="8" bw="2" slack="0"/>
<pin id="1040" dir="1" index="9" bw="1" slack="0"/>
</pin_list>
<bind>
<opcode="sparsemux(1197) " fcode="sparsemux"/>
<opset="neg_src_0_i/21 "/>
</bind>
</comp>

<comp id="1050" class="1004" name="xor_ln159_5_fu_1050">
<pin_list>
<pin id="1051" dir="0" index="0" bw="1" slack="0"/>
<pin id="1052" dir="0" index="1" bw="1" slack="0"/>
<pin id="1053" dir="1" index="2" bw="1" slack="0"/>
</pin_list>
<bind>
<opcode="xor(25) " fcode="xor"/>
<opset="xor_ln159_5/21 "/>
</bind>
</comp>

<comp id="1056" class="1004" name="and_ln159_13_fu_1056">
<pin_list>
<pin id="1057" dir="0" index="0" bw="1" slack="2"/>
<pin id="1058" dir="0" index="1" bw="1" slack="0"/>
<pin id="1059" dir="1" index="2" bw="1" slack="0"/>
</pin_list>
<bind>
<opcode="and(23) " fcode="and"/>
<opset="and_ln159_13/21 "/>
</bind>
</comp>

<comp id="1061" class="1004" name="or_ln159_2_fu_1061">
<pin_list>
<pin id="1062" dir="0" index="0" bw="1" slack="0"/>
<pin id="1063" dir="0" index="1" bw="1" slack="0"/>
<pin id="1064" dir="1" index="2" bw="1" slack="0"/>
</pin_list>
<bind>
<opcode="or(24) " fcode="or"/>
<opset="or_ln159_2/21 "/>
</bind>
</comp>

<comp id="1067" class="1004" name="xor_ln159_6_fu_1067">
<pin_list>
<pin id="1068" dir="0" index="0" bw="1" slack="3"/>
<pin id="1069" dir="0" index="1" bw="1" slack="0"/>
<pin id="1070" dir="1" index="2" bw="1" slack="0"/>
</pin_list>
<bind>
<opcode="xor(25) " fcode="xor"/>
<opset="xor_ln159_6/21 "/>
</bind>
</comp>

<comp id="1072" class="1004" name="and_ln159_6_fu_1072">
<pin_list>
<pin id="1073" dir="0" index="0" bw="1" slack="0"/>
<pin id="1074" dir="0" index="1" bw="1" slack="0"/>
<pin id="1075" dir="1" index="2" bw="1" slack="0"/>
</pin_list>
<bind>
<opcode="and(23) " fcode="and"/>
<opset="and_ln159_6/21 "/>
</bind>
</comp>

<comp id="1078" class="1004" name="and_ln159_7_fu_1078">
<pin_list>
<pin id="1079" dir="0" index="0" bw="1" slack="0"/>
<pin id="1080" dir="0" index="1" bw="1" slack="0"/>
<pin id="1081" dir="1" index="2" bw="1" slack="0"/>
</pin_list>
<bind>
<opcode="and(23) " fcode="and"/>
<opset="and_ln159_7/21 "/>
</bind>
</comp>

<comp id="1084" class="1004" name="xor_ln159_7_fu_1084">
<pin_list>
<pin id="1085" dir="0" index="0" bw="1" slack="0"/>
<pin id="1086" dir="0" index="1" bw="1" slack="0"/>
<pin id="1087" dir="1" index="2" bw="1" slack="0"/>
</pin_list>
<bind>
<opcode="xor(25) " fcode="xor"/>
<opset="xor_ln159_7/21 "/>
</bind>
</comp>

<comp id="1090" class="1004" name="and_ln159_8_fu_1090">
<pin_list>
<pin id="1091" dir="0" index="0" bw="1" slack="0"/>
<pin id="1092" dir="0" index="1" bw="1" slack="0"/>
<pin id="1093" dir="1" index="2" bw="1" slack="0"/>
</pin_list>
<bind>
<opcode="and(23) " fcode="and"/>
<opset="and_ln159_8/21 "/>
</bind>
</comp>

<comp id="1096" class="1004" name="or_ln159_3_fu_1096">
<pin_list>
<pin id="1097" dir="0" index="0" bw="1" slack="0"/>
<pin id="1098" dir="0" index="1" bw="1" slack="0"/>
<pin id="1099" dir="1" index="2" bw="1" slack="0"/>
</pin_list>
<bind>
<opcode="or(24) " fcode="or"/>
<opset="or_ln159_3/21 "/>
</bind>
</comp>

<comp id="1102" class="1004" name="select_ln159_6_fu_1102">
<pin_list>
<pin id="1103" dir="0" index="0" bw="1" slack="0"/>
<pin id="1104" dir="0" index="1" bw="16" slack="0"/>
<pin id="1105" dir="0" index="2" bw="16" slack="0"/>
<pin id="1106" dir="1" index="3" bw="16" slack="0"/>
</pin_list>
<bind>
<opcode="select(49) " fcode="select"/>
<opset="select_ln159_6/21 "/>
</bind>
</comp>

<comp id="1110" class="1004" name="xor_ln159_8_fu_1110">
<pin_list>
<pin id="1111" dir="0" index="0" bw="1" slack="3"/>
<pin id="1112" dir="0" index="1" bw="1" slack="0"/>
<pin id="1113" dir="1" index="2" bw="1" slack="0"/>
</pin_list>
<bind>
<opcode="xor(25) " fcode="xor"/>
<opset="xor_ln159_8/21 "/>
</bind>
</comp>

<comp id="1115" class="1004" name="and_ln159_14_fu_1115">
<pin_list>
<pin id="1116" dir="0" index="0" bw="1" slack="0"/>
<pin id="1117" dir="0" index="1" bw="1" slack="0"/>
<pin id="1118" dir="1" index="2" bw="1" slack="0"/>
</pin_list>
<bind>
<opcode="and(23) " fcode="and"/>
<opset="and_ln159_14/21 "/>
</bind>
</comp>

<comp id="1121" class="1004" name="and_ln159_15_fu_1121">
<pin_list>
<pin id="1122" dir="0" index="0" bw="1" slack="0"/>
<pin id="1123" dir="0" index="1" bw="1" slack="2"/>
<pin id="1124" dir="1" index="2" bw="1" slack="0"/>
</pin_list>
<bind>
<opcode="and(23) " fcode="and"/>
<opset="and_ln159_15/21 "/>
</bind>
</comp>

<comp id="1126" class="1004" name="sel_tmp2_fu_1126">
<pin_list>
<pin id="1127" dir="0" index="0" bw="2" slack="0"/>
<pin id="1128" dir="0" index="1" bw="1" slack="3"/>
<pin id="1129" dir="0" index="2" bw="1" slack="0"/>
<pin id="1130" dir="1" index="3" bw="2" slack="0"/>
</pin_list>
<bind>
<opcode="bitconcatenate(1004) " fcode="bitconcatenate"/>
<opset="sel_tmp2/21 "/>
</bind>
</comp>

<comp id="1133" class="1004" name="exp_x_fu_1133">
<pin_list>
<pin id="1134" dir="0" index="0" bw="16" slack="0"/>
<pin id="1135" dir="0" index="1" bw="2" slack="0"/>
<pin id="1136" dir="0" index="2" bw="16" slack="0"/>
<pin id="1137" dir="0" index="3" bw="2" slack="0"/>
<pin id="1138" dir="0" index="4" bw="16" slack="0"/>
<pin id="1139" dir="0" index="5" bw="2" slack="0"/>
<pin id="1140" dir="0" index="6" bw="16" slack="0"/>
<pin id="1141" dir="0" index="7" bw="16" slack="0"/>
<pin id="1142" dir="0" index="8" bw="2" slack="0"/>
<pin id="1143" dir="1" index="9" bw="16" slack="0"/>
</pin_list>
<bind>
<opcode="sparsemux(1197) " fcode="sparsemux"/>
<opset="exp_x/21 "/>
</bind>
</comp>

<comp id="1154" class="1005" name="i_reg_1154">
<pin_list>
<pin id="1155" dir="0" index="0" bw="11" slack="0"/>
<pin id="1156" dir="1" index="1" bw="11" slack="0"/>
</pin_list>
<bind>
<opset="i "/>
</bind>
</comp>

<comp id="1161" class="1005" name="i_1_reg_1161">
<pin_list>
<pin id="1162" dir="0" index="0" bw="11" slack="20"/>
<pin id="1163" dir="1" index="1" bw="11" slack="20"/>
</pin_list>
<bind>
<opset="i_1 "/>
</bind>
</comp>

<comp id="1166" class="1005" name="icmp_ln151_reg_1166">
<pin_list>
<pin id="1167" dir="0" index="0" bw="1" slack="19"/>
<pin id="1168" dir="1" index="1" bw="1" slack="2147483647"/>
</pin_list>
<bind>
<opset="icmp_ln151 "/>
</bind>
</comp>

<comp id="1170" class="1005" name="x_reg_1170">
<pin_list>
<pin id="1171" dir="0" index="0" bw="35" slack="1"/>
<pin id="1172" dir="1" index="1" bw="35" slack="1"/>
</pin_list>
<bind>
<opset="x "/>
</bind>
</comp>

<comp id="1178" class="1005" name="trunc_ln138_reg_1178">
<pin_list>
<pin id="1179" dir="0" index="0" bw="6" slack="1"/>
<pin id="1180" dir="1" index="1" bw="6" slack="1"/>
</pin_list>
<bind>
<opset="trunc_ln138 "/>
</bind>
</comp>

<comp id="1183" class="1005" name="sub_ln138_reg_1183">
<pin_list>
<pin id="1184" dir="0" index="0" bw="6" slack="1"/>
<pin id="1185" dir="1" index="1" bw="6" slack="1"/>
</pin_list>
<bind>
<opset="sub_ln138 "/>
</bind>
</comp>

<comp id="1188" class="1005" name="add_ln138_1_reg_1188">
<pin_list>
<pin id="1189" dir="0" index="0" bw="6" slack="1"/>
<pin id="1190" dir="1" index="1" bw="6" slack="1"/>
</pin_list>
<bind>
<opset="add_ln138_1 "/>
</bind>
</comp>

<comp id="1193" class="1005" name="sub_ln138_1_reg_1193">
<pin_list>
<pin id="1194" dir="0" index="0" bw="6" slack="1"/>
<pin id="1195" dir="1" index="1" bw="6" slack="1"/>
</pin_list>
<bind>
<opset="sub_ln138_1 "/>
</bind>
</comp>

<comp id="1198" class="1005" name="icmp_ln138_reg_1198">
<pin_list>
<pin id="1199" dir="0" index="0" bw="1" slack="1"/>
<pin id="1200" dir="1" index="1" bw="1" slack="1"/>
</pin_list>
<bind>
<opset="icmp_ln138 "/>
</bind>
</comp>

<comp id="1203" class="1005" name="trunc_ln157_reg_1203">
<pin_list>
<pin id="1204" dir="0" index="0" bw="31" slack="1"/>
<pin id="1205" dir="1" index="1" bw="31" slack="1"/>
</pin_list>
<bind>
<opset="trunc_ln157 "/>
</bind>
</comp>

<comp id="1208" class="1005" name="x_2_reg_1208">
<pin_list>
<pin id="1209" dir="0" index="0" bw="32" slack="1"/>
<pin id="1210" dir="1" index="1" bw="32" slack="1"/>
</pin_list>
<bind>
<opset="x_2 "/>
</bind>
</comp>

<comp id="1213" class="1005" name="tmp_4_reg_1213">
<pin_list>
<pin id="1214" dir="0" index="0" bw="32" slack="1"/>
<pin id="1215" dir="1" index="1" bw="32" slack="1"/>
</pin_list>
<bind>
<opset="tmp_4 "/>
</bind>
</comp>

<comp id="1218" class="1005" name="tmp_5_reg_1218">
<pin_list>
<pin id="1219" dir="0" index="0" bw="1" slack="1"/>
<pin id="1220" dir="1" index="1" bw="1" slack="1"/>
</pin_list>
<bind>
<opset="tmp_5 "/>
</bind>
</comp>

<comp id="1228" class="1005" name="tmp_6_reg_1228">
<pin_list>
<pin id="1229" dir="0" index="0" bw="11" slack="1"/>
<pin id="1230" dir="1" index="1" bw="11" slack="1"/>
</pin_list>
<bind>
<opset="tmp_6 "/>
</bind>
</comp>

<comp id="1233" class="1005" name="trunc_ln159_1_reg_1233">
<pin_list>
<pin id="1234" dir="0" index="0" bw="52" slack="1"/>
<pin id="1235" dir="1" index="1" bw="52" slack="1"/>
</pin_list>
<bind>
<opset="trunc_ln159_1 "/>
</bind>
</comp>

<comp id="1238" class="1005" name="icmp_ln159_reg_1238">
<pin_list>
<pin id="1239" dir="0" index="0" bw="1" slack="3"/>
<pin id="1240" dir="1" index="1" bw="1" slack="3"/>
</pin_list>
<bind>
<opset="icmp_ln159 "/>
</bind>
</comp>

<comp id="1244" class="1005" name="select_ln159_reg_1244">
<pin_list>
<pin id="1245" dir="0" index="0" bw="54" slack="1"/>
<pin id="1246" dir="1" index="1" bw="54" slack="1"/>
</pin_list>
<bind>
<opset="select_ln159 "/>
</bind>
</comp>

<comp id="1251" class="1005" name="icmp_ln159_1_reg_1251">
<pin_list>
<pin id="1252" dir="0" index="0" bw="1" slack="1"/>
<pin id="1253" dir="1" index="1" bw="1" slack="1"/>
</pin_list>
<bind>
<opset="icmp_ln159_1 "/>
</bind>
</comp>

<comp id="1256" class="1005" name="select_ln159_1_reg_1256">
<pin_list>
<pin id="1257" dir="0" index="0" bw="11" slack="1"/>
<pin id="1258" dir="1" index="1" bw="11" slack="1"/>
</pin_list>
<bind>
<opset="select_ln159_1 "/>
</bind>
</comp>

<comp id="1264" class="1005" name="icmp_ln159_2_reg_1264">
<pin_list>
<pin id="1265" dir="0" index="0" bw="1" slack="1"/>
<pin id="1266" dir="1" index="1" bw="1" slack="1"/>
</pin_list>
<bind>
<opset="icmp_ln159_2 "/>
</bind>
</comp>

<comp id="1270" class="1005" name="trunc_ln159_4_reg_1270">
<pin_list>
<pin id="1271" dir="0" index="0" bw="18" slack="1"/>
<pin id="1272" dir="1" index="1" bw="18" slack="1"/>
</pin_list>
<bind>
<opset="trunc_ln159_4 "/>
</bind>
</comp>

<comp id="1276" class="1005" name="icmp_ln159_4_reg_1276">
<pin_list>
<pin id="1277" dir="0" index="0" bw="1" slack="1"/>
<pin id="1278" dir="1" index="1" bw="1" slack="1"/>
</pin_list>
<bind>
<opset="icmp_ln159_4 "/>
</bind>
</comp>

<comp id="1281" class="1005" name="tmp_7_reg_1281">
<pin_list>
<pin id="1282" dir="0" index="0" bw="1" slack="1"/>
<pin id="1283" dir="1" index="1" bw="1" slack="1"/>
</pin_list>
<bind>
<opset="tmp_7 "/>
</bind>
</comp>

<comp id="1286" class="1005" name="icmp_ln159_6_reg_1286">
<pin_list>
<pin id="1287" dir="0" index="0" bw="1" slack="2"/>
<pin id="1288" dir="1" index="1" bw="1" slack="2"/>
</pin_list>
<bind>
<opset="icmp_ln159_6 "/>
</bind>
</comp>

<comp id="1291" class="1005" name="add_ln159_5_reg_1291">
<pin_list>
<pin id="1292" dir="0" index="0" bw="12" slack="1"/>
<pin id="1293" dir="1" index="1" bw="12" slack="1"/>
</pin_list>
<bind>
<opset="add_ln159_5 "/>
</bind>
</comp>

<comp id="1299" class="1005" name="icmp_ln159_7_reg_1299">
<pin_list>
<pin id="1300" dir="0" index="0" bw="1" slack="2"/>
<pin id="1301" dir="1" index="1" bw="1" slack="2"/>
</pin_list>
<bind>
<opset="icmp_ln159_7 "/>
</bind>
</comp>

<comp id="1306" class="1005" name="tmp_12_reg_1306">
<pin_list>
<pin id="1307" dir="0" index="0" bw="1" slack="1"/>
<pin id="1308" dir="1" index="1" bw="1" slack="1"/>
</pin_list>
<bind>
<opset="tmp_12 "/>
</bind>
</comp>

<comp id="1313" class="1005" name="lD_0_i_reg_1313">
<pin_list>
<pin id="1314" dir="0" index="0" bw="1" slack="1"/>
<pin id="1315" dir="1" index="1" bw="1" slack="1"/>
</pin_list>
<bind>
<opset="lD_0_i "/>
</bind>
</comp>

<comp id="1320" class="1005" name="trunc_ln159_8_reg_1320">
<pin_list>
<pin id="1321" dir="0" index="0" bw="6" slack="1"/>
<pin id="1322" dir="1" index="1" bw="6" slack="1"/>
</pin_list>
<bind>
<opset="trunc_ln159_8 "/>
</bind>
</comp>

<comp id="1325" class="1005" name="select_ln159_3_reg_1325">
<pin_list>
<pin id="1326" dir="0" index="0" bw="18" slack="1"/>
<pin id="1327" dir="1" index="1" bw="18" slack="1"/>
</pin_list>
<bind>
<opset="select_ln159_3 "/>
</bind>
</comp>

<comp id="1330" class="1005" name="add_ln159_2_reg_1330">
<pin_list>
<pin id="1331" dir="0" index="0" bw="18" slack="1"/>
<pin id="1332" dir="1" index="1" bw="18" slack="1"/>
</pin_list>
<bind>
<opset="add_ln159_2 "/>
</bind>
</comp>

<comp id="1335" class="1005" name="and_ln159_9_reg_1335">
<pin_list>
<pin id="1336" dir="0" index="0" bw="1" slack="1"/>
<pin id="1337" dir="1" index="1" bw="1" slack="1"/>
</pin_list>
<bind>
<opset="and_ln159_9 "/>
</bind>
</comp>

<comp id="1340" class="1005" name="carry_1_i_reg_1340">
<pin_list>
<pin id="1341" dir="0" index="0" bw="1" slack="1"/>
<pin id="1342" dir="1" index="1" bw="1" slack="1"/>
</pin_list>
<bind>
<opset="carry_1_i "/>
</bind>
</comp>

<comp id="1347" class="1005" name="Range2_all_ones_1_i_reg_1347">
<pin_list>
<pin id="1348" dir="0" index="0" bw="1" slack="1"/>
<pin id="1349" dir="1" index="1" bw="1" slack="1"/>
</pin_list>
<bind>
<opset="Range2_all_ones_1_i "/>
</bind>
</comp>

<comp id="1352" class="1005" name="xor_ln159_1_reg_1352">
<pin_list>
<pin id="1353" dir="0" index="0" bw="1" slack="1"/>
<pin id="1354" dir="1" index="1" bw="1" slack="1"/>
</pin_list>
<bind>
<opset="xor_ln159_1 "/>
</bind>
</comp>

<comp id="1357" class="1005" name="Range1_all_ones_2_i_reg_1357">
<pin_list>
<pin id="1358" dir="0" index="0" bw="1" slack="1"/>
<pin id="1359" dir="1" index="1" bw="1" slack="1"/>
</pin_list>
<bind>
<opset="Range1_all_ones_2_i "/>
</bind>
</comp>

<comp id="1364" class="1005" name="Range1_all_zeros_2_i_reg_1364">
<pin_list>
<pin id="1365" dir="0" index="0" bw="1" slack="1"/>
<pin id="1366" dir="1" index="1" bw="1" slack="1"/>
</pin_list>
<bind>
<opset="Range1_all_zeros_2_i "/>
</bind>
</comp>

</comp_list>

<net_list>
<net id="169"><net_src comp="2" pin="0"/><net_sink comp="166" pin=0"/></net>

<net id="175"><net_src comp="0" pin="0"/><net_sink comp="170" pin=0"/></net>

<net id="176"><net_src comp="164" pin="0"/><net_sink comp="170" pin=1"/></net>

<net id="182"><net_src comp="170" pin="3"/><net_sink comp="177" pin=0"/></net>

<net id="190"><net_src comp="62" pin="0"/><net_sink comp="186" pin=0"/></net>

<net id="195"><net_src comp="4" pin="0"/><net_sink comp="191" pin=0"/></net>

<net id="203"><net_src comp="196" pin="1"/><net_sink comp="199" pin=0"/></net>

<net id="204"><net_src comp="6" pin="0"/><net_sink comp="199" pin=1"/></net>

<net id="209"><net_src comp="196" pin="1"/><net_sink comp="205" pin=0"/></net>

<net id="210"><net_src comp="8" pin="0"/><net_sink comp="205" pin=1"/></net>

<net id="214"><net_src comp="196" pin="1"/><net_sink comp="211" pin=0"/></net>

<net id="220"><net_src comp="10" pin="0"/><net_sink comp="215" pin=0"/></net>

<net id="221"><net_src comp="211" pin="1"/><net_sink comp="215" pin=1"/></net>

<net id="222"><net_src comp="12" pin="0"/><net_sink comp="215" pin=2"/></net>

<net id="228"><net_src comp="14" pin="0"/><net_sink comp="223" pin=0"/></net>

<net id="229"><net_src comp="215" pin="3"/><net_sink comp="223" pin=1"/></net>

<net id="230"><net_src comp="16" pin="0"/><net_sink comp="223" pin=2"/></net>

<net id="234"><net_src comp="223" pin="3"/><net_sink comp="231" pin=0"/></net>

<net id="239"><net_src comp="18" pin="0"/><net_sink comp="235" pin=0"/></net>

<net id="240"><net_src comp="231" pin="1"/><net_sink comp="235" pin=1"/></net>

<net id="245"><net_src comp="235" pin="2"/><net_sink comp="241" pin=0"/></net>

<net id="246"><net_src comp="20" pin="0"/><net_sink comp="241" pin=1"/></net>

<net id="251"><net_src comp="22" pin="0"/><net_sink comp="247" pin=0"/></net>

<net id="252"><net_src comp="235" pin="2"/><net_sink comp="247" pin=1"/></net>

<net id="257"><net_src comp="205" pin="2"/><net_sink comp="253" pin=0"/></net>

<net id="262"><net_src comp="24" pin="0"/><net_sink comp="258" pin=1"/></net>

<net id="267"><net_src comp="26" pin="0"/><net_sink comp="263" pin=1"/></net>

<net id="271"><net_src comp="263" pin="2"/><net_sink comp="268" pin=0"/></net>

<net id="277"><net_src comp="28" pin="0"/><net_sink comp="272" pin=0"/></net>

<net id="278"><net_src comp="263" pin="2"/><net_sink comp="272" pin=1"/></net>

<net id="279"><net_src comp="30" pin="0"/><net_sink comp="272" pin=2"/></net>

<net id="284"><net_src comp="272" pin="3"/><net_sink comp="280" pin=0"/></net>

<net id="285"><net_src comp="32" pin="0"/><net_sink comp="280" pin=1"/></net>

<net id="291"><net_src comp="34" pin="0"/><net_sink comp="286" pin=0"/></net>

<net id="292"><net_src comp="268" pin="1"/><net_sink comp="286" pin=2"/></net>

<net id="297"><net_src comp="286" pin="3"/><net_sink comp="293" pin=0"/></net>

<net id="298"><net_src comp="280" pin="2"/><net_sink comp="293" pin=1"/></net>

<net id="303"><net_src comp="263" pin="2"/><net_sink comp="299" pin=0"/></net>

<net id="304"><net_src comp="36" pin="0"/><net_sink comp="299" pin=1"/></net>

<net id="311"><net_src comp="305" pin="1"/><net_sink comp="308" pin=0"/></net>

<net id="316"><net_src comp="308" pin="1"/><net_sink comp="312" pin=1"/></net>

<net id="323"><net_src comp="317" pin="1"/><net_sink comp="320" pin=0"/></net>

<net id="328"><net_src comp="320" pin="1"/><net_sink comp="324" pin=1"/></net>

<net id="334"><net_src comp="299" pin="2"/><net_sink comp="329" pin=0"/></net>

<net id="335"><net_src comp="312" pin="2"/><net_sink comp="329" pin=1"/></net>

<net id="336"><net_src comp="324" pin="2"/><net_sink comp="329" pin=2"/></net>

<net id="340"><net_src comp="329" pin="3"/><net_sink comp="337" pin=0"/></net>

<net id="344"><net_src comp="293" pin="2"/><net_sink comp="341" pin=0"/></net>

<net id="349"><net_src comp="337" pin="1"/><net_sink comp="345" pin=0"/></net>

<net id="350"><net_src comp="341" pin="1"/><net_sink comp="345" pin=1"/></net>

<net id="357"><net_src comp="38" pin="0"/><net_sink comp="351" pin=0"/></net>

<net id="358"><net_src comp="345" pin="2"/><net_sink comp="351" pin=1"/></net>

<net id="359"><net_src comp="2" pin="0"/><net_sink comp="351" pin=2"/></net>

<net id="360"><net_src comp="40" pin="0"/><net_sink comp="351" pin=3"/></net>

<net id="364"><net_src comp="351" pin="4"/><net_sink comp="361" pin=0"/></net>

<net id="370"><net_src comp="42" pin="0"/><net_sink comp="365" pin=0"/></net>

<net id="371"><net_src comp="345" pin="2"/><net_sink comp="365" pin=1"/></net>

<net id="372"><net_src comp="44" pin="0"/><net_sink comp="365" pin=2"/></net>

<net id="378"><net_src comp="365" pin="3"/><net_sink comp="373" pin=0"/></net>

<net id="379"><net_src comp="46" pin="0"/><net_sink comp="373" pin=1"/></net>

<net id="380"><net_src comp="48" pin="0"/><net_sink comp="373" pin=2"/></net>

<net id="385"><net_src comp="50" pin="0"/><net_sink comp="381" pin=0"/></net>

<net id="389"><net_src comp="381" pin="2"/><net_sink comp="386" pin=0"/></net>

<net id="394"><net_src comp="373" pin="3"/><net_sink comp="390" pin=0"/></net>

<net id="395"><net_src comp="386" pin="1"/><net_sink comp="390" pin=1"/></net>

<net id="399"><net_src comp="390" pin="2"/><net_sink comp="396" pin=0"/></net>

<net id="407"><net_src comp="52" pin="0"/><net_sink comp="400" pin=0"/></net>

<net id="408"><net_src comp="361" pin="1"/><net_sink comp="400" pin=1"/></net>

<net id="409"><net_src comp="396" pin="1"/><net_sink comp="400" pin=2"/></net>

<net id="410"><net_src comp="54" pin="0"/><net_sink comp="400" pin=3"/></net>

<net id="411"><net_src comp="56" pin="0"/><net_sink comp="400" pin=4"/></net>

<net id="415"><net_src comp="400" pin="5"/><net_sink comp="412" pin=0"/></net>

<net id="421"><net_src comp="58" pin="0"/><net_sink comp="416" pin=0"/></net>

<net id="422"><net_src comp="32" pin="0"/><net_sink comp="416" pin=1"/></net>

<net id="426"><net_src comp="416" pin="3"/><net_sink comp="423" pin=0"/></net>

<net id="432"><net_src comp="60" pin="0"/><net_sink comp="427" pin=1"/></net>

<net id="433"><net_src comp="423" pin="1"/><net_sink comp="427" pin=2"/></net>

<net id="437"><net_src comp="183" pin="1"/><net_sink comp="434" pin=0"/></net>

<net id="441"><net_src comp="434" pin="1"/><net_sink comp="438" pin=0"/></net>

<net id="447"><net_src comp="64" pin="0"/><net_sink comp="442" pin=0"/></net>

<net id="448"><net_src comp="434" pin="1"/><net_sink comp="442" pin=1"/></net>

<net id="449"><net_src comp="66" pin="0"/><net_sink comp="442" pin=2"/></net>

<net id="455"><net_src comp="68" pin="0"/><net_sink comp="450" pin=0"/></net>

<net id="456"><net_src comp="434" pin="1"/><net_sink comp="450" pin=1"/></net>

<net id="457"><net_src comp="70" pin="0"/><net_sink comp="450" pin=2"/></net>

<net id="461"><net_src comp="434" pin="1"/><net_sink comp="458" pin=0"/></net>

<net id="466"><net_src comp="438" pin="1"/><net_sink comp="462" pin=0"/></net>

<net id="467"><net_src comp="72" pin="0"/><net_sink comp="462" pin=1"/></net>

<net id="476"><net_src comp="74" pin="0"/><net_sink comp="471" pin=0"/></net>

<net id="477"><net_src comp="32" pin="0"/><net_sink comp="471" pin=1"/></net>

<net id="481"><net_src comp="471" pin="3"/><net_sink comp="478" pin=0"/></net>

<net id="486"><net_src comp="76" pin="0"/><net_sink comp="482" pin=0"/></net>

<net id="487"><net_src comp="478" pin="1"/><net_sink comp="482" pin=1"/></net>

<net id="493"><net_src comp="482" pin="2"/><net_sink comp="488" pin=1"/></net>

<net id="494"><net_src comp="478" pin="1"/><net_sink comp="488" pin=2"/></net>

<net id="499"><net_src comp="78" pin="0"/><net_sink comp="495" pin=0"/></net>

<net id="500"><net_src comp="468" pin="1"/><net_sink comp="495" pin=1"/></net>

<net id="504"><net_src comp="495" pin="2"/><net_sink comp="501" pin=0"/></net>

<net id="509"><net_src comp="495" pin="2"/><net_sink comp="505" pin=0"/></net>

<net id="510"><net_src comp="80" pin="0"/><net_sink comp="505" pin=1"/></net>

<net id="515"><net_src comp="495" pin="2"/><net_sink comp="511" pin=0"/></net>

<net id="516"><net_src comp="82" pin="0"/><net_sink comp="511" pin=1"/></net>

<net id="520"><net_src comp="511" pin="2"/><net_sink comp="517" pin=0"/></net>

<net id="525"><net_src comp="84" pin="0"/><net_sink comp="521" pin=0"/></net>

<net id="526"><net_src comp="501" pin="1"/><net_sink comp="521" pin=1"/></net>

<net id="532"><net_src comp="505" pin="2"/><net_sink comp="527" pin=0"/></net>

<net id="533"><net_src comp="517" pin="1"/><net_sink comp="527" pin=1"/></net>

<net id="534"><net_src comp="521" pin="2"/><net_sink comp="527" pin=2"/></net>

<net id="539"><net_src comp="495" pin="2"/><net_sink comp="535" pin=0"/></net>

<net id="540"><net_src comp="80" pin="0"/><net_sink comp="535" pin=1"/></net>

<net id="544"><net_src comp="488" pin="3"/><net_sink comp="541" pin=0"/></net>

<net id="549"><net_src comp="511" pin="2"/><net_sink comp="545" pin=0"/></net>

<net id="550"><net_src comp="86" pin="0"/><net_sink comp="545" pin=1"/></net>

<net id="555"><net_src comp="501" pin="1"/><net_sink comp="551" pin=0"/></net>

<net id="556"><net_src comp="88" pin="0"/><net_sink comp="551" pin=1"/></net>

<net id="560"><net_src comp="551" pin="2"/><net_sink comp="557" pin=0"/></net>

<net id="566"><net_src comp="90" pin="0"/><net_sink comp="561" pin=0"/></net>

<net id="567"><net_src comp="488" pin="3"/><net_sink comp="561" pin=1"/></net>

<net id="568"><net_src comp="557" pin="1"/><net_sink comp="561" pin=2"/></net>

<net id="574"><net_src comp="92" pin="0"/><net_sink comp="569" pin=0"/></net>

<net id="575"><net_src comp="94" pin="0"/><net_sink comp="569" pin=1"/></net>

<net id="576"><net_src comp="505" pin="2"/><net_sink comp="569" pin=2"/></net>

<net id="580"><net_src comp="569" pin="3"/><net_sink comp="577" pin=0"/></net>

<net id="585"><net_src comp="577" pin="1"/><net_sink comp="581" pin=0"/></net>

<net id="586"><net_src comp="468" pin="1"/><net_sink comp="581" pin=1"/></net>

<net id="593"><net_src comp="96" pin="0"/><net_sink comp="587" pin=0"/></net>

<net id="594"><net_src comp="581" pin="2"/><net_sink comp="587" pin=1"/></net>

<net id="595"><net_src comp="98" pin="0"/><net_sink comp="587" pin=2"/></net>

<net id="596"><net_src comp="100" pin="0"/><net_sink comp="587" pin=3"/></net>

<net id="601"><net_src comp="587" pin="4"/><net_sink comp="597" pin=0"/></net>

<net id="602"><net_src comp="102" pin="0"/><net_sink comp="597" pin=1"/></net>

<net id="607"><net_src comp="495" pin="2"/><net_sink comp="603" pin=0"/></net>

<net id="608"><net_src comp="104" pin="0"/><net_sink comp="603" pin=1"/></net>

<net id="612"><net_src comp="603" pin="2"/><net_sink comp="609" pin=0"/></net>

<net id="617"><net_src comp="495" pin="2"/><net_sink comp="613" pin=0"/></net>

<net id="618"><net_src comp="106" pin="0"/><net_sink comp="613" pin=1"/></net>

<net id="623"><net_src comp="603" pin="2"/><net_sink comp="619" pin=0"/></net>

<net id="624"><net_src comp="86" pin="0"/><net_sink comp="619" pin=1"/></net>

<net id="630"><net_src comp="108" pin="0"/><net_sink comp="625" pin=0"/></net>

<net id="631"><net_src comp="603" pin="2"/><net_sink comp="625" pin=1"/></net>

<net id="632"><net_src comp="100" pin="0"/><net_sink comp="625" pin=2"/></net>

<net id="637"><net_src comp="603" pin="2"/><net_sink comp="633" pin=0"/></net>

<net id="638"><net_src comp="86" pin="0"/><net_sink comp="633" pin=1"/></net>

<net id="644"><net_src comp="90" pin="0"/><net_sink comp="639" pin=0"/></net>

<net id="645"><net_src comp="488" pin="3"/><net_sink comp="639" pin=1"/></net>

<net id="646"><net_src comp="609" pin="1"/><net_sink comp="639" pin=2"/></net>

<net id="651"><net_src comp="633" pin="2"/><net_sink comp="647" pin=0"/></net>

<net id="652"><net_src comp="639" pin="3"/><net_sink comp="647" pin=1"/></net>

<net id="656"><net_src comp="613" pin="2"/><net_sink comp="653" pin=0"/></net>

<net id="661"><net_src comp="110" pin="0"/><net_sink comp="657" pin=1"/></net>

<net id="667"><net_src comp="112" pin="0"/><net_sink comp="662" pin=1"/></net>

<net id="668"><net_src comp="114" pin="0"/><net_sink comp="662" pin=2"/></net>

<net id="676"><net_src comp="669" pin="1"/><net_sink comp="672" pin=1"/></net>

<net id="680"><net_src comp="672" pin="2"/><net_sink comp="677" pin=0"/></net>

<net id="686"><net_src comp="657" pin="2"/><net_sink comp="681" pin=0"/></net>

<net id="687"><net_src comp="677" pin="1"/><net_sink comp="681" pin=1"/></net>

<net id="688"><net_src comp="662" pin="3"/><net_sink comp="681" pin=2"/></net>

<net id="693"><net_src comp="116" pin="0"/><net_sink comp="689" pin=1"/></net>

<net id="701"><net_src comp="694" pin="1"/><net_sink comp="697" pin=1"/></net>

<net id="707"><net_src comp="689" pin="2"/><net_sink comp="702" pin=0"/></net>

<net id="708"><net_src comp="697" pin="2"/><net_sink comp="702" pin=1"/></net>

<net id="709"><net_src comp="114" pin="0"/><net_sink comp="702" pin=2"/></net>

<net id="720"><net_src comp="118" pin="0"/><net_sink comp="715" pin=0"/></net>

<net id="721"><net_src comp="681" pin="3"/><net_sink comp="715" pin=1"/></net>

<net id="722"><net_src comp="120" pin="0"/><net_sink comp="715" pin=2"/></net>

<net id="726"><net_src comp="710" pin="3"/><net_sink comp="723" pin=0"/></net>

<net id="731"><net_src comp="681" pin="3"/><net_sink comp="727" pin=0"/></net>

<net id="732"><net_src comp="723" pin="1"/><net_sink comp="727" pin=1"/></net>

<net id="738"><net_src comp="118" pin="0"/><net_sink comp="733" pin=0"/></net>

<net id="739"><net_src comp="727" pin="2"/><net_sink comp="733" pin=1"/></net>

<net id="740"><net_src comp="120" pin="0"/><net_sink comp="733" pin=2"/></net>

<net id="745"><net_src comp="733" pin="3"/><net_sink comp="741" pin=0"/></net>

<net id="746"><net_src comp="32" pin="0"/><net_sink comp="741" pin=1"/></net>

<net id="751"><net_src comp="32" pin="0"/><net_sink comp="747" pin=1"/></net>

<net id="756"><net_src comp="747" pin="2"/><net_sink comp="752" pin=1"/></net>

<net id="761"><net_src comp="752" pin="2"/><net_sink comp="757" pin=0"/></net>

<net id="762"><net_src comp="715" pin="3"/><net_sink comp="757" pin=1"/></net>

<net id="767"><net_src comp="757" pin="2"/><net_sink comp="763" pin=0"/></net>

<net id="768"><net_src comp="741" pin="2"/><net_sink comp="763" pin=1"/></net>

<net id="773"><net_src comp="32" pin="0"/><net_sink comp="769" pin=1"/></net>

<net id="778"><net_src comp="86" pin="0"/><net_sink comp="774" pin=1"/></net>

<net id="783"><net_src comp="86" pin="0"/><net_sink comp="779" pin=1"/></net>

<net id="791"><net_src comp="784" pin="1"/><net_sink comp="787" pin=1"/></net>

<net id="796"><net_src comp="122" pin="0"/><net_sink comp="792" pin=0"/></net>

<net id="797"><net_src comp="784" pin="1"/><net_sink comp="792" pin=1"/></net>

<net id="802"><net_src comp="787" pin="2"/><net_sink comp="798" pin=0"/></net>

<net id="803"><net_src comp="792" pin="2"/><net_sink comp="798" pin=1"/></net>

<net id="809"><net_src comp="108" pin="0"/><net_sink comp="804" pin=0"/></net>

<net id="810"><net_src comp="100" pin="0"/><net_sink comp="804" pin=2"/></net>

<net id="815"><net_src comp="804" pin="3"/><net_sink comp="811" pin=0"/></net>

<net id="816"><net_src comp="32" pin="0"/><net_sink comp="811" pin=1"/></net>

<net id="822"><net_src comp="779" pin="2"/><net_sink comp="817" pin=0"/></net>

<net id="823"><net_src comp="798" pin="2"/><net_sink comp="817" pin=1"/></net>

<net id="824"><net_src comp="811" pin="2"/><net_sink comp="817" pin=2"/></net>

<net id="829"><net_src comp="774" pin="2"/><net_sink comp="825" pin=0"/></net>

<net id="830"><net_src comp="769" pin="2"/><net_sink comp="825" pin=1"/></net>

<net id="835"><net_src comp="817" pin="3"/><net_sink comp="831" pin=0"/></net>

<net id="840"><net_src comp="32" pin="0"/><net_sink comp="836" pin=1"/></net>

<net id="845"><net_src comp="787" pin="2"/><net_sink comp="841" pin=0"/></net>

<net id="846"><net_src comp="76" pin="0"/><net_sink comp="841" pin=1"/></net>

<net id="851"><net_src comp="841" pin="2"/><net_sink comp="847" pin=0"/></net>

<net id="852"><net_src comp="836" pin="2"/><net_sink comp="847" pin=1"/></net>

<net id="857"><net_src comp="86" pin="0"/><net_sink comp="853" pin=1"/></net>

<net id="862"><net_src comp="76" pin="0"/><net_sink comp="858" pin=1"/></net>

<net id="867"><net_src comp="858" pin="2"/><net_sink comp="863" pin=0"/></net>

<net id="868"><net_src comp="769" pin="2"/><net_sink comp="863" pin=1"/></net>

<net id="873"><net_src comp="774" pin="2"/><net_sink comp="869" pin=0"/></net>

<net id="874"><net_src comp="32" pin="0"/><net_sink comp="869" pin=1"/></net>

<net id="879"><net_src comp="869" pin="2"/><net_sink comp="875" pin=1"/></net>

<net id="884"><net_src comp="853" pin="2"/><net_sink comp="880" pin=0"/></net>

<net id="885"><net_src comp="875" pin="2"/><net_sink comp="880" pin=1"/></net>

<net id="891"><net_src comp="124" pin="0"/><net_sink comp="886" pin=0"/></net>

<net id="892"><net_src comp="825" pin="2"/><net_sink comp="886" pin=1"/></net>

<net id="893"><net_src comp="880" pin="2"/><net_sink comp="886" pin=2"/></net>

<net id="905"><net_src comp="126" pin="0"/><net_sink comp="894" pin=0"/></net>

<net id="906"><net_src comp="128" pin="0"/><net_sink comp="894" pin=1"/></net>

<net id="907"><net_src comp="831" pin="2"/><net_sink comp="894" pin=2"/></net>

<net id="908"><net_src comp="130" pin="0"/><net_sink comp="894" pin=3"/></net>

<net id="909"><net_src comp="132" pin="0"/><net_sink comp="894" pin=5"/></net>

<net id="910"><net_src comp="769" pin="2"/><net_sink comp="894" pin=6"/></net>

<net id="911"><net_src comp="134" pin="0"/><net_sink comp="894" pin=7"/></net>

<net id="912"><net_src comp="886" pin="3"/><net_sink comp="894" pin=8"/></net>

<net id="924"><net_src comp="126" pin="0"/><net_sink comp="913" pin=0"/></net>

<net id="925"><net_src comp="128" pin="0"/><net_sink comp="913" pin=1"/></net>

<net id="926"><net_src comp="847" pin="2"/><net_sink comp="913" pin=2"/></net>

<net id="927"><net_src comp="130" pin="0"/><net_sink comp="913" pin=3"/></net>

<net id="928"><net_src comp="836" pin="2"/><net_sink comp="913" pin=4"/></net>

<net id="929"><net_src comp="132" pin="0"/><net_sink comp="913" pin=5"/></net>

<net id="930"><net_src comp="863" pin="2"/><net_sink comp="913" pin=6"/></net>

<net id="931"><net_src comp="134" pin="0"/><net_sink comp="913" pin=7"/></net>

<net id="932"><net_src comp="886" pin="3"/><net_sink comp="913" pin=8"/></net>

<net id="936"><net_src comp="933" pin="1"/><net_sink comp="170" pin=2"/></net>

<net id="942"><net_src comp="124" pin="0"/><net_sink comp="937" pin=0"/></net>

<net id="954"><net_src comp="152" pin="0"/><net_sink comp="943" pin=0"/></net>

<net id="955"><net_src comp="128" pin="0"/><net_sink comp="943" pin=1"/></net>

<net id="956"><net_src comp="130" pin="0"/><net_sink comp="943" pin=3"/></net>

<net id="957"><net_src comp="132" pin="0"/><net_sink comp="943" pin=5"/></net>

<net id="958"><net_src comp="154" pin="0"/><net_sink comp="943" pin=7"/></net>

<net id="959"><net_src comp="937" pin="3"/><net_sink comp="943" pin=8"/></net>

<net id="963"><net_src comp="943" pin="9"/><net_sink comp="960" pin=0"/></net>

<net id="969"><net_src comp="118" pin="0"/><net_sink comp="964" pin=0"/></net>

<net id="970"><net_src comp="943" pin="9"/><net_sink comp="964" pin=1"/></net>

<net id="971"><net_src comp="120" pin="0"/><net_sink comp="964" pin=2"/></net>

<net id="976"><net_src comp="964" pin="3"/><net_sink comp="972" pin=1"/></net>

<net id="990"><net_src comp="982" pin="2"/><net_sink comp="986" pin=1"/></net>

<net id="996"><net_src comp="986" pin="2"/><net_sink comp="991" pin=1"/></net>

<net id="1005"><net_src comp="997" pin="2"/><net_sink comp="1001" pin=0"/></net>

<net id="1006"><net_src comp="32" pin="0"/><net_sink comp="1001" pin=1"/></net>

<net id="1011"><net_src comp="32" pin="0"/><net_sink comp="1007" pin=1"/></net>

<net id="1016"><net_src comp="991" pin="3"/><net_sink comp="1012" pin=0"/></net>

<net id="1017"><net_src comp="1007" pin="2"/><net_sink comp="1012" pin=1"/></net>

<net id="1027"><net_src comp="124" pin="0"/><net_sink comp="1022" pin=0"/></net>

<net id="1028"><net_src comp="1007" pin="2"/><net_sink comp="1022" pin=1"/></net>

<net id="1029"><net_src comp="1018" pin="2"/><net_sink comp="1022" pin=2"/></net>

<net id="1041"><net_src comp="126" pin="0"/><net_sink comp="1030" pin=0"/></net>

<net id="1042"><net_src comp="128" pin="0"/><net_sink comp="1030" pin=1"/></net>

<net id="1043"><net_src comp="972" pin="2"/><net_sink comp="1030" pin=2"/></net>

<net id="1044"><net_src comp="130" pin="0"/><net_sink comp="1030" pin=3"/></net>

<net id="1045"><net_src comp="1001" pin="2"/><net_sink comp="1030" pin=4"/></net>

<net id="1046"><net_src comp="132" pin="0"/><net_sink comp="1030" pin=5"/></net>

<net id="1047"><net_src comp="16" pin="0"/><net_sink comp="1030" pin=6"/></net>

<net id="1048"><net_src comp="134" pin="0"/><net_sink comp="1030" pin=7"/></net>

<net id="1049"><net_src comp="1022" pin="3"/><net_sink comp="1030" pin=8"/></net>

<net id="1054"><net_src comp="977" pin="3"/><net_sink comp="1050" pin=0"/></net>

<net id="1055"><net_src comp="32" pin="0"/><net_sink comp="1050" pin=1"/></net>

<net id="1060"><net_src comp="1050" pin="2"/><net_sink comp="1056" pin=1"/></net>

<net id="1065"><net_src comp="964" pin="3"/><net_sink comp="1061" pin=0"/></net>

<net id="1066"><net_src comp="1056" pin="2"/><net_sink comp="1061" pin=1"/></net>

<net id="1071"><net_src comp="32" pin="0"/><net_sink comp="1067" pin=1"/></net>

<net id="1076"><net_src comp="1061" pin="2"/><net_sink comp="1072" pin=0"/></net>

<net id="1077"><net_src comp="1067" pin="2"/><net_sink comp="1072" pin=1"/></net>

<net id="1082"><net_src comp="964" pin="3"/><net_sink comp="1078" pin=0"/></net>

<net id="1083"><net_src comp="1012" pin="2"/><net_sink comp="1078" pin=1"/></net>

<net id="1088"><net_src comp="1078" pin="2"/><net_sink comp="1084" pin=0"/></net>

<net id="1089"><net_src comp="32" pin="0"/><net_sink comp="1084" pin=1"/></net>

<net id="1094"><net_src comp="1030" pin="9"/><net_sink comp="1090" pin=0"/></net>

<net id="1095"><net_src comp="1084" pin="2"/><net_sink comp="1090" pin=1"/></net>

<net id="1100"><net_src comp="1090" pin="2"/><net_sink comp="1096" pin=0"/></net>

<net id="1101"><net_src comp="1072" pin="2"/><net_sink comp="1096" pin=1"/></net>

<net id="1107"><net_src comp="1072" pin="2"/><net_sink comp="1102" pin=0"/></net>

<net id="1108"><net_src comp="156" pin="0"/><net_sink comp="1102" pin=1"/></net>

<net id="1109"><net_src comp="158" pin="0"/><net_sink comp="1102" pin=2"/></net>

<net id="1114"><net_src comp="32" pin="0"/><net_sink comp="1110" pin=1"/></net>

<net id="1119"><net_src comp="1096" pin="2"/><net_sink comp="1115" pin=0"/></net>

<net id="1120"><net_src comp="1110" pin="2"/><net_sink comp="1115" pin=1"/></net>

<net id="1125"><net_src comp="1115" pin="2"/><net_sink comp="1121" pin=0"/></net>

<net id="1131"><net_src comp="124" pin="0"/><net_sink comp="1126" pin=0"/></net>

<net id="1132"><net_src comp="1121" pin="2"/><net_sink comp="1126" pin=2"/></net>

<net id="1144"><net_src comp="160" pin="0"/><net_sink comp="1133" pin=0"/></net>

<net id="1145"><net_src comp="128" pin="0"/><net_sink comp="1133" pin=1"/></net>

<net id="1146"><net_src comp="158" pin="0"/><net_sink comp="1133" pin=2"/></net>

<net id="1147"><net_src comp="130" pin="0"/><net_sink comp="1133" pin=3"/></net>

<net id="1148"><net_src comp="1102" pin="3"/><net_sink comp="1133" pin=4"/></net>

<net id="1149"><net_src comp="132" pin="0"/><net_sink comp="1133" pin=5"/></net>

<net id="1150"><net_src comp="960" pin="1"/><net_sink comp="1133" pin=6"/></net>

<net id="1151"><net_src comp="162" pin="0"/><net_sink comp="1133" pin=7"/></net>

<net id="1152"><net_src comp="1126" pin="3"/><net_sink comp="1133" pin=8"/></net>

<net id="1153"><net_src comp="1133" pin="9"/><net_sink comp="177" pin=1"/></net>

<net id="1157"><net_src comp="166" pin="1"/><net_sink comp="1154" pin=0"/></net>

<net id="1158"><net_src comp="1154" pin="1"/><net_sink comp="191" pin=1"/></net>

<net id="1159"><net_src comp="1154" pin="1"/><net_sink comp="196" pin=0"/></net>

<net id="1160"><net_src comp="1154" pin="1"/><net_sink comp="253" pin=1"/></net>

<net id="1164"><net_src comp="196" pin="1"/><net_sink comp="1161" pin=0"/></net>

<net id="1165"><net_src comp="1161" pin="1"/><net_sink comp="933" pin=0"/></net>

<net id="1169"><net_src comp="199" pin="2"/><net_sink comp="1166" pin=0"/></net>

<net id="1173"><net_src comp="215" pin="3"/><net_sink comp="1170" pin=0"/></net>

<net id="1174"><net_src comp="1170" pin="1"/><net_sink comp="258" pin=0"/></net>

<net id="1175"><net_src comp="1170" pin="1"/><net_sink comp="286" pin=1"/></net>

<net id="1176"><net_src comp="1170" pin="1"/><net_sink comp="312" pin=0"/></net>

<net id="1177"><net_src comp="1170" pin="1"/><net_sink comp="324" pin=0"/></net>

<net id="1181"><net_src comp="231" pin="1"/><net_sink comp="1178" pin=0"/></net>

<net id="1182"><net_src comp="1178" pin="1"/><net_sink comp="381" pin=1"/></net>

<net id="1186"><net_src comp="235" pin="2"/><net_sink comp="1183" pin=0"/></net>

<net id="1187"><net_src comp="1183" pin="1"/><net_sink comp="263" pin=0"/></net>

<net id="1191"><net_src comp="241" pin="2"/><net_sink comp="1188" pin=0"/></net>

<net id="1192"><net_src comp="1188" pin="1"/><net_sink comp="305" pin=0"/></net>

<net id="1196"><net_src comp="247" pin="2"/><net_sink comp="1193" pin=0"/></net>

<net id="1197"><net_src comp="1193" pin="1"/><net_sink comp="317" pin=0"/></net>

<net id="1201"><net_src comp="258" pin="2"/><net_sink comp="1198" pin=0"/></net>

<net id="1202"><net_src comp="1198" pin="1"/><net_sink comp="427" pin=0"/></net>

<net id="1206"><net_src comp="412" pin="1"/><net_sink comp="1203" pin=0"/></net>

<net id="1207"><net_src comp="1203" pin="1"/><net_sink comp="416" pin=2"/></net>

<net id="1211"><net_src comp="427" pin="3"/><net_sink comp="1208" pin=0"/></net>

<net id="1212"><net_src comp="1208" pin="1"/><net_sink comp="186" pin=1"/></net>

<net id="1216"><net_src comp="186" pin="2"/><net_sink comp="1213" pin=0"/></net>

<net id="1217"><net_src comp="1213" pin="1"/><net_sink comp="183" pin=0"/></net>

<net id="1221"><net_src comp="442" pin="3"/><net_sink comp="1218" pin=0"/></net>

<net id="1222"><net_src comp="1218" pin="1"/><net_sink comp="488" pin=0"/></net>

<net id="1223"><net_src comp="1218" pin="1"/><net_sink comp="662" pin=0"/></net>

<net id="1224"><net_src comp="1218" pin="1"/><net_sink comp="710" pin=1"/></net>

<net id="1225"><net_src comp="1218" pin="1"/><net_sink comp="972" pin=0"/></net>

<net id="1226"><net_src comp="1218" pin="1"/><net_sink comp="1018" pin=1"/></net>

<net id="1227"><net_src comp="1218" pin="1"/><net_sink comp="1067" pin=0"/></net>

<net id="1231"><net_src comp="450" pin="3"/><net_sink comp="1228" pin=0"/></net>

<net id="1232"><net_src comp="1228" pin="1"/><net_sink comp="468" pin=0"/></net>

<net id="1236"><net_src comp="458" pin="1"/><net_sink comp="1233" pin=0"/></net>

<net id="1237"><net_src comp="1233" pin="1"/><net_sink comp="471" pin=2"/></net>

<net id="1241"><net_src comp="462" pin="2"/><net_sink comp="1238" pin=0"/></net>

<net id="1242"><net_src comp="1238" pin="1"/><net_sink comp="1110" pin=0"/></net>

<net id="1243"><net_src comp="1238" pin="1"/><net_sink comp="1126" pin=1"/></net>

<net id="1247"><net_src comp="488" pin="3"/><net_sink comp="1244" pin=0"/></net>

<net id="1248"><net_src comp="1244" pin="1"/><net_sink comp="672" pin=0"/></net>

<net id="1249"><net_src comp="1244" pin="1"/><net_sink comp="787" pin=0"/></net>

<net id="1250"><net_src comp="1244" pin="1"/><net_sink comp="858" pin=0"/></net>

<net id="1254"><net_src comp="505" pin="2"/><net_sink comp="1251" pin=0"/></net>

<net id="1255"><net_src comp="1251" pin="1"/><net_sink comp="752" pin=0"/></net>

<net id="1259"><net_src comp="527" pin="3"/><net_sink comp="1256" pin=0"/></net>

<net id="1260"><net_src comp="1256" pin="1"/><net_sink comp="657" pin=0"/></net>

<net id="1261"><net_src comp="1256" pin="1"/><net_sink comp="669" pin=0"/></net>

<net id="1262"><net_src comp="1256" pin="1"/><net_sink comp="689" pin=0"/></net>

<net id="1263"><net_src comp="1256" pin="1"/><net_sink comp="694" pin=0"/></net>

<net id="1267"><net_src comp="535" pin="2"/><net_sink comp="1264" pin=0"/></net>

<net id="1268"><net_src comp="1264" pin="1"/><net_sink comp="747" pin=0"/></net>

<net id="1269"><net_src comp="1264" pin="1"/><net_sink comp="937" pin=1"/></net>

<net id="1273"><net_src comp="541" pin="1"/><net_sink comp="1270" pin=0"/></net>

<net id="1274"><net_src comp="1270" pin="1"/><net_sink comp="697" pin=0"/></net>

<net id="1275"><net_src comp="1270" pin="1"/><net_sink comp="943" pin=2"/></net>

<net id="1279"><net_src comp="545" pin="2"/><net_sink comp="1276" pin=0"/></net>

<net id="1280"><net_src comp="1276" pin="1"/><net_sink comp="710" pin=0"/></net>

<net id="1284"><net_src comp="561" pin="3"/><net_sink comp="1281" pin=0"/></net>

<net id="1285"><net_src comp="1281" pin="1"/><net_sink comp="710" pin=2"/></net>

<net id="1289"><net_src comp="597" pin="2"/><net_sink comp="1286" pin=0"/></net>

<net id="1290"><net_src comp="1286" pin="1"/><net_sink comp="1121" pin=1"/></net>

<net id="1294"><net_src comp="613" pin="2"/><net_sink comp="1291" pin=0"/></net>

<net id="1295"><net_src comp="1291" pin="1"/><net_sink comp="774" pin=0"/></net>

<net id="1296"><net_src comp="1291" pin="1"/><net_sink comp="779" pin=0"/></net>

<net id="1297"><net_src comp="1291" pin="1"/><net_sink comp="804" pin=1"/></net>

<net id="1298"><net_src comp="1291" pin="1"/><net_sink comp="853" pin=0"/></net>

<net id="1302"><net_src comp="619" pin="2"/><net_sink comp="1299" pin=0"/></net>

<net id="1303"><net_src comp="1299" pin="1"/><net_sink comp="1007" pin=0"/></net>

<net id="1304"><net_src comp="1299" pin="1"/><net_sink comp="1018" pin=0"/></net>

<net id="1305"><net_src comp="1299" pin="1"/><net_sink comp="1056" pin=0"/></net>

<net id="1309"><net_src comp="625" pin="3"/><net_sink comp="1306" pin=0"/></net>

<net id="1310"><net_src comp="1306" pin="1"/><net_sink comp="769" pin=0"/></net>

<net id="1311"><net_src comp="1306" pin="1"/><net_sink comp="875" pin=0"/></net>

<net id="1312"><net_src comp="1306" pin="1"/><net_sink comp="982" pin=0"/></net>

<net id="1316"><net_src comp="647" pin="2"/><net_sink comp="1313" pin=0"/></net>

<net id="1317"><net_src comp="1313" pin="1"/><net_sink comp="831" pin=1"/></net>

<net id="1318"><net_src comp="1313" pin="1"/><net_sink comp="836" pin=0"/></net>

<net id="1319"><net_src comp="1313" pin="1"/><net_sink comp="894" pin=4"/></net>

<net id="1323"><net_src comp="653" pin="1"/><net_sink comp="1320" pin=0"/></net>

<net id="1324"><net_src comp="1320" pin="1"/><net_sink comp="784" pin=0"/></net>

<net id="1328"><net_src comp="702" pin="3"/><net_sink comp="1325" pin=0"/></net>

<net id="1329"><net_src comp="1325" pin="1"/><net_sink comp="943" pin=6"/></net>

<net id="1333"><net_src comp="727" pin="2"/><net_sink comp="1330" pin=0"/></net>

<net id="1334"><net_src comp="1330" pin="1"/><net_sink comp="943" pin=4"/></net>

<net id="1338"><net_src comp="752" pin="2"/><net_sink comp="1335" pin=0"/></net>

<net id="1339"><net_src comp="1335" pin="1"/><net_sink comp="937" pin=2"/></net>

<net id="1343"><net_src comp="763" pin="2"/><net_sink comp="1340" pin=0"/></net>

<net id="1344"><net_src comp="1340" pin="1"/><net_sink comp="977" pin=0"/></net>

<net id="1345"><net_src comp="1340" pin="1"/><net_sink comp="991" pin=0"/></net>

<net id="1346"><net_src comp="1340" pin="1"/><net_sink comp="997" pin=0"/></net>

<net id="1350"><net_src comp="817" pin="3"/><net_sink comp="1347" pin=0"/></net>

<net id="1351"><net_src comp="1347" pin="1"/><net_sink comp="986" pin=0"/></net>

<net id="1355"><net_src comp="836" pin="2"/><net_sink comp="1352" pin=0"/></net>

<net id="1356"><net_src comp="1352" pin="1"/><net_sink comp="982" pin=1"/></net>

<net id="1360"><net_src comp="894" pin="9"/><net_sink comp="1357" pin=0"/></net>

<net id="1361"><net_src comp="1357" pin="1"/><net_sink comp="977" pin=1"/></net>

<net id="1362"><net_src comp="1357" pin="1"/><net_sink comp="991" pin=2"/></net>

<net id="1363"><net_src comp="1357" pin="1"/><net_sink comp="997" pin=1"/></net>

<net id="1367"><net_src comp="913" pin="9"/><net_sink comp="1364" pin=0"/></net>

<net id="1368"><net_src comp="1364" pin="1"/><net_sink comp="977" pin=2"/></net>

</net_list>

</model> 
---------------- Datapath Model END ------------------

* FSMD analyzer results:
  - Output states:
	Port: table_out | {21 }
 - Input state : 
  - Chain level:
	State 1
		store_ln151 : 1
		i_1 : 1
		icmp_ln151 : 2
		add_ln151 : 2
		br_ln151 : 3
		trunc_ln137 : 2
		x : 3
		tmp : 4
		trunc_ln138 : 5
		sub_ln138 : 6
		add_ln138_1 : 7
		sub_ln138_1 : 7
		store_ln151 : 3
	State 2
		sext_ln138 : 1
		tmp_1 : 1
		xor_ln138 : 2
		tmp_2 : 2
		phi_ln138_1 : 2
		icmp_ln138_1 : 1
		zext_ln138 : 1
		lshr_ln138 : 2
		zext_ln138_1 : 1
		shl_ln138 : 2
		cond42_i_i_i_in : 3
		zext_ln138_2 : 4
		zext_ln138_3 : 2
		add_ln138_2 : 5
		lshr_ln138_1 : 6
		zext_ln138_4 : 7
		tmp_3 : 6
		select_ln138 : 7
		sext_ln138_3 : 1
		add_ln138_3 : 8
		zext_ln138_5 : 9
		pi_assign : 10
		trunc_ln157 : 11
	State 3
		bitcast_ln157 : 1
		x_2 : 2
	State 4
	State 5
	State 6
	State 7
	State 8
	State 9
	State 10
	State 11
	State 12
	State 13
	State 14
	State 15
	State 16
	State 17
	State 18
		bitcast_ln716 : 1
		trunc_ln159 : 2
		tmp_5 : 2
		tmp_6 : 2
		trunc_ln159_1 : 2
		icmp_ln159 : 3
	State 19
		zext_ln159_1 : 1
		sub_ln159 : 2
		select_ln159 : 3
		sub_ln159_1 : 1
		trunc_ln159_2 : 2
		icmp_ln159_1 : 2
		add_ln159 : 2
		trunc_ln159_3 : 3
		sub_ln159_2 : 3
		select_ln159_1 : 4
		icmp_ln159_2 : 2
		trunc_ln159_4 : 4
		icmp_ln159_4 : 3
		add_ln159_1 : 3
		zext_ln159_5 : 4
		tmp_7 : 5
		or_ln159_4 : 3
		sext_ln159_1 : 4
		add_ln159_3 : 5
		tmp_10 : 6
		icmp_ln159_6 : 7
		add_ln159_4 : 2
		sext_ln159_2 : 3
		add_ln159_5 : 2
		icmp_ln159_7 : 3
		tmp_12 : 3
		icmp_ln159_8 : 3
		tobool134_i : 4
		lD_0_i : 5
		trunc_ln159_8 : 3
	State 20
		ashr_ln159 : 1
		trunc_ln159_5 : 2
		select_ln159_2 : 3
		shl_ln159 : 1
		select_ln159_3 : 2
		tmp_8 : 4
		zext_ln159_3 : 1
		add_ln159_2 : 4
		tmp_9 : 5
		xor_ln159 : 6
		and_ln159_10 : 5
		carry_1_i : 6
		lshr_ln159 : 1
		lshr_ln159_1 : 1
		icmp_ln159_11 : 2
		xor_ln159_10 : 1
		Range2_all_ones_1_i : 3
		and_ln159_1 : 1
		and_ln159_2 : 4
		icmp_ln159_12 : 2
		and_ln159_3 : 3
		or_ln159 : 1
		xor_ln159_11 : 1
		or_ln159_5 : 1
		and_ln159_11 : 1
		sel_tmp : 1
		Range1_all_ones_2_i : 4
		Range1_all_zeros_2_i : 2
	State 21
		ref_tmp_i_i : 1
		trunc_ln159_7 : 2
		tmp_11 : 2
		and_ln159 : 3
		deleted_ones_0_i : 1
		neg_src_0_i : 3
		xor_ln159_5 : 1
		and_ln159_13 : 1
		or_ln159_2 : 1
		and_ln159_6 : 1
		and_ln159_7 : 1
		xor_ln159_7 : 1
		and_ln159_8 : 1
		or_ln159_3 : 1
		select_ln159_6 : 1
		and_ln159_14 : 1
		and_ln159_15 : 1
		sel_tmp2 : 1
		exp_x : 2
		table_out_addr : 1
		store_ln160 : 3


============================================================
+ Verbose Summary: Datapath Resource usage 
============================================================

* Functional unit list:
|----------|-----------------------------|---------|---------|---------|
| Operation|       Functional Unit       |   DSP   |    FF   |   LUT   |
|----------|-----------------------------|---------|---------|---------|
|   fexp   |          grp_fu_186         |    7    |   381   |   939   |
|----------|-----------------------------|---------|---------|---------|
|          |      icmp_ln151_fu_199      |    0    |    0    |    18   |
|          |      icmp_ln138_fu_258      |    0    |    0    |    42   |
|          |     icmp_ln138_1_fu_299     |    0    |    0    |    13   |
|          |      icmp_ln159_fu_462      |    0    |    0    |    70   |
|          |     icmp_ln159_1_fu_505     |    0    |    0    |    19   |
|          |     icmp_ln159_2_fu_535     |    0    |    0    |    19   |
|          |     icmp_ln159_4_fu_545     |    0    |    0    |    19   |
|          |     icmp_ln159_6_fu_597     |    0    |    0    |    16   |
|   icmp   |     icmp_ln159_7_fu_619     |    0    |    0    |    19   |
|          |     icmp_ln159_8_fu_633     |    0    |    0    |    19   |
|          |     icmp_ln159_3_fu_657     |    0    |    0    |    18   |
|          |     icmp_ln159_5_fu_689     |    0    |    0    |    18   |
|          |     icmp_ln159_9_fu_774     |    0    |    0    |    19   |
|          |     icmp_ln159_10_fu_779    |    0    |    0    |    19   |
|          |     icmp_ln159_11_fu_798    |    0    |    0    |    61   |
|          |     icmp_ln159_12_fu_841    |    0    |    0    |    61   |
|          |     icmp_ln159_13_fu_853    |    0    |    0    |    19   |
|          |     icmp_ln159_14_fu_858    |    0    |    0    |    61   |
|----------|-----------------------------|---------|---------|---------|
|          |      lshr_ln138_fu_312      |    0    |    0    |   113   |
|   lshr   |      lshr_ln159_fu_787      |    0    |    0    |   159   |
|          |     lshr_ln159_1_fu_792     |    0    |    0    |    13   |
|----------|-----------------------------|---------|---------|---------|
|          |       add_ln151_fu_205      |    0    |    0    |    18   |
|          |      add_ln138_1_fu_241     |    0    |    0    |    13   |
|          |       add_ln138_fu_263      |    0    |    0    |    13   |
|          |      add_ln138_2_fu_345     |    0    |    0    |    42   |
|          |      add_ln138_3_fu_390     |    0    |    0    |    15   |
|    add   |       add_ln159_fu_511      |    0    |    0    |    19   |
|          |      add_ln159_1_fu_551     |    0    |    0    |    18   |
|          |      add_ln159_3_fu_581     |    0    |    0    |    18   |
|          |      add_ln159_4_fu_603     |    0    |    0    |    19   |
|          |      add_ln159_5_fu_613     |    0    |    0    |    19   |
|          |      add_ln159_2_fu_727     |    0    |    0    |    25   |
|----------|-----------------------------|---------|---------|---------|
|          |    cond42_i_i_i_in_fu_329   |    0    |    0    |    33   |
|          |     select_ln138_fu_373     |    0    |    0    |    8    |
|          |          x_2_fu_427         |    0    |    0    |    32   |
|          |     select_ln159_fu_488     |    0    |    0    |    52   |
|          |    select_ln159_1_fu_527    |    0    |    0    |    10   |
|          |    select_ln159_5_fu_662    |    0    |    0    |    17   |
|  select  |    select_ln159_2_fu_681    |    0    |    0    |    17   |
|          |    select_ln159_3_fu_702    |    0    |    0    |    17   |
|          |       cond64_i_fu_710       |    0    |    0    |    2    |
|          |  Range2_all_ones_1_i_fu_817 |    0    |    0    |    2    |
|          |    select_ln159_4_fu_977    |    0    |    0    |    2    |
|          |       cond193_i_fu_991      |    0    |    0    |    2    |
|          |    select_ln159_6_fu_1102   |    0    |    0    |    16   |
|----------|-----------------------------|---------|---------|---------|
|    shl   |       shl_ln138_fu_324      |    0    |    0    |   113   |
|          |       shl_ln159_fu_697      |    0    |    0    |    51   |
|----------|-----------------------------|---------|---------|---------|
|   ashr   |      ashr_ln159_fu_672      |    0    |    0    |   159   |
|----------|-----------------------------|---------|---------|---------|
|          |       sub_ln138_fu_235      |    0    |    0    |    13   |
|          |      sub_ln138_1_fu_247     |    0    |    0    |    13   |
|    sub   |      sub_ln138_2_fu_381     |    0    |    0    |    13   |
|          |       sub_ln159_fu_482      |    0    |    0    |    60   |
|          |      sub_ln159_1_fu_495     |    0    |    0    |    19   |
|          |      sub_ln159_2_fu_521     |    0    |    0    |    18   |
|----------|-----------------------------|---------|---------|---------|
|   ctlz   |          tmp_fu_223         |    0    |    0    |    51   |
|----------|-----------------------------|---------|---------|---------|
|          |         tmp_1_fu_272        |    0    |    0    |    0    |
|          |         tmp_2_fu_286        |    0    |    0    |    17   |
|          |         tmp_3_fu_365        |    0    |    0    |    0    |
|          |         tmp_5_fu_442        |    0    |    0    |    0    |
|          |         tmp_7_fu_561        |    0    |    0    |    17   |
| bitselect|        tmp_12_fu_625        |    0    |    0    |    0    |
|          |      tobool134_i_fu_639     |    0    |    0    |    17   |
|          |         tmp_8_fu_715        |    0    |    0    |    0    |
|          |         tmp_9_fu_733        |    0    |    0    |    0    |
|          |        tmp_13_fu_804        |    0    |    0    |    0    |
|          |        tmp_11_fu_964        |    0    |    0    |    0    |
|----------|-----------------------------|---------|---------|---------|
|          |  Range1_all_ones_2_i_fu_894 |    0    |    0    |    9    |
|          | Range1_all_zeros_2_i_fu_913 |    0    |    0    |    9    |
| sparsemux|      ref_tmp_i_i_fu_943     |    0    |    0    |    9    |
|          |     neg_src_0_i_fu_1030     |    0    |    0    |    9    |
|          |        exp_x_fu_1133        |    0    |    0    |    9    |
|----------|-----------------------------|---------|---------|---------|
|          |      phi_ln138_1_fu_293     |    0    |    0    |    2    |
|          |        lD_0_i_fu_647        |    0    |    0    |    2    |
|          |      and_ln159_9_fu_752     |    0    |    0    |    2    |
|          |     and_ln159_10_fu_757     |    0    |    0    |    2    |
|          |       carry_1_i_fu_763      |    0    |    0    |    2    |
|          |      and_ln159_1_fu_825     |    0    |    0    |    2    |
|          |      and_ln159_2_fu_831     |    0    |    0    |    2    |
|          |      and_ln159_3_fu_847     |    0    |    0    |    2    |
|          |     and_ln159_11_fu_880     |    0    |    0    |    2    |
|    and   |       and_ln159_fu_972      |    0    |    0    |    2    |
|          |      and_ln159_4_fu_986     |    0    |    0    |    2    |
|          |      and_ln159_5_fu_997     |    0    |    0    |    2    |
|          |     and_ln159_12_fu_1018    |    0    |    0    |    2    |
|          |     and_ln159_13_fu_1056    |    0    |    0    |    2    |
|          |     and_ln159_6_fu_1072     |    0    |    0    |    2    |
|          |     and_ln159_7_fu_1078     |    0    |    0    |    2    |
|          |     and_ln159_8_fu_1090     |    0    |    0    |    2    |
|          |     and_ln159_14_fu_1115    |    0    |    0    |    2    |
|          |     and_ln159_15_fu_1121    |    0    |    0    |    2    |
|----------|-----------------------------|---------|---------|---------|
|          |       xor_ln138_fu_280      |    0    |    0    |    2    |
|          |       xor_ln159_fu_741      |    0    |    0    |    2    |
|          |      xor_ln159_2_fu_747     |    0    |    0    |    2    |
|          |      xor_ln159_9_fu_769     |    0    |    0    |    2    |
|          |     xor_ln159_10_fu_811     |    0    |    0    |    2    |
|          |      xor_ln159_1_fu_836     |    0    |    0    |    2    |
|    xor   |     xor_ln159_11_fu_869     |    0    |    0    |    2    |
|          |     xor_ln159_4_fu_1001     |    0    |    0    |    2    |
|          |  not_icmp_ln159_749_fu_1007 |    0    |    0    |    2    |
|          |     xor_ln159_5_fu_1050     |    0    |    0    |    2    |
|          |     xor_ln159_6_fu_1067     |    0    |    0    |    2    |
|          |     xor_ln159_7_fu_1084     |    0    |    0    |    2    |
|          |     xor_ln159_8_fu_1110     |    0    |    0    |    2    |
|----------|-----------------------------|---------|---------|---------|
|          |       or_ln159_fu_863       |    0    |    0    |    2    |
|          |      or_ln159_5_fu_875      |    0    |    0    |    2    |
|    or    |      or_ln159_1_fu_982      |    0    |    0    |    2    |
|          |   deleted_ones_0_i_fu_1012  |    0    |    0    |    2    |
|          |      or_ln159_2_fu_1061     |    0    |    0    |    2    |
|          |      or_ln159_3_fu_1096     |    0    |    0    |    2    |
|----------|-----------------------------|---------|---------|---------|
|   fpext  |          grp_fu_183         |    0    |    0    |    0    |
|----------|-----------------------------|---------|---------|---------|
|          |      trunc_ln137_fu_211     |    0    |    0    |    0    |
|          |      trunc_ln138_fu_231     |    0    |    0    |    0    |
|          |      trunc_ln157_fu_412     |    0    |    0    |    0    |
|          |      trunc_ln159_fu_438     |    0    |    0    |    0    |
|          |     trunc_ln159_1_fu_458    |    0    |    0    |    0    |
|   trunc  |     trunc_ln159_2_fu_501    |    0    |    0    |    0    |
|          |     trunc_ln159_3_fu_517    |    0    |    0    |    0    |
|          |     trunc_ln159_4_fu_541    |    0    |    0    |    0    |
|          |     trunc_ln159_8_fu_653    |    0    |    0    |    0    |
|          |     trunc_ln159_5_fu_677    |    0    |    0    |    0    |
|          |     trunc_ln159_7_fu_960    |    0    |    0    |    0    |
|----------|-----------------------------|---------|---------|---------|
|          |           x_fu_215          |    0    |    0    |    0    |
|          |        xor_ln_fu_416        |    0    |    0    |    0    |
|          |   zext_ln159_1_cast_fu_471  |    0    |    0    |    0    |
|bitconcatenate|      or_ln159_4_fu_569      |    0    |    0    |    0    |
|          |        sel_tmp_fu_886       |    0    |    0    |    0    |
|          |       sel_tmp3_fu_937       |    0    |    0    |    0    |
|          |       sel_tmp1_fu_1022      |    0    |    0    |    0    |
|          |       sel_tmp2_fu_1126      |    0    |    0    |    0    |
|----------|-----------------------------|---------|---------|---------|
|          |      sext_ln138_fu_268      |    0    |    0    |    0    |
|          |     sext_ln138_1_fu_305     |    0    |    0    |    0    |
|   sext   |     sext_ln138_2_fu_317     |    0    |    0    |    0    |
|          |     sext_ln138_3_fu_386     |    0    |    0    |    0    |
|          |     sext_ln159_1_fu_577     |    0    |    0    |    0    |
|          |     sext_ln159_2_fu_609     |    0    |    0    |    0    |
|----------|-----------------------------|---------|---------|---------|
|          |      zext_ln138_fu_308      |    0    |    0    |    0    |
|          |     zext_ln138_1_fu_320     |    0    |    0    |    0    |
|          |     zext_ln138_2_fu_337     |    0    |    0    |    0    |
|          |     zext_ln138_3_fu_341     |    0    |    0    |    0    |
|          |     zext_ln138_4_fu_361     |    0    |    0    |    0    |
|          |     zext_ln138_5_fu_396     |    0    |    0    |    0    |
|   zext   |      zext_ln159_fu_468      |    0    |    0    |    0    |
|          |     zext_ln159_1_fu_478     |    0    |    0    |    0    |
|          |     zext_ln159_5_fu_557     |    0    |    0    |    0    |
|          |     zext_ln159_2_fu_669     |    0    |    0    |    0    |
|          |  select_ln159_1cast_fu_694  |    0    |    0    |    0    |
|          |     zext_ln159_3_fu_723     |    0    |    0    |    0    |
|          |     zext_ln159_6_fu_784     |    0    |    0    |    0    |
|          |      zext_ln151_fu_933      |    0    |    0    |    0    |
|----------|-----------------------------|---------|---------|---------|
|          |     lshr_ln138_1_fu_351     |    0    |    0    |    0    |
|partselect|         tmp_6_fu_450        |    0    |    0    |    0    |
|          |        tmp_10_fu_587        |    0    |    0    |    0    |
|----------|-----------------------------|---------|---------|---------|
|  partset |       pi_assign_fu_400      |    0    |    0    |    0    |
|----------|-----------------------------|---------|---------|---------|
|   Total  |                             |    7    |   381   |   2865  |
|----------|-----------------------------|---------|---------|---------|

Memories:
N/A

* Register list:
+-----------------------------+--------+
|                             |   FF   |
+-----------------------------+--------+
| Range1_all_ones_2_i_reg_1357|    1   |
|Range1_all_zeros_2_i_reg_1364|    1   |
| Range2_all_ones_1_i_reg_1347|    1   |
|     add_ln138_1_reg_1188    |    6   |
|     add_ln159_2_reg_1330    |   18   |
|     add_ln159_5_reg_1291    |   12   |
|     and_ln159_9_reg_1335    |    1   |
|      carry_1_i_reg_1340     |    1   |
|         i_1_reg_1161        |   11   |
|          i_reg_1154         |   11   |
|     icmp_ln138_reg_1198     |    1   |
|     icmp_ln151_reg_1166     |    1   |
|    icmp_ln159_1_reg_1251    |    1   |
|    icmp_ln159_2_reg_1264    |    1   |
|    icmp_ln159_4_reg_1276    |    1   |
|    icmp_ln159_6_reg_1286    |    1   |
|    icmp_ln159_7_reg_1299    |    1   |
|     icmp_ln159_reg_1238     |    1   |
|       lD_0_i_reg_1313       |    1   |
|   select_ln159_1_reg_1256   |   11   |
|   select_ln159_3_reg_1325   |   18   |
|    select_ln159_reg_1244    |   54   |
|     sub_ln138_1_reg_1193    |    6   |
|      sub_ln138_reg_1183     |    6   |
|       tmp_12_reg_1306       |    1   |
|        tmp_4_reg_1213       |   32   |
|        tmp_5_reg_1218       |    1   |
|        tmp_6_reg_1228       |   11   |
|        tmp_7_reg_1281       |    1   |
|     trunc_ln138_reg_1178    |    6   |
|     trunc_ln157_reg_1203    |   31   |
|    trunc_ln159_1_reg_1233   |   52   |
|    trunc_ln159_4_reg_1270   |   18   |
|    trunc_ln159_8_reg_1320   |    6   |
|         x_2_reg_1208        |   32   |
|          x_reg_1170         |   35   |
|     xor_ln159_1_reg_1352    |    1   |
+-----------------------------+--------+
|            Total            |   394  |
+-----------------------------+--------+

* Multiplexer (MUX) list: 
|--------|------|------|------|--------|
|  Comp  |  Pin | Size |  BW  | S x BW |
|--------|------|------|------|--------|
|  Total |      |      |      |    0   |
|--------|------|------|------|--------|



* Summary:
+-----------+--------+--------+--------+
|           |   DSP  |   FF   |   LUT  |
+-----------+--------+--------+--------+
|  Function |    7   |   381  |  2865  |
|   Memory  |    -   |    -   |    -   |
|Multiplexer|    -   |    -   |    -   |
|  Register |    -   |   394  |    -   |
+-----------+--------+--------+--------+
|   Total   |    7   |   775  |  2865  |
+-----------+--------+--------+--------+
