

================================================================
== Vitis HLS Report for 'pooling2d_cl_array_ap_fixed_4u_array_ap_fixed_16_6_5_3_0_4u_config4_s'
================================================================
* Date:           Mon Mar 23 21:38:05 2026

* Version:        2024.2 (Build 5238294 on Nov  8 2024)
* Project:        myproject_prj
* Solution:       solution1 (Vivado IP Flow Target)
* Product family: zynquplus
* Target device:  xczu7ev-ffvc1156-2-e


================================================================
== Performance Estimates
================================================================
+ Timing: 
    * Summary: 
    +--------+---------+----------+------------+
    |  Clock |  Target | Estimated| Uncertainty|
    +--------+---------+----------+------------+
    |ap_clk  |  5.00 ns|  2.542 ns|     1.35 ns|
    +--------+---------+----------+------------+

+ Latency: 
    * Summary: 
    +---------+---------+----------+----------+-----+-----+------------------------------------------------+
    |  Latency (cycles) |  Latency (absolute) |  Interval |                    Pipeline                    |
    |   min   |   max   |    min   |    max   | min | max |                      Type                      |
    +---------+---------+----------+----------+-----+-----+------------------------------------------------+
    |       75|       75|  0.375 us|  0.375 us|   72|   72|  loop auto-rewind stp (delay=0 clock cycles(s))|
    +---------+---------+----------+----------+-----+-----+------------------------------------------------+

    + Detail: 
        * Instance: 
        +---------------------------------------------------------------------------+----------------------------------------------------------+---------+---------+----------+----------+-----+-----+---------+
        |                                                                           |                                                          |  Latency (cycles) |  Latency (absolute) |  Interval | Pipeline|
        |                                  Instance                                 |                          Module                          |   min   |   max   |    min   |    max   | min | max |   Type  |
        +---------------------------------------------------------------------------+----------------------------------------------------------+---------+---------+----------+----------+-----+-----+---------+
        |call_ln52_shift_line_buffer_array_ap_fixed_16_6_5_3_0_4u_config4_s_fu_134  |shift_line_buffer_array_ap_fixed_16_6_5_3_0_4u_config4_s  |        0|        0|      0 ns|      0 ns|    1|    1|      yes|
        +---------------------------------------------------------------------------+----------------------------------------------------------+---------+---------+----------+----------+-----+-----+---------+

        * Loop: 
        +----------------------------------+---------+---------+----------+-----------+-----------+------+----------+
        |                                  |  Latency (cycles) | Iteration|  Initiation Interval  | Trip |          |
        |             Loop Name            |   min   |   max   |  Latency |  achieved |   target  | Count| Pipelined|
        +----------------------------------+---------+---------+----------+-----------+-----------+------+----------+
        |- ReadInputHeight_ReadInputWidth  |       73|       73|         4|          2|          1|    36|       yes|
        +----------------------------------+---------+---------+----------+-----------+-----------+------+----------+



================================================================
== Utilization Estimates
================================================================
* Summary: 
+-----------------+---------+------+--------+--------+-----+
|       Name      | BRAM_18K|  DSP |   FF   |   LUT  | URAM|
+-----------------+---------+------+--------+--------+-----+
|DSP              |        -|     -|       -|       -|    -|
|Expression       |        -|     -|       0|    1037|    -|
|FIFO             |        -|     -|       -|       -|    -|
|Instance         |        -|     -|     257|     200|    -|
|Memory           |        -|     -|       -|       -|    -|
|Multiplexer      |        -|     -|       0|     127|    -|
|Register         |        -|     -|     501|       -|    -|
+-----------------+---------+------+--------+--------+-----+
|Total            |        0|     0|     758|    1364|    0|
+-----------------+---------+------+--------+--------+-----+
|Available        |      624|  1728|  460800|  230400|   96|
+-----------------+---------+------+--------+--------+-----+
|Utilization (%)  |        0|     0|      ~0|      ~0|    0|
+-----------------+---------+------+--------+--------+-----+

+ Detail: 
    * Instance: 
    +---------------------------------------------------------------------------+----------------------------------------------------------+---------+----+-----+-----+-----+
    |                                  Instance                                 |                          Module                          | BRAM_18K| DSP|  FF | LUT | URAM|
    +---------------------------------------------------------------------------+----------------------------------------------------------+---------+----+-----+-----+-----+
    |call_ln52_shift_line_buffer_array_ap_fixed_16_6_5_3_0_4u_config4_s_fu_134  |shift_line_buffer_array_ap_fixed_16_6_5_3_0_4u_config4_s  |        0|   0|  257|  200|    0|
    +---------------------------------------------------------------------------+----------------------------------------------------------+---------+----+-----+-----+-----+
    |Total                                                                      |                                                          |        0|   0|  257|  200|    0|
    +---------------------------------------------------------------------------+----------------------------------------------------------+---------+----+-----+-----+-----+

    * DSP: 
    N/A

    * Memory: 
    N/A

    * FIFO: 
    N/A

    * Expression: 
    +------------------------------------------+----------+----+---+----+------------+------------+
    |               Variable Name              | Operation| DSP| FF| LUT| Bitwidth P0| Bitwidth P1|
    +------------------------------------------+----------+----+---+----+------------+------------+
    |add_ln109_fu_190_p2                       |         +|   0|  0|  13|           6|           1|
    |add_ln76_fu_601_p2                        |         +|   0|  0|  39|          32|           1|
    |add_ln80_fu_655_p2                        |         +|   0|  0|  39|          32|           1|
    |add_ln86_fu_683_p2                        |         +|   0|  0|  39|          32|           1|
    |add_ln91_fu_619_p2                        |         +|   0|  0|  39|          32|           1|
    |and_ln55_1_fu_291_p2                      |       and|   0|  0|   2|           1|           1|
    |and_ln55_fu_285_p2                        |       and|   0|  0|   2|           1|           1|
    |ap_block_pp0_stage1_01001_grp2            |       and|   0|  0|   2|           1|           1|
    |ap_block_pp0_stage1_11001_grp1            |       and|   0|  0|   2|           1|           1|
    |ap_block_state4_pp0_stage1_iter1_grp2     |       and|   0|  0|   2|           1|           1|
    |ap_condition_252                          |       and|   0|  0|   2|           1|           1|
    |ap_condition_266                          |       and|   0|  0|   2|           1|           1|
    |ap_condition_365                          |       and|   0|  0|   2|           1|           1|
    |ap_predicate_op113_write_state4           |       and|   0|  0|   2|           1|           1|
    |icmp_ln109_fu_196_p2                      |      icmp|   0|  0|  13|           6|           6|
    |icmp_ln55_1_fu_263_p2                     |      icmp|   0|  0|  39|          32|           1|
    |icmp_ln55_2_fu_273_p2                     |      icmp|   0|  0|  39|          32|           1|
    |icmp_ln55_3_fu_279_p2                     |      icmp|   0|  0|  39|          32|           1|
    |icmp_ln55_fu_249_p2                       |      icmp|   0|  0|  39|          32|           1|
    |icmp_ln66_10_fu_561_p2                    |      icmp|   0|  0|  23|          16|          16|
    |icmp_ln66_11_fu_581_p2                    |      icmp|   0|  0|  23|          16|          16|
    |icmp_ln66_1_fu_333_p2                     |      icmp|   0|  0|  23|          16|          16|
    |icmp_ln66_2_fu_353_p2                     |      icmp|   0|  0|  23|          16|          16|
    |icmp_ln66_3_fu_389_p2                     |      icmp|   0|  0|  23|          16|          16|
    |icmp_ln66_4_fu_409_p2                     |      icmp|   0|  0|  23|          16|          16|
    |icmp_ln66_5_fu_429_p2                     |      icmp|   0|  0|  23|          16|          16|
    |icmp_ln66_6_fu_465_p2                     |      icmp|   0|  0|  23|          16|          16|
    |icmp_ln66_7_fu_485_p2                     |      icmp|   0|  0|  23|          16|          16|
    |icmp_ln66_8_fu_505_p2                     |      icmp|   0|  0|  23|          16|          16|
    |icmp_ln66_9_fu_541_p2                     |      icmp|   0|  0|  23|          16|          16|
    |icmp_ln66_fu_313_p2                       |      icmp|   0|  0|  23|          16|          16|
    |icmp_ln76_fu_607_p2                       |      icmp|   0|  0|  39|          32|           3|
    |icmp_ln80_fu_661_p2                       |      icmp|   0|  0|  39|          32|           3|
    |icmp_ln86_fu_677_p2                       |      icmp|   0|  0|  39|          32|           1|
    |ap_block_pp0_stage0_11001                 |        or|   0|  0|   2|           1|           1|
    |ap_block_pp0_stage1_11001                 |        or|   0|  0|   2|           1|           1|
    |ap_block_pp0_stage1_11001_ignoreCallOp22  |        or|   0|  0|   2|           1|           1|
    |res_pack_1_fu_441_p3                      |    select|   0|  0|  16|           1|          16|
    |res_pack_2_fu_517_p3                      |    select|   0|  0|  16|           1|          16|
    |res_pack_3_fu_593_p3                      |    select|   0|  0|  16|           1|          16|
    |res_pack_fu_365_p3                        |    select|   0|  0|  16|           1|          16|
    |select_ln0_1_fu_345_p3                    |    select|   0|  0|  16|           1|          16|
    |select_ln0_2_fu_401_p3                    |    select|   0|  0|  16|           1|          16|
    |select_ln0_3_fu_421_p3                    |    select|   0|  0|  16|           1|          16|
    |select_ln0_4_fu_477_p3                    |    select|   0|  0|  16|           1|          16|
    |select_ln0_5_fu_497_p3                    |    select|   0|  0|  16|           1|          16|
    |select_ln0_6_fu_553_p3                    |    select|   0|  0|  16|           1|          16|
    |select_ln0_7_fu_573_p3                    |    select|   0|  0|  16|           1|          16|
    |select_ln0_fu_325_p3                      |    select|   0|  0|  16|           1|          16|
    |select_ln86_fu_689_p3                     |    select|   0|  0|  32|           1|           1|
    |select_ln91_fu_625_p3                     |    select|   0|  0|  32|           1|           1|
    |ap_enable_pp0                             |       xor|   0|  0|   2|           1|           2|
    |xor_ln66_10_fu_567_p2                     |       xor|   0|  0|   2|           1|           2|
    |xor_ln66_11_fu_587_p2                     |       xor|   0|  0|   2|           1|           2|
    |xor_ln66_1_fu_339_p2                      |       xor|   0|  0|   2|           1|           2|
    |xor_ln66_2_fu_359_p2                      |       xor|   0|  0|   2|           1|           2|
    |xor_ln66_3_fu_395_p2                      |       xor|   0|  0|   2|           1|           2|
    |xor_ln66_4_fu_415_p2                      |       xor|   0|  0|   2|           1|           2|
    |xor_ln66_5_fu_435_p2                      |       xor|   0|  0|   2|           1|           2|
    |xor_ln66_6_fu_471_p2                      |       xor|   0|  0|   2|           1|           2|
    |xor_ln66_7_fu_491_p2                      |       xor|   0|  0|   2|           1|           2|
    |xor_ln66_8_fu_511_p2                      |       xor|   0|  0|   2|           1|           2|
    |xor_ln66_9_fu_547_p2                      |       xor|   0|  0|   2|           1|           2|
    |xor_ln66_fu_319_p2                        |       xor|   0|  0|   2|           1|           2|
    +------------------------------------------+----------+----+---+----+------------+------------+
    |Total                                     |          |   0|  0|1037|         595|         446|
    +------------------------------------------+----------+----+---+----+------------+------------+

    * Multiplexer: 
    +-------------------------------------------+----+-----------+-----+-----------+
    |                    Name                   | LUT| Input Size| Bits| Total Bits|
    +-------------------------------------------+----+-----------+-----+-----------+
    |ap_NS_fsm                                  |  14|          3|    1|          3|
    |ap_done_int                                |   9|          2|    1|          2|
    |ap_enable_reg_pp0_iter0                    |   9|          2|    1|          2|
    |ap_loop_exit_ready_pp0_iter1_reg           |   9|          2|    1|          2|
    |ap_phi_reg_pp0_iter1_storemerge_i_reg_123  |  14|          3|   32|         96|
    |ap_sig_allocacmp_indvar_flatten2_load      |   9|          2|    6|         12|
    |indvar_flatten2_fu_106                     |   9|          2|    6|         12|
    |layer3_out_blk_n                           |   9|          2|    1|          2|
    |layer4_out_blk_n                           |   9|          2|    1|          2|
    |pX                                         |   9|          2|   32|         64|
    |pY                                         |   9|          2|   32|         64|
    |real_start                                 |   9|          2|    1|          2|
    |sX                                         |   9|          2|   32|         64|
    +-------------------------------------------+----+-----------+-----+-----------+
    |Total                                      | 127|         28|  147|        327|
    +-------------------------------------------+----+-----------+-----+-----------+

    * Register: 
    +----------------------------------------------------------------------------------------+----+----+-----+-----------+
    |                                          Name                                          | FF | LUT| Bits| Const Bits|
    +----------------------------------------------------------------------------------------+----+----+-----+-----------+
    |and_ln55_1_reg_733                                                                      |   1|   0|    1|          0|
    |ap_CS_fsm                                                                               |   2|   0|    2|          0|
    |ap_block_pp0_stage1_subdone_grp0_done_reg                                               |   1|   0|    1|          0|
    |ap_block_pp0_stage1_subdone_grp1_done_reg                                               |   1|   0|    1|          0|
    |ap_block_pp0_stage1_subdone_grp2_done_reg                                               |   1|   0|    1|          0|
    |ap_done_reg                                                                             |   1|   0|    1|          0|
    |ap_enable_reg_pp0_iter0_reg                                                             |   1|   0|    1|          0|
    |ap_enable_reg_pp0_iter1                                                                 |   1|   0|    1|          0|
    |ap_loop_exit_ready_pp0_iter1_reg                                                        |   1|   0|    1|          0|
    |ap_phi_reg_pp0_iter1_storemerge_i_reg_123                                               |  32|   0|   32|          0|
    |call_ln52_shift_line_buffer_array_ap_fixed_16_6_5_3_0_4u_config4_s_fu_134_ap_start_reg  |   1|   0|    1|          0|
    |icmp_ln109_reg_725                                                                      |   1|   0|    1|          0|
    |icmp_ln55_reg_729                                                                       |   1|   0|    1|          0|
    |icmp_ln76_reg_757                                                                       |   1|   0|    1|          0|
    |indvar_flatten2_fu_106                                                                  |   6|   0|    6|          0|
    |pX                                                                                      |  32|   0|   32|          0|
    |pY                                                                                      |  32|   0|   32|          0|
    |p_ZZN4nnet22compute_pool_buffer_2dINS_5arrayI8ap_fixedILi16ELi6EL9ap_q_mode5EL9ap       |  16|   0|   16|          0|
    |p_ZZN4nnet22compute_pool_buffer_2dINS_5arrayI8ap_fixedILi16ELi6EL9ap_q_mode5EL9ap_1     |  16|   0|   16|          0|
    |p_ZZN4nnet22compute_pool_buffer_2dINS_5arrayI8ap_fixedILi16ELi6EL9ap_q_mode5EL9ap_2     |  16|   0|   16|          0|
    |p_ZZN4nnet22compute_pool_buffer_2dINS_5arrayI8ap_fixedILi16ELi6EL9ap_q_mode5EL9ap_3     |  16|   0|   16|          0|
    |p_ZZN4nnet22compute_pool_buffer_2dINS_5arrayI8ap_fixedILi16ELi6EL9ap_q_mode5EL9ap_4     |  16|   0|   16|          0|
    |p_ZZN4nnet22compute_pool_buffer_2dINS_5arrayI8ap_fixedILi16ELi6EL9ap_q_mode5EL9ap_5     |  16|   0|   16|          0|
    |res_pack_1_reg_742                                                                      |  16|   0|   16|          0|
    |res_pack_2_reg_747                                                                      |  16|   0|   16|          0|
    |res_pack_3_reg_752                                                                      |  16|   0|   16|          0|
    |res_pack_reg_737                                                                        |  16|   0|   16|          0|
    |sX                                                                                      |  32|   0|   32|          0|
    |sY                                                                                      |  32|   0|   32|          0|
    |start_once_reg                                                                          |   1|   0|    1|          0|
    |void_compute_pool_buffer_2d_array_const_ap_shift_reg_n_filt_stream_kernel               |  16|   0|   16|          0|
    |void_compute_pool_buffer_2d_array_const_ap_shift_reg_n_filt_stream_kernel_1             |  16|   0|   16|          0|
    |void_compute_pool_buffer_2d_array_const_ap_shift_reg_n_filt_stream_kernel_2             |  16|   0|   16|          0|
    |void_compute_pool_buffer_2d_array_const_ap_shift_reg_n_filt_stream_kernel_3             |  16|   0|   16|          0|
    |void_compute_pool_buffer_2d_array_const_ap_shift_reg_n_filt_stream_kernel_4             |  16|   0|   16|          0|
    |void_compute_pool_buffer_2d_array_const_ap_shift_reg_n_filt_stream_kernel_5             |  16|   0|   16|          0|
    |void_compute_pool_buffer_2d_array_const_ap_shift_reg_n_filt_stream_kernel_6             |  16|   0|   16|          0|
    |void_compute_pool_buffer_2d_array_const_ap_shift_reg_n_filt_stream_kernel_7             |  16|   0|   16|          0|
    |void_compute_pool_buffer_2d_array_const_ap_shift_reg_n_filt_stream_kernel_8             |  16|   0|   16|          0|
    |void_compute_pool_buffer_2d_array_const_ap_shift_reg_n_filt_stream_kernel_9             |  16|   0|   16|          0|
    +----------------------------------------------------------------------------------------+----+----+-----+-----------+
    |Total                                                                                   | 501|   0|  501|          0|
    +----------------------------------------------------------------------------------------+----+----+-----+-----------+



================================================================
== Interface
================================================================
* Summary: 
+---------------------------+-----+-----+------------+-------------------------------------------------------------------------+--------------+
|         RTL Ports         | Dir | Bits|  Protocol  |                              Source Object                              |    C Type    |
+---------------------------+-----+-----+------------+-------------------------------------------------------------------------+--------------+
|ap_clk                     |   in|    1|  ap_ctrl_hs|  pooling2d_cl<array<ap_fixed,4u>,array<ap_fixed<16,6,5,3,0>,4u>,config4>|  return value|
|ap_rst                     |   in|    1|  ap_ctrl_hs|  pooling2d_cl<array<ap_fixed,4u>,array<ap_fixed<16,6,5,3,0>,4u>,config4>|  return value|
|ap_start                   |   in|    1|  ap_ctrl_hs|  pooling2d_cl<array<ap_fixed,4u>,array<ap_fixed<16,6,5,3,0>,4u>,config4>|  return value|
|start_full_n               |   in|    1|  ap_ctrl_hs|  pooling2d_cl<array<ap_fixed,4u>,array<ap_fixed<16,6,5,3,0>,4u>,config4>|  return value|
|ap_done                    |  out|    1|  ap_ctrl_hs|  pooling2d_cl<array<ap_fixed,4u>,array<ap_fixed<16,6,5,3,0>,4u>,config4>|  return value|
|ap_continue                |   in|    1|  ap_ctrl_hs|  pooling2d_cl<array<ap_fixed,4u>,array<ap_fixed<16,6,5,3,0>,4u>,config4>|  return value|
|ap_idle                    |  out|    1|  ap_ctrl_hs|  pooling2d_cl<array<ap_fixed,4u>,array<ap_fixed<16,6,5,3,0>,4u>,config4>|  return value|
|ap_ready                   |  out|    1|  ap_ctrl_hs|  pooling2d_cl<array<ap_fixed,4u>,array<ap_fixed<16,6,5,3,0>,4u>,config4>|  return value|
|start_out                  |  out|    1|  ap_ctrl_hs|  pooling2d_cl<array<ap_fixed,4u>,array<ap_fixed<16,6,5,3,0>,4u>,config4>|  return value|
|start_write                |  out|    1|  ap_ctrl_hs|  pooling2d_cl<array<ap_fixed,4u>,array<ap_fixed<16,6,5,3,0>,4u>,config4>|  return value|
|layer3_out_dout            |   in|   64|     ap_fifo|                                                               layer3_out|       pointer|
|layer3_out_empty_n         |   in|    1|     ap_fifo|                                                               layer3_out|       pointer|
|layer3_out_read            |  out|    1|     ap_fifo|                                                               layer3_out|       pointer|
|layer3_out_num_data_valid  |   in|    7|     ap_fifo|                                                               layer3_out|       pointer|
|layer3_out_fifo_cap        |   in|    7|     ap_fifo|                                                               layer3_out|       pointer|
|layer4_out_din             |  out|   64|     ap_fifo|                                                               layer4_out|       pointer|
|layer4_out_full_n          |   in|    1|     ap_fifo|                                                               layer4_out|       pointer|
|layer4_out_write           |  out|    1|     ap_fifo|                                                               layer4_out|       pointer|
|layer4_out_num_data_valid  |   in|    5|     ap_fifo|                                                               layer4_out|       pointer|
|layer4_out_fifo_cap        |   in|    5|     ap_fifo|                                                               layer4_out|       pointer|
+---------------------------+-----+-----+------------+-------------------------------------------------------------------------+--------------+

============================================================
+ Verbose Summary: Synthesis Manager
============================================================
InlineROM: 1
ExposeGlobal: 0
============================================================
+ Verbose Summary: CDFG Model
============================================================
IsTopModel: 0
ResetActiveHigh: 1
IsCombinational: 2
IsDatapathOnly: 0
HasWiredReturn: 1
HasMFsm: 2
HasVarLatency: 1
IsPipeline: 0
IsRtlPipelined: 0
IsInstanceOverlapped: 0
IsDontTouch: 0
HasImplIP: 0
IsGatedGlobalClock: 0

+ Individual pipeline summary: 
  * Pipeline-0: initiation interval (II) = 2, depth = 4


============================================================
+ Verbose Summary: Schedule
============================================================
* Number of FSM states : 4
* Pipeline : 1
  Pipeline-0 : II = 2, D = 4, States = { 1 2 3 4 }
* Dataflow Pipeline: 0

* FSM state transitions: 
1 --> 2 
2 --> 3 
3 --> 4 
4 --> 

* FSM state operations: 

State 1 <SV = 0> <Delay = 1.63>
ST_1 : Operation 7 [1/1] (0.00ns)   --->   "%indvar_flatten2 = alloca i32 1"   --->   Operation 7 'alloca' 'indvar_flatten2' <Predicate = true> <Delay = 0.00>
ST_1 : Operation 8 [1/1] (0.00ns)   --->   "%specinterface_ln0 = specinterface void @_ssdm_op_SpecInterface, i64 %layer4_out, void @empty_6, i32 0, i32 0, void @empty_3, i32 0, i32 0, void @empty_3, void @empty_3, void @empty_3, i32 0, i32 0, i32 0, i32 0, void @empty_3, void @empty_3, i32 4294967295, i32 0, i32 0"   --->   Operation 8 'specinterface' 'specinterface_ln0' <Predicate = true> <Delay = 0.00>
ST_1 : Operation 9 [1/1] (0.00ns)   --->   "%specinterface_ln0 = specinterface void @_ssdm_op_SpecInterface, i64 %layer3_out, void @empty_6, i32 0, i32 0, void @empty_3, i32 0, i32 0, void @empty_3, void @empty_3, void @empty_3, i32 0, i32 0, i32 0, i32 0, void @empty_3, void @empty_3, i32 4294967295, i32 0, i32 0"   --->   Operation 9 'specinterface' 'specinterface_ln0' <Predicate = true> <Delay = 0.00>
ST_1 : Operation 10 [1/1] (0.42ns)   --->   "%store_ln0 = store i6 0, i6 %indvar_flatten2"   --->   Operation 10 'store' 'store_ln0' <Predicate = true> <Delay = 0.42>
ST_1 : Operation 11 [1/1] (0.00ns)   --->   "%br_ln0 = br void %for.inc15"   --->   Operation 11 'br' 'br_ln0' <Predicate = true> <Delay = 0.00>
ST_1 : Operation 12 [1/1] (0.00ns)   --->   "%indvar_flatten2_load = load i6 %indvar_flatten2" [firmware/nnet_utils/nnet_pooling_stream.h:109]   --->   Operation 12 'load' 'indvar_flatten2_load' <Predicate = true> <Delay = 0.00>
ST_1 : Operation 13 [1/1] (0.78ns)   --->   "%add_ln109 = add i6 %indvar_flatten2_load, i6 1" [firmware/nnet_utils/nnet_pooling_stream.h:109]   --->   Operation 13 'add' 'add_ln109' <Predicate = true> <Delay = 0.78> <CoreInst = "Adder">   --->   Core 1 'Adder' <Latency = 0> <II = 1> <Delay = 0.78> <FuncUnit> <Opcode : 'add' 'sub'> <InPorts = 2> <OutPorts = 1>
ST_1 : Operation 14 [1/1] (0.78ns)   --->   "%icmp_ln109 = icmp_eq  i6 %indvar_flatten2_load, i6 35" [firmware/nnet_utils/nnet_pooling_stream.h:109]   --->   Operation 14 'icmp' 'icmp_ln109' <Predicate = true> <Delay = 0.78> <CoreInst = "Cmp">   --->   Core 9 'Cmp' <Latency = 0> <II = 1> <Delay = 0.78> <FuncUnit> <Opcode : 'seteq' 'setne' 'setle' 'setge' 'setlt' 'setgt'> <InPorts = 2> <OutPorts = 1>
ST_1 : Operation 15 [1/1] (0.42ns)   --->   "%store_ln109 = store i6 %add_ln109, i6 %indvar_flatten2" [firmware/nnet_utils/nnet_pooling_stream.h:109]   --->   Operation 15 'store' 'store_ln109' <Predicate = true> <Delay = 0.42>
ST_1 : Operation 16 [1/1] (0.00ns)   --->   "%br_ln109 = br i1 %icmp_ln109, void %for.inc15, void %for.end17" [firmware/nnet_utils/nnet_pooling_stream.h:109]   --->   Operation 16 'br' 'br_ln109' <Predicate = true> <Delay = 0.00>

State 2 <SV = 1> <Delay = 2.54>
ST_2 : Operation 17 [1/1] ( I:1.82ns O:1.82ns )   --->   "%layer3_out_read = read i64 @_ssdm_op_Read.ap_fifo.volatile.i64P0A, i64 %layer3_out" [firmware/nnet_utils/nnet_pooling_stream.h:115]   --->   Operation 17 'read' 'layer3_out_read' <Predicate = true> <Delay = 1.82> <CoreInst = "FIFO">   --->   Core 77 'FIFO' <Latency = 0> <II = 1> <Delay = 1.85> <Storage> <Opcode : 'read' 'write' 'nbread' 'nbwrite'> <Ports = 0> <Width = 64> <Depth = 36> <FIFO>
ST_2 : Operation 18 [1/1] (0.00ns)   --->   "%trunc_ln115 = trunc i64 %layer3_out_read" [firmware/nnet_utils/nnet_pooling_stream.h:115]   --->   Operation 18 'trunc' 'trunc_ln115' <Predicate = true> <Delay = 0.00>
ST_2 : Operation 19 [1/1] (0.00ns)   --->   "%trunc_ln115_1 = partselect i16 @_ssdm_op_PartSelect.i16.i64.i32.i32, i64 %layer3_out_read, i32 16, i32 31" [firmware/nnet_utils/nnet_pooling_stream.h:115]   --->   Operation 19 'partselect' 'trunc_ln115_1' <Predicate = true> <Delay = 0.00>
ST_2 : Operation 20 [1/1] (0.00ns)   --->   "%trunc_ln115_2 = partselect i16 @_ssdm_op_PartSelect.i16.i64.i32.i32, i64 %layer3_out_read, i32 32, i32 47" [firmware/nnet_utils/nnet_pooling_stream.h:115]   --->   Operation 20 'partselect' 'trunc_ln115_2' <Predicate = true> <Delay = 0.00>
ST_2 : Operation 21 [1/1] (0.00ns)   --->   "%trunc_ln115_3 = partselect i16 @_ssdm_op_PartSelect.i16.i64.i32.i32, i64 %layer3_out_read, i32 48, i32 63" [firmware/nnet_utils/nnet_pooling_stream.h:115]   --->   Operation 21 'partselect' 'trunc_ln115_3' <Predicate = true> <Delay = 0.00>
ST_2 : Operation 22 [1/1] (0.71ns)   --->   "%call_ln52 = call void @shift_line_buffer<array<ap_fixed<16, 6, 5, 3, 0>, 4u>, config4>, i16 %trunc_ln115, i16 %trunc_ln115_1, i16 %trunc_ln115_2, i16 %trunc_ln115_3, i16 %void_compute_pool_buffer_2d_array_const_ap_shift_reg_n_filt_stream_kernel_2, i16 %void_compute_pool_buffer_2d_array_const_ap_shift_reg_n_filt_stream_kernel_9, i16 %void_compute_pool_buffer_2d_array_const_ap_shift_reg_n_filt_stream_kernel_1, i16 %void_compute_pool_buffer_2d_array_const_ap_shift_reg_n_filt_stream_kernel_5, i16 %void_compute_pool_buffer_2d_array_const_ap_shift_reg_n_filt_stream_kernel, i16 %void_compute_pool_buffer_2d_array_const_ap_shift_reg_n_filt_stream_kernel_4, i16 %void_compute_pool_buffer_2d_array_const_ap_shift_reg_n_filt_stream_kernel_8, i16 %void_compute_pool_buffer_2d_array_const_ap_shift_reg_n_filt_stream_kernel_3, i16 %p_ZZN4nnet22compute_pool_buffer_2dINS_5arrayI8ap_fixedILi16ELi6EL9ap_q_mode5EL9ap_3, i16 %void_compute_pool_buffer_2d_array_const_ap_shift_reg_n_filt_stream_kernel_7, i16 %p_ZZN4nnet22compute_pool_buffer_2dINS_5arrayI8ap_fixedILi16ELi6EL9ap_q_mode5EL9ap_2, i16 %void_compute_pool_buffer_2d_array_const_ap_shift_reg_n_filt_stream_kernel_6, i16 %p_ZZN4nnet22compute_pool_buffer_2dINS_5arrayI8ap_fixedILi16ELi6EL9ap_q_mode5EL9ap_1, i16 %p_ZZN4nnet22compute_pool_buffer_2dINS_5arrayI8ap_fixedILi16ELi6EL9ap_q_mode5EL9ap_5, i16 %p_ZZN4nnet22compute_pool_buffer_2dINS_5arrayI8ap_fixedILi16ELi6EL9ap_q_mode5EL9ap, i16 %p_ZZN4nnet22compute_pool_buffer_2dINS_5arrayI8ap_fixedILi16ELi6EL9ap_q_mode5EL9ap_4, i16 %void_pooling2d_cl_stream_stream_array_ap_fixed_4u_0_line_buffer_3, i16 %void_pooling2d_cl_stream_stream_array_ap_fixed_4u_0_line_buffer_2, i16 %void_pooling2d_cl_stream_stream_array_ap_fixed_4u_0_line_buffer_1, i16 %void_pooling2d_cl_stream_stream_array_ap_fixed_4u_0_line_buffer" [firmware/nnet_utils/nnet_pooling_stream.h:52->firmware/nnet_utils/nnet_pooling_stream.h:115]   --->   Operation 22 'call' 'call_ln52' <Predicate = true> <Delay = 0.71> <CoreType = "Generic">   --->   Generic Core

State 3 <SV = 2> <Delay = 2.45>
ST_3 : Operation 23 [1/1] (0.00ns)   --->   "%specloopname_ln0 = specloopname void @_ssdm_op_SpecLoopName, void @ReadInputHeight_ReadInputWidth_str"   --->   Operation 23 'specloopname' 'specloopname_ln0' <Predicate = true> <Delay = 0.00>
ST_3 : Operation 24 [1/1] (0.00ns)   --->   "%speclooptripcount_ln0 = speclooptripcount void @_ssdm_op_SpecLoopTripCount, i64 36, i64 36, i64 36"   --->   Operation 24 'speclooptripcount' 'speclooptripcount_ln0' <Predicate = true> <Delay = 0.00>
ST_3 : Operation 25 [1/1] (0.00ns)   --->   "%specpipeline_ln113 = specpipeline void @_ssdm_op_SpecPipeline, i32 4294967295, i32 0, i32 0, i32 0, void @empty_3" [firmware/nnet_utils/nnet_pooling_stream.h:113]   --->   Operation 25 'specpipeline' 'specpipeline_ln113' <Predicate = true> <Delay = 0.00>
ST_3 : Operation 26 [1/1] (0.00ns)   --->   "%sX_load = load i32 %sX" [firmware/nnet_utils/nnet_pooling_stream.h:55->firmware/nnet_utils/nnet_pooling_stream.h:115]   --->   Operation 26 'load' 'sX_load' <Predicate = true> <Delay = 0.00>
ST_3 : Operation 27 [1/1] (1.01ns)   --->   "%icmp_ln55 = icmp_eq  i32 %sX_load, i32 1" [firmware/nnet_utils/nnet_pooling_stream.h:55->firmware/nnet_utils/nnet_pooling_stream.h:115]   --->   Operation 27 'icmp' 'icmp_ln55' <Predicate = true> <Delay = 1.01> <CoreInst = "Cmp">   --->   Core 9 'Cmp' <Latency = 0> <II = 1> <Delay = 1.01> <FuncUnit> <Opcode : 'seteq' 'setne' 'setle' 'setge' 'setlt' 'setgt'> <InPorts = 2> <OutPorts = 1>
ST_3 : Operation 28 [1/1] (0.00ns)   --->   "%pX_load = load i32 %pX" [firmware/nnet_utils/nnet_pooling_stream.h:76->firmware/nnet_utils/nnet_pooling_stream.h:115]   --->   Operation 28 'load' 'pX_load' <Predicate = true> <Delay = 0.00>
ST_3 : Operation 29 [1/1] (0.00ns)   --->   "%br_ln55 = br i1 %icmp_ln55, void %if.end.i, void %land.lhs.true.i" [firmware/nnet_utils/nnet_pooling_stream.h:55->firmware/nnet_utils/nnet_pooling_stream.h:115]   --->   Operation 29 'br' 'br_ln55' <Predicate = true> <Delay = 0.00>
ST_3 : Operation 30 [1/1] (0.00ns)   --->   "%sY_load = load i32 %sY" [firmware/nnet_utils/nnet_pooling_stream.h:55->firmware/nnet_utils/nnet_pooling_stream.h:115]   --->   Operation 30 'load' 'sY_load' <Predicate = (icmp_ln55)> <Delay = 0.00>
ST_3 : Operation 31 [1/1] (1.01ns)   --->   "%icmp_ln55_1 = icmp_eq  i32 %sY_load, i32 1" [firmware/nnet_utils/nnet_pooling_stream.h:55->firmware/nnet_utils/nnet_pooling_stream.h:115]   --->   Operation 31 'icmp' 'icmp_ln55_1' <Predicate = (icmp_ln55)> <Delay = 1.01> <CoreInst = "Cmp">   --->   Core 9 'Cmp' <Latency = 0> <II = 1> <Delay = 1.01> <FuncUnit> <Opcode : 'seteq' 'setne' 'setle' 'setge' 'setlt' 'setgt'> <InPorts = 2> <OutPorts = 1>
ST_3 : Operation 32 [1/1] (0.00ns)   --->   "%pY_load = load i32 %pY" [firmware/nnet_utils/nnet_pooling_stream.h:55->firmware/nnet_utils/nnet_pooling_stream.h:115]   --->   Operation 32 'load' 'pY_load' <Predicate = (icmp_ln55)> <Delay = 0.00>
ST_3 : Operation 33 [1/1] (1.01ns)   --->   "%icmp_ln55_2 = icmp_sgt  i32 %pY_load, i32 0" [firmware/nnet_utils/nnet_pooling_stream.h:55->firmware/nnet_utils/nnet_pooling_stream.h:115]   --->   Operation 33 'icmp' 'icmp_ln55_2' <Predicate = (icmp_ln55)> <Delay = 1.01> <CoreInst = "Cmp">   --->   Core 9 'Cmp' <Latency = 0> <II = 1> <Delay = 1.01> <FuncUnit> <Opcode : 'seteq' 'setne' 'setle' 'setge' 'setlt' 'setgt'> <InPorts = 2> <OutPorts = 1>
ST_3 : Operation 34 [1/1] (1.01ns)   --->   "%icmp_ln55_3 = icmp_sgt  i32 %pX_load, i32 0" [firmware/nnet_utils/nnet_pooling_stream.h:55->firmware/nnet_utils/nnet_pooling_stream.h:115]   --->   Operation 34 'icmp' 'icmp_ln55_3' <Predicate = (icmp_ln55)> <Delay = 1.01> <CoreInst = "Cmp">   --->   Core 9 'Cmp' <Latency = 0> <II = 1> <Delay = 1.01> <FuncUnit> <Opcode : 'seteq' 'setne' 'setle' 'setge' 'setlt' 'setgt'> <InPorts = 2> <OutPorts = 1>
ST_3 : Operation 35 [1/1] (0.00ns) (grouped into LUT with out node and_ln55_1)   --->   "%and_ln55 = and i1 %icmp_ln55_2, i1 %icmp_ln55_3" [firmware/nnet_utils/nnet_pooling_stream.h:55->firmware/nnet_utils/nnet_pooling_stream.h:115]   --->   Operation 35 'and' 'and_ln55' <Predicate = (icmp_ln55)> <Delay = 0.00> <CoreInst = "LogicGate">   --->   Core 74 'LogicGate' <Latency = 0> <II = 1> <Delay = 0.28> <FuncUnit> <Opcode : 'and' 'or' 'xor'> <InPorts = 2> <OutPorts = 1>
ST_3 : Operation 36 [1/1] (0.28ns) (out node of the LUT)   --->   "%and_ln55_1 = and i1 %and_ln55, i1 %icmp_ln55_1" [firmware/nnet_utils/nnet_pooling_stream.h:55->firmware/nnet_utils/nnet_pooling_stream.h:115]   --->   Operation 36 'and' 'and_ln55_1' <Predicate = (icmp_ln55)> <Delay = 0.28> <CoreInst = "LogicGate">   --->   Core 74 'LogicGate' <Latency = 0> <II = 1> <Delay = 0.28> <FuncUnit> <Opcode : 'and' 'or' 'xor'> <InPorts = 2> <OutPorts = 1>
ST_3 : Operation 37 [1/1] (0.00ns)   --->   "%br_ln55 = br i1 %and_ln55_1, void %if.end.i, void %for.body11.i" [firmware/nnet_utils/nnet_pooling_stream.h:55->firmware/nnet_utils/nnet_pooling_stream.h:115]   --->   Operation 37 'br' 'br_ln55' <Predicate = (icmp_ln55)> <Delay = 0.00>
ST_3 : Operation 38 [1/1] (0.00ns)   --->   "%void_compute_pool_buffer_2d_array_const_ap_shift_reg_n_filt_stream_kernel_14 = load i16 %void_compute_pool_buffer_2d_array_const_ap_shift_reg_n_filt_stream_kernel_9" [firmware/nnet_utils/nnet_pooling_stream.h:63->firmware/nnet_utils/nnet_pooling_stream.h:115]   --->   Operation 38 'load' 'void_compute_pool_buffer_2d_array_const_ap_shift_reg_n_filt_stream_kernel_14' <Predicate = (icmp_ln55 & and_ln55_1)> <Delay = 0.00>
ST_3 : Operation 39 [1/1] (0.00ns)   --->   "%void_compute_pool_buffer_2d_array_const_ap_shift_reg_n_filt_stream_kernel_15 = load i16 %void_compute_pool_buffer_2d_array_const_ap_shift_reg_n_filt_stream_kernel_2" [firmware/nnet_utils/nnet_pooling_stream.h:63->firmware/nnet_utils/nnet_pooling_stream.h:115]   --->   Operation 39 'load' 'void_compute_pool_buffer_2d_array_const_ap_shift_reg_n_filt_stream_kernel_15' <Predicate = (icmp_ln55 & and_ln55_1)> <Delay = 0.00>
ST_3 : Operation 40 [1/1] (0.00ns)   --->   "%void_compute_pool_buffer_2d_array_const_ap_shift_reg_n_filt_stream_kernel_16 = load i16 %void_compute_pool_buffer_2d_array_const_ap_shift_reg_n_filt_stream_kernel_7" [firmware/nnet_utils/nnet_pooling_stream.h:63->firmware/nnet_utils/nnet_pooling_stream.h:115]   --->   Operation 40 'load' 'void_compute_pool_buffer_2d_array_const_ap_shift_reg_n_filt_stream_kernel_16' <Predicate = (icmp_ln55 & and_ln55_1)> <Delay = 0.00>
ST_3 : Operation 41 [1/1] (0.00ns)   --->   "%p_ZZN4nnet22compute_pool_buffer_2dINS_5arrayI8ap_fixedILi16ELi6EL9ap_q_mode5EL9ap_10 = load i16 %p_ZZN4nnet22compute_pool_buffer_2dINS_5arrayI8ap_fixedILi16ELi6EL9ap_q_mode5EL9ap_3" [firmware/nnet_utils/nnet_pooling_stream.h:63->firmware/nnet_utils/nnet_pooling_stream.h:115]   --->   Operation 41 'load' 'p_ZZN4nnet22compute_pool_buffer_2dINS_5arrayI8ap_fixedILi16ELi6EL9ap_q_mode5EL9ap_10' <Predicate = (icmp_ln55 & and_ln55_1)> <Delay = 0.00>
ST_3 : Operation 42 [1/1] (0.85ns)   --->   "%icmp_ln66 = icmp_slt  i16 %void_compute_pool_buffer_2d_array_const_ap_shift_reg_n_filt_stream_kernel_14, i16 %void_compute_pool_buffer_2d_array_const_ap_shift_reg_n_filt_stream_kernel_15" [firmware/nnet_utils/nnet_common.h:66->firmware/nnet_utils/nnet_common.h:44->firmware/nnet_utils/nnet_common.h:46->firmware/nnet_utils/nnet_pooling_stream.h:21->firmware/nnet_utils/nnet_pooling_stream.h:68->firmware/nnet_utils/nnet_pooling_stream.h:115]   --->   Operation 42 'icmp' 'icmp_ln66' <Predicate = (icmp_ln55 & and_ln55_1)> <Delay = 0.85> <CoreInst = "Cmp">   --->   Core 9 'Cmp' <Latency = 0> <II = 1> <Delay = 0.85> <FuncUnit> <Opcode : 'seteq' 'setne' 'setle' 'setge' 'setlt' 'setgt'> <InPorts = 2> <OutPorts = 1>
ST_3 : Operation 43 [1/1] (0.00ns) (grouped into LUT with out node select_ln0)   --->   "%xor_ln66 = xor i1 %icmp_ln66, i1 1" [firmware/nnet_utils/nnet_common.h:66->firmware/nnet_utils/nnet_common.h:44->firmware/nnet_utils/nnet_common.h:46->firmware/nnet_utils/nnet_pooling_stream.h:21->firmware/nnet_utils/nnet_pooling_stream.h:68->firmware/nnet_utils/nnet_pooling_stream.h:115]   --->   Operation 43 'xor' 'xor_ln66' <Predicate = (icmp_ln55 & and_ln55_1)> <Delay = 0.00> <CoreInst = "LogicGate">   --->   Core 74 'LogicGate' <Latency = 0> <II = 1> <Delay = 0.28> <FuncUnit> <Opcode : 'and' 'or' 'xor'> <InPorts = 2> <OutPorts = 1>
ST_3 : Operation 44 [1/1] (0.35ns) (out node of the LUT)   --->   "%select_ln0 = select i1 %xor_ln66, i16 %void_compute_pool_buffer_2d_array_const_ap_shift_reg_n_filt_stream_kernel_14, i16 %void_compute_pool_buffer_2d_array_const_ap_shift_reg_n_filt_stream_kernel_15" [firmware/nnet_utils/nnet_common.h:0->firmware/nnet_utils/nnet_common.h:46->firmware/nnet_utils/nnet_pooling_stream.h:21->firmware/nnet_utils/nnet_pooling_stream.h:68->firmware/nnet_utils/nnet_pooling_stream.h:115]   --->   Operation 44 'select' 'select_ln0' <Predicate = (icmp_ln55 & and_ln55_1)> <Delay = 0.35> <CoreInst = "Sel">   --->   Core 73 'Sel' <Latency = 0> <II = 1> <Delay = 0.35> <FuncUnit> <Opcode : 'select'> <InPorts = 3> <OutPorts = 1>
ST_3 : Operation 45 [1/1] (0.85ns)   --->   "%icmp_ln66_1 = icmp_slt  i16 %void_compute_pool_buffer_2d_array_const_ap_shift_reg_n_filt_stream_kernel_16, i16 %p_ZZN4nnet22compute_pool_buffer_2dINS_5arrayI8ap_fixedILi16ELi6EL9ap_q_mode5EL9ap_10" [firmware/nnet_utils/nnet_common.h:66->firmware/nnet_utils/nnet_common.h:44->firmware/nnet_utils/nnet_common.h:46->firmware/nnet_utils/nnet_pooling_stream.h:21->firmware/nnet_utils/nnet_pooling_stream.h:68->firmware/nnet_utils/nnet_pooling_stream.h:115]   --->   Operation 45 'icmp' 'icmp_ln66_1' <Predicate = (icmp_ln55 & and_ln55_1)> <Delay = 0.85> <CoreInst = "Cmp">   --->   Core 9 'Cmp' <Latency = 0> <II = 1> <Delay = 0.85> <FuncUnit> <Opcode : 'seteq' 'setne' 'setle' 'setge' 'setlt' 'setgt'> <InPorts = 2> <OutPorts = 1>
ST_3 : Operation 46 [1/1] (0.00ns) (grouped into LUT with out node select_ln0_1)   --->   "%xor_ln66_1 = xor i1 %icmp_ln66_1, i1 1" [firmware/nnet_utils/nnet_common.h:66->firmware/nnet_utils/nnet_common.h:44->firmware/nnet_utils/nnet_common.h:46->firmware/nnet_utils/nnet_pooling_stream.h:21->firmware/nnet_utils/nnet_pooling_stream.h:68->firmware/nnet_utils/nnet_pooling_stream.h:115]   --->   Operation 46 'xor' 'xor_ln66_1' <Predicate = (icmp_ln55 & and_ln55_1)> <Delay = 0.00> <CoreInst = "LogicGate">   --->   Core 74 'LogicGate' <Latency = 0> <II = 1> <Delay = 0.28> <FuncUnit> <Opcode : 'and' 'or' 'xor'> <InPorts = 2> <OutPorts = 1>
ST_3 : Operation 47 [1/1] (0.35ns) (out node of the LUT)   --->   "%select_ln0_1 = select i1 %xor_ln66_1, i16 %void_compute_pool_buffer_2d_array_const_ap_shift_reg_n_filt_stream_kernel_16, i16 %p_ZZN4nnet22compute_pool_buffer_2dINS_5arrayI8ap_fixedILi16ELi6EL9ap_q_mode5EL9ap_10" [firmware/nnet_utils/nnet_common.h:0->firmware/nnet_utils/nnet_common.h:46->firmware/nnet_utils/nnet_pooling_stream.h:21->firmware/nnet_utils/nnet_pooling_stream.h:68->firmware/nnet_utils/nnet_pooling_stream.h:115]   --->   Operation 47 'select' 'select_ln0_1' <Predicate = (icmp_ln55 & and_ln55_1)> <Delay = 0.35> <CoreInst = "Sel">   --->   Core 73 'Sel' <Latency = 0> <II = 1> <Delay = 0.35> <FuncUnit> <Opcode : 'select'> <InPorts = 3> <OutPorts = 1>
ST_3 : Operation 48 [1/1] (0.85ns)   --->   "%icmp_ln66_2 = icmp_slt  i16 %select_ln0, i16 %select_ln0_1" [firmware/nnet_utils/nnet_common.h:66->firmware/nnet_utils/nnet_common.h:46->firmware/nnet_utils/nnet_pooling_stream.h:21->firmware/nnet_utils/nnet_pooling_stream.h:68->firmware/nnet_utils/nnet_pooling_stream.h:115]   --->   Operation 48 'icmp' 'icmp_ln66_2' <Predicate = (icmp_ln55 & and_ln55_1)> <Delay = 0.85> <CoreInst = "Cmp">   --->   Core 9 'Cmp' <Latency = 0> <II = 1> <Delay = 0.85> <FuncUnit> <Opcode : 'seteq' 'setne' 'setle' 'setge' 'setlt' 'setgt'> <InPorts = 2> <OutPorts = 1>
ST_3 : Operation 49 [1/1] (0.00ns) (grouped into LUT with out node res_pack)   --->   "%xor_ln66_2 = xor i1 %icmp_ln66_2, i1 1" [firmware/nnet_utils/nnet_common.h:66->firmware/nnet_utils/nnet_common.h:46->firmware/nnet_utils/nnet_pooling_stream.h:21->firmware/nnet_utils/nnet_pooling_stream.h:68->firmware/nnet_utils/nnet_pooling_stream.h:115]   --->   Operation 49 'xor' 'xor_ln66_2' <Predicate = (icmp_ln55 & and_ln55_1)> <Delay = 0.00> <CoreInst = "LogicGate">   --->   Core 74 'LogicGate' <Latency = 0> <II = 1> <Delay = 0.28> <FuncUnit> <Opcode : 'and' 'or' 'xor'> <InPorts = 2> <OutPorts = 1>
ST_3 : Operation 50 [1/1] (0.35ns) (out node of the LUT)   --->   "%res_pack = select i1 %xor_ln66_2, i16 %select_ln0, i16 %select_ln0_1" [firmware/nnet_utils/nnet_pooling_stream.h:67->firmware/nnet_utils/nnet_pooling_stream.h:115]   --->   Operation 50 'select' 'res_pack' <Predicate = (icmp_ln55 & and_ln55_1)> <Delay = 0.35> <CoreInst = "Sel">   --->   Core 73 'Sel' <Latency = 0> <II = 1> <Delay = 0.35> <FuncUnit> <Opcode : 'select'> <InPorts = 3> <OutPorts = 1>
ST_3 : Operation 51 [1/1] (0.00ns)   --->   "%void_compute_pool_buffer_2d_array_const_ap_shift_reg_n_filt_stream_kernel_17 = load i16 %void_compute_pool_buffer_2d_array_const_ap_shift_reg_n_filt_stream_kernel_5" [firmware/nnet_utils/nnet_pooling_stream.h:63->firmware/nnet_utils/nnet_pooling_stream.h:115]   --->   Operation 51 'load' 'void_compute_pool_buffer_2d_array_const_ap_shift_reg_n_filt_stream_kernel_17' <Predicate = (icmp_ln55 & and_ln55_1)> <Delay = 0.00>
ST_3 : Operation 52 [1/1] (0.00ns)   --->   "%void_compute_pool_buffer_2d_array_const_ap_shift_reg_n_filt_stream_kernel_18 = load i16 %void_compute_pool_buffer_2d_array_const_ap_shift_reg_n_filt_stream_kernel_1" [firmware/nnet_utils/nnet_pooling_stream.h:63->firmware/nnet_utils/nnet_pooling_stream.h:115]   --->   Operation 52 'load' 'void_compute_pool_buffer_2d_array_const_ap_shift_reg_n_filt_stream_kernel_18' <Predicate = (icmp_ln55 & and_ln55_1)> <Delay = 0.00>
ST_3 : Operation 53 [1/1] (0.00ns)   --->   "%void_compute_pool_buffer_2d_array_const_ap_shift_reg_n_filt_stream_kernel_19 = load i16 %void_compute_pool_buffer_2d_array_const_ap_shift_reg_n_filt_stream_kernel_6" [firmware/nnet_utils/nnet_pooling_stream.h:63->firmware/nnet_utils/nnet_pooling_stream.h:115]   --->   Operation 53 'load' 'void_compute_pool_buffer_2d_array_const_ap_shift_reg_n_filt_stream_kernel_19' <Predicate = (icmp_ln55 & and_ln55_1)> <Delay = 0.00>
ST_3 : Operation 54 [1/1] (0.00ns)   --->   "%p_ZZN4nnet22compute_pool_buffer_2dINS_5arrayI8ap_fixedILi16ELi6EL9ap_q_mode5EL9ap_11 = load i16 %p_ZZN4nnet22compute_pool_buffer_2dINS_5arrayI8ap_fixedILi16ELi6EL9ap_q_mode5EL9ap_2" [firmware/nnet_utils/nnet_pooling_stream.h:63->firmware/nnet_utils/nnet_pooling_stream.h:115]   --->   Operation 54 'load' 'p_ZZN4nnet22compute_pool_buffer_2dINS_5arrayI8ap_fixedILi16ELi6EL9ap_q_mode5EL9ap_11' <Predicate = (icmp_ln55 & and_ln55_1)> <Delay = 0.00>
ST_3 : Operation 55 [1/1] (0.85ns)   --->   "%icmp_ln66_3 = icmp_slt  i16 %void_compute_pool_buffer_2d_array_const_ap_shift_reg_n_filt_stream_kernel_17, i16 %void_compute_pool_buffer_2d_array_const_ap_shift_reg_n_filt_stream_kernel_18" [firmware/nnet_utils/nnet_common.h:66->firmware/nnet_utils/nnet_common.h:44->firmware/nnet_utils/nnet_common.h:46->firmware/nnet_utils/nnet_pooling_stream.h:21->firmware/nnet_utils/nnet_pooling_stream.h:68->firmware/nnet_utils/nnet_pooling_stream.h:115]   --->   Operation 55 'icmp' 'icmp_ln66_3' <Predicate = (icmp_ln55 & and_ln55_1)> <Delay = 0.85> <CoreInst = "Cmp">   --->   Core 9 'Cmp' <Latency = 0> <II = 1> <Delay = 0.85> <FuncUnit> <Opcode : 'seteq' 'setne' 'setle' 'setge' 'setlt' 'setgt'> <InPorts = 2> <OutPorts = 1>
ST_3 : Operation 56 [1/1] (0.00ns) (grouped into LUT with out node select_ln0_2)   --->   "%xor_ln66_3 = xor i1 %icmp_ln66_3, i1 1" [firmware/nnet_utils/nnet_common.h:66->firmware/nnet_utils/nnet_common.h:44->firmware/nnet_utils/nnet_common.h:46->firmware/nnet_utils/nnet_pooling_stream.h:21->firmware/nnet_utils/nnet_pooling_stream.h:68->firmware/nnet_utils/nnet_pooling_stream.h:115]   --->   Operation 56 'xor' 'xor_ln66_3' <Predicate = (icmp_ln55 & and_ln55_1)> <Delay = 0.00> <CoreInst = "LogicGate">   --->   Core 74 'LogicGate' <Latency = 0> <II = 1> <Delay = 0.28> <FuncUnit> <Opcode : 'and' 'or' 'xor'> <InPorts = 2> <OutPorts = 1>
ST_3 : Operation 57 [1/1] (0.35ns) (out node of the LUT)   --->   "%select_ln0_2 = select i1 %xor_ln66_3, i16 %void_compute_pool_buffer_2d_array_const_ap_shift_reg_n_filt_stream_kernel_17, i16 %void_compute_pool_buffer_2d_array_const_ap_shift_reg_n_filt_stream_kernel_18" [firmware/nnet_utils/nnet_common.h:0->firmware/nnet_utils/nnet_common.h:46->firmware/nnet_utils/nnet_pooling_stream.h:21->firmware/nnet_utils/nnet_pooling_stream.h:68->firmware/nnet_utils/nnet_pooling_stream.h:115]   --->   Operation 57 'select' 'select_ln0_2' <Predicate = (icmp_ln55 & and_ln55_1)> <Delay = 0.35> <CoreInst = "Sel">   --->   Core 73 'Sel' <Latency = 0> <II = 1> <Delay = 0.35> <FuncUnit> <Opcode : 'select'> <InPorts = 3> <OutPorts = 1>
ST_3 : Operation 58 [1/1] (0.85ns)   --->   "%icmp_ln66_4 = icmp_slt  i16 %void_compute_pool_buffer_2d_array_const_ap_shift_reg_n_filt_stream_kernel_19, i16 %p_ZZN4nnet22compute_pool_buffer_2dINS_5arrayI8ap_fixedILi16ELi6EL9ap_q_mode5EL9ap_11" [firmware/nnet_utils/nnet_common.h:66->firmware/nnet_utils/nnet_common.h:44->firmware/nnet_utils/nnet_common.h:46->firmware/nnet_utils/nnet_pooling_stream.h:21->firmware/nnet_utils/nnet_pooling_stream.h:68->firmware/nnet_utils/nnet_pooling_stream.h:115]   --->   Operation 58 'icmp' 'icmp_ln66_4' <Predicate = (icmp_ln55 & and_ln55_1)> <Delay = 0.85> <CoreInst = "Cmp">   --->   Core 9 'Cmp' <Latency = 0> <II = 1> <Delay = 0.85> <FuncUnit> <Opcode : 'seteq' 'setne' 'setle' 'setge' 'setlt' 'setgt'> <InPorts = 2> <OutPorts = 1>
ST_3 : Operation 59 [1/1] (0.00ns) (grouped into LUT with out node select_ln0_3)   --->   "%xor_ln66_4 = xor i1 %icmp_ln66_4, i1 1" [firmware/nnet_utils/nnet_common.h:66->firmware/nnet_utils/nnet_common.h:44->firmware/nnet_utils/nnet_common.h:46->firmware/nnet_utils/nnet_pooling_stream.h:21->firmware/nnet_utils/nnet_pooling_stream.h:68->firmware/nnet_utils/nnet_pooling_stream.h:115]   --->   Operation 59 'xor' 'xor_ln66_4' <Predicate = (icmp_ln55 & and_ln55_1)> <Delay = 0.00> <CoreInst = "LogicGate">   --->   Core 74 'LogicGate' <Latency = 0> <II = 1> <Delay = 0.28> <FuncUnit> <Opcode : 'and' 'or' 'xor'> <InPorts = 2> <OutPorts = 1>
ST_3 : Operation 60 [1/1] (0.35ns) (out node of the LUT)   --->   "%select_ln0_3 = select i1 %xor_ln66_4, i16 %void_compute_pool_buffer_2d_array_const_ap_shift_reg_n_filt_stream_kernel_19, i16 %p_ZZN4nnet22compute_pool_buffer_2dINS_5arrayI8ap_fixedILi16ELi6EL9ap_q_mode5EL9ap_11" [firmware/nnet_utils/nnet_common.h:0->firmware/nnet_utils/nnet_common.h:46->firmware/nnet_utils/nnet_pooling_stream.h:21->firmware/nnet_utils/nnet_pooling_stream.h:68->firmware/nnet_utils/nnet_pooling_stream.h:115]   --->   Operation 60 'select' 'select_ln0_3' <Predicate = (icmp_ln55 & and_ln55_1)> <Delay = 0.35> <CoreInst = "Sel">   --->   Core 73 'Sel' <Latency = 0> <II = 1> <Delay = 0.35> <FuncUnit> <Opcode : 'select'> <InPorts = 3> <OutPorts = 1>
ST_3 : Operation 61 [1/1] (0.85ns)   --->   "%icmp_ln66_5 = icmp_slt  i16 %select_ln0_2, i16 %select_ln0_3" [firmware/nnet_utils/nnet_common.h:66->firmware/nnet_utils/nnet_common.h:46->firmware/nnet_utils/nnet_pooling_stream.h:21->firmware/nnet_utils/nnet_pooling_stream.h:68->firmware/nnet_utils/nnet_pooling_stream.h:115]   --->   Operation 61 'icmp' 'icmp_ln66_5' <Predicate = (icmp_ln55 & and_ln55_1)> <Delay = 0.85> <CoreInst = "Cmp">   --->   Core 9 'Cmp' <Latency = 0> <II = 1> <Delay = 0.85> <FuncUnit> <Opcode : 'seteq' 'setne' 'setle' 'setge' 'setlt' 'setgt'> <InPorts = 2> <OutPorts = 1>
ST_3 : Operation 62 [1/1] (0.00ns) (grouped into LUT with out node res_pack_1)   --->   "%xor_ln66_5 = xor i1 %icmp_ln66_5, i1 1" [firmware/nnet_utils/nnet_common.h:66->firmware/nnet_utils/nnet_common.h:46->firmware/nnet_utils/nnet_pooling_stream.h:21->firmware/nnet_utils/nnet_pooling_stream.h:68->firmware/nnet_utils/nnet_pooling_stream.h:115]   --->   Operation 62 'xor' 'xor_ln66_5' <Predicate = (icmp_ln55 & and_ln55_1)> <Delay = 0.00> <CoreInst = "LogicGate">   --->   Core 74 'LogicGate' <Latency = 0> <II = 1> <Delay = 0.28> <FuncUnit> <Opcode : 'and' 'or' 'xor'> <InPorts = 2> <OutPorts = 1>
ST_3 : Operation 63 [1/1] (0.35ns) (out node of the LUT)   --->   "%res_pack_1 = select i1 %xor_ln66_5, i16 %select_ln0_2, i16 %select_ln0_3" [firmware/nnet_utils/nnet_pooling_stream.h:67->firmware/nnet_utils/nnet_pooling_stream.h:115]   --->   Operation 63 'select' 'res_pack_1' <Predicate = (icmp_ln55 & and_ln55_1)> <Delay = 0.35> <CoreInst = "Sel">   --->   Core 73 'Sel' <Latency = 0> <II = 1> <Delay = 0.35> <FuncUnit> <Opcode : 'select'> <InPorts = 3> <OutPorts = 1>
ST_3 : Operation 64 [1/1] (0.00ns)   --->   "%void_compute_pool_buffer_2d_array_const_ap_shift_reg_n_filt_stream_kernel_20 = load i16 %void_compute_pool_buffer_2d_array_const_ap_shift_reg_n_filt_stream_kernel_4" [firmware/nnet_utils/nnet_pooling_stream.h:63->firmware/nnet_utils/nnet_pooling_stream.h:115]   --->   Operation 64 'load' 'void_compute_pool_buffer_2d_array_const_ap_shift_reg_n_filt_stream_kernel_20' <Predicate = (icmp_ln55 & and_ln55_1)> <Delay = 0.00>
ST_3 : Operation 65 [1/1] (0.00ns)   --->   "%void_compute_pool_buffer_2d_array_const_ap_shift_reg_n_filt_stream_kernel_21 = load i16 %void_compute_pool_buffer_2d_array_const_ap_shift_reg_n_filt_stream_kernel" [firmware/nnet_utils/nnet_pooling_stream.h:63->firmware/nnet_utils/nnet_pooling_stream.h:115]   --->   Operation 65 'load' 'void_compute_pool_buffer_2d_array_const_ap_shift_reg_n_filt_stream_kernel_21' <Predicate = (icmp_ln55 & and_ln55_1)> <Delay = 0.00>
ST_3 : Operation 66 [1/1] (0.00ns)   --->   "%p_ZZN4nnet22compute_pool_buffer_2dINS_5arrayI8ap_fixedILi16ELi6EL9ap_q_mode5EL9ap_12 = load i16 %p_ZZN4nnet22compute_pool_buffer_2dINS_5arrayI8ap_fixedILi16ELi6EL9ap_q_mode5EL9ap_5" [firmware/nnet_utils/nnet_pooling_stream.h:63->firmware/nnet_utils/nnet_pooling_stream.h:115]   --->   Operation 66 'load' 'p_ZZN4nnet22compute_pool_buffer_2dINS_5arrayI8ap_fixedILi16ELi6EL9ap_q_mode5EL9ap_12' <Predicate = (icmp_ln55 & and_ln55_1)> <Delay = 0.00>
ST_3 : Operation 67 [1/1] (0.00ns)   --->   "%p_ZZN4nnet22compute_pool_buffer_2dINS_5arrayI8ap_fixedILi16ELi6EL9ap_q_mode5EL9ap_13 = load i16 %p_ZZN4nnet22compute_pool_buffer_2dINS_5arrayI8ap_fixedILi16ELi6EL9ap_q_mode5EL9ap_1" [firmware/nnet_utils/nnet_pooling_stream.h:63->firmware/nnet_utils/nnet_pooling_stream.h:115]   --->   Operation 67 'load' 'p_ZZN4nnet22compute_pool_buffer_2dINS_5arrayI8ap_fixedILi16ELi6EL9ap_q_mode5EL9ap_13' <Predicate = (icmp_ln55 & and_ln55_1)> <Delay = 0.00>
ST_3 : Operation 68 [1/1] (0.85ns)   --->   "%icmp_ln66_6 = icmp_slt  i16 %void_compute_pool_buffer_2d_array_const_ap_shift_reg_n_filt_stream_kernel_20, i16 %void_compute_pool_buffer_2d_array_const_ap_shift_reg_n_filt_stream_kernel_21" [firmware/nnet_utils/nnet_common.h:66->firmware/nnet_utils/nnet_common.h:44->firmware/nnet_utils/nnet_common.h:46->firmware/nnet_utils/nnet_pooling_stream.h:21->firmware/nnet_utils/nnet_pooling_stream.h:68->firmware/nnet_utils/nnet_pooling_stream.h:115]   --->   Operation 68 'icmp' 'icmp_ln66_6' <Predicate = (icmp_ln55 & and_ln55_1)> <Delay = 0.85> <CoreInst = "Cmp">   --->   Core 9 'Cmp' <Latency = 0> <II = 1> <Delay = 0.85> <FuncUnit> <Opcode : 'seteq' 'setne' 'setle' 'setge' 'setlt' 'setgt'> <InPorts = 2> <OutPorts = 1>
ST_3 : Operation 69 [1/1] (0.00ns) (grouped into LUT with out node select_ln0_4)   --->   "%xor_ln66_6 = xor i1 %icmp_ln66_6, i1 1" [firmware/nnet_utils/nnet_common.h:66->firmware/nnet_utils/nnet_common.h:44->firmware/nnet_utils/nnet_common.h:46->firmware/nnet_utils/nnet_pooling_stream.h:21->firmware/nnet_utils/nnet_pooling_stream.h:68->firmware/nnet_utils/nnet_pooling_stream.h:115]   --->   Operation 69 'xor' 'xor_ln66_6' <Predicate = (icmp_ln55 & and_ln55_1)> <Delay = 0.00> <CoreInst = "LogicGate">   --->   Core 74 'LogicGate' <Latency = 0> <II = 1> <Delay = 0.28> <FuncUnit> <Opcode : 'and' 'or' 'xor'> <InPorts = 2> <OutPorts = 1>
ST_3 : Operation 70 [1/1] (0.35ns) (out node of the LUT)   --->   "%select_ln0_4 = select i1 %xor_ln66_6, i16 %void_compute_pool_buffer_2d_array_const_ap_shift_reg_n_filt_stream_kernel_20, i16 %void_compute_pool_buffer_2d_array_const_ap_shift_reg_n_filt_stream_kernel_21" [firmware/nnet_utils/nnet_common.h:0->firmware/nnet_utils/nnet_common.h:46->firmware/nnet_utils/nnet_pooling_stream.h:21->firmware/nnet_utils/nnet_pooling_stream.h:68->firmware/nnet_utils/nnet_pooling_stream.h:115]   --->   Operation 70 'select' 'select_ln0_4' <Predicate = (icmp_ln55 & and_ln55_1)> <Delay = 0.35> <CoreInst = "Sel">   --->   Core 73 'Sel' <Latency = 0> <II = 1> <Delay = 0.35> <FuncUnit> <Opcode : 'select'> <InPorts = 3> <OutPorts = 1>
ST_3 : Operation 71 [1/1] (0.85ns)   --->   "%icmp_ln66_7 = icmp_slt  i16 %p_ZZN4nnet22compute_pool_buffer_2dINS_5arrayI8ap_fixedILi16ELi6EL9ap_q_mode5EL9ap_12, i16 %p_ZZN4nnet22compute_pool_buffer_2dINS_5arrayI8ap_fixedILi16ELi6EL9ap_q_mode5EL9ap_13" [firmware/nnet_utils/nnet_common.h:66->firmware/nnet_utils/nnet_common.h:44->firmware/nnet_utils/nnet_common.h:46->firmware/nnet_utils/nnet_pooling_stream.h:21->firmware/nnet_utils/nnet_pooling_stream.h:68->firmware/nnet_utils/nnet_pooling_stream.h:115]   --->   Operation 71 'icmp' 'icmp_ln66_7' <Predicate = (icmp_ln55 & and_ln55_1)> <Delay = 0.85> <CoreInst = "Cmp">   --->   Core 9 'Cmp' <Latency = 0> <II = 1> <Delay = 0.85> <FuncUnit> <Opcode : 'seteq' 'setne' 'setle' 'setge' 'setlt' 'setgt'> <InPorts = 2> <OutPorts = 1>
ST_3 : Operation 72 [1/1] (0.00ns) (grouped into LUT with out node select_ln0_5)   --->   "%xor_ln66_7 = xor i1 %icmp_ln66_7, i1 1" [firmware/nnet_utils/nnet_common.h:66->firmware/nnet_utils/nnet_common.h:44->firmware/nnet_utils/nnet_common.h:46->firmware/nnet_utils/nnet_pooling_stream.h:21->firmware/nnet_utils/nnet_pooling_stream.h:68->firmware/nnet_utils/nnet_pooling_stream.h:115]   --->   Operation 72 'xor' 'xor_ln66_7' <Predicate = (icmp_ln55 & and_ln55_1)> <Delay = 0.00> <CoreInst = "LogicGate">   --->   Core 74 'LogicGate' <Latency = 0> <II = 1> <Delay = 0.28> <FuncUnit> <Opcode : 'and' 'or' 'xor'> <InPorts = 2> <OutPorts = 1>
ST_3 : Operation 73 [1/1] (0.35ns) (out node of the LUT)   --->   "%select_ln0_5 = select i1 %xor_ln66_7, i16 %p_ZZN4nnet22compute_pool_buffer_2dINS_5arrayI8ap_fixedILi16ELi6EL9ap_q_mode5EL9ap_12, i16 %p_ZZN4nnet22compute_pool_buffer_2dINS_5arrayI8ap_fixedILi16ELi6EL9ap_q_mode5EL9ap_13" [firmware/nnet_utils/nnet_common.h:0->firmware/nnet_utils/nnet_common.h:46->firmware/nnet_utils/nnet_pooling_stream.h:21->firmware/nnet_utils/nnet_pooling_stream.h:68->firmware/nnet_utils/nnet_pooling_stream.h:115]   --->   Operation 73 'select' 'select_ln0_5' <Predicate = (icmp_ln55 & and_ln55_1)> <Delay = 0.35> <CoreInst = "Sel">   --->   Core 73 'Sel' <Latency = 0> <II = 1> <Delay = 0.35> <FuncUnit> <Opcode : 'select'> <InPorts = 3> <OutPorts = 1>
ST_3 : Operation 74 [1/1] (0.85ns)   --->   "%icmp_ln66_8 = icmp_slt  i16 %select_ln0_4, i16 %select_ln0_5" [firmware/nnet_utils/nnet_common.h:66->firmware/nnet_utils/nnet_common.h:46->firmware/nnet_utils/nnet_pooling_stream.h:21->firmware/nnet_utils/nnet_pooling_stream.h:68->firmware/nnet_utils/nnet_pooling_stream.h:115]   --->   Operation 74 'icmp' 'icmp_ln66_8' <Predicate = (icmp_ln55 & and_ln55_1)> <Delay = 0.85> <CoreInst = "Cmp">   --->   Core 9 'Cmp' <Latency = 0> <II = 1> <Delay = 0.85> <FuncUnit> <Opcode : 'seteq' 'setne' 'setle' 'setge' 'setlt' 'setgt'> <InPorts = 2> <OutPorts = 1>
ST_3 : Operation 75 [1/1] (0.00ns) (grouped into LUT with out node res_pack_2)   --->   "%xor_ln66_8 = xor i1 %icmp_ln66_8, i1 1" [firmware/nnet_utils/nnet_common.h:66->firmware/nnet_utils/nnet_common.h:46->firmware/nnet_utils/nnet_pooling_stream.h:21->firmware/nnet_utils/nnet_pooling_stream.h:68->firmware/nnet_utils/nnet_pooling_stream.h:115]   --->   Operation 75 'xor' 'xor_ln66_8' <Predicate = (icmp_ln55 & and_ln55_1)> <Delay = 0.00> <CoreInst = "LogicGate">   --->   Core 74 'LogicGate' <Latency = 0> <II = 1> <Delay = 0.28> <FuncUnit> <Opcode : 'and' 'or' 'xor'> <InPorts = 2> <OutPorts = 1>
ST_3 : Operation 76 [1/1] (0.35ns) (out node of the LUT)   --->   "%res_pack_2 = select i1 %xor_ln66_8, i16 %select_ln0_4, i16 %select_ln0_5" [firmware/nnet_utils/nnet_pooling_stream.h:67->firmware/nnet_utils/nnet_pooling_stream.h:115]   --->   Operation 76 'select' 'res_pack_2' <Predicate = (icmp_ln55 & and_ln55_1)> <Delay = 0.35> <CoreInst = "Sel">   --->   Core 73 'Sel' <Latency = 0> <II = 1> <Delay = 0.35> <FuncUnit> <Opcode : 'select'> <InPorts = 3> <OutPorts = 1>
ST_3 : Operation 77 [1/1] (0.00ns)   --->   "%void_compute_pool_buffer_2d_array_const_ap_shift_reg_n_filt_stream_kernel_22 = load i16 %void_compute_pool_buffer_2d_array_const_ap_shift_reg_n_filt_stream_kernel_3" [firmware/nnet_utils/nnet_pooling_stream.h:63->firmware/nnet_utils/nnet_pooling_stream.h:115]   --->   Operation 77 'load' 'void_compute_pool_buffer_2d_array_const_ap_shift_reg_n_filt_stream_kernel_22' <Predicate = (icmp_ln55 & and_ln55_1)> <Delay = 0.00>
ST_3 : Operation 78 [1/1] (0.00ns)   --->   "%void_compute_pool_buffer_2d_array_const_ap_shift_reg_n_filt_stream_kernel_23 = load i16 %void_compute_pool_buffer_2d_array_const_ap_shift_reg_n_filt_stream_kernel_8" [firmware/nnet_utils/nnet_pooling_stream.h:63->firmware/nnet_utils/nnet_pooling_stream.h:115]   --->   Operation 78 'load' 'void_compute_pool_buffer_2d_array_const_ap_shift_reg_n_filt_stream_kernel_23' <Predicate = (icmp_ln55 & and_ln55_1)> <Delay = 0.00>
ST_3 : Operation 79 [1/1] (0.00ns)   --->   "%p_ZZN4nnet22compute_pool_buffer_2dINS_5arrayI8ap_fixedILi16ELi6EL9ap_q_mode5EL9ap_14 = load i16 %p_ZZN4nnet22compute_pool_buffer_2dINS_5arrayI8ap_fixedILi16ELi6EL9ap_q_mode5EL9ap_4" [firmware/nnet_utils/nnet_pooling_stream.h:63->firmware/nnet_utils/nnet_pooling_stream.h:115]   --->   Operation 79 'load' 'p_ZZN4nnet22compute_pool_buffer_2dINS_5arrayI8ap_fixedILi16ELi6EL9ap_q_mode5EL9ap_14' <Predicate = (icmp_ln55 & and_ln55_1)> <Delay = 0.00>
ST_3 : Operation 80 [1/1] (0.00ns)   --->   "%p_ZZN4nnet22compute_pool_buffer_2dINS_5arrayI8ap_fixedILi16ELi6EL9ap_q_mode5EL9ap_15 = load i16 %p_ZZN4nnet22compute_pool_buffer_2dINS_5arrayI8ap_fixedILi16ELi6EL9ap_q_mode5EL9ap" [firmware/nnet_utils/nnet_pooling_stream.h:63->firmware/nnet_utils/nnet_pooling_stream.h:115]   --->   Operation 80 'load' 'p_ZZN4nnet22compute_pool_buffer_2dINS_5arrayI8ap_fixedILi16ELi6EL9ap_q_mode5EL9ap_15' <Predicate = (icmp_ln55 & and_ln55_1)> <Delay = 0.00>
ST_3 : Operation 81 [1/1] (0.85ns)   --->   "%icmp_ln66_9 = icmp_slt  i16 %void_compute_pool_buffer_2d_array_const_ap_shift_reg_n_filt_stream_kernel_22, i16 %void_compute_pool_buffer_2d_array_const_ap_shift_reg_n_filt_stream_kernel_23" [firmware/nnet_utils/nnet_common.h:66->firmware/nnet_utils/nnet_common.h:44->firmware/nnet_utils/nnet_common.h:46->firmware/nnet_utils/nnet_pooling_stream.h:21->firmware/nnet_utils/nnet_pooling_stream.h:68->firmware/nnet_utils/nnet_pooling_stream.h:115]   --->   Operation 81 'icmp' 'icmp_ln66_9' <Predicate = (icmp_ln55 & and_ln55_1)> <Delay = 0.85> <CoreInst = "Cmp">   --->   Core 9 'Cmp' <Latency = 0> <II = 1> <Delay = 0.85> <FuncUnit> <Opcode : 'seteq' 'setne' 'setle' 'setge' 'setlt' 'setgt'> <InPorts = 2> <OutPorts = 1>
ST_3 : Operation 82 [1/1] (0.00ns) (grouped into LUT with out node select_ln0_6)   --->   "%xor_ln66_9 = xor i1 %icmp_ln66_9, i1 1" [firmware/nnet_utils/nnet_common.h:66->firmware/nnet_utils/nnet_common.h:44->firmware/nnet_utils/nnet_common.h:46->firmware/nnet_utils/nnet_pooling_stream.h:21->firmware/nnet_utils/nnet_pooling_stream.h:68->firmware/nnet_utils/nnet_pooling_stream.h:115]   --->   Operation 82 'xor' 'xor_ln66_9' <Predicate = (icmp_ln55 & and_ln55_1)> <Delay = 0.00> <CoreInst = "LogicGate">   --->   Core 74 'LogicGate' <Latency = 0> <II = 1> <Delay = 0.28> <FuncUnit> <Opcode : 'and' 'or' 'xor'> <InPorts = 2> <OutPorts = 1>
ST_3 : Operation 83 [1/1] (0.35ns) (out node of the LUT)   --->   "%select_ln0_6 = select i1 %xor_ln66_9, i16 %void_compute_pool_buffer_2d_array_const_ap_shift_reg_n_filt_stream_kernel_22, i16 %void_compute_pool_buffer_2d_array_const_ap_shift_reg_n_filt_stream_kernel_23" [firmware/nnet_utils/nnet_common.h:0->firmware/nnet_utils/nnet_common.h:46->firmware/nnet_utils/nnet_pooling_stream.h:21->firmware/nnet_utils/nnet_pooling_stream.h:68->firmware/nnet_utils/nnet_pooling_stream.h:115]   --->   Operation 83 'select' 'select_ln0_6' <Predicate = (icmp_ln55 & and_ln55_1)> <Delay = 0.35> <CoreInst = "Sel">   --->   Core 73 'Sel' <Latency = 0> <II = 1> <Delay = 0.35> <FuncUnit> <Opcode : 'select'> <InPorts = 3> <OutPorts = 1>
ST_3 : Operation 84 [1/1] (0.85ns)   --->   "%icmp_ln66_10 = icmp_slt  i16 %p_ZZN4nnet22compute_pool_buffer_2dINS_5arrayI8ap_fixedILi16ELi6EL9ap_q_mode5EL9ap_14, i16 %p_ZZN4nnet22compute_pool_buffer_2dINS_5arrayI8ap_fixedILi16ELi6EL9ap_q_mode5EL9ap_15" [firmware/nnet_utils/nnet_common.h:66->firmware/nnet_utils/nnet_common.h:44->firmware/nnet_utils/nnet_common.h:46->firmware/nnet_utils/nnet_pooling_stream.h:21->firmware/nnet_utils/nnet_pooling_stream.h:68->firmware/nnet_utils/nnet_pooling_stream.h:115]   --->   Operation 84 'icmp' 'icmp_ln66_10' <Predicate = (icmp_ln55 & and_ln55_1)> <Delay = 0.85> <CoreInst = "Cmp">   --->   Core 9 'Cmp' <Latency = 0> <II = 1> <Delay = 0.85> <FuncUnit> <Opcode : 'seteq' 'setne' 'setle' 'setge' 'setlt' 'setgt'> <InPorts = 2> <OutPorts = 1>
ST_3 : Operation 85 [1/1] (0.00ns) (grouped into LUT with out node select_ln0_7)   --->   "%xor_ln66_10 = xor i1 %icmp_ln66_10, i1 1" [firmware/nnet_utils/nnet_common.h:66->firmware/nnet_utils/nnet_common.h:44->firmware/nnet_utils/nnet_common.h:46->firmware/nnet_utils/nnet_pooling_stream.h:21->firmware/nnet_utils/nnet_pooling_stream.h:68->firmware/nnet_utils/nnet_pooling_stream.h:115]   --->   Operation 85 'xor' 'xor_ln66_10' <Predicate = (icmp_ln55 & and_ln55_1)> <Delay = 0.00> <CoreInst = "LogicGate">   --->   Core 74 'LogicGate' <Latency = 0> <II = 1> <Delay = 0.28> <FuncUnit> <Opcode : 'and' 'or' 'xor'> <InPorts = 2> <OutPorts = 1>
ST_3 : Operation 86 [1/1] (0.35ns) (out node of the LUT)   --->   "%select_ln0_7 = select i1 %xor_ln66_10, i16 %p_ZZN4nnet22compute_pool_buffer_2dINS_5arrayI8ap_fixedILi16ELi6EL9ap_q_mode5EL9ap_14, i16 %p_ZZN4nnet22compute_pool_buffer_2dINS_5arrayI8ap_fixedILi16ELi6EL9ap_q_mode5EL9ap_15" [firmware/nnet_utils/nnet_common.h:0->firmware/nnet_utils/nnet_common.h:46->firmware/nnet_utils/nnet_pooling_stream.h:21->firmware/nnet_utils/nnet_pooling_stream.h:68->firmware/nnet_utils/nnet_pooling_stream.h:115]   --->   Operation 86 'select' 'select_ln0_7' <Predicate = (icmp_ln55 & and_ln55_1)> <Delay = 0.35> <CoreInst = "Sel">   --->   Core 73 'Sel' <Latency = 0> <II = 1> <Delay = 0.35> <FuncUnit> <Opcode : 'select'> <InPorts = 3> <OutPorts = 1>
ST_3 : Operation 87 [1/1] (0.85ns)   --->   "%icmp_ln66_11 = icmp_slt  i16 %select_ln0_6, i16 %select_ln0_7" [firmware/nnet_utils/nnet_common.h:66->firmware/nnet_utils/nnet_common.h:46->firmware/nnet_utils/nnet_pooling_stream.h:21->firmware/nnet_utils/nnet_pooling_stream.h:68->firmware/nnet_utils/nnet_pooling_stream.h:115]   --->   Operation 87 'icmp' 'icmp_ln66_11' <Predicate = (icmp_ln55 & and_ln55_1)> <Delay = 0.85> <CoreInst = "Cmp">   --->   Core 9 'Cmp' <Latency = 0> <II = 1> <Delay = 0.85> <FuncUnit> <Opcode : 'seteq' 'setne' 'setle' 'setge' 'setlt' 'setgt'> <InPorts = 2> <OutPorts = 1>
ST_3 : Operation 88 [1/1] (0.00ns) (grouped into LUT with out node res_pack_3)   --->   "%xor_ln66_11 = xor i1 %icmp_ln66_11, i1 1" [firmware/nnet_utils/nnet_common.h:66->firmware/nnet_utils/nnet_common.h:46->firmware/nnet_utils/nnet_pooling_stream.h:21->firmware/nnet_utils/nnet_pooling_stream.h:68->firmware/nnet_utils/nnet_pooling_stream.h:115]   --->   Operation 88 'xor' 'xor_ln66_11' <Predicate = (icmp_ln55 & and_ln55_1)> <Delay = 0.00> <CoreInst = "LogicGate">   --->   Core 74 'LogicGate' <Latency = 0> <II = 1> <Delay = 0.28> <FuncUnit> <Opcode : 'and' 'or' 'xor'> <InPorts = 2> <OutPorts = 1>
ST_3 : Operation 89 [1/1] (0.35ns) (out node of the LUT)   --->   "%res_pack_3 = select i1 %xor_ln66_11, i16 %select_ln0_6, i16 %select_ln0_7" [firmware/nnet_utils/nnet_pooling_stream.h:67->firmware/nnet_utils/nnet_pooling_stream.h:115]   --->   Operation 89 'select' 'res_pack_3' <Predicate = (icmp_ln55 & and_ln55_1)> <Delay = 0.35> <CoreInst = "Sel">   --->   Core 73 'Sel' <Latency = 0> <II = 1> <Delay = 0.35> <FuncUnit> <Opcode : 'select'> <InPorts = 3> <OutPorts = 1>
ST_3 : Operation 90 [1/1] (1.01ns)   --->   "%add_ln76 = add i32 %pX_load, i32 1" [firmware/nnet_utils/nnet_pooling_stream.h:76->firmware/nnet_utils/nnet_pooling_stream.h:115]   --->   Operation 90 'add' 'add_ln76' <Predicate = true> <Delay = 1.01> <CoreInst = "Adder">   --->   Core 1 'Adder' <Latency = 0> <II = 1> <Delay = 1.01> <FuncUnit> <Opcode : 'add' 'sub'> <InPorts = 2> <OutPorts = 1>
ST_3 : Operation 91 [1/1] (1.01ns)   --->   "%icmp_ln76 = icmp_eq  i32 %add_ln76, i32 6" [firmware/nnet_utils/nnet_pooling_stream.h:76->firmware/nnet_utils/nnet_pooling_stream.h:115]   --->   Operation 91 'icmp' 'icmp_ln76' <Predicate = true> <Delay = 1.01> <CoreInst = "Cmp">   --->   Core 9 'Cmp' <Latency = 0> <II = 1> <Delay = 1.01> <FuncUnit> <Opcode : 'seteq' 'setne' 'setle' 'setge' 'setlt' 'setgt'> <InPorts = 2> <OutPorts = 1>
ST_3 : Operation 92 [1/1] (0.00ns)   --->   "%br_ln76 = br i1 %icmp_ln76, void %if.else30.i, void %if.then19.i" [firmware/nnet_utils/nnet_pooling_stream.h:76->firmware/nnet_utils/nnet_pooling_stream.h:115]   --->   Operation 92 'br' 'br_ln76' <Predicate = true> <Delay = 0.00>
ST_3 : Operation 93 [1/1] (0.42ns)   --->   "%store_ln89 = store i32 %add_ln76, i32 %pX" [firmware/nnet_utils/nnet_pooling_stream.h:89->firmware/nnet_utils/nnet_pooling_stream.h:115]   --->   Operation 93 'store' 'store_ln89' <Predicate = (!icmp_ln76)> <Delay = 0.42>
ST_3 : Operation 94 [1/1] (1.01ns)   --->   "%add_ln91 = add i32 %sX_load, i32 1" [firmware/nnet_utils/nnet_pooling_stream.h:91->firmware/nnet_utils/nnet_pooling_stream.h:115]   --->   Operation 94 'add' 'add_ln91' <Predicate = (!icmp_ln76)> <Delay = 1.01> <CoreInst = "Adder">   --->   Core 1 'Adder' <Latency = 0> <II = 1> <Delay = 1.01> <FuncUnit> <Opcode : 'add' 'sub'> <InPorts = 2> <OutPorts = 1>
ST_3 : Operation 95 [1/1] (0.44ns)   --->   "%select_ln91 = select i1 %icmp_ln55, i32 0, i32 %add_ln91" [firmware/nnet_utils/nnet_pooling_stream.h:91->firmware/nnet_utils/nnet_pooling_stream.h:115]   --->   Operation 95 'select' 'select_ln91' <Predicate = (!icmp_ln76)> <Delay = 0.44> <CoreInst = "Sel">   --->   Core 73 'Sel' <Latency = 0> <II = 1> <Delay = 0.44> <FuncUnit> <Opcode : 'select'> <InPorts = 3> <OutPorts = 1>
ST_3 : Operation 96 [1/1] (0.42ns)   --->   "%store_ln91 = store i32 %select_ln91, i32 %sX" [firmware/nnet_utils/nnet_pooling_stream.h:91->firmware/nnet_utils/nnet_pooling_stream.h:115]   --->   Operation 96 'store' 'store_ln91' <Predicate = (!icmp_ln76)> <Delay = 0.42>
ST_3 : Operation 97 [1/1] (0.00ns)   --->   "%br_ln0 = br void %for.inc"   --->   Operation 97 'br' 'br_ln0' <Predicate = (!icmp_ln76)> <Delay = 0.00>
ST_3 : Operation 98 [1/1] (0.42ns)   --->   "%store_ln78 = store i32 0, i32 %pX" [firmware/nnet_utils/nnet_pooling_stream.h:78->firmware/nnet_utils/nnet_pooling_stream.h:115]   --->   Operation 98 'store' 'store_ln78' <Predicate = (icmp_ln76)> <Delay = 0.42>
ST_3 : Operation 99 [1/1] (0.42ns)   --->   "%store_ln79 = store i32 0, i32 %sX" [firmware/nnet_utils/nnet_pooling_stream.h:79->firmware/nnet_utils/nnet_pooling_stream.h:115]   --->   Operation 99 'store' 'store_ln79' <Predicate = (icmp_ln76)> <Delay = 0.42>
ST_3 : Operation 100 [1/1] (0.00ns)   --->   "%pY_load_1 = load i32 %pY" [firmware/nnet_utils/nnet_pooling_stream.h:80->firmware/nnet_utils/nnet_pooling_stream.h:115]   --->   Operation 100 'load' 'pY_load_1' <Predicate = (icmp_ln76)> <Delay = 0.00>
ST_3 : Operation 101 [1/1] (1.01ns)   --->   "%add_ln80 = add i32 %pY_load_1, i32 1" [firmware/nnet_utils/nnet_pooling_stream.h:80->firmware/nnet_utils/nnet_pooling_stream.h:115]   --->   Operation 101 'add' 'add_ln80' <Predicate = (icmp_ln76)> <Delay = 1.01> <CoreInst = "Adder">   --->   Core 1 'Adder' <Latency = 0> <II = 1> <Delay = 1.01> <FuncUnit> <Opcode : 'add' 'sub'> <InPorts = 2> <OutPorts = 1>
ST_3 : Operation 102 [1/1] (1.01ns)   --->   "%icmp_ln80 = icmp_eq  i32 %add_ln80, i32 6" [firmware/nnet_utils/nnet_pooling_stream.h:80->firmware/nnet_utils/nnet_pooling_stream.h:115]   --->   Operation 102 'icmp' 'icmp_ln80' <Predicate = (icmp_ln76)> <Delay = 1.01> <CoreInst = "Cmp">   --->   Core 9 'Cmp' <Latency = 0> <II = 1> <Delay = 1.01> <FuncUnit> <Opcode : 'seteq' 'setne' 'setle' 'setge' 'setlt' 'setgt'> <InPorts = 2> <OutPorts = 1>
ST_3 : Operation 103 [1/1] (0.00ns)   --->   "%br_ln80 = br i1 %icmp_ln80, void %if.else.i, void %if.then22.i" [firmware/nnet_utils/nnet_pooling_stream.h:80->firmware/nnet_utils/nnet_pooling_stream.h:115]   --->   Operation 103 'br' 'br_ln80' <Predicate = (icmp_ln76)> <Delay = 0.00>
ST_3 : Operation 104 [1/1] (0.42ns)   --->   "%store_ln84 = store i32 %add_ln80, i32 %pY" [firmware/nnet_utils/nnet_pooling_stream.h:84->firmware/nnet_utils/nnet_pooling_stream.h:115]   --->   Operation 104 'store' 'store_ln84' <Predicate = (icmp_ln76 & !icmp_ln80)> <Delay = 0.42>
ST_3 : Operation 105 [1/1] (0.00ns)   --->   "%sY_load_1 = load i32 %sY" [firmware/nnet_utils/nnet_pooling_stream.h:86->firmware/nnet_utils/nnet_pooling_stream.h:115]   --->   Operation 105 'load' 'sY_load_1' <Predicate = (icmp_ln76 & !icmp_ln80)> <Delay = 0.00>
ST_3 : Operation 106 [1/1] (1.01ns)   --->   "%icmp_ln86 = icmp_eq  i32 %sY_load_1, i32 1" [firmware/nnet_utils/nnet_pooling_stream.h:86->firmware/nnet_utils/nnet_pooling_stream.h:115]   --->   Operation 106 'icmp' 'icmp_ln86' <Predicate = (icmp_ln76 & !icmp_ln80)> <Delay = 1.01> <CoreInst = "Cmp">   --->   Core 9 'Cmp' <Latency = 0> <II = 1> <Delay = 1.01> <FuncUnit> <Opcode : 'seteq' 'setne' 'setle' 'setge' 'setlt' 'setgt'> <InPorts = 2> <OutPorts = 1>
ST_3 : Operation 107 [1/1] (1.01ns)   --->   "%add_ln86 = add i32 %sY_load_1, i32 1" [firmware/nnet_utils/nnet_pooling_stream.h:86->firmware/nnet_utils/nnet_pooling_stream.h:115]   --->   Operation 107 'add' 'add_ln86' <Predicate = (icmp_ln76 & !icmp_ln80)> <Delay = 1.01> <CoreInst = "Adder">   --->   Core 1 'Adder' <Latency = 0> <II = 1> <Delay = 1.01> <FuncUnit> <Opcode : 'add' 'sub'> <InPorts = 2> <OutPorts = 1>
ST_3 : Operation 108 [1/1] (0.44ns)   --->   "%select_ln86 = select i1 %icmp_ln86, i32 0, i32 %add_ln86" [firmware/nnet_utils/nnet_pooling_stream.h:86->firmware/nnet_utils/nnet_pooling_stream.h:115]   --->   Operation 108 'select' 'select_ln86' <Predicate = (icmp_ln76 & !icmp_ln80)> <Delay = 0.44> <CoreInst = "Sel">   --->   Core 73 'Sel' <Latency = 0> <II = 1> <Delay = 0.44> <FuncUnit> <Opcode : 'select'> <InPorts = 3> <OutPorts = 1>
ST_3 : Operation 109 [1/1] (0.42ns)   --->   "%br_ln0 = br void %if.end29.i"   --->   Operation 109 'br' 'br_ln0' <Predicate = (icmp_ln76 & !icmp_ln80)> <Delay = 0.42>
ST_3 : Operation 110 [1/1] (0.42ns)   --->   "%store_ln81 = store i32 0, i32 %pY" [firmware/nnet_utils/nnet_pooling_stream.h:81->firmware/nnet_utils/nnet_pooling_stream.h:115]   --->   Operation 110 'store' 'store_ln81' <Predicate = (icmp_ln76 & icmp_ln80)> <Delay = 0.42>
ST_3 : Operation 111 [1/1] (0.42ns)   --->   "%br_ln83 = br void %if.end29.i" [firmware/nnet_utils/nnet_pooling_stream.h:83->firmware/nnet_utils/nnet_pooling_stream.h:115]   --->   Operation 111 'br' 'br_ln83' <Predicate = (icmp_ln76 & icmp_ln80)> <Delay = 0.42>

State 4 <SV = 3> <Delay = 1.82>
ST_4 : Operation 112 [1/1] (0.00ns)   --->   "%or_ln72_5 = bitconcatenate i64 @_ssdm_op_BitConcatenate.i64.i16.i16.i16.i16, i16 %res_pack_3, i16 %res_pack_2, i16 %res_pack_1, i16 %res_pack" [firmware/nnet_utils/nnet_pooling_stream.h:72->firmware/nnet_utils/nnet_pooling_stream.h:115]   --->   Operation 112 'bitconcatenate' 'or_ln72_5' <Predicate = (icmp_ln55 & and_ln55_1)> <Delay = 0.00>
ST_4 : Operation 113 [1/1] ( I:1.82ns O:1.82ns )   --->   "%write_ln72 = write void @_ssdm_op_Write.ap_fifo.volatile.i64P0A, i64 %layer4_out, i64 %or_ln72_5" [firmware/nnet_utils/nnet_pooling_stream.h:72->firmware/nnet_utils/nnet_pooling_stream.h:115]   --->   Operation 113 'write' 'write_ln72' <Predicate = (icmp_ln55 & and_ln55_1)> <Delay = 1.82> <CoreInst = "FIFO_SRL">   --->   Core 80 'FIFO_SRL' <Latency = 0> <II = 1> <Delay = 1.94> <Storage> <Opcode : 'read' 'write' 'nbread' 'nbwrite'> <Ports = 0> <Width = 64> <Depth = 9> <FIFO>
ST_4 : Operation 114 [1/1] (0.00ns)   --->   "%br_ln73 = br void %if.end.i" [firmware/nnet_utils/nnet_pooling_stream.h:73->firmware/nnet_utils/nnet_pooling_stream.h:115]   --->   Operation 114 'br' 'br_ln73' <Predicate = (icmp_ln55 & and_ln55_1)> <Delay = 0.00>
ST_4 : Operation 115 [1/1] (0.00ns)   --->   "%storemerge_i = phi i32 %select_ln86, void %if.else.i, i32 0, void %if.then22.i" [firmware/nnet_utils/nnet_pooling_stream.h:86->firmware/nnet_utils/nnet_pooling_stream.h:115]   --->   Operation 115 'phi' 'storemerge_i' <Predicate = (icmp_ln76)> <Delay = 0.00>
ST_4 : Operation 116 [1/1] (0.00ns)   --->   "%store_ln86 = store i32 %storemerge_i, i32 %sY" [firmware/nnet_utils/nnet_pooling_stream.h:86->firmware/nnet_utils/nnet_pooling_stream.h:115]   --->   Operation 116 'store' 'store_ln86' <Predicate = (icmp_ln76)> <Delay = 0.00>
ST_4 : Operation 117 [1/1] (0.00ns)   --->   "%br_ln88 = br void %for.inc" [firmware/nnet_utils/nnet_pooling_stream.h:88->firmware/nnet_utils/nnet_pooling_stream.h:115]   --->   Operation 117 'br' 'br_ln88' <Predicate = (icmp_ln76)> <Delay = 0.00>
ST_4 : Operation 118 [1/1] (0.42ns)   --->   "%ret_ln118 = ret" [firmware/nnet_utils/nnet_pooling_stream.h:118]   --->   Operation 118 'ret' 'ret_ln118' <Predicate = (icmp_ln109)> <Delay = 0.42>


============================================================
+ Verbose Summary: Binding
============================================================
STG Binding: 
---------------- STG Properties BEGIN ----------------
- Is combinational: 0
- Is one-state seq: 0
- Is datapath-only: 0
- Is pipelined: 0
- Is top level: 0
Port [ Return ] is wired: 1; IO mode=ap_ctrl_hs:ce=0
Port [ layer3_out]:  wired=1; compound=1; hidden=0; nouse=0; global=0; static=0; extern=0; dir=0; type=3; pingpong=0; private_global=0; IO mode=ap_fifo:ce=0
Port [ layer4_out]:  wired=1; compound=1; hidden=0; nouse=0; global=0; static=0; extern=0; dir=1; type=3; pingpong=0; private_global=0; IO mode=ap_fifo:ce=0
Port [ sY]:  wired=0; compound=0; hidden=1; nouse=0; global=1; static=1; extern=0; dir=2; type=0; pingpong=0; private_global=1; IO mode=ap_ovld:ce=0
Port [ pY]:  wired=0; compound=0; hidden=1; nouse=0; global=1; static=1; extern=0; dir=2; type=0; pingpong=0; private_global=1; IO mode=ap_ovld:ce=0
Port [ void_compute_pool_buffer_2d_array_const_ap_shift_reg_n_filt_stream_kernel_9]:  wired=0; compound=0; hidden=1; nouse=0; global=1; static=1; extern=0; dir=2; type=0; pingpong=0; private_global=1; IO mode=ap_ovld:ce=0
Port [ void_compute_pool_buffer_2d_array_const_ap_shift_reg_n_filt_stream_kernel_2]:  wired=0; compound=0; hidden=1; nouse=0; global=1; static=1; extern=0; dir=2; type=0; pingpong=0; private_global=1; IO mode=ap_ovld:ce=0
Port [ void_compute_pool_buffer_2d_array_const_ap_shift_reg_n_filt_stream_kernel_7]:  wired=0; compound=0; hidden=1; nouse=0; global=1; static=1; extern=0; dir=2; type=0; pingpong=0; private_global=1; IO mode=ap_ovld:ce=0
Port [ p_ZZN4nnet22compute_pool_buffer_2dINS_5arrayI8ap_fixedILi16ELi6EL9ap_q_mode5EL9ap_3]:  wired=0; compound=0; hidden=1; nouse=0; global=1; static=1; extern=0; dir=2; type=0; pingpong=0; private_global=1; IO mode=ap_ovld:ce=0
Port [ void_compute_pool_buffer_2d_array_const_ap_shift_reg_n_filt_stream_kernel_5]:  wired=0; compound=0; hidden=1; nouse=0; global=1; static=1; extern=0; dir=2; type=0; pingpong=0; private_global=1; IO mode=ap_ovld:ce=0
Port [ void_compute_pool_buffer_2d_array_const_ap_shift_reg_n_filt_stream_kernel_1]:  wired=0; compound=0; hidden=1; nouse=0; global=1; static=1; extern=0; dir=2; type=0; pingpong=0; private_global=1; IO mode=ap_ovld:ce=0
Port [ void_compute_pool_buffer_2d_array_const_ap_shift_reg_n_filt_stream_kernel_6]:  wired=0; compound=0; hidden=1; nouse=0; global=1; static=1; extern=0; dir=2; type=0; pingpong=0; private_global=1; IO mode=ap_ovld:ce=0
Port [ p_ZZN4nnet22compute_pool_buffer_2dINS_5arrayI8ap_fixedILi16ELi6EL9ap_q_mode5EL9ap_2]:  wired=0; compound=0; hidden=1; nouse=0; global=1; static=1; extern=0; dir=2; type=0; pingpong=0; private_global=1; IO mode=ap_ovld:ce=0
Port [ void_compute_pool_buffer_2d_array_const_ap_shift_reg_n_filt_stream_kernel_4]:  wired=0; compound=0; hidden=1; nouse=0; global=1; static=1; extern=0; dir=2; type=0; pingpong=0; private_global=1; IO mode=ap_ovld:ce=0
Port [ void_compute_pool_buffer_2d_array_const_ap_shift_reg_n_filt_stream_kernel]:  wired=0; compound=0; hidden=1; nouse=0; global=1; static=1; extern=0; dir=2; type=0; pingpong=0; private_global=1; IO mode=ap_ovld:ce=0
Port [ p_ZZN4nnet22compute_pool_buffer_2dINS_5arrayI8ap_fixedILi16ELi6EL9ap_q_mode5EL9ap_5]:  wired=0; compound=0; hidden=1; nouse=0; global=1; static=1; extern=0; dir=2; type=0; pingpong=0; private_global=1; IO mode=ap_ovld:ce=0
Port [ p_ZZN4nnet22compute_pool_buffer_2dINS_5arrayI8ap_fixedILi16ELi6EL9ap_q_mode5EL9ap_1]:  wired=0; compound=0; hidden=1; nouse=0; global=1; static=1; extern=0; dir=2; type=0; pingpong=0; private_global=1; IO mode=ap_ovld:ce=0
Port [ void_compute_pool_buffer_2d_array_const_ap_shift_reg_n_filt_stream_kernel_3]:  wired=0; compound=0; hidden=1; nouse=0; global=1; static=1; extern=0; dir=2; type=0; pingpong=0; private_global=1; IO mode=ap_ovld:ce=0
Port [ void_compute_pool_buffer_2d_array_const_ap_shift_reg_n_filt_stream_kernel_8]:  wired=0; compound=0; hidden=1; nouse=0; global=1; static=1; extern=0; dir=2; type=0; pingpong=0; private_global=1; IO mode=ap_ovld:ce=0
Port [ p_ZZN4nnet22compute_pool_buffer_2dINS_5arrayI8ap_fixedILi16ELi6EL9ap_q_mode5EL9ap_4]:  wired=0; compound=0; hidden=1; nouse=0; global=1; static=1; extern=0; dir=2; type=0; pingpong=0; private_global=1; IO mode=ap_ovld:ce=0
Port [ p_ZZN4nnet22compute_pool_buffer_2dINS_5arrayI8ap_fixedILi16ELi6EL9ap_q_mode5EL9ap]:  wired=0; compound=0; hidden=1; nouse=0; global=1; static=1; extern=0; dir=2; type=0; pingpong=0; private_global=1; IO mode=ap_ovld:ce=0
Port [ pX]:  wired=0; compound=0; hidden=1; nouse=0; global=1; static=1; extern=0; dir=2; type=0; pingpong=0; private_global=1; IO mode=ap_ovld:ce=0
Port [ sX]:  wired=0; compound=0; hidden=1; nouse=0; global=1; static=1; extern=0; dir=2; type=0; pingpong=0; private_global=1; IO mode=ap_ovld:ce=0
Port [ void_pooling2d_cl_stream_stream_array_ap_fixed_4u_0_line_buffer_3]:  wired=0; compound=1; hidden=1; nouse=1; global=1; static=1; extern=0; dir=3; type=1; pingpong=0; private_global=0; MemPort=[2]; IO mode=ap_memory:ce=0
Port [ void_pooling2d_cl_stream_stream_array_ap_fixed_4u_0_line_buffer_2]:  wired=0; compound=1; hidden=1; nouse=1; global=1; static=1; extern=0; dir=3; type=1; pingpong=0; private_global=0; MemPort=[2]; IO mode=ap_memory:ce=0
Port [ void_pooling2d_cl_stream_stream_array_ap_fixed_4u_0_line_buffer_1]:  wired=0; compound=1; hidden=1; nouse=1; global=1; static=1; extern=0; dir=3; type=1; pingpong=0; private_global=0; MemPort=[2]; IO mode=ap_memory:ce=0
Port [ void_pooling2d_cl_stream_stream_array_ap_fixed_4u_0_line_buffer]:  wired=0; compound=1; hidden=1; nouse=1; global=1; static=1; extern=0; dir=3; type=1; pingpong=0; private_global=0; MemPort=[2]; IO mode=ap_memory:ce=0
---------------- STG Properties END ------------------

---------------- Datapath Model BEGIN ----------------

<LifeTime>
<method=bitvector/>
indvar_flatten2                                                                      (alloca           ) [ 01000]
specinterface_ln0                                                                    (specinterface    ) [ 00000]
specinterface_ln0                                                                    (specinterface    ) [ 00000]
store_ln0                                                                            (store            ) [ 00000]
br_ln0                                                                               (br               ) [ 00000]
indvar_flatten2_load                                                                 (load             ) [ 00000]
add_ln109                                                                            (add              ) [ 00000]
icmp_ln109                                                                           (icmp             ) [ 01111]
store_ln109                                                                          (store            ) [ 00000]
br_ln109                                                                             (br               ) [ 00000]
layer3_out_read                                                                      (read             ) [ 00000]
trunc_ln115                                                                          (trunc            ) [ 00000]
trunc_ln115_1                                                                        (partselect       ) [ 00000]
trunc_ln115_2                                                                        (partselect       ) [ 00000]
trunc_ln115_3                                                                        (partselect       ) [ 00000]
call_ln52                                                                            (call             ) [ 00000]
specloopname_ln0                                                                     (specloopname     ) [ 00000]
speclooptripcount_ln0                                                                (speclooptripcount) [ 00000]
specpipeline_ln113                                                                   (specpipeline     ) [ 00000]
sX_load                                                                              (load             ) [ 00000]
icmp_ln55                                                                            (icmp             ) [ 01111]
pX_load                                                                              (load             ) [ 00000]
br_ln55                                                                              (br               ) [ 00000]
sY_load                                                                              (load             ) [ 00000]
icmp_ln55_1                                                                          (icmp             ) [ 00000]
pY_load                                                                              (load             ) [ 00000]
icmp_ln55_2                                                                          (icmp             ) [ 00000]
icmp_ln55_3                                                                          (icmp             ) [ 00000]
and_ln55                                                                             (and              ) [ 00000]
and_ln55_1                                                                           (and              ) [ 01111]
br_ln55                                                                              (br               ) [ 00000]
void_compute_pool_buffer_2d_array_const_ap_shift_reg_n_filt_stream_kernel_14         (load             ) [ 00000]
void_compute_pool_buffer_2d_array_const_ap_shift_reg_n_filt_stream_kernel_15         (load             ) [ 00000]
void_compute_pool_buffer_2d_array_const_ap_shift_reg_n_filt_stream_kernel_16         (load             ) [ 00000]
p_ZZN4nnet22compute_pool_buffer_2dINS_5arrayI8ap_fixedILi16ELi6EL9ap_q_mode5EL9ap_10 (load             ) [ 00000]
icmp_ln66                                                                            (icmp             ) [ 00000]
xor_ln66                                                                             (xor              ) [ 00000]
select_ln0                                                                           (select           ) [ 00000]
icmp_ln66_1                                                                          (icmp             ) [ 00000]
xor_ln66_1                                                                           (xor              ) [ 00000]
select_ln0_1                                                                         (select           ) [ 00000]
icmp_ln66_2                                                                          (icmp             ) [ 00000]
xor_ln66_2                                                                           (xor              ) [ 00000]
res_pack                                                                             (select           ) [ 00101]
void_compute_pool_buffer_2d_array_const_ap_shift_reg_n_filt_stream_kernel_17         (load             ) [ 00000]
void_compute_pool_buffer_2d_array_const_ap_shift_reg_n_filt_stream_kernel_18         (load             ) [ 00000]
void_compute_pool_buffer_2d_array_const_ap_shift_reg_n_filt_stream_kernel_19         (load             ) [ 00000]
p_ZZN4nnet22compute_pool_buffer_2dINS_5arrayI8ap_fixedILi16ELi6EL9ap_q_mode5EL9ap_11 (load             ) [ 00000]
icmp_ln66_3                                                                          (icmp             ) [ 00000]
xor_ln66_3                                                                           (xor              ) [ 00000]
select_ln0_2                                                                         (select           ) [ 00000]
icmp_ln66_4                                                                          (icmp             ) [ 00000]
xor_ln66_4                                                                           (xor              ) [ 00000]
select_ln0_3                                                                         (select           ) [ 00000]
icmp_ln66_5                                                                          (icmp             ) [ 00000]
xor_ln66_5                                                                           (xor              ) [ 00000]
res_pack_1                                                                           (select           ) [ 00101]
void_compute_pool_buffer_2d_array_const_ap_shift_reg_n_filt_stream_kernel_20         (load             ) [ 00000]
void_compute_pool_buffer_2d_array_const_ap_shift_reg_n_filt_stream_kernel_21         (load             ) [ 00000]
p_ZZN4nnet22compute_pool_buffer_2dINS_5arrayI8ap_fixedILi16ELi6EL9ap_q_mode5EL9ap_12 (load             ) [ 00000]
p_ZZN4nnet22compute_pool_buffer_2dINS_5arrayI8ap_fixedILi16ELi6EL9ap_q_mode5EL9ap_13 (load             ) [ 00000]
icmp_ln66_6                                                                          (icmp             ) [ 00000]
xor_ln66_6                                                                           (xor              ) [ 00000]
select_ln0_4                                                                         (select           ) [ 00000]
icmp_ln66_7                                                                          (icmp             ) [ 00000]
xor_ln66_7                                                                           (xor              ) [ 00000]
select_ln0_5                                                                         (select           ) [ 00000]
icmp_ln66_8                                                                          (icmp             ) [ 00000]
xor_ln66_8                                                                           (xor              ) [ 00000]
res_pack_2                                                                           (select           ) [ 00101]
void_compute_pool_buffer_2d_array_const_ap_shift_reg_n_filt_stream_kernel_22         (load             ) [ 00000]
void_compute_pool_buffer_2d_array_const_ap_shift_reg_n_filt_stream_kernel_23         (load             ) [ 00000]
p_ZZN4nnet22compute_pool_buffer_2dINS_5arrayI8ap_fixedILi16ELi6EL9ap_q_mode5EL9ap_14 (load             ) [ 00000]
p_ZZN4nnet22compute_pool_buffer_2dINS_5arrayI8ap_fixedILi16ELi6EL9ap_q_mode5EL9ap_15 (load             ) [ 00000]
icmp_ln66_9                                                                          (icmp             ) [ 00000]
xor_ln66_9                                                                           (xor              ) [ 00000]
select_ln0_6                                                                         (select           ) [ 00000]
icmp_ln66_10                                                                         (icmp             ) [ 00000]
xor_ln66_10                                                                          (xor              ) [ 00000]
select_ln0_7                                                                         (select           ) [ 00000]
icmp_ln66_11                                                                         (icmp             ) [ 00000]
xor_ln66_11                                                                          (xor              ) [ 00000]
res_pack_3                                                                           (select           ) [ 00101]
add_ln76                                                                             (add              ) [ 00000]
icmp_ln76                                                                            (icmp             ) [ 01111]
br_ln76                                                                              (br               ) [ 00000]
store_ln89                                                                           (store            ) [ 00000]
add_ln91                                                                             (add              ) [ 00000]
select_ln91                                                                          (select           ) [ 00000]
store_ln91                                                                           (store            ) [ 00000]
br_ln0                                                                               (br               ) [ 00000]
store_ln78                                                                           (store            ) [ 00000]
store_ln79                                                                           (store            ) [ 00000]
pY_load_1                                                                            (load             ) [ 00000]
add_ln80                                                                             (add              ) [ 00000]
icmp_ln80                                                                            (icmp             ) [ 01111]
br_ln80                                                                              (br               ) [ 00000]
store_ln84                                                                           (store            ) [ 00000]
sY_load_1                                                                            (load             ) [ 00000]
icmp_ln86                                                                            (icmp             ) [ 00000]
add_ln86                                                                             (add              ) [ 00000]
select_ln86                                                                          (select           ) [ 01111]
br_ln0                                                                               (br               ) [ 01111]
store_ln81                                                                           (store            ) [ 00000]
br_ln83                                                                              (br               ) [ 01111]
or_ln72_5                                                                            (bitconcatenate   ) [ 00000]
write_ln72                                                                           (write            ) [ 00000]
br_ln73                                                                              (br               ) [ 00000]
storemerge_i                                                                         (phi              ) [ 00101]
store_ln86                                                                           (store            ) [ 00000]
br_ln88                                                                              (br               ) [ 00000]
ret_ln118                                                                            (ret              ) [ 00000]
</LifeTime>

<model>

<comp_list>
<comp id="0" class="1000" name="layer3_out">
<pin_list>
<pin id="1" dir="1" index="0" bw="1" slack="0"/>
</pin_list>
<bind>
<StgValue><ssdm name="layer3_out"/></StgValue>
</bind>
</comp>

<comp id="2" class="1000" name="layer4_out">
<pin_list>
<pin id="3" dir="1" index="0" bw="1" slack="0"/>
</pin_list>
<bind>
<StgValue><ssdm name="layer4_out"/></StgValue>
</bind>
</comp>

<comp id="4" class="1000" name="sY">
<pin_list>
<pin id="5" dir="1" index="0" bw="1" slack="0"/>
</pin_list>
<bind>
<StgValue><ssdm name="sY"/></StgValue>
</bind>
</comp>

<comp id="6" class="1000" name="pY">
<pin_list>
<pin id="7" dir="1" index="0" bw="1" slack="0"/>
</pin_list>
<bind>
<StgValue><ssdm name="pY"/></StgValue>
</bind>
</comp>

<comp id="8" class="1000" name="void_compute_pool_buffer_2d_array_const_ap_shift_reg_n_filt_stream_kernel_9">
<pin_list>
<pin id="9" dir="1" index="0" bw="1" slack="0"/>
</pin_list>
<bind>
<StgValue><ssdm name="void_compute_pool_buffer_2d_array_const_ap_shift_reg_n_filt_stream_kernel_9"/></StgValue>
</bind>
</comp>

<comp id="10" class="1000" name="void_compute_pool_buffer_2d_array_const_ap_shift_reg_n_filt_stream_kernel_2">
<pin_list>
<pin id="11" dir="1" index="0" bw="1" slack="0"/>
</pin_list>
<bind>
<StgValue><ssdm name="void_compute_pool_buffer_2d_array_const_ap_shift_reg_n_filt_stream_kernel_2"/></StgValue>
</bind>
</comp>

<comp id="12" class="1000" name="void_compute_pool_buffer_2d_array_const_ap_shift_reg_n_filt_stream_kernel_7">
<pin_list>
<pin id="13" dir="1" index="0" bw="1" slack="0"/>
</pin_list>
<bind>
<StgValue><ssdm name="void_compute_pool_buffer_2d_array_const_ap_shift_reg_n_filt_stream_kernel_7"/></StgValue>
</bind>
</comp>

<comp id="14" class="1000" name="p_ZZN4nnet22compute_pool_buffer_2dINS_5arrayI8ap_fixedILi16ELi6EL9ap_q_mode5EL9ap_3">
<pin_list>
<pin id="15" dir="1" index="0" bw="1" slack="0"/>
</pin_list>
<bind>
<StgValue><ssdm name="p_ZZN4nnet22compute_pool_buffer_2dINS_5arrayI8ap_fixedILi16ELi6EL9ap_q_mode5EL9ap_3"/></StgValue>
</bind>
</comp>

<comp id="16" class="1000" name="void_compute_pool_buffer_2d_array_const_ap_shift_reg_n_filt_stream_kernel_5">
<pin_list>
<pin id="17" dir="1" index="0" bw="1" slack="0"/>
</pin_list>
<bind>
<StgValue><ssdm name="void_compute_pool_buffer_2d_array_const_ap_shift_reg_n_filt_stream_kernel_5"/></StgValue>
</bind>
</comp>

<comp id="18" class="1000" name="void_compute_pool_buffer_2d_array_const_ap_shift_reg_n_filt_stream_kernel_1">
<pin_list>
<pin id="19" dir="1" index="0" bw="1" slack="0"/>
</pin_list>
<bind>
<StgValue><ssdm name="void_compute_pool_buffer_2d_array_const_ap_shift_reg_n_filt_stream_kernel_1"/></StgValue>
</bind>
</comp>

<comp id="20" class="1000" name="void_compute_pool_buffer_2d_array_const_ap_shift_reg_n_filt_stream_kernel_6">
<pin_list>
<pin id="21" dir="1" index="0" bw="1" slack="0"/>
</pin_list>
<bind>
<StgValue><ssdm name="void_compute_pool_buffer_2d_array_const_ap_shift_reg_n_filt_stream_kernel_6"/></StgValue>
</bind>
</comp>

<comp id="22" class="1000" name="p_ZZN4nnet22compute_pool_buffer_2dINS_5arrayI8ap_fixedILi16ELi6EL9ap_q_mode5EL9ap_2">
<pin_list>
<pin id="23" dir="1" index="0" bw="1" slack="0"/>
</pin_list>
<bind>
<StgValue><ssdm name="p_ZZN4nnet22compute_pool_buffer_2dINS_5arrayI8ap_fixedILi16ELi6EL9ap_q_mode5EL9ap_2"/></StgValue>
</bind>
</comp>

<comp id="24" class="1000" name="void_compute_pool_buffer_2d_array_const_ap_shift_reg_n_filt_stream_kernel_4">
<pin_list>
<pin id="25" dir="1" index="0" bw="1" slack="0"/>
</pin_list>
<bind>
<StgValue><ssdm name="void_compute_pool_buffer_2d_array_const_ap_shift_reg_n_filt_stream_kernel_4"/></StgValue>
</bind>
</comp>

<comp id="26" class="1000" name="void_compute_pool_buffer_2d_array_const_ap_shift_reg_n_filt_stream_kernel">
<pin_list>
<pin id="27" dir="1" index="0" bw="1" slack="0"/>
</pin_list>
<bind>
<StgValue><ssdm name="void_compute_pool_buffer_2d_array_const_ap_shift_reg_n_filt_stream_kernel"/></StgValue>
</bind>
</comp>

<comp id="28" class="1000" name="p_ZZN4nnet22compute_pool_buffer_2dINS_5arrayI8ap_fixedILi16ELi6EL9ap_q_mode5EL9ap_5">
<pin_list>
<pin id="29" dir="1" index="0" bw="1" slack="0"/>
</pin_list>
<bind>
<StgValue><ssdm name="p_ZZN4nnet22compute_pool_buffer_2dINS_5arrayI8ap_fixedILi16ELi6EL9ap_q_mode5EL9ap_5"/></StgValue>
</bind>
</comp>

<comp id="30" class="1000" name="p_ZZN4nnet22compute_pool_buffer_2dINS_5arrayI8ap_fixedILi16ELi6EL9ap_q_mode5EL9ap_1">
<pin_list>
<pin id="31" dir="1" index="0" bw="1" slack="0"/>
</pin_list>
<bind>
<StgValue><ssdm name="p_ZZN4nnet22compute_pool_buffer_2dINS_5arrayI8ap_fixedILi16ELi6EL9ap_q_mode5EL9ap_1"/></StgValue>
</bind>
</comp>

<comp id="32" class="1000" name="void_compute_pool_buffer_2d_array_const_ap_shift_reg_n_filt_stream_kernel_3">
<pin_list>
<pin id="33" dir="1" index="0" bw="1" slack="0"/>
</pin_list>
<bind>
<StgValue><ssdm name="void_compute_pool_buffer_2d_array_const_ap_shift_reg_n_filt_stream_kernel_3"/></StgValue>
</bind>
</comp>

<comp id="34" class="1000" name="void_compute_pool_buffer_2d_array_const_ap_shift_reg_n_filt_stream_kernel_8">
<pin_list>
<pin id="35" dir="1" index="0" bw="1" slack="0"/>
</pin_list>
<bind>
<StgValue><ssdm name="void_compute_pool_buffer_2d_array_const_ap_shift_reg_n_filt_stream_kernel_8"/></StgValue>
</bind>
</comp>

<comp id="36" class="1000" name="p_ZZN4nnet22compute_pool_buffer_2dINS_5arrayI8ap_fixedILi16ELi6EL9ap_q_mode5EL9ap_4">
<pin_list>
<pin id="37" dir="1" index="0" bw="1" slack="0"/>
</pin_list>
<bind>
<StgValue><ssdm name="p_ZZN4nnet22compute_pool_buffer_2dINS_5arrayI8ap_fixedILi16ELi6EL9ap_q_mode5EL9ap_4"/></StgValue>
</bind>
</comp>

<comp id="38" class="1000" name="p_ZZN4nnet22compute_pool_buffer_2dINS_5arrayI8ap_fixedILi16ELi6EL9ap_q_mode5EL9ap">
<pin_list>
<pin id="39" dir="1" index="0" bw="1" slack="0"/>
</pin_list>
<bind>
<StgValue><ssdm name="p_ZZN4nnet22compute_pool_buffer_2dINS_5arrayI8ap_fixedILi16ELi6EL9ap_q_mode5EL9ap"/></StgValue>
</bind>
</comp>

<comp id="40" class="1000" name="pX">
<pin_list>
<pin id="41" dir="1" index="0" bw="1" slack="0"/>
</pin_list>
<bind>
<StgValue><ssdm name="pX"/></StgValue>
</bind>
</comp>

<comp id="42" class="1000" name="sX">
<pin_list>
<pin id="43" dir="1" index="0" bw="1" slack="0"/>
</pin_list>
<bind>
<StgValue><ssdm name="sX"/></StgValue>
</bind>
</comp>

<comp id="44" class="1000" name="void_pooling2d_cl_stream_stream_array_ap_fixed_4u_0_line_buffer_3">
<pin_list>
<pin id="45" dir="1" index="0" bw="1" slack="0"/>
</pin_list>
<bind>
<StgValue><ssdm name="void_pooling2d_cl_stream_stream_array_ap_fixed_4u_0_line_buffer_3"/><MemPortTyVec>2 </MemPortTyVec>
</StgValue>
</bind>
</comp>

<comp id="46" class="1000" name="void_pooling2d_cl_stream_stream_array_ap_fixed_4u_0_line_buffer_2">
<pin_list>
<pin id="47" dir="1" index="0" bw="1" slack="0"/>
</pin_list>
<bind>
<StgValue><ssdm name="void_pooling2d_cl_stream_stream_array_ap_fixed_4u_0_line_buffer_2"/><MemPortTyVec>2 </MemPortTyVec>
</StgValue>
</bind>
</comp>

<comp id="48" class="1000" name="void_pooling2d_cl_stream_stream_array_ap_fixed_4u_0_line_buffer_1">
<pin_list>
<pin id="49" dir="1" index="0" bw="1" slack="0"/>
</pin_list>
<bind>
<StgValue><ssdm name="void_pooling2d_cl_stream_stream_array_ap_fixed_4u_0_line_buffer_1"/><MemPortTyVec>2 </MemPortTyVec>
</StgValue>
</bind>
</comp>

<comp id="50" class="1000" name="void_pooling2d_cl_stream_stream_array_ap_fixed_4u_0_line_buffer">
<pin_list>
<pin id="51" dir="1" index="0" bw="1" slack="0"/>
</pin_list>
<bind>
<StgValue><ssdm name="void_pooling2d_cl_stream_stream_array_ap_fixed_4u_0_line_buffer"/><MemPortTyVec>2 </MemPortTyVec>
</StgValue>
</bind>
</comp>

<comp id="52" class="1001" name="const_52">
<pin_list>
<pin id="53" dir="1" index="0" bw="1" slack="0"/>
</pin_list>
<bind>
<StgValue><ssdm name=""/></StgValue>
</bind>
</comp>

<comp id="54" class="1001" name="const_54">
<pin_list>
<pin id="55" dir="1" index="0" bw="1" slack="2147483647"/>
</pin_list>
<bind>
<StgValue><ssdm name="_ssdm_op_SpecInterface"/></StgValue>
</bind>
</comp>

<comp id="56" class="1001" name="const_56">
<pin_list>
<pin id="57" dir="1" index="0" bw="1" slack="2147483647"/>
</pin_list>
<bind>
<StgValue><ssdm name="empty_6"/></StgValue>
</bind>
</comp>

<comp id="58" class="1001" name="const_58">
<pin_list>
<pin id="59" dir="1" index="0" bw="1" slack="0"/>
</pin_list>
<bind>
<StgValue><ssdm name=""/></StgValue>
</bind>
</comp>

<comp id="60" class="1001" name="const_60">
<pin_list>
<pin id="61" dir="1" index="0" bw="1" slack="2147483647"/>
</pin_list>
<bind>
<StgValue><ssdm name="empty_3"/></StgValue>
</bind>
</comp>

<comp id="62" class="1001" name="const_62">
<pin_list>
<pin id="63" dir="1" index="0" bw="1" slack="2147483647"/>
</pin_list>
<bind>
<StgValue><ssdm name=""/></StgValue>
</bind>
</comp>

<comp id="64" class="1001" name="const_64">
<pin_list>
<pin id="65" dir="1" index="0" bw="1" slack="0"/>
</pin_list>
<bind>
<StgValue><ssdm name=""/></StgValue>
</bind>
</comp>

<comp id="66" class="1001" name="const_66">
<pin_list>
<pin id="67" dir="1" index="0" bw="1" slack="0"/>
</pin_list>
<bind>
<StgValue><ssdm name=""/></StgValue>
</bind>
</comp>

<comp id="68" class="1001" name="const_68">
<pin_list>
<pin id="69" dir="1" index="0" bw="1" slack="0"/>
</pin_list>
<bind>
<StgValue><ssdm name=""/></StgValue>
</bind>
</comp>

<comp id="70" class="1001" name="const_70">
<pin_list>
<pin id="71" dir="1" index="0" bw="1" slack="0"/>
</pin_list>
<bind>
<StgValue><ssdm name="_ssdm_op_Read.ap_fifo.volatile.i64P0A"/></StgValue>
</bind>
</comp>

<comp id="72" class="1001" name="const_72">
<pin_list>
<pin id="73" dir="1" index="0" bw="1" slack="0"/>
</pin_list>
<bind>
<StgValue><ssdm name="_ssdm_op_PartSelect.i16.i64.i32.i32"/></StgValue>
</bind>
</comp>

<comp id="74" class="1001" name="const_74">
<pin_list>
<pin id="75" dir="1" index="0" bw="1" slack="0"/>
</pin_list>
<bind>
<StgValue><ssdm name=""/></StgValue>
</bind>
</comp>

<comp id="76" class="1001" name="const_76">
<pin_list>
<pin id="77" dir="1" index="0" bw="1" slack="0"/>
</pin_list>
<bind>
<StgValue><ssdm name=""/></StgValue>
</bind>
</comp>

<comp id="78" class="1001" name="const_78">
<pin_list>
<pin id="79" dir="1" index="0" bw="1" slack="0"/>
</pin_list>
<bind>
<StgValue><ssdm name=""/></StgValue>
</bind>
</comp>

<comp id="80" class="1001" name="const_80">
<pin_list>
<pin id="81" dir="1" index="0" bw="1" slack="0"/>
</pin_list>
<bind>
<StgValue><ssdm name=""/></StgValue>
</bind>
</comp>

<comp id="82" class="1001" name="const_82">
<pin_list>
<pin id="83" dir="1" index="0" bw="1" slack="0"/>
</pin_list>
<bind>
<StgValue><ssdm name=""/></StgValue>
</bind>
</comp>

<comp id="84" class="1001" name="const_84">
<pin_list>
<pin id="85" dir="1" index="0" bw="1" slack="0"/>
</pin_list>
<bind>
<StgValue><ssdm name=""/></StgValue>
</bind>
</comp>

<comp id="86" class="1001" name="const_86">
<pin_list>
<pin id="87" dir="1" index="0" bw="1" slack="0"/>
</pin_list>
<bind>
<StgValue><ssdm name="shift_line_buffer<array<ap_fixed<16, 6, 5, 3, 0>, 4u>, config4>"/></StgValue>
</bind>
</comp>

<comp id="88" class="1001" name="const_88">
<pin_list>
<pin id="89" dir="1" index="0" bw="1" slack="2147483647"/>
</pin_list>
<bind>
<StgValue><ssdm name="_ssdm_op_SpecLoopName"/></StgValue>
</bind>
</comp>

<comp id="90" class="1001" name="const_90">
<pin_list>
<pin id="91" dir="1" index="0" bw="1" slack="2147483647"/>
</pin_list>
<bind>
<StgValue><ssdm name="ReadInputHeight_ReadInputWidth_str"/></StgValue>
</bind>
</comp>

<comp id="92" class="1001" name="const_92">
<pin_list>
<pin id="93" dir="1" index="0" bw="1" slack="2147483647"/>
</pin_list>
<bind>
<StgValue><ssdm name="_ssdm_op_SpecLoopTripCount"/></StgValue>
</bind>
</comp>

<comp id="94" class="1001" name="const_94">
<pin_list>
<pin id="95" dir="1" index="0" bw="1" slack="2147483647"/>
</pin_list>
<bind>
<StgValue><ssdm name=""/></StgValue>
</bind>
</comp>

<comp id="96" class="1001" name="const_96">
<pin_list>
<pin id="97" dir="1" index="0" bw="1" slack="2147483647"/>
</pin_list>
<bind>
<StgValue><ssdm name="_ssdm_op_SpecPipeline"/></StgValue>
</bind>
</comp>

<comp id="98" class="1001" name="const_98">
<pin_list>
<pin id="99" dir="1" index="0" bw="1" slack="0"/>
</pin_list>
<bind>
<StgValue><ssdm name=""/></StgValue>
</bind>
</comp>

<comp id="100" class="1001" name="const_100">
<pin_list>
<pin id="101" dir="1" index="0" bw="1" slack="0"/>
</pin_list>
<bind>
<StgValue><ssdm name=""/></StgValue>
</bind>
</comp>

<comp id="102" class="1001" name="const_102">
<pin_list>
<pin id="103" dir="1" index="0" bw="1" slack="0"/>
</pin_list>
<bind>
<StgValue><ssdm name="_ssdm_op_BitConcatenate.i64.i16.i16.i16.i16"/></StgValue>
</bind>
</comp>

<comp id="104" class="1001" name="const_104">
<pin_list>
<pin id="105" dir="1" index="0" bw="1" slack="0"/>
</pin_list>
<bind>
<StgValue><ssdm name="_ssdm_op_Write.ap_fifo.volatile.i64P0A"/></StgValue>
</bind>
</comp>

<comp id="106" class="1004" name="indvar_flatten2_fu_106">
<pin_list>
<pin id="107" dir="0" index="0" bw="1" slack="0"/>
<pin id="108" dir="1" index="1" bw="6" slack="0"/>
</pin_list>
<bind>
<opcode="alloca(26) " fcode="alloca"/>
<opset="indvar_flatten2/1 "/>
</bind>
</comp>

<comp id="110" class="1004" name="layer3_out_read_read_fu_110">
<pin_list>
<pin id="111" dir="0" index="0" bw="64" slack="0"/>
<pin id="112" dir="0" index="1" bw="64" slack="0"/>
<pin id="113" dir="1" index="2" bw="64" slack="0"/>
</pin_list>
<bind>
<opcode="read(1150) " fcode="read"/>
<opset="layer3_out_read/2 "/>
</bind>
</comp>

<comp id="116" class="1004" name="write_ln72_write_fu_116">
<pin_list>
<pin id="117" dir="0" index="0" bw="0" slack="0"/>
<pin id="118" dir="0" index="1" bw="64" slack="0"/>
<pin id="119" dir="0" index="2" bw="64" slack="0"/>
<pin id="120" dir="1" index="3" bw="0" slack="2147483647"/>
</pin_list>
<bind>
<opcode="write(1151) " fcode="write"/>
<opset="write_ln72/4 "/>
</bind>
</comp>

<comp id="123" class="1005" name="storemerge_i_reg_123">
<pin_list>
<pin id="124" dir="0" index="0" bw="32" slack="1"/>
<pin id="125" dir="1" index="1" bw="32" slack="1"/>
</pin_list>
<bind>
<opset="storemerge_i (phireg) "/>
</bind>
</comp>

<comp id="127" class="1004" name="storemerge_i_phi_fu_127">
<pin_list>
<pin id="128" dir="0" index="0" bw="32" slack="1"/>
<pin id="129" dir="0" index="1" bw="0" slack="2147483647"/>
<pin id="130" dir="0" index="2" bw="1" slack="1"/>
<pin id="131" dir="0" index="3" bw="0" slack="2147483647"/>
<pin id="132" dir="1" index="4" bw="32" slack="0"/>
</pin_list>
<bind>
<opcode="phi(47) " fcode="phi"/>
<opset="storemerge_i/4 "/>
</bind>
</comp>

<comp id="134" class="1004" name="call_ln52_shift_line_buffer_array_ap_fixed_16_6_5_3_0_4u_config4_s_fu_134">
<pin_list>
<pin id="135" dir="0" index="0" bw="0" slack="0"/>
<pin id="136" dir="0" index="1" bw="16" slack="0"/>
<pin id="137" dir="0" index="2" bw="16" slack="0"/>
<pin id="138" dir="0" index="3" bw="16" slack="0"/>
<pin id="139" dir="0" index="4" bw="16" slack="0"/>
<pin id="140" dir="0" index="5" bw="16" slack="0"/>
<pin id="141" dir="0" index="6" bw="16" slack="0"/>
<pin id="142" dir="0" index="7" bw="16" slack="0"/>
<pin id="143" dir="0" index="8" bw="16" slack="0"/>
<pin id="144" dir="0" index="9" bw="16" slack="0"/>
<pin id="145" dir="0" index="10" bw="16" slack="0"/>
<pin id="146" dir="0" index="11" bw="16" slack="0"/>
<pin id="147" dir="0" index="12" bw="16" slack="0"/>
<pin id="148" dir="0" index="13" bw="16" slack="0"/>
<pin id="149" dir="0" index="14" bw="16" slack="0"/>
<pin id="150" dir="0" index="15" bw="16" slack="0"/>
<pin id="151" dir="0" index="16" bw="16" slack="0"/>
<pin id="152" dir="0" index="17" bw="16" slack="0"/>
<pin id="153" dir="0" index="18" bw="16" slack="0"/>
<pin id="154" dir="0" index="19" bw="16" slack="0"/>
<pin id="155" dir="0" index="20" bw="16" slack="0"/>
<pin id="156" dir="0" index="21" bw="16" slack="0"/>
<pin id="157" dir="0" index="22" bw="16" slack="0"/>
<pin id="158" dir="0" index="23" bw="16" slack="0"/>
<pin id="159" dir="0" index="24" bw="16" slack="0"/>
<pin id="160" dir="1" index="25" bw="0" slack="2147483647"/>
</pin_list>
<bind>
<opcode="call(48) " fcode="call"/>
<opset="call_ln52/2 "/>
</bind>
</comp>

<comp id="182" class="1004" name="store_ln0_store_fu_182">
<pin_list>
<pin id="183" dir="0" index="0" bw="1" slack="0"/>
<pin id="184" dir="0" index="1" bw="6" slack="0"/>
<pin id="185" dir="1" index="2" bw="0" slack="2147483647"/>
</pin_list>
<bind>
<opcode="store(28) " fcode="store"/>
<opset="store_ln0/1 "/>
</bind>
</comp>

<comp id="187" class="1004" name="indvar_flatten2_load_load_fu_187">
<pin_list>
<pin id="188" dir="0" index="0" bw="6" slack="0"/>
<pin id="189" dir="1" index="1" bw="6" slack="0"/>
</pin_list>
<bind>
<opcode="load(27) " fcode="load"/>
<opset="indvar_flatten2_load/1 "/>
</bind>
</comp>

<comp id="190" class="1004" name="add_ln109_fu_190">
<pin_list>
<pin id="191" dir="0" index="0" bw="6" slack="0"/>
<pin id="192" dir="0" index="1" bw="1" slack="0"/>
<pin id="193" dir="1" index="2" bw="6" slack="0"/>
</pin_list>
<bind>
<opcode="add(8) " fcode="add"/>
<opset="add_ln109/1 "/>
</bind>
</comp>

<comp id="196" class="1004" name="icmp_ln109_fu_196">
<pin_list>
<pin id="197" dir="0" index="0" bw="6" slack="0"/>
<pin id="198" dir="0" index="1" bw="6" slack="0"/>
<pin id="199" dir="1" index="2" bw="1" slack="3"/>
</pin_list>
<bind>
<opcode="icmp(45) " fcode="icmp"/>
<opset="icmp_ln109/1 "/>
</bind>
</comp>

<comp id="202" class="1004" name="store_ln109_store_fu_202">
<pin_list>
<pin id="203" dir="0" index="0" bw="6" slack="0"/>
<pin id="204" dir="0" index="1" bw="6" slack="0"/>
<pin id="205" dir="1" index="2" bw="0" slack="2147483647"/>
</pin_list>
<bind>
<opcode="store(28) " fcode="store"/>
<opset="store_ln109/1 "/>
</bind>
</comp>

<comp id="207" class="1004" name="trunc_ln115_fu_207">
<pin_list>
<pin id="208" dir="0" index="0" bw="64" slack="0"/>
<pin id="209" dir="1" index="1" bw="16" slack="0"/>
</pin_list>
<bind>
<opcode="trunc(33) " fcode="trunc"/>
<opset="trunc_ln115/2 "/>
</bind>
</comp>

<comp id="212" class="1004" name="trunc_ln115_1_fu_212">
<pin_list>
<pin id="213" dir="0" index="0" bw="16" slack="0"/>
<pin id="214" dir="0" index="1" bw="64" slack="0"/>
<pin id="215" dir="0" index="2" bw="6" slack="0"/>
<pin id="216" dir="0" index="3" bw="6" slack="0"/>
<pin id="217" dir="1" index="4" bw="16" slack="0"/>
</pin_list>
<bind>
<opcode="partselect(1002) " fcode="partselect"/>
<opset="trunc_ln115_1/2 "/>
</bind>
</comp>

<comp id="223" class="1004" name="trunc_ln115_2_fu_223">
<pin_list>
<pin id="224" dir="0" index="0" bw="16" slack="0"/>
<pin id="225" dir="0" index="1" bw="64" slack="0"/>
<pin id="226" dir="0" index="2" bw="7" slack="0"/>
<pin id="227" dir="0" index="3" bw="7" slack="0"/>
<pin id="228" dir="1" index="4" bw="16" slack="0"/>
</pin_list>
<bind>
<opcode="partselect(1002) " fcode="partselect"/>
<opset="trunc_ln115_2/2 "/>
</bind>
</comp>

<comp id="234" class="1004" name="trunc_ln115_3_fu_234">
<pin_list>
<pin id="235" dir="0" index="0" bw="16" slack="0"/>
<pin id="236" dir="0" index="1" bw="64" slack="0"/>
<pin id="237" dir="0" index="2" bw="7" slack="0"/>
<pin id="238" dir="0" index="3" bw="7" slack="0"/>
<pin id="239" dir="1" index="4" bw="16" slack="0"/>
</pin_list>
<bind>
<opcode="partselect(1002) " fcode="partselect"/>
<opset="trunc_ln115_3/2 "/>
</bind>
</comp>

<comp id="245" class="1004" name="sX_load_load_fu_245">
<pin_list>
<pin id="246" dir="0" index="0" bw="32" slack="0"/>
<pin id="247" dir="1" index="1" bw="32" slack="0"/>
</pin_list>
<bind>
<opcode="load(27) " fcode="load"/>
<opset="sX_load/3 "/>
</bind>
</comp>

<comp id="249" class="1004" name="icmp_ln55_fu_249">
<pin_list>
<pin id="250" dir="0" index="0" bw="32" slack="0"/>
<pin id="251" dir="0" index="1" bw="32" slack="0"/>
<pin id="252" dir="1" index="2" bw="1" slack="0"/>
</pin_list>
<bind>
<opcode="icmp(45) " fcode="icmp"/>
<opset="icmp_ln55/3 "/>
</bind>
</comp>

<comp id="255" class="1004" name="pX_load_load_fu_255">
<pin_list>
<pin id="256" dir="0" index="0" bw="32" slack="0"/>
<pin id="257" dir="1" index="1" bw="32" slack="0"/>
</pin_list>
<bind>
<opcode="load(27) " fcode="load"/>
<opset="pX_load/3 "/>
</bind>
</comp>

<comp id="259" class="1004" name="sY_load_load_fu_259">
<pin_list>
<pin id="260" dir="0" index="0" bw="32" slack="0"/>
<pin id="261" dir="1" index="1" bw="32" slack="0"/>
</pin_list>
<bind>
<opcode="load(27) " fcode="load"/>
<opset="sY_load/3 "/>
</bind>
</comp>

<comp id="263" class="1004" name="icmp_ln55_1_fu_263">
<pin_list>
<pin id="264" dir="0" index="0" bw="32" slack="0"/>
<pin id="265" dir="0" index="1" bw="32" slack="0"/>
<pin id="266" dir="1" index="2" bw="1" slack="0"/>
</pin_list>
<bind>
<opcode="icmp(45) " fcode="icmp"/>
<opset="icmp_ln55_1/3 "/>
</bind>
</comp>

<comp id="269" class="1004" name="pY_load_load_fu_269">
<pin_list>
<pin id="270" dir="0" index="0" bw="32" slack="0"/>
<pin id="271" dir="1" index="1" bw="32" slack="0"/>
</pin_list>
<bind>
<opcode="load(27) " fcode="load"/>
<opset="pY_load/3 "/>
</bind>
</comp>

<comp id="273" class="1004" name="icmp_ln55_2_fu_273">
<pin_list>
<pin id="274" dir="0" index="0" bw="32" slack="0"/>
<pin id="275" dir="0" index="1" bw="32" slack="0"/>
<pin id="276" dir="1" index="2" bw="1" slack="0"/>
</pin_list>
<bind>
<opcode="icmp(45) " fcode="icmp"/>
<opset="icmp_ln55_2/3 "/>
</bind>
</comp>

<comp id="279" class="1004" name="icmp_ln55_3_fu_279">
<pin_list>
<pin id="280" dir="0" index="0" bw="32" slack="0"/>
<pin id="281" dir="0" index="1" bw="32" slack="0"/>
<pin id="282" dir="1" index="2" bw="1" slack="0"/>
</pin_list>
<bind>
<opcode="icmp(45) " fcode="icmp"/>
<opset="icmp_ln55_3/3 "/>
</bind>
</comp>

<comp id="285" class="1004" name="and_ln55_fu_285">
<pin_list>
<pin id="286" dir="0" index="0" bw="1" slack="0"/>
<pin id="287" dir="0" index="1" bw="1" slack="0"/>
<pin id="288" dir="1" index="2" bw="1" slack="0"/>
</pin_list>
<bind>
<opcode="and(23) " fcode="and"/>
<opset="and_ln55/3 "/>
</bind>
</comp>

<comp id="291" class="1004" name="and_ln55_1_fu_291">
<pin_list>
<pin id="292" dir="0" index="0" bw="1" slack="0"/>
<pin id="293" dir="0" index="1" bw="1" slack="0"/>
<pin id="294" dir="1" index="2" bw="1" slack="1"/>
</pin_list>
<bind>
<opcode="and(23) " fcode="and"/>
<opset="and_ln55_1/3 "/>
</bind>
</comp>

<comp id="297" class="1004" name="void_compute_pool_buffer_2d_array_const_ap_shift_reg_n_filt_stream_kernel_14_load_fu_297">
<pin_list>
<pin id="298" dir="0" index="0" bw="16" slack="0"/>
<pin id="299" dir="1" index="1" bw="16" slack="0"/>
</pin_list>
<bind>
<opcode="load(27) " fcode="load"/>
<opset="void_compute_pool_buffer_2d_array_const_ap_shift_reg_n_filt_stream_kernel_14/3 "/>
</bind>
</comp>

<comp id="301" class="1004" name="void_compute_pool_buffer_2d_array_const_ap_shift_reg_n_filt_stream_kernel_15_load_fu_301">
<pin_list>
<pin id="302" dir="0" index="0" bw="16" slack="0"/>
<pin id="303" dir="1" index="1" bw="16" slack="0"/>
</pin_list>
<bind>
<opcode="load(27) " fcode="load"/>
<opset="void_compute_pool_buffer_2d_array_const_ap_shift_reg_n_filt_stream_kernel_15/3 "/>
</bind>
</comp>

<comp id="305" class="1004" name="void_compute_pool_buffer_2d_array_const_ap_shift_reg_n_filt_stream_kernel_16_load_fu_305">
<pin_list>
<pin id="306" dir="0" index="0" bw="16" slack="0"/>
<pin id="307" dir="1" index="1" bw="16" slack="0"/>
</pin_list>
<bind>
<opcode="load(27) " fcode="load"/>
<opset="void_compute_pool_buffer_2d_array_const_ap_shift_reg_n_filt_stream_kernel_16/3 "/>
</bind>
</comp>

<comp id="309" class="1004" name="p_ZZN4nnet22compute_pool_buffer_2dINS_5arrayI8ap_fixedILi16ELi6EL9ap_q_mode5EL9ap_10_load_fu_309">
<pin_list>
<pin id="310" dir="0" index="0" bw="16" slack="0"/>
<pin id="311" dir="1" index="1" bw="16" slack="0"/>
</pin_list>
<bind>
<opcode="load(27) " fcode="load"/>
<opset="p_ZZN4nnet22compute_pool_buffer_2dINS_5arrayI8ap_fixedILi16ELi6EL9ap_q_mode5EL9ap_10/3 "/>
</bind>
</comp>

<comp id="313" class="1004" name="icmp_ln66_fu_313">
<pin_list>
<pin id="314" dir="0" index="0" bw="16" slack="0"/>
<pin id="315" dir="0" index="1" bw="16" slack="0"/>
<pin id="316" dir="1" index="2" bw="1" slack="0"/>
</pin_list>
<bind>
<opcode="icmp(45) " fcode="icmp"/>
<opset="icmp_ln66/3 "/>
</bind>
</comp>

<comp id="319" class="1004" name="xor_ln66_fu_319">
<pin_list>
<pin id="320" dir="0" index="0" bw="1" slack="0"/>
<pin id="321" dir="0" index="1" bw="1" slack="0"/>
<pin id="322" dir="1" index="2" bw="1" slack="0"/>
</pin_list>
<bind>
<opcode="xor(25) " fcode="xor"/>
<opset="xor_ln66/3 "/>
</bind>
</comp>

<comp id="325" class="1004" name="select_ln0_fu_325">
<pin_list>
<pin id="326" dir="0" index="0" bw="1" slack="0"/>
<pin id="327" dir="0" index="1" bw="16" slack="0"/>
<pin id="328" dir="0" index="2" bw="16" slack="0"/>
<pin id="329" dir="1" index="3" bw="16" slack="0"/>
</pin_list>
<bind>
<opcode="select(49) " fcode="select"/>
<opset="select_ln0/3 "/>
</bind>
</comp>

<comp id="333" class="1004" name="icmp_ln66_1_fu_333">
<pin_list>
<pin id="334" dir="0" index="0" bw="16" slack="0"/>
<pin id="335" dir="0" index="1" bw="16" slack="0"/>
<pin id="336" dir="1" index="2" bw="1" slack="0"/>
</pin_list>
<bind>
<opcode="icmp(45) " fcode="icmp"/>
<opset="icmp_ln66_1/3 "/>
</bind>
</comp>

<comp id="339" class="1004" name="xor_ln66_1_fu_339">
<pin_list>
<pin id="340" dir="0" index="0" bw="1" slack="0"/>
<pin id="341" dir="0" index="1" bw="1" slack="0"/>
<pin id="342" dir="1" index="2" bw="1" slack="0"/>
</pin_list>
<bind>
<opcode="xor(25) " fcode="xor"/>
<opset="xor_ln66_1/3 "/>
</bind>
</comp>

<comp id="345" class="1004" name="select_ln0_1_fu_345">
<pin_list>
<pin id="346" dir="0" index="0" bw="1" slack="0"/>
<pin id="347" dir="0" index="1" bw="16" slack="0"/>
<pin id="348" dir="0" index="2" bw="16" slack="0"/>
<pin id="349" dir="1" index="3" bw="16" slack="0"/>
</pin_list>
<bind>
<opcode="select(49) " fcode="select"/>
<opset="select_ln0_1/3 "/>
</bind>
</comp>

<comp id="353" class="1004" name="icmp_ln66_2_fu_353">
<pin_list>
<pin id="354" dir="0" index="0" bw="16" slack="0"/>
<pin id="355" dir="0" index="1" bw="16" slack="0"/>
<pin id="356" dir="1" index="2" bw="1" slack="0"/>
</pin_list>
<bind>
<opcode="icmp(45) " fcode="icmp"/>
<opset="icmp_ln66_2/3 "/>
</bind>
</comp>

<comp id="359" class="1004" name="xor_ln66_2_fu_359">
<pin_list>
<pin id="360" dir="0" index="0" bw="1" slack="0"/>
<pin id="361" dir="0" index="1" bw="1" slack="0"/>
<pin id="362" dir="1" index="2" bw="1" slack="0"/>
</pin_list>
<bind>
<opcode="xor(25) " fcode="xor"/>
<opset="xor_ln66_2/3 "/>
</bind>
</comp>

<comp id="365" class="1004" name="res_pack_fu_365">
<pin_list>
<pin id="366" dir="0" index="0" bw="1" slack="0"/>
<pin id="367" dir="0" index="1" bw="16" slack="0"/>
<pin id="368" dir="0" index="2" bw="16" slack="0"/>
<pin id="369" dir="1" index="3" bw="16" slack="1"/>
</pin_list>
<bind>
<opcode="select(49) " fcode="select"/>
<opset="res_pack/3 "/>
</bind>
</comp>

<comp id="373" class="1004" name="void_compute_pool_buffer_2d_array_const_ap_shift_reg_n_filt_stream_kernel_17_load_fu_373">
<pin_list>
<pin id="374" dir="0" index="0" bw="16" slack="0"/>
<pin id="375" dir="1" index="1" bw="16" slack="0"/>
</pin_list>
<bind>
<opcode="load(27) " fcode="load"/>
<opset="void_compute_pool_buffer_2d_array_const_ap_shift_reg_n_filt_stream_kernel_17/3 "/>
</bind>
</comp>

<comp id="377" class="1004" name="void_compute_pool_buffer_2d_array_const_ap_shift_reg_n_filt_stream_kernel_18_load_fu_377">
<pin_list>
<pin id="378" dir="0" index="0" bw="16" slack="0"/>
<pin id="379" dir="1" index="1" bw="16" slack="0"/>
</pin_list>
<bind>
<opcode="load(27) " fcode="load"/>
<opset="void_compute_pool_buffer_2d_array_const_ap_shift_reg_n_filt_stream_kernel_18/3 "/>
</bind>
</comp>

<comp id="381" class="1004" name="void_compute_pool_buffer_2d_array_const_ap_shift_reg_n_filt_stream_kernel_19_load_fu_381">
<pin_list>
<pin id="382" dir="0" index="0" bw="16" slack="0"/>
<pin id="383" dir="1" index="1" bw="16" slack="0"/>
</pin_list>
<bind>
<opcode="load(27) " fcode="load"/>
<opset="void_compute_pool_buffer_2d_array_const_ap_shift_reg_n_filt_stream_kernel_19/3 "/>
</bind>
</comp>

<comp id="385" class="1004" name="p_ZZN4nnet22compute_pool_buffer_2dINS_5arrayI8ap_fixedILi16ELi6EL9ap_q_mode5EL9ap_11_load_fu_385">
<pin_list>
<pin id="386" dir="0" index="0" bw="16" slack="0"/>
<pin id="387" dir="1" index="1" bw="16" slack="0"/>
</pin_list>
<bind>
<opcode="load(27) " fcode="load"/>
<opset="p_ZZN4nnet22compute_pool_buffer_2dINS_5arrayI8ap_fixedILi16ELi6EL9ap_q_mode5EL9ap_11/3 "/>
</bind>
</comp>

<comp id="389" class="1004" name="icmp_ln66_3_fu_389">
<pin_list>
<pin id="390" dir="0" index="0" bw="16" slack="0"/>
<pin id="391" dir="0" index="1" bw="16" slack="0"/>
<pin id="392" dir="1" index="2" bw="1" slack="0"/>
</pin_list>
<bind>
<opcode="icmp(45) " fcode="icmp"/>
<opset="icmp_ln66_3/3 "/>
</bind>
</comp>

<comp id="395" class="1004" name="xor_ln66_3_fu_395">
<pin_list>
<pin id="396" dir="0" index="0" bw="1" slack="0"/>
<pin id="397" dir="0" index="1" bw="1" slack="0"/>
<pin id="398" dir="1" index="2" bw="1" slack="0"/>
</pin_list>
<bind>
<opcode="xor(25) " fcode="xor"/>
<opset="xor_ln66_3/3 "/>
</bind>
</comp>

<comp id="401" class="1004" name="select_ln0_2_fu_401">
<pin_list>
<pin id="402" dir="0" index="0" bw="1" slack="0"/>
<pin id="403" dir="0" index="1" bw="16" slack="0"/>
<pin id="404" dir="0" index="2" bw="16" slack="0"/>
<pin id="405" dir="1" index="3" bw="16" slack="0"/>
</pin_list>
<bind>
<opcode="select(49) " fcode="select"/>
<opset="select_ln0_2/3 "/>
</bind>
</comp>

<comp id="409" class="1004" name="icmp_ln66_4_fu_409">
<pin_list>
<pin id="410" dir="0" index="0" bw="16" slack="0"/>
<pin id="411" dir="0" index="1" bw="16" slack="0"/>
<pin id="412" dir="1" index="2" bw="1" slack="0"/>
</pin_list>
<bind>
<opcode="icmp(45) " fcode="icmp"/>
<opset="icmp_ln66_4/3 "/>
</bind>
</comp>

<comp id="415" class="1004" name="xor_ln66_4_fu_415">
<pin_list>
<pin id="416" dir="0" index="0" bw="1" slack="0"/>
<pin id="417" dir="0" index="1" bw="1" slack="0"/>
<pin id="418" dir="1" index="2" bw="1" slack="0"/>
</pin_list>
<bind>
<opcode="xor(25) " fcode="xor"/>
<opset="xor_ln66_4/3 "/>
</bind>
</comp>

<comp id="421" class="1004" name="select_ln0_3_fu_421">
<pin_list>
<pin id="422" dir="0" index="0" bw="1" slack="0"/>
<pin id="423" dir="0" index="1" bw="16" slack="0"/>
<pin id="424" dir="0" index="2" bw="16" slack="0"/>
<pin id="425" dir="1" index="3" bw="16" slack="0"/>
</pin_list>
<bind>
<opcode="select(49) " fcode="select"/>
<opset="select_ln0_3/3 "/>
</bind>
</comp>

<comp id="429" class="1004" name="icmp_ln66_5_fu_429">
<pin_list>
<pin id="430" dir="0" index="0" bw="16" slack="0"/>
<pin id="431" dir="0" index="1" bw="16" slack="0"/>
<pin id="432" dir="1" index="2" bw="1" slack="0"/>
</pin_list>
<bind>
<opcode="icmp(45) " fcode="icmp"/>
<opset="icmp_ln66_5/3 "/>
</bind>
</comp>

<comp id="435" class="1004" name="xor_ln66_5_fu_435">
<pin_list>
<pin id="436" dir="0" index="0" bw="1" slack="0"/>
<pin id="437" dir="0" index="1" bw="1" slack="0"/>
<pin id="438" dir="1" index="2" bw="1" slack="0"/>
</pin_list>
<bind>
<opcode="xor(25) " fcode="xor"/>
<opset="xor_ln66_5/3 "/>
</bind>
</comp>

<comp id="441" class="1004" name="res_pack_1_fu_441">
<pin_list>
<pin id="442" dir="0" index="0" bw="1" slack="0"/>
<pin id="443" dir="0" index="1" bw="16" slack="0"/>
<pin id="444" dir="0" index="2" bw="16" slack="0"/>
<pin id="445" dir="1" index="3" bw="16" slack="1"/>
</pin_list>
<bind>
<opcode="select(49) " fcode="select"/>
<opset="res_pack_1/3 "/>
</bind>
</comp>

<comp id="449" class="1004" name="void_compute_pool_buffer_2d_array_const_ap_shift_reg_n_filt_stream_kernel_20_load_fu_449">
<pin_list>
<pin id="450" dir="0" index="0" bw="16" slack="0"/>
<pin id="451" dir="1" index="1" bw="16" slack="0"/>
</pin_list>
<bind>
<opcode="load(27) " fcode="load"/>
<opset="void_compute_pool_buffer_2d_array_const_ap_shift_reg_n_filt_stream_kernel_20/3 "/>
</bind>
</comp>

<comp id="453" class="1004" name="void_compute_pool_buffer_2d_array_const_ap_shift_reg_n_filt_stream_kernel_21_load_fu_453">
<pin_list>
<pin id="454" dir="0" index="0" bw="16" slack="0"/>
<pin id="455" dir="1" index="1" bw="16" slack="0"/>
</pin_list>
<bind>
<opcode="load(27) " fcode="load"/>
<opset="void_compute_pool_buffer_2d_array_const_ap_shift_reg_n_filt_stream_kernel_21/3 "/>
</bind>
</comp>

<comp id="457" class="1004" name="p_ZZN4nnet22compute_pool_buffer_2dINS_5arrayI8ap_fixedILi16ELi6EL9ap_q_mode5EL9ap_12_load_fu_457">
<pin_list>
<pin id="458" dir="0" index="0" bw="16" slack="0"/>
<pin id="459" dir="1" index="1" bw="16" slack="0"/>
</pin_list>
<bind>
<opcode="load(27) " fcode="load"/>
<opset="p_ZZN4nnet22compute_pool_buffer_2dINS_5arrayI8ap_fixedILi16ELi6EL9ap_q_mode5EL9ap_12/3 "/>
</bind>
</comp>

<comp id="461" class="1004" name="p_ZZN4nnet22compute_pool_buffer_2dINS_5arrayI8ap_fixedILi16ELi6EL9ap_q_mode5EL9ap_13_load_fu_461">
<pin_list>
<pin id="462" dir="0" index="0" bw="16" slack="0"/>
<pin id="463" dir="1" index="1" bw="16" slack="0"/>
</pin_list>
<bind>
<opcode="load(27) " fcode="load"/>
<opset="p_ZZN4nnet22compute_pool_buffer_2dINS_5arrayI8ap_fixedILi16ELi6EL9ap_q_mode5EL9ap_13/3 "/>
</bind>
</comp>

<comp id="465" class="1004" name="icmp_ln66_6_fu_465">
<pin_list>
<pin id="466" dir="0" index="0" bw="16" slack="0"/>
<pin id="467" dir="0" index="1" bw="16" slack="0"/>
<pin id="468" dir="1" index="2" bw="1" slack="0"/>
</pin_list>
<bind>
<opcode="icmp(45) " fcode="icmp"/>
<opset="icmp_ln66_6/3 "/>
</bind>
</comp>

<comp id="471" class="1004" name="xor_ln66_6_fu_471">
<pin_list>
<pin id="472" dir="0" index="0" bw="1" slack="0"/>
<pin id="473" dir="0" index="1" bw="1" slack="0"/>
<pin id="474" dir="1" index="2" bw="1" slack="0"/>
</pin_list>
<bind>
<opcode="xor(25) " fcode="xor"/>
<opset="xor_ln66_6/3 "/>
</bind>
</comp>

<comp id="477" class="1004" name="select_ln0_4_fu_477">
<pin_list>
<pin id="478" dir="0" index="0" bw="1" slack="0"/>
<pin id="479" dir="0" index="1" bw="16" slack="0"/>
<pin id="480" dir="0" index="2" bw="16" slack="0"/>
<pin id="481" dir="1" index="3" bw="16" slack="0"/>
</pin_list>
<bind>
<opcode="select(49) " fcode="select"/>
<opset="select_ln0_4/3 "/>
</bind>
</comp>

<comp id="485" class="1004" name="icmp_ln66_7_fu_485">
<pin_list>
<pin id="486" dir="0" index="0" bw="16" slack="0"/>
<pin id="487" dir="0" index="1" bw="16" slack="0"/>
<pin id="488" dir="1" index="2" bw="1" slack="0"/>
</pin_list>
<bind>
<opcode="icmp(45) " fcode="icmp"/>
<opset="icmp_ln66_7/3 "/>
</bind>
</comp>

<comp id="491" class="1004" name="xor_ln66_7_fu_491">
<pin_list>
<pin id="492" dir="0" index="0" bw="1" slack="0"/>
<pin id="493" dir="0" index="1" bw="1" slack="0"/>
<pin id="494" dir="1" index="2" bw="1" slack="0"/>
</pin_list>
<bind>
<opcode="xor(25) " fcode="xor"/>
<opset="xor_ln66_7/3 "/>
</bind>
</comp>

<comp id="497" class="1004" name="select_ln0_5_fu_497">
<pin_list>
<pin id="498" dir="0" index="0" bw="1" slack="0"/>
<pin id="499" dir="0" index="1" bw="16" slack="0"/>
<pin id="500" dir="0" index="2" bw="16" slack="0"/>
<pin id="501" dir="1" index="3" bw="16" slack="0"/>
</pin_list>
<bind>
<opcode="select(49) " fcode="select"/>
<opset="select_ln0_5/3 "/>
</bind>
</comp>

<comp id="505" class="1004" name="icmp_ln66_8_fu_505">
<pin_list>
<pin id="506" dir="0" index="0" bw="16" slack="0"/>
<pin id="507" dir="0" index="1" bw="16" slack="0"/>
<pin id="508" dir="1" index="2" bw="1" slack="0"/>
</pin_list>
<bind>
<opcode="icmp(45) " fcode="icmp"/>
<opset="icmp_ln66_8/3 "/>
</bind>
</comp>

<comp id="511" class="1004" name="xor_ln66_8_fu_511">
<pin_list>
<pin id="512" dir="0" index="0" bw="1" slack="0"/>
<pin id="513" dir="0" index="1" bw="1" slack="0"/>
<pin id="514" dir="1" index="2" bw="1" slack="0"/>
</pin_list>
<bind>
<opcode="xor(25) " fcode="xor"/>
<opset="xor_ln66_8/3 "/>
</bind>
</comp>

<comp id="517" class="1004" name="res_pack_2_fu_517">
<pin_list>
<pin id="518" dir="0" index="0" bw="1" slack="0"/>
<pin id="519" dir="0" index="1" bw="16" slack="0"/>
<pin id="520" dir="0" index="2" bw="16" slack="0"/>
<pin id="521" dir="1" index="3" bw="16" slack="1"/>
</pin_list>
<bind>
<opcode="select(49) " fcode="select"/>
<opset="res_pack_2/3 "/>
</bind>
</comp>

<comp id="525" class="1004" name="void_compute_pool_buffer_2d_array_const_ap_shift_reg_n_filt_stream_kernel_22_load_fu_525">
<pin_list>
<pin id="526" dir="0" index="0" bw="16" slack="0"/>
<pin id="527" dir="1" index="1" bw="16" slack="0"/>
</pin_list>
<bind>
<opcode="load(27) " fcode="load"/>
<opset="void_compute_pool_buffer_2d_array_const_ap_shift_reg_n_filt_stream_kernel_22/3 "/>
</bind>
</comp>

<comp id="529" class="1004" name="void_compute_pool_buffer_2d_array_const_ap_shift_reg_n_filt_stream_kernel_23_load_fu_529">
<pin_list>
<pin id="530" dir="0" index="0" bw="16" slack="0"/>
<pin id="531" dir="1" index="1" bw="16" slack="0"/>
</pin_list>
<bind>
<opcode="load(27) " fcode="load"/>
<opset="void_compute_pool_buffer_2d_array_const_ap_shift_reg_n_filt_stream_kernel_23/3 "/>
</bind>
</comp>

<comp id="533" class="1004" name="p_ZZN4nnet22compute_pool_buffer_2dINS_5arrayI8ap_fixedILi16ELi6EL9ap_q_mode5EL9ap_14_load_fu_533">
<pin_list>
<pin id="534" dir="0" index="0" bw="16" slack="0"/>
<pin id="535" dir="1" index="1" bw="16" slack="0"/>
</pin_list>
<bind>
<opcode="load(27) " fcode="load"/>
<opset="p_ZZN4nnet22compute_pool_buffer_2dINS_5arrayI8ap_fixedILi16ELi6EL9ap_q_mode5EL9ap_14/3 "/>
</bind>
</comp>

<comp id="537" class="1004" name="p_ZZN4nnet22compute_pool_buffer_2dINS_5arrayI8ap_fixedILi16ELi6EL9ap_q_mode5EL9ap_15_load_fu_537">
<pin_list>
<pin id="538" dir="0" index="0" bw="16" slack="0"/>
<pin id="539" dir="1" index="1" bw="16" slack="0"/>
</pin_list>
<bind>
<opcode="load(27) " fcode="load"/>
<opset="p_ZZN4nnet22compute_pool_buffer_2dINS_5arrayI8ap_fixedILi16ELi6EL9ap_q_mode5EL9ap_15/3 "/>
</bind>
</comp>

<comp id="541" class="1004" name="icmp_ln66_9_fu_541">
<pin_list>
<pin id="542" dir="0" index="0" bw="16" slack="0"/>
<pin id="543" dir="0" index="1" bw="16" slack="0"/>
<pin id="544" dir="1" index="2" bw="1" slack="0"/>
</pin_list>
<bind>
<opcode="icmp(45) " fcode="icmp"/>
<opset="icmp_ln66_9/3 "/>
</bind>
</comp>

<comp id="547" class="1004" name="xor_ln66_9_fu_547">
<pin_list>
<pin id="548" dir="0" index="0" bw="1" slack="0"/>
<pin id="549" dir="0" index="1" bw="1" slack="0"/>
<pin id="550" dir="1" index="2" bw="1" slack="0"/>
</pin_list>
<bind>
<opcode="xor(25) " fcode="xor"/>
<opset="xor_ln66_9/3 "/>
</bind>
</comp>

<comp id="553" class="1004" name="select_ln0_6_fu_553">
<pin_list>
<pin id="554" dir="0" index="0" bw="1" slack="0"/>
<pin id="555" dir="0" index="1" bw="16" slack="0"/>
<pin id="556" dir="0" index="2" bw="16" slack="0"/>
<pin id="557" dir="1" index="3" bw="16" slack="0"/>
</pin_list>
<bind>
<opcode="select(49) " fcode="select"/>
<opset="select_ln0_6/3 "/>
</bind>
</comp>

<comp id="561" class="1004" name="icmp_ln66_10_fu_561">
<pin_list>
<pin id="562" dir="0" index="0" bw="16" slack="0"/>
<pin id="563" dir="0" index="1" bw="16" slack="0"/>
<pin id="564" dir="1" index="2" bw="1" slack="0"/>
</pin_list>
<bind>
<opcode="icmp(45) " fcode="icmp"/>
<opset="icmp_ln66_10/3 "/>
</bind>
</comp>

<comp id="567" class="1004" name="xor_ln66_10_fu_567">
<pin_list>
<pin id="568" dir="0" index="0" bw="1" slack="0"/>
<pin id="569" dir="0" index="1" bw="1" slack="0"/>
<pin id="570" dir="1" index="2" bw="1" slack="0"/>
</pin_list>
<bind>
<opcode="xor(25) " fcode="xor"/>
<opset="xor_ln66_10/3 "/>
</bind>
</comp>

<comp id="573" class="1004" name="select_ln0_7_fu_573">
<pin_list>
<pin id="574" dir="0" index="0" bw="1" slack="0"/>
<pin id="575" dir="0" index="1" bw="16" slack="0"/>
<pin id="576" dir="0" index="2" bw="16" slack="0"/>
<pin id="577" dir="1" index="3" bw="16" slack="0"/>
</pin_list>
<bind>
<opcode="select(49) " fcode="select"/>
<opset="select_ln0_7/3 "/>
</bind>
</comp>

<comp id="581" class="1004" name="icmp_ln66_11_fu_581">
<pin_list>
<pin id="582" dir="0" index="0" bw="16" slack="0"/>
<pin id="583" dir="0" index="1" bw="16" slack="0"/>
<pin id="584" dir="1" index="2" bw="1" slack="0"/>
</pin_list>
<bind>
<opcode="icmp(45) " fcode="icmp"/>
<opset="icmp_ln66_11/3 "/>
</bind>
</comp>

<comp id="587" class="1004" name="xor_ln66_11_fu_587">
<pin_list>
<pin id="588" dir="0" index="0" bw="1" slack="0"/>
<pin id="589" dir="0" index="1" bw="1" slack="0"/>
<pin id="590" dir="1" index="2" bw="1" slack="0"/>
</pin_list>
<bind>
<opcode="xor(25) " fcode="xor"/>
<opset="xor_ln66_11/3 "/>
</bind>
</comp>

<comp id="593" class="1004" name="res_pack_3_fu_593">
<pin_list>
<pin id="594" dir="0" index="0" bw="1" slack="0"/>
<pin id="595" dir="0" index="1" bw="16" slack="0"/>
<pin id="596" dir="0" index="2" bw="16" slack="0"/>
<pin id="597" dir="1" index="3" bw="16" slack="1"/>
</pin_list>
<bind>
<opcode="select(49) " fcode="select"/>
<opset="res_pack_3/3 "/>
</bind>
</comp>

<comp id="601" class="1004" name="add_ln76_fu_601">
<pin_list>
<pin id="602" dir="0" index="0" bw="32" slack="0"/>
<pin id="603" dir="0" index="1" bw="1" slack="0"/>
<pin id="604" dir="1" index="2" bw="32" slack="0"/>
</pin_list>
<bind>
<opcode="add(8) " fcode="add"/>
<opset="add_ln76/3 "/>
</bind>
</comp>

<comp id="607" class="1004" name="icmp_ln76_fu_607">
<pin_list>
<pin id="608" dir="0" index="0" bw="32" slack="0"/>
<pin id="609" dir="0" index="1" bw="32" slack="0"/>
<pin id="610" dir="1" index="2" bw="1" slack="1"/>
</pin_list>
<bind>
<opcode="icmp(45) " fcode="icmp"/>
<opset="icmp_ln76/3 "/>
</bind>
</comp>

<comp id="613" class="1004" name="store_ln89_store_fu_613">
<pin_list>
<pin id="614" dir="0" index="0" bw="32" slack="0"/>
<pin id="615" dir="0" index="1" bw="32" slack="0"/>
<pin id="616" dir="1" index="2" bw="0" slack="2147483647"/>
</pin_list>
<bind>
<opcode="store(28) " fcode="store"/>
<opset="store_ln89/3 "/>
</bind>
</comp>

<comp id="619" class="1004" name="add_ln91_fu_619">
<pin_list>
<pin id="620" dir="0" index="0" bw="32" slack="0"/>
<pin id="621" dir="0" index="1" bw="1" slack="0"/>
<pin id="622" dir="1" index="2" bw="32" slack="0"/>
</pin_list>
<bind>
<opcode="add(8) " fcode="add"/>
<opset="add_ln91/3 "/>
</bind>
</comp>

<comp id="625" class="1004" name="select_ln91_fu_625">
<pin_list>
<pin id="626" dir="0" index="0" bw="1" slack="0"/>
<pin id="627" dir="0" index="1" bw="32" slack="0"/>
<pin id="628" dir="0" index="2" bw="32" slack="0"/>
<pin id="629" dir="1" index="3" bw="32" slack="0"/>
</pin_list>
<bind>
<opcode="select(49) " fcode="select"/>
<opset="select_ln91/3 "/>
</bind>
</comp>

<comp id="633" class="1004" name="store_ln91_store_fu_633">
<pin_list>
<pin id="634" dir="0" index="0" bw="32" slack="0"/>
<pin id="635" dir="0" index="1" bw="32" slack="0"/>
<pin id="636" dir="1" index="2" bw="0" slack="2147483647"/>
</pin_list>
<bind>
<opcode="store(28) " fcode="store"/>
<opset="store_ln91/3 "/>
</bind>
</comp>

<comp id="639" class="1004" name="store_ln78_store_fu_639">
<pin_list>
<pin id="640" dir="0" index="0" bw="1" slack="0"/>
<pin id="641" dir="0" index="1" bw="32" slack="0"/>
<pin id="642" dir="1" index="2" bw="0" slack="2147483647"/>
</pin_list>
<bind>
<opcode="store(28) " fcode="store"/>
<opset="store_ln78/3 "/>
</bind>
</comp>

<comp id="645" class="1004" name="store_ln79_store_fu_645">
<pin_list>
<pin id="646" dir="0" index="0" bw="1" slack="0"/>
<pin id="647" dir="0" index="1" bw="32" slack="0"/>
<pin id="648" dir="1" index="2" bw="0" slack="2147483647"/>
</pin_list>
<bind>
<opcode="store(28) " fcode="store"/>
<opset="store_ln79/3 "/>
</bind>
</comp>

<comp id="651" class="1004" name="pY_load_1_load_fu_651">
<pin_list>
<pin id="652" dir="0" index="0" bw="32" slack="0"/>
<pin id="653" dir="1" index="1" bw="32" slack="0"/>
</pin_list>
<bind>
<opcode="load(27) " fcode="load"/>
<opset="pY_load_1/3 "/>
</bind>
</comp>

<comp id="655" class="1004" name="add_ln80_fu_655">
<pin_list>
<pin id="656" dir="0" index="0" bw="32" slack="0"/>
<pin id="657" dir="0" index="1" bw="1" slack="0"/>
<pin id="658" dir="1" index="2" bw="32" slack="0"/>
</pin_list>
<bind>
<opcode="add(8) " fcode="add"/>
<opset="add_ln80/3 "/>
</bind>
</comp>

<comp id="661" class="1004" name="icmp_ln80_fu_661">
<pin_list>
<pin id="662" dir="0" index="0" bw="32" slack="0"/>
<pin id="663" dir="0" index="1" bw="32" slack="0"/>
<pin id="664" dir="1" index="2" bw="1" slack="1"/>
</pin_list>
<bind>
<opcode="icmp(45) " fcode="icmp"/>
<opset="icmp_ln80/3 "/>
</bind>
</comp>

<comp id="667" class="1004" name="store_ln84_store_fu_667">
<pin_list>
<pin id="668" dir="0" index="0" bw="32" slack="0"/>
<pin id="669" dir="0" index="1" bw="32" slack="0"/>
<pin id="670" dir="1" index="2" bw="0" slack="2147483647"/>
</pin_list>
<bind>
<opcode="store(28) " fcode="store"/>
<opset="store_ln84/3 "/>
</bind>
</comp>

<comp id="673" class="1004" name="sY_load_1_load_fu_673">
<pin_list>
<pin id="674" dir="0" index="0" bw="32" slack="0"/>
<pin id="675" dir="1" index="1" bw="32" slack="0"/>
</pin_list>
<bind>
<opcode="load(27) " fcode="load"/>
<opset="sY_load_1/3 "/>
</bind>
</comp>

<comp id="677" class="1004" name="icmp_ln86_fu_677">
<pin_list>
<pin id="678" dir="0" index="0" bw="32" slack="0"/>
<pin id="679" dir="0" index="1" bw="32" slack="0"/>
<pin id="680" dir="1" index="2" bw="1" slack="0"/>
</pin_list>
<bind>
<opcode="icmp(45) " fcode="icmp"/>
<opset="icmp_ln86/3 "/>
</bind>
</comp>

<comp id="683" class="1004" name="add_ln86_fu_683">
<pin_list>
<pin id="684" dir="0" index="0" bw="32" slack="0"/>
<pin id="685" dir="0" index="1" bw="1" slack="0"/>
<pin id="686" dir="1" index="2" bw="32" slack="0"/>
</pin_list>
<bind>
<opcode="add(8) " fcode="add"/>
<opset="add_ln86/3 "/>
</bind>
</comp>

<comp id="689" class="1004" name="select_ln86_fu_689">
<pin_list>
<pin id="690" dir="0" index="0" bw="1" slack="0"/>
<pin id="691" dir="0" index="1" bw="32" slack="0"/>
<pin id="692" dir="0" index="2" bw="32" slack="0"/>
<pin id="693" dir="1" index="3" bw="32" slack="1"/>
</pin_list>
<bind>
<opcode="select(49) " fcode="select"/>
<opset="select_ln86/3 "/>
</bind>
</comp>

<comp id="697" class="1004" name="store_ln81_store_fu_697">
<pin_list>
<pin id="698" dir="0" index="0" bw="1" slack="0"/>
<pin id="699" dir="0" index="1" bw="32" slack="0"/>
<pin id="700" dir="1" index="2" bw="0" slack="2147483647"/>
</pin_list>
<bind>
<opcode="store(28) " fcode="store"/>
<opset="store_ln81/3 "/>
</bind>
</comp>

<comp id="703" class="1004" name="or_ln72_5_fu_703">
<pin_list>
<pin id="704" dir="0" index="0" bw="64" slack="0"/>
<pin id="705" dir="0" index="1" bw="16" slack="1"/>
<pin id="706" dir="0" index="2" bw="16" slack="1"/>
<pin id="707" dir="0" index="3" bw="16" slack="1"/>
<pin id="708" dir="0" index="4" bw="16" slack="1"/>
<pin id="709" dir="1" index="5" bw="64" slack="0"/>
</pin_list>
<bind>
<opcode="bitconcatenate(1004) " fcode="bitconcatenate"/>
<opset="or_ln72_5/4 "/>
</bind>
</comp>

<comp id="712" class="1004" name="store_ln86_store_fu_712">
<pin_list>
<pin id="713" dir="0" index="0" bw="32" slack="0"/>
<pin id="714" dir="0" index="1" bw="32" slack="0"/>
<pin id="715" dir="1" index="2" bw="0" slack="2147483647"/>
</pin_list>
<bind>
<opcode="store(28) " fcode="store"/>
<opset="store_ln86/4 "/>
</bind>
</comp>

<comp id="718" class="1005" name="indvar_flatten2_reg_718">
<pin_list>
<pin id="719" dir="0" index="0" bw="6" slack="0"/>
<pin id="720" dir="1" index="1" bw="6" slack="0"/>
</pin_list>
<bind>
<opset="indvar_flatten2 "/>
</bind>
</comp>

<comp id="725" class="1005" name="icmp_ln109_reg_725">
<pin_list>
<pin id="726" dir="0" index="0" bw="1" slack="3"/>
<pin id="727" dir="1" index="1" bw="1" slack="2147483647"/>
</pin_list>
<bind>
<opset="icmp_ln109 "/>
</bind>
</comp>

<comp id="729" class="1005" name="icmp_ln55_reg_729">
<pin_list>
<pin id="730" dir="0" index="0" bw="1" slack="1"/>
<pin id="731" dir="1" index="1" bw="1" slack="2147483647"/>
</pin_list>
<bind>
<opset="icmp_ln55 "/>
</bind>
</comp>

<comp id="733" class="1005" name="and_ln55_1_reg_733">
<pin_list>
<pin id="734" dir="0" index="0" bw="1" slack="1"/>
<pin id="735" dir="1" index="1" bw="1" slack="2147483647"/>
</pin_list>
<bind>
<opset="and_ln55_1 "/>
</bind>
</comp>

<comp id="737" class="1005" name="res_pack_reg_737">
<pin_list>
<pin id="738" dir="0" index="0" bw="16" slack="1"/>
<pin id="739" dir="1" index="1" bw="16" slack="1"/>
</pin_list>
<bind>
<opset="res_pack "/>
</bind>
</comp>

<comp id="742" class="1005" name="res_pack_1_reg_742">
<pin_list>
<pin id="743" dir="0" index="0" bw="16" slack="1"/>
<pin id="744" dir="1" index="1" bw="16" slack="1"/>
</pin_list>
<bind>
<opset="res_pack_1 "/>
</bind>
</comp>

<comp id="747" class="1005" name="res_pack_2_reg_747">
<pin_list>
<pin id="748" dir="0" index="0" bw="16" slack="1"/>
<pin id="749" dir="1" index="1" bw="16" slack="1"/>
</pin_list>
<bind>
<opset="res_pack_2 "/>
</bind>
</comp>

<comp id="752" class="1005" name="res_pack_3_reg_752">
<pin_list>
<pin id="753" dir="0" index="0" bw="16" slack="1"/>
<pin id="754" dir="1" index="1" bw="16" slack="1"/>
</pin_list>
<bind>
<opset="res_pack_3 "/>
</bind>
</comp>

<comp id="757" class="1005" name="icmp_ln76_reg_757">
<pin_list>
<pin id="758" dir="0" index="0" bw="1" slack="1"/>
<pin id="759" dir="1" index="1" bw="1" slack="2147483647"/>
</pin_list>
<bind>
<opset="icmp_ln76 "/>
</bind>
</comp>

<comp id="761" class="1005" name="icmp_ln80_reg_761">
<pin_list>
<pin id="762" dir="0" index="0" bw="1" slack="1"/>
<pin id="763" dir="1" index="1" bw="1" slack="2147483647"/>
</pin_list>
<bind>
<opset="icmp_ln80 "/>
</bind>
</comp>

<comp id="765" class="1005" name="select_ln86_reg_765">
<pin_list>
<pin id="766" dir="0" index="0" bw="32" slack="1"/>
<pin id="767" dir="1" index="1" bw="32" slack="1"/>
</pin_list>
<bind>
<opset="select_ln86 "/>
</bind>
</comp>

</comp_list>

<net_list>
<net id="109"><net_src comp="52" pin="0"/><net_sink comp="106" pin=0"/></net>

<net id="114"><net_src comp="70" pin="0"/><net_sink comp="110" pin=0"/></net>

<net id="115"><net_src comp="0" pin="0"/><net_sink comp="110" pin=1"/></net>

<net id="121"><net_src comp="104" pin="0"/><net_sink comp="116" pin=0"/></net>

<net id="122"><net_src comp="2" pin="0"/><net_sink comp="116" pin=1"/></net>

<net id="126"><net_src comp="58" pin="0"/><net_sink comp="123" pin=0"/></net>

<net id="133"><net_src comp="123" pin="1"/><net_sink comp="127" pin=2"/></net>

<net id="161"><net_src comp="86" pin="0"/><net_sink comp="134" pin=0"/></net>

<net id="162"><net_src comp="10" pin="0"/><net_sink comp="134" pin=5"/></net>

<net id="163"><net_src comp="8" pin="0"/><net_sink comp="134" pin=6"/></net>

<net id="164"><net_src comp="18" pin="0"/><net_sink comp="134" pin=7"/></net>

<net id="165"><net_src comp="16" pin="0"/><net_sink comp="134" pin=8"/></net>

<net id="166"><net_src comp="26" pin="0"/><net_sink comp="134" pin=9"/></net>

<net id="167"><net_src comp="24" pin="0"/><net_sink comp="134" pin=10"/></net>

<net id="168"><net_src comp="34" pin="0"/><net_sink comp="134" pin=11"/></net>

<net id="169"><net_src comp="32" pin="0"/><net_sink comp="134" pin=12"/></net>

<net id="170"><net_src comp="14" pin="0"/><net_sink comp="134" pin=13"/></net>

<net id="171"><net_src comp="12" pin="0"/><net_sink comp="134" pin=14"/></net>

<net id="172"><net_src comp="22" pin="0"/><net_sink comp="134" pin=15"/></net>

<net id="173"><net_src comp="20" pin="0"/><net_sink comp="134" pin=16"/></net>

<net id="174"><net_src comp="30" pin="0"/><net_sink comp="134" pin=17"/></net>

<net id="175"><net_src comp="28" pin="0"/><net_sink comp="134" pin=18"/></net>

<net id="176"><net_src comp="38" pin="0"/><net_sink comp="134" pin=19"/></net>

<net id="177"><net_src comp="36" pin="0"/><net_sink comp="134" pin=20"/></net>

<net id="178"><net_src comp="44" pin="0"/><net_sink comp="134" pin=21"/></net>

<net id="179"><net_src comp="46" pin="0"/><net_sink comp="134" pin=22"/></net>

<net id="180"><net_src comp="48" pin="0"/><net_sink comp="134" pin=23"/></net>

<net id="181"><net_src comp="50" pin="0"/><net_sink comp="134" pin=24"/></net>

<net id="186"><net_src comp="64" pin="0"/><net_sink comp="182" pin=0"/></net>

<net id="194"><net_src comp="187" pin="1"/><net_sink comp="190" pin=0"/></net>

<net id="195"><net_src comp="66" pin="0"/><net_sink comp="190" pin=1"/></net>

<net id="200"><net_src comp="187" pin="1"/><net_sink comp="196" pin=0"/></net>

<net id="201"><net_src comp="68" pin="0"/><net_sink comp="196" pin=1"/></net>

<net id="206"><net_src comp="190" pin="2"/><net_sink comp="202" pin=0"/></net>

<net id="210"><net_src comp="110" pin="2"/><net_sink comp="207" pin=0"/></net>

<net id="211"><net_src comp="207" pin="1"/><net_sink comp="134" pin=1"/></net>

<net id="218"><net_src comp="72" pin="0"/><net_sink comp="212" pin=0"/></net>

<net id="219"><net_src comp="110" pin="2"/><net_sink comp="212" pin=1"/></net>

<net id="220"><net_src comp="74" pin="0"/><net_sink comp="212" pin=2"/></net>

<net id="221"><net_src comp="76" pin="0"/><net_sink comp="212" pin=3"/></net>

<net id="222"><net_src comp="212" pin="4"/><net_sink comp="134" pin=2"/></net>

<net id="229"><net_src comp="72" pin="0"/><net_sink comp="223" pin=0"/></net>

<net id="230"><net_src comp="110" pin="2"/><net_sink comp="223" pin=1"/></net>

<net id="231"><net_src comp="78" pin="0"/><net_sink comp="223" pin=2"/></net>

<net id="232"><net_src comp="80" pin="0"/><net_sink comp="223" pin=3"/></net>

<net id="233"><net_src comp="223" pin="4"/><net_sink comp="134" pin=3"/></net>

<net id="240"><net_src comp="72" pin="0"/><net_sink comp="234" pin=0"/></net>

<net id="241"><net_src comp="110" pin="2"/><net_sink comp="234" pin=1"/></net>

<net id="242"><net_src comp="82" pin="0"/><net_sink comp="234" pin=2"/></net>

<net id="243"><net_src comp="84" pin="0"/><net_sink comp="234" pin=3"/></net>

<net id="244"><net_src comp="234" pin="4"/><net_sink comp="134" pin=4"/></net>

<net id="248"><net_src comp="42" pin="0"/><net_sink comp="245" pin=0"/></net>

<net id="253"><net_src comp="245" pin="1"/><net_sink comp="249" pin=0"/></net>

<net id="254"><net_src comp="52" pin="0"/><net_sink comp="249" pin=1"/></net>

<net id="258"><net_src comp="40" pin="0"/><net_sink comp="255" pin=0"/></net>

<net id="262"><net_src comp="4" pin="0"/><net_sink comp="259" pin=0"/></net>

<net id="267"><net_src comp="259" pin="1"/><net_sink comp="263" pin=0"/></net>

<net id="268"><net_src comp="52" pin="0"/><net_sink comp="263" pin=1"/></net>

<net id="272"><net_src comp="6" pin="0"/><net_sink comp="269" pin=0"/></net>

<net id="277"><net_src comp="269" pin="1"/><net_sink comp="273" pin=0"/></net>

<net id="278"><net_src comp="58" pin="0"/><net_sink comp="273" pin=1"/></net>

<net id="283"><net_src comp="255" pin="1"/><net_sink comp="279" pin=0"/></net>

<net id="284"><net_src comp="58" pin="0"/><net_sink comp="279" pin=1"/></net>

<net id="289"><net_src comp="273" pin="2"/><net_sink comp="285" pin=0"/></net>

<net id="290"><net_src comp="279" pin="2"/><net_sink comp="285" pin=1"/></net>

<net id="295"><net_src comp="285" pin="2"/><net_sink comp="291" pin=0"/></net>

<net id="296"><net_src comp="263" pin="2"/><net_sink comp="291" pin=1"/></net>

<net id="300"><net_src comp="8" pin="0"/><net_sink comp="297" pin=0"/></net>

<net id="304"><net_src comp="10" pin="0"/><net_sink comp="301" pin=0"/></net>

<net id="308"><net_src comp="12" pin="0"/><net_sink comp="305" pin=0"/></net>

<net id="312"><net_src comp="14" pin="0"/><net_sink comp="309" pin=0"/></net>

<net id="317"><net_src comp="297" pin="1"/><net_sink comp="313" pin=0"/></net>

<net id="318"><net_src comp="301" pin="1"/><net_sink comp="313" pin=1"/></net>

<net id="323"><net_src comp="313" pin="2"/><net_sink comp="319" pin=0"/></net>

<net id="324"><net_src comp="98" pin="0"/><net_sink comp="319" pin=1"/></net>

<net id="330"><net_src comp="319" pin="2"/><net_sink comp="325" pin=0"/></net>

<net id="331"><net_src comp="297" pin="1"/><net_sink comp="325" pin=1"/></net>

<net id="332"><net_src comp="301" pin="1"/><net_sink comp="325" pin=2"/></net>

<net id="337"><net_src comp="305" pin="1"/><net_sink comp="333" pin=0"/></net>

<net id="338"><net_src comp="309" pin="1"/><net_sink comp="333" pin=1"/></net>

<net id="343"><net_src comp="333" pin="2"/><net_sink comp="339" pin=0"/></net>

<net id="344"><net_src comp="98" pin="0"/><net_sink comp="339" pin=1"/></net>

<net id="350"><net_src comp="339" pin="2"/><net_sink comp="345" pin=0"/></net>

<net id="351"><net_src comp="305" pin="1"/><net_sink comp="345" pin=1"/></net>

<net id="352"><net_src comp="309" pin="1"/><net_sink comp="345" pin=2"/></net>

<net id="357"><net_src comp="325" pin="3"/><net_sink comp="353" pin=0"/></net>

<net id="358"><net_src comp="345" pin="3"/><net_sink comp="353" pin=1"/></net>

<net id="363"><net_src comp="353" pin="2"/><net_sink comp="359" pin=0"/></net>

<net id="364"><net_src comp="98" pin="0"/><net_sink comp="359" pin=1"/></net>

<net id="370"><net_src comp="359" pin="2"/><net_sink comp="365" pin=0"/></net>

<net id="371"><net_src comp="325" pin="3"/><net_sink comp="365" pin=1"/></net>

<net id="372"><net_src comp="345" pin="3"/><net_sink comp="365" pin=2"/></net>

<net id="376"><net_src comp="16" pin="0"/><net_sink comp="373" pin=0"/></net>

<net id="380"><net_src comp="18" pin="0"/><net_sink comp="377" pin=0"/></net>

<net id="384"><net_src comp="20" pin="0"/><net_sink comp="381" pin=0"/></net>

<net id="388"><net_src comp="22" pin="0"/><net_sink comp="385" pin=0"/></net>

<net id="393"><net_src comp="373" pin="1"/><net_sink comp="389" pin=0"/></net>

<net id="394"><net_src comp="377" pin="1"/><net_sink comp="389" pin=1"/></net>

<net id="399"><net_src comp="389" pin="2"/><net_sink comp="395" pin=0"/></net>

<net id="400"><net_src comp="98" pin="0"/><net_sink comp="395" pin=1"/></net>

<net id="406"><net_src comp="395" pin="2"/><net_sink comp="401" pin=0"/></net>

<net id="407"><net_src comp="373" pin="1"/><net_sink comp="401" pin=1"/></net>

<net id="408"><net_src comp="377" pin="1"/><net_sink comp="401" pin=2"/></net>

<net id="413"><net_src comp="381" pin="1"/><net_sink comp="409" pin=0"/></net>

<net id="414"><net_src comp="385" pin="1"/><net_sink comp="409" pin=1"/></net>

<net id="419"><net_src comp="409" pin="2"/><net_sink comp="415" pin=0"/></net>

<net id="420"><net_src comp="98" pin="0"/><net_sink comp="415" pin=1"/></net>

<net id="426"><net_src comp="415" pin="2"/><net_sink comp="421" pin=0"/></net>

<net id="427"><net_src comp="381" pin="1"/><net_sink comp="421" pin=1"/></net>

<net id="428"><net_src comp="385" pin="1"/><net_sink comp="421" pin=2"/></net>

<net id="433"><net_src comp="401" pin="3"/><net_sink comp="429" pin=0"/></net>

<net id="434"><net_src comp="421" pin="3"/><net_sink comp="429" pin=1"/></net>

<net id="439"><net_src comp="429" pin="2"/><net_sink comp="435" pin=0"/></net>

<net id="440"><net_src comp="98" pin="0"/><net_sink comp="435" pin=1"/></net>

<net id="446"><net_src comp="435" pin="2"/><net_sink comp="441" pin=0"/></net>

<net id="447"><net_src comp="401" pin="3"/><net_sink comp="441" pin=1"/></net>

<net id="448"><net_src comp="421" pin="3"/><net_sink comp="441" pin=2"/></net>

<net id="452"><net_src comp="24" pin="0"/><net_sink comp="449" pin=0"/></net>

<net id="456"><net_src comp="26" pin="0"/><net_sink comp="453" pin=0"/></net>

<net id="460"><net_src comp="28" pin="0"/><net_sink comp="457" pin=0"/></net>

<net id="464"><net_src comp="30" pin="0"/><net_sink comp="461" pin=0"/></net>

<net id="469"><net_src comp="449" pin="1"/><net_sink comp="465" pin=0"/></net>

<net id="470"><net_src comp="453" pin="1"/><net_sink comp="465" pin=1"/></net>

<net id="475"><net_src comp="465" pin="2"/><net_sink comp="471" pin=0"/></net>

<net id="476"><net_src comp="98" pin="0"/><net_sink comp="471" pin=1"/></net>

<net id="482"><net_src comp="471" pin="2"/><net_sink comp="477" pin=0"/></net>

<net id="483"><net_src comp="449" pin="1"/><net_sink comp="477" pin=1"/></net>

<net id="484"><net_src comp="453" pin="1"/><net_sink comp="477" pin=2"/></net>

<net id="489"><net_src comp="457" pin="1"/><net_sink comp="485" pin=0"/></net>

<net id="490"><net_src comp="461" pin="1"/><net_sink comp="485" pin=1"/></net>

<net id="495"><net_src comp="485" pin="2"/><net_sink comp="491" pin=0"/></net>

<net id="496"><net_src comp="98" pin="0"/><net_sink comp="491" pin=1"/></net>

<net id="502"><net_src comp="491" pin="2"/><net_sink comp="497" pin=0"/></net>

<net id="503"><net_src comp="457" pin="1"/><net_sink comp="497" pin=1"/></net>

<net id="504"><net_src comp="461" pin="1"/><net_sink comp="497" pin=2"/></net>

<net id="509"><net_src comp="477" pin="3"/><net_sink comp="505" pin=0"/></net>

<net id="510"><net_src comp="497" pin="3"/><net_sink comp="505" pin=1"/></net>

<net id="515"><net_src comp="505" pin="2"/><net_sink comp="511" pin=0"/></net>

<net id="516"><net_src comp="98" pin="0"/><net_sink comp="511" pin=1"/></net>

<net id="522"><net_src comp="511" pin="2"/><net_sink comp="517" pin=0"/></net>

<net id="523"><net_src comp="477" pin="3"/><net_sink comp="517" pin=1"/></net>

<net id="524"><net_src comp="497" pin="3"/><net_sink comp="517" pin=2"/></net>

<net id="528"><net_src comp="32" pin="0"/><net_sink comp="525" pin=0"/></net>

<net id="532"><net_src comp="34" pin="0"/><net_sink comp="529" pin=0"/></net>

<net id="536"><net_src comp="36" pin="0"/><net_sink comp="533" pin=0"/></net>

<net id="540"><net_src comp="38" pin="0"/><net_sink comp="537" pin=0"/></net>

<net id="545"><net_src comp="525" pin="1"/><net_sink comp="541" pin=0"/></net>

<net id="546"><net_src comp="529" pin="1"/><net_sink comp="541" pin=1"/></net>

<net id="551"><net_src comp="541" pin="2"/><net_sink comp="547" pin=0"/></net>

<net id="552"><net_src comp="98" pin="0"/><net_sink comp="547" pin=1"/></net>

<net id="558"><net_src comp="547" pin="2"/><net_sink comp="553" pin=0"/></net>

<net id="559"><net_src comp="525" pin="1"/><net_sink comp="553" pin=1"/></net>

<net id="560"><net_src comp="529" pin="1"/><net_sink comp="553" pin=2"/></net>

<net id="565"><net_src comp="533" pin="1"/><net_sink comp="561" pin=0"/></net>

<net id="566"><net_src comp="537" pin="1"/><net_sink comp="561" pin=1"/></net>

<net id="571"><net_src comp="561" pin="2"/><net_sink comp="567" pin=0"/></net>

<net id="572"><net_src comp="98" pin="0"/><net_sink comp="567" pin=1"/></net>

<net id="578"><net_src comp="567" pin="2"/><net_sink comp="573" pin=0"/></net>

<net id="579"><net_src comp="533" pin="1"/><net_sink comp="573" pin=1"/></net>

<net id="580"><net_src comp="537" pin="1"/><net_sink comp="573" pin=2"/></net>

<net id="585"><net_src comp="553" pin="3"/><net_sink comp="581" pin=0"/></net>

<net id="586"><net_src comp="573" pin="3"/><net_sink comp="581" pin=1"/></net>

<net id="591"><net_src comp="581" pin="2"/><net_sink comp="587" pin=0"/></net>

<net id="592"><net_src comp="98" pin="0"/><net_sink comp="587" pin=1"/></net>

<net id="598"><net_src comp="587" pin="2"/><net_sink comp="593" pin=0"/></net>

<net id="599"><net_src comp="553" pin="3"/><net_sink comp="593" pin=1"/></net>

<net id="600"><net_src comp="573" pin="3"/><net_sink comp="593" pin=2"/></net>

<net id="605"><net_src comp="255" pin="1"/><net_sink comp="601" pin=0"/></net>

<net id="606"><net_src comp="52" pin="0"/><net_sink comp="601" pin=1"/></net>

<net id="611"><net_src comp="601" pin="2"/><net_sink comp="607" pin=0"/></net>

<net id="612"><net_src comp="100" pin="0"/><net_sink comp="607" pin=1"/></net>

<net id="617"><net_src comp="601" pin="2"/><net_sink comp="613" pin=0"/></net>

<net id="618"><net_src comp="40" pin="0"/><net_sink comp="613" pin=1"/></net>

<net id="623"><net_src comp="245" pin="1"/><net_sink comp="619" pin=0"/></net>

<net id="624"><net_src comp="52" pin="0"/><net_sink comp="619" pin=1"/></net>

<net id="630"><net_src comp="249" pin="2"/><net_sink comp="625" pin=0"/></net>

<net id="631"><net_src comp="58" pin="0"/><net_sink comp="625" pin=1"/></net>

<net id="632"><net_src comp="619" pin="2"/><net_sink comp="625" pin=2"/></net>

<net id="637"><net_src comp="625" pin="3"/><net_sink comp="633" pin=0"/></net>

<net id="638"><net_src comp="42" pin="0"/><net_sink comp="633" pin=1"/></net>

<net id="643"><net_src comp="58" pin="0"/><net_sink comp="639" pin=0"/></net>

<net id="644"><net_src comp="40" pin="0"/><net_sink comp="639" pin=1"/></net>

<net id="649"><net_src comp="58" pin="0"/><net_sink comp="645" pin=0"/></net>

<net id="650"><net_src comp="42" pin="0"/><net_sink comp="645" pin=1"/></net>

<net id="654"><net_src comp="6" pin="0"/><net_sink comp="651" pin=0"/></net>

<net id="659"><net_src comp="651" pin="1"/><net_sink comp="655" pin=0"/></net>

<net id="660"><net_src comp="52" pin="0"/><net_sink comp="655" pin=1"/></net>

<net id="665"><net_src comp="655" pin="2"/><net_sink comp="661" pin=0"/></net>

<net id="666"><net_src comp="100" pin="0"/><net_sink comp="661" pin=1"/></net>

<net id="671"><net_src comp="655" pin="2"/><net_sink comp="667" pin=0"/></net>

<net id="672"><net_src comp="6" pin="0"/><net_sink comp="667" pin=1"/></net>

<net id="676"><net_src comp="4" pin="0"/><net_sink comp="673" pin=0"/></net>

<net id="681"><net_src comp="673" pin="1"/><net_sink comp="677" pin=0"/></net>

<net id="682"><net_src comp="52" pin="0"/><net_sink comp="677" pin=1"/></net>

<net id="687"><net_src comp="673" pin="1"/><net_sink comp="683" pin=0"/></net>

<net id="688"><net_src comp="52" pin="0"/><net_sink comp="683" pin=1"/></net>

<net id="694"><net_src comp="677" pin="2"/><net_sink comp="689" pin=0"/></net>

<net id="695"><net_src comp="58" pin="0"/><net_sink comp="689" pin=1"/></net>

<net id="696"><net_src comp="683" pin="2"/><net_sink comp="689" pin=2"/></net>

<net id="701"><net_src comp="58" pin="0"/><net_sink comp="697" pin=0"/></net>

<net id="702"><net_src comp="6" pin="0"/><net_sink comp="697" pin=1"/></net>

<net id="710"><net_src comp="102" pin="0"/><net_sink comp="703" pin=0"/></net>

<net id="711"><net_src comp="703" pin="5"/><net_sink comp="116" pin=2"/></net>

<net id="716"><net_src comp="127" pin="4"/><net_sink comp="712" pin=0"/></net>

<net id="717"><net_src comp="4" pin="0"/><net_sink comp="712" pin=1"/></net>

<net id="721"><net_src comp="106" pin="1"/><net_sink comp="718" pin=0"/></net>

<net id="722"><net_src comp="718" pin="1"/><net_sink comp="182" pin=1"/></net>

<net id="723"><net_src comp="718" pin="1"/><net_sink comp="187" pin=0"/></net>

<net id="724"><net_src comp="718" pin="1"/><net_sink comp="202" pin=1"/></net>

<net id="728"><net_src comp="196" pin="2"/><net_sink comp="725" pin=0"/></net>

<net id="732"><net_src comp="249" pin="2"/><net_sink comp="729" pin=0"/></net>

<net id="736"><net_src comp="291" pin="2"/><net_sink comp="733" pin=0"/></net>

<net id="740"><net_src comp="365" pin="3"/><net_sink comp="737" pin=0"/></net>

<net id="741"><net_src comp="737" pin="1"/><net_sink comp="703" pin=4"/></net>

<net id="745"><net_src comp="441" pin="3"/><net_sink comp="742" pin=0"/></net>

<net id="746"><net_src comp="742" pin="1"/><net_sink comp="703" pin=3"/></net>

<net id="750"><net_src comp="517" pin="3"/><net_sink comp="747" pin=0"/></net>

<net id="751"><net_src comp="747" pin="1"/><net_sink comp="703" pin=2"/></net>

<net id="755"><net_src comp="593" pin="3"/><net_sink comp="752" pin=0"/></net>

<net id="756"><net_src comp="752" pin="1"/><net_sink comp="703" pin=1"/></net>

<net id="760"><net_src comp="607" pin="2"/><net_sink comp="757" pin=0"/></net>

<net id="764"><net_src comp="661" pin="2"/><net_sink comp="761" pin=0"/></net>

<net id="768"><net_src comp="689" pin="3"/><net_sink comp="765" pin=0"/></net>

<net id="769"><net_src comp="765" pin="1"/><net_sink comp="127" pin=0"/></net>

</net_list>

</model> 
---------------- Datapath Model END ------------------

* FSMD analyzer results:
  - Output states:
	Port: layer4_out | {4 }
	Port: sY | {4 }
	Port: pY | {3 }
	Port: void_compute_pool_buffer_2d_array_const_ap_shift_reg_n_filt_stream_kernel_9 | {2 }
	Port: void_compute_pool_buffer_2d_array_const_ap_shift_reg_n_filt_stream_kernel_2 | {2 }
	Port: void_compute_pool_buffer_2d_array_const_ap_shift_reg_n_filt_stream_kernel_7 | {2 }
	Port: p_ZZN4nnet22compute_pool_buffer_2dINS_5arrayI8ap_fixedILi16ELi6EL9ap_q_mode5EL9ap_3 | {2 }
	Port: void_compute_pool_buffer_2d_array_const_ap_shift_reg_n_filt_stream_kernel_5 | {2 }
	Port: void_compute_pool_buffer_2d_array_const_ap_shift_reg_n_filt_stream_kernel_1 | {2 }
	Port: void_compute_pool_buffer_2d_array_const_ap_shift_reg_n_filt_stream_kernel_6 | {2 }
	Port: p_ZZN4nnet22compute_pool_buffer_2dINS_5arrayI8ap_fixedILi16ELi6EL9ap_q_mode5EL9ap_2 | {2 }
	Port: void_compute_pool_buffer_2d_array_const_ap_shift_reg_n_filt_stream_kernel_4 | {2 }
	Port: void_compute_pool_buffer_2d_array_const_ap_shift_reg_n_filt_stream_kernel | {2 }
	Port: p_ZZN4nnet22compute_pool_buffer_2dINS_5arrayI8ap_fixedILi16ELi6EL9ap_q_mode5EL9ap_5 | {2 }
	Port: p_ZZN4nnet22compute_pool_buffer_2dINS_5arrayI8ap_fixedILi16ELi6EL9ap_q_mode5EL9ap_1 | {2 }
	Port: void_compute_pool_buffer_2d_array_const_ap_shift_reg_n_filt_stream_kernel_3 | {2 }
	Port: void_compute_pool_buffer_2d_array_const_ap_shift_reg_n_filt_stream_kernel_8 | {2 }
	Port: p_ZZN4nnet22compute_pool_buffer_2dINS_5arrayI8ap_fixedILi16ELi6EL9ap_q_mode5EL9ap_4 | {2 }
	Port: p_ZZN4nnet22compute_pool_buffer_2dINS_5arrayI8ap_fixedILi16ELi6EL9ap_q_mode5EL9ap | {2 }
	Port: pX | {3 }
	Port: sX | {3 }
	Port: void_pooling2d_cl_stream_stream_array_ap_fixed_4u_0_line_buffer_3 | {2 }
	Port: void_pooling2d_cl_stream_stream_array_ap_fixed_4u_0_line_buffer_2 | {2 }
	Port: void_pooling2d_cl_stream_stream_array_ap_fixed_4u_0_line_buffer_1 | {2 }
	Port: void_pooling2d_cl_stream_stream_array_ap_fixed_4u_0_line_buffer | {2 }
 - Input state : 
	Port: pooling2d_cl<array<ap_fixed,4u>,array<ap_fixed<16,6,5,3,0>,4u>,config4> : layer3_out | {2 }
	Port: pooling2d_cl<array<ap_fixed,4u>,array<ap_fixed<16,6,5,3,0>,4u>,config4> : sY | {3 }
	Port: pooling2d_cl<array<ap_fixed,4u>,array<ap_fixed<16,6,5,3,0>,4u>,config4> : pY | {3 }
	Port: pooling2d_cl<array<ap_fixed,4u>,array<ap_fixed<16,6,5,3,0>,4u>,config4> : void_compute_pool_buffer_2d_array_const_ap_shift_reg_n_filt_stream_kernel_9 | {3 }
	Port: pooling2d_cl<array<ap_fixed,4u>,array<ap_fixed<16,6,5,3,0>,4u>,config4> : void_compute_pool_buffer_2d_array_const_ap_shift_reg_n_filt_stream_kernel_2 | {2 3 }
	Port: pooling2d_cl<array<ap_fixed,4u>,array<ap_fixed<16,6,5,3,0>,4u>,config4> : void_compute_pool_buffer_2d_array_const_ap_shift_reg_n_filt_stream_kernel_7 | {3 }
	Port: pooling2d_cl<array<ap_fixed,4u>,array<ap_fixed<16,6,5,3,0>,4u>,config4> : p_ZZN4nnet22compute_pool_buffer_2dINS_5arrayI8ap_fixedILi16ELi6EL9ap_q_mode5EL9ap_3 | {2 3 }
	Port: pooling2d_cl<array<ap_fixed,4u>,array<ap_fixed<16,6,5,3,0>,4u>,config4> : void_compute_pool_buffer_2d_array_const_ap_shift_reg_n_filt_stream_kernel_5 | {3 }
	Port: pooling2d_cl<array<ap_fixed,4u>,array<ap_fixed<16,6,5,3,0>,4u>,config4> : void_compute_pool_buffer_2d_array_const_ap_shift_reg_n_filt_stream_kernel_1 | {2 3 }
	Port: pooling2d_cl<array<ap_fixed,4u>,array<ap_fixed<16,6,5,3,0>,4u>,config4> : void_compute_pool_buffer_2d_array_const_ap_shift_reg_n_filt_stream_kernel_6 | {3 }
	Port: pooling2d_cl<array<ap_fixed,4u>,array<ap_fixed<16,6,5,3,0>,4u>,config4> : p_ZZN4nnet22compute_pool_buffer_2dINS_5arrayI8ap_fixedILi16ELi6EL9ap_q_mode5EL9ap_2 | {2 3 }
	Port: pooling2d_cl<array<ap_fixed,4u>,array<ap_fixed<16,6,5,3,0>,4u>,config4> : void_compute_pool_buffer_2d_array_const_ap_shift_reg_n_filt_stream_kernel_4 | {3 }
	Port: pooling2d_cl<array<ap_fixed,4u>,array<ap_fixed<16,6,5,3,0>,4u>,config4> : void_compute_pool_buffer_2d_array_const_ap_shift_reg_n_filt_stream_kernel | {2 3 }
	Port: pooling2d_cl<array<ap_fixed,4u>,array<ap_fixed<16,6,5,3,0>,4u>,config4> : p_ZZN4nnet22compute_pool_buffer_2dINS_5arrayI8ap_fixedILi16ELi6EL9ap_q_mode5EL9ap_5 | {3 }
	Port: pooling2d_cl<array<ap_fixed,4u>,array<ap_fixed<16,6,5,3,0>,4u>,config4> : p_ZZN4nnet22compute_pool_buffer_2dINS_5arrayI8ap_fixedILi16ELi6EL9ap_q_mode5EL9ap_1 | {2 3 }
	Port: pooling2d_cl<array<ap_fixed,4u>,array<ap_fixed<16,6,5,3,0>,4u>,config4> : void_compute_pool_buffer_2d_array_const_ap_shift_reg_n_filt_stream_kernel_3 | {3 }
	Port: pooling2d_cl<array<ap_fixed,4u>,array<ap_fixed<16,6,5,3,0>,4u>,config4> : void_compute_pool_buffer_2d_array_const_ap_shift_reg_n_filt_stream_kernel_8 | {2 3 }
	Port: pooling2d_cl<array<ap_fixed,4u>,array<ap_fixed<16,6,5,3,0>,4u>,config4> : p_ZZN4nnet22compute_pool_buffer_2dINS_5arrayI8ap_fixedILi16ELi6EL9ap_q_mode5EL9ap_4 | {3 }
	Port: pooling2d_cl<array<ap_fixed,4u>,array<ap_fixed<16,6,5,3,0>,4u>,config4> : p_ZZN4nnet22compute_pool_buffer_2dINS_5arrayI8ap_fixedILi16ELi6EL9ap_q_mode5EL9ap | {2 3 }
	Port: pooling2d_cl<array<ap_fixed,4u>,array<ap_fixed<16,6,5,3,0>,4u>,config4> : pX | {3 }
	Port: pooling2d_cl<array<ap_fixed,4u>,array<ap_fixed<16,6,5,3,0>,4u>,config4> : sX | {3 }
	Port: pooling2d_cl<array<ap_fixed,4u>,array<ap_fixed<16,6,5,3,0>,4u>,config4> : void_pooling2d_cl_stream_stream_array_ap_fixed_4u_0_line_buffer_3 | {2 }
	Port: pooling2d_cl<array<ap_fixed,4u>,array<ap_fixed<16,6,5,3,0>,4u>,config4> : void_pooling2d_cl_stream_stream_array_ap_fixed_4u_0_line_buffer_2 | {2 }
	Port: pooling2d_cl<array<ap_fixed,4u>,array<ap_fixed<16,6,5,3,0>,4u>,config4> : void_pooling2d_cl_stream_stream_array_ap_fixed_4u_0_line_buffer_1 | {2 }
	Port: pooling2d_cl<array<ap_fixed,4u>,array<ap_fixed<16,6,5,3,0>,4u>,config4> : void_pooling2d_cl_stream_stream_array_ap_fixed_4u_0_line_buffer | {2 }
  - Chain level:
	State 1
		store_ln0 : 1
		indvar_flatten2_load : 1
		add_ln109 : 2
		icmp_ln109 : 2
		store_ln109 : 3
		br_ln109 : 3
	State 2
		call_ln52 : 1
	State 3
		icmp_ln55 : 1
		br_ln55 : 2
		icmp_ln55_1 : 1
		icmp_ln55_2 : 1
		icmp_ln55_3 : 1
		and_ln55 : 2
		and_ln55_1 : 2
		br_ln55 : 2
		icmp_ln66 : 1
		xor_ln66 : 2
		select_ln0 : 2
		icmp_ln66_1 : 1
		xor_ln66_1 : 2
		select_ln0_1 : 2
		icmp_ln66_2 : 3
		xor_ln66_2 : 4
		res_pack : 4
		icmp_ln66_3 : 1
		xor_ln66_3 : 2
		select_ln0_2 : 2
		icmp_ln66_4 : 1
		xor_ln66_4 : 2
		select_ln0_3 : 2
		icmp_ln66_5 : 3
		xor_ln66_5 : 4
		res_pack_1 : 4
		icmp_ln66_6 : 1
		xor_ln66_6 : 2
		select_ln0_4 : 2
		icmp_ln66_7 : 1
		xor_ln66_7 : 2
		select_ln0_5 : 2
		icmp_ln66_8 : 3
		xor_ln66_8 : 4
		res_pack_2 : 4
		icmp_ln66_9 : 1
		xor_ln66_9 : 2
		select_ln0_6 : 2
		icmp_ln66_10 : 1
		xor_ln66_10 : 2
		select_ln0_7 : 2
		icmp_ln66_11 : 3
		xor_ln66_11 : 4
		res_pack_3 : 4
		add_ln76 : 1
		icmp_ln76 : 2
		br_ln76 : 3
		store_ln89 : 2
		add_ln91 : 1
		select_ln91 : 2
		store_ln91 : 3
		add_ln80 : 1
		icmp_ln80 : 2
		br_ln80 : 3
		store_ln84 : 2
		icmp_ln86 : 1
		add_ln86 : 1
		select_ln86 : 2
	State 4
		write_ln72 : 1
		store_ln86 : 1


============================================================
+ Verbose Summary: Datapath Resource usage 
============================================================

* Functional unit list:
|----------|---------------------------------------------------------------------------|---------|---------|
| Operation|                              Functional Unit                              |    FF   |   LUT   |
|----------|---------------------------------------------------------------------------|---------|---------|
|          |                             icmp_ln109_fu_196                             |    0    |    13   |
|          |                              icmp_ln55_fu_249                             |    0    |    39   |
|          |                             icmp_ln55_1_fu_263                            |    0    |    39   |
|          |                             icmp_ln55_2_fu_273                            |    0    |    39   |
|          |                             icmp_ln55_3_fu_279                            |    0    |    39   |
|          |                              icmp_ln66_fu_313                             |    0    |    23   |
|          |                             icmp_ln66_1_fu_333                            |    0    |    23   |
|          |                             icmp_ln66_2_fu_353                            |    0    |    23   |
|          |                             icmp_ln66_3_fu_389                            |    0    |    23   |
|   icmp   |                             icmp_ln66_4_fu_409                            |    0    |    23   |
|          |                             icmp_ln66_5_fu_429                            |    0    |    23   |
|          |                             icmp_ln66_6_fu_465                            |    0    |    23   |
|          |                             icmp_ln66_7_fu_485                            |    0    |    23   |
|          |                             icmp_ln66_8_fu_505                            |    0    |    23   |
|          |                             icmp_ln66_9_fu_541                            |    0    |    23   |
|          |                            icmp_ln66_10_fu_561                            |    0    |    23   |
|          |                            icmp_ln66_11_fu_581                            |    0    |    23   |
|          |                              icmp_ln76_fu_607                             |    0    |    39   |
|          |                              icmp_ln80_fu_661                             |    0    |    39   |
|          |                              icmp_ln86_fu_677                             |    0    |    39   |
|----------|---------------------------------------------------------------------------|---------|---------|
|          |                             select_ln0_fu_325                             |    0    |    16   |
|          |                            select_ln0_1_fu_345                            |    0    |    16   |
|          |                              res_pack_fu_365                              |    0    |    16   |
|          |                            select_ln0_2_fu_401                            |    0    |    16   |
|          |                            select_ln0_3_fu_421                            |    0    |    16   |
|          |                             res_pack_1_fu_441                             |    0    |    16   |
|  select  |                            select_ln0_4_fu_477                            |    0    |    16   |
|          |                            select_ln0_5_fu_497                            |    0    |    16   |
|          |                             res_pack_2_fu_517                             |    0    |    16   |
|          |                            select_ln0_6_fu_553                            |    0    |    16   |
|          |                            select_ln0_7_fu_573                            |    0    |    16   |
|          |                             res_pack_3_fu_593                             |    0    |    16   |
|          |                             select_ln91_fu_625                            |    0    |    32   |
|          |                             select_ln86_fu_689                            |    0    |    32   |
|----------|---------------------------------------------------------------------------|---------|---------|
|          |                              add_ln109_fu_190                             |    0    |    13   |
|          |                              add_ln76_fu_601                              |    0    |    39   |
|    add   |                              add_ln91_fu_619                              |    0    |    39   |
|          |                              add_ln80_fu_655                              |    0    |    39   |
|          |                              add_ln86_fu_683                              |    0    |    39   |
|----------|---------------------------------------------------------------------------|---------|---------|
|          |                              xor_ln66_fu_319                              |    0    |    2    |
|          |                             xor_ln66_1_fu_339                             |    0    |    2    |
|          |                             xor_ln66_2_fu_359                             |    0    |    2    |
|          |                             xor_ln66_3_fu_395                             |    0    |    2    |
|          |                             xor_ln66_4_fu_415                             |    0    |    2    |
|    xor   |                             xor_ln66_5_fu_435                             |    0    |    2    |
|          |                             xor_ln66_6_fu_471                             |    0    |    2    |
|          |                             xor_ln66_7_fu_491                             |    0    |    2    |
|          |                             xor_ln66_8_fu_511                             |    0    |    2    |
|          |                             xor_ln66_9_fu_547                             |    0    |    2    |
|          |                             xor_ln66_10_fu_567                            |    0    |    2    |
|          |                             xor_ln66_11_fu_587                            |    0    |    2    |
|----------|---------------------------------------------------------------------------|---------|---------|
|    and   |                              and_ln55_fu_285                              |    0    |    2    |
|          |                             and_ln55_1_fu_291                             |    0    |    2    |
|----------|---------------------------------------------------------------------------|---------|---------|
|   read   |                        layer3_out_read_read_fu_110                        |    0    |    0    |
|----------|---------------------------------------------------------------------------|---------|---------|
|   write  |                          write_ln72_write_fu_116                          |    0    |    0    |
|----------|---------------------------------------------------------------------------|---------|---------|
|   call   | call_ln52_shift_line_buffer_array_ap_fixed_16_6_5_3_0_4u_config4_s_fu_134 |    0    |    0    |
|----------|---------------------------------------------------------------------------|---------|---------|
|   trunc  |                             trunc_ln115_fu_207                            |    0    |    0    |
|----------|---------------------------------------------------------------------------|---------|---------|
|          |                            trunc_ln115_1_fu_212                           |    0    |    0    |
|partselect|                            trunc_ln115_2_fu_223                           |    0    |    0    |
|          |                            trunc_ln115_3_fu_234                           |    0    |    0    |
|----------|---------------------------------------------------------------------------|---------|---------|
|bitconcatenate|                              or_ln72_5_fu_703                             |    0    |    0    |
|----------|---------------------------------------------------------------------------|---------|---------|
|   Total  |                                                                           |    0    |   1015  |
|----------|---------------------------------------------------------------------------|---------|---------|

Memories:
N/A

* Register list:
+-----------------------+--------+
|                       |   FF   |
+-----------------------+--------+
|   and_ln55_1_reg_733  |    1   |
|   icmp_ln109_reg_725  |    1   |
|   icmp_ln55_reg_729   |    1   |
|   icmp_ln76_reg_757   |    1   |
|   icmp_ln80_reg_761   |    1   |
|indvar_flatten2_reg_718|    6   |
|   res_pack_1_reg_742  |   16   |
|   res_pack_2_reg_747  |   16   |
|   res_pack_3_reg_752  |   16   |
|    res_pack_reg_737   |   16   |
|  select_ln86_reg_765  |   32   |
|  storemerge_i_reg_123 |   32   |
+-----------------------+--------+
|         Total         |   139  |
+-----------------------+--------+

* Multiplexer (MUX) list: 
|--------|------|------|------|--------|
|  Comp  |  Pin | Size |  BW  | S x BW |
|--------|------|------|------|--------|
|  Total |      |      |      |    0   |
|--------|------|------|------|--------|



* Summary:
+-----------+--------+--------+
|           |   FF   |   LUT  |
+-----------+--------+--------+
|  Function |    0   |  1015  |
|   Memory  |    -   |    -   |
|Multiplexer|    -   |    -   |
|  Register |   139  |    -   |
+-----------+--------+--------+
|   Total   |   139  |  1015  |
+-----------+--------+--------+
