

================================================================
== Synthesis Summary Report of 'myproject'
================================================================
+ General Information: 
    * Date:           Mon Mar 23 21:38:20 2026
    * Version:        2024.2 (Build 5238294 on Nov  8 2024)
    * Project:        myproject_prj
    * Solution:       solution1 (Vivado IP Flow Target)
    * Product family: zynquplus
    * Target device:  xczu7ev-ffvc1156-2-e
    

+ Performance & Resource Estimates: 
    
    PS: '+' for module; 'o' for loop; '*' for dataflow
    +-----------------------------------------------------------------------------+------+------+---------+-----------+----------+---------+------+----------+---------+-----------+------------+------------+-----+
    |                                   Modules                                   | Issue|      | Latency |  Latency  | Iteration|         | Trip |          |         |           |            |            |     |
    |                                   & Loops                                   | Type | Slack| (cycles)|    (ns)   |  Latency | Interval| Count| Pipelined|  BRAM   |    DSP    |     FF     |     LUT    | URAM|
    +-----------------------------------------------------------------------------+------+------+---------+-----------+----------+---------+------+----------+---------+-----------+------------+------------+-----+
    |+ myproject*                                                                 |     -|  0.01|     1072|  5.360e+03|         -|     1054|     -|  dataflow|  15 (2%)|  294 (17%)|   7470 (1%)|  16377 (7%)|    -|
    | + conv_2d_cl_array_ap_fixed_1u_array_ap_fixed_37_17_5_3_0_4u_config2_s      |     -|  0.42|      194|    970.000|         -|      194|     -|        no|        -|    31 (1%)|   856 (~0%)|  1767 (~0%)|    -|
    |  o ReadInputHeight_ReadInputWidth                                           |    II|  3.65|      192|    960.000|         4|        3|    64|       yes|        -|          -|           -|           -|    -|
    |   + compute_output_buffer_2d_array_array_ap_fixed_37_17_5_3_0_4u_config2_s  |    II|  0.42|        2|     10.000|         -|        3|     -|       yes|        -|    31 (1%)|   840 (~0%)|  1628 (~0%)|    -|
    |    + shift_line_buffer_array_ap_fixed_16_6_5_3_0_1u_config2_s               |     -|  2.22|        0|      0.000|         -|        1|     -|       yes|        -|          -|   129 (~0%)|   118 (~0%)|    -|
    |    + dense_latency_ap_fixed_16_6_5_3_0_ap_fixed_37_17_5_3_0_config2_mult_s  |     -|  0.42|        1|      5.000|         -|        1|     -|       yes|        -|    31 (1%)|   305 (~0%)|   935 (~0%)|    -|
    | + relu_array_ap_fixed_4u_array_ap_fixed_16_6_5_3_0_4u_relu_config3_s        |     -|  0.44|       38|    190.000|         -|       38|     -|        no|        -|          -|    75 (~0%)|   341 (~0%)|    -|
    |  o ReLUActLoop                                                              |     -|  3.65|       36|    180.000|         2|        1|    36|       yes|        -|          -|           -|           -|    -|
    | + pooling2d_cl_array_ap_fixed_4u_array_ap_fixed_16_6_5_3_0_4u_config4_s     |     -|  1.11|       75|    375.000|         -|       75|     -|        no|        -|          -|   758 (~0%)|  1364 (~0%)|    -|
    |  o ReadInputHeight_ReadInputWidth                                           |    II|  3.65|       73|    365.000|         4|        2|    36|       yes|        -|          -|           -|           -|    -|
    |   + shift_line_buffer_array_ap_fixed_16_6_5_3_0_4u_config4_s                |     -|  2.93|        0|      0.000|         -|        1|     -|       yes|        -|          -|   257 (~0%)|   200 (~0%)|    -|
    | + dense_array_ap_fixed_4u_array_ap_fixed_39_19_5_3_0_8u_config6_s           |     -|  0.36|       14|     70.000|         -|       14|     -|        no|        -|  238 (13%)|  3397 (~0%)|   8109 (3%)|    -|
    |  + dense_array_array_ap_fixed_39_19_5_3_0_8u_config6_Pipeline_DataPrepare   |     -|  1.82|       10|     50.000|         -|       10|     -|        no|        -|          -|   582 (~0%)|    62 (~0%)|    -|
    |   o DataPrepare                                                             |     -|  3.65|        8|     40.000|         1|        1|     9|       yes|        -|          -|           -|           -|    -|
    |  + dense_latency_wrapper_ap_fixed_ap_fixed_39_19_5_3_0_config6_s            |     -|  0.36|        2|     10.000|         -|        1|     -|       yes|        -|  238 (13%)|  2806 (~0%)|   7987 (3%)|    -|
    | + relu_array_ap_fixed_8u_array_ap_fixed_16_6_5_3_0_8u_relu_config7_s        |     -|  0.44|        1|      5.000|         -|        1|     -|        no|        -|          -|   132 (~0%)|   548 (~0%)|    -|
    | + dense_array_ap_fixed_8u_array_ap_fixed_36_16_5_3_0_2u_config8_s           |     -|  0.42|        3|     15.000|         -|        3|     -|        no|        -|   16 (~0%)|   381 (~0%)|   443 (~0%)|    -|
    |  + dense_latency_wrapper_ap_fixed_ap_fixed_36_16_5_3_0_config8_s            |     -|  0.42|        1|      5.000|         -|        1|     -|       yes|        -|   16 (~0%)|   174 (~0%)|   379 (~0%)|    -|
    | + softmax_array_array_ap_fixed_16_6_5_3_0_2u_softmax_config9_s              |     -|  0.01|     1053|  5.265e+03|         -|     1053|     -|        no|  2 (~0%)|    9 (~0%)|  1169 (~0%)|   3446 (1%)|    -|
    |  + softmax_stable_array_array_ap_fixed_16_6_5_3_0_2u_softmax_config9_s      |     -|  0.01|     1051|  5.255e+03|         -|     1051|     -|        no|  2 (~0%)|    9 (~0%)|  1132 (~0%)|   3404 (1%)|    -|
    |   + init_exp_table_ap_ufixed_35_15_5_3_0_softmax_config9_s                  |     -|  0.01|     1045|  5.225e+03|         -|     1045|     -|        no|        -|    7 (~0%)|  1003 (~0%)|   3121 (1%)|    -|
    |    o VITIS_LOOP_151_1                                                       |     -|  3.65|     1043|  5.215e+03|        21|        1|  1024|       yes|        -|          -|           -|           -|    -|
    +-----------------------------------------------------------------------------+------+------+---------+-----------+----------+---------+------+----------+---------+-----------+------------+------------+-----+


================================================================
== HW Interfaces
================================================================
* AXIS
+------------+-----------+---------------+-------+--------+--------+
| Interface  | Direction | Register Mode | TDATA | TREADY | TVALID |
+------------+-----------+---------------+-------+--------+--------+
| inp        | in        | both          | 16    | 1      | 1      |
| layer9_out | out       | both          | 32    | 1      | 1      |
+------------+-----------+---------------+-------+--------+--------+

* TOP LEVEL CONTROL
+-----------+------------+-----------------------------------+
| Interface | Type       | Ports                             |
+-----------+------------+-----------------------------------+
| ap_clk    | clock      | ap_clk                            |
| ap_rst_n  | reset      | ap_rst_n                          |
| ap_ctrl   | ap_ctrl_hs | ap_done ap_idle ap_ready ap_start |
+-----------+------------+-----------------------------------+


================================================================
== SW I/O Information
================================================================
* Top Function Arguments
+------------+-----------+-----------------------------------------------------------------+
| Argument   | Direction | Datatype                                                        |
+------------+-----------+-----------------------------------------------------------------+
| inp        | in        | stream<nnet::array<ap_fixed<16, 6, AP_TRN, AP_WRAP, 0>, 1>, 0>& |
| layer9_out | out       | stream<nnet::array<ap_fixed<16, 6, AP_TRN, AP_WRAP, 0>, 2>, 0>& |
+------------+-----------+-----------------------------------------------------------------+

* SW-to-HW Mapping
+------------+--------------+-----------+
| Argument   | HW Interface | HW Type   |
+------------+--------------+-----------+
| inp        | inp          | interface |
| layer9_out | layer9_out   | interface |
+------------+--------------+-----------+


================================================================
== Bind Op Report
================================================================
+----------------------------------------------------------------------------+-----+--------+----------------------+-----------+------------------------+---------+
| Name                                                                       | DSP | Pragma | Variable             | Op        | Impl                   | Latency |
+----------------------------------------------------------------------------+-----+--------+----------------------+-----------+------------------------+---------+
| + myproject                                                                | 294 |        |                      |           |                        |         |
|  + conv_2d_cl_array_ap_fixed_1u_array_ap_fixed_37_17_5_3_0_4u_config2_s    | 31  |        |                      |           |                        |         |
|    add_ln25_fu_126_p2                                                      |     |        | add_ln25             | add       | fabric                 | 0       |
|    icmp_ln25_fu_132_p2                                                     |     |        | icmp_ln25            | seteq     | auto                   | 0       |
|   + compute_output_buffer_2d_array_array_ap_fixed_37_17_5_3_0_4u_config2_s | 31  |        |                      |           |                        |         |
|     icmp_ln284_fu_143_p2                                                   |     |        | icmp_ln284           | seteq     | auto                   | 0       |
|     icmp_ln284_1_fu_161_p2                                                 |     |        | icmp_ln284_1         | seteq     | auto                   | 0       |
|     icmp_ln284_2_fu_177_p2                                                 |     |        | icmp_ln284_2         | setgt     | auto                   | 0       |
|     icmp_ln284_3_fu_193_p2                                                 |     |        | icmp_ln284_3         | setgt     | auto                   | 0       |
|     and_ln284_fu_199_p2                                                    |     |        | and_ln284            | and       | auto                   | 0       |
|     and_ln284_1_fu_205_p2                                                  |     |        | and_ln284_1          | and       | auto                   | 0       |
|     add_ln303_fu_240_p2                                                    |     |        | add_ln303            | add       | fabric                 | 0       |
|     icmp_ln303_fu_245_p2                                                   |     |        | icmp_ln303           | seteq     | auto                   | 0       |
|     add_ln318_fu_257_p2                                                    |     |        | add_ln318            | add       | fabric                 | 0       |
|     select_ln318_fu_262_p3                                                 |     |        | select_ln318         | select    | auto_sel               | 0       |
|     add_ln307_fu_287_p2                                                    |     |        | add_ln307            | add       | fabric                 | 0       |
|     icmp_ln307_fu_292_p2                                                   |     |        | icmp_ln307           | seteq     | auto                   | 0       |
|     icmp_ln313_fu_304_p2                                                   |     |        | icmp_ln313           | seteq     | auto                   | 0       |
|     add_ln313_fu_309_p2                                                    |     |        | add_ln313            | add       | fabric                 | 0       |
|     select_ln313_fu_314_p3                                                 |     |        | select_ln313         | select    | auto_sel               | 0       |
|    + dense_latency_ap_fixed_16_6_5_3_0_ap_fixed_37_17_5_3_0_config2_mult_s | 31  |        |                      |           |                        |         |
|      mul_16s_10s_26_1_1_U16                                                | 1   |        | mul_ln73             | mul       | auto                   | 0       |
|      mul_16s_8s_24_1_1_U26                                                 | 1   |        | mul_ln73_243         | mul       | auto                   | 0       |
|      mul_16s_10ns_26_1_1_U15                                               | 1   |        | mul_ln73_244         | mul       | auto                   | 0       |
|      add_ln73_fu_4933_p2                                                   |     |        | add_ln73             | add       | fabric                 | 0       |
|      mul_16s_10ns_26_1_1_U27                                               | 1   |        | mul_ln73_245         | mul       | auto                   | 0       |
|      mul_16s_10ns_26_1_1_U40                                               | 1   |        | mul_ln73_246         | mul       | auto                   | 0       |
|      mul_16s_10s_26_1_1_U20                                                | 1   |        | mul_ln73_247         | mul       | auto                   | 0       |
|      mul_16s_8ns_24_1_1_U13                                                | 1   |        | mul_ln73_248         | mul       | auto                   | 0       |
|      mul_16s_10s_26_1_1_U14                                                | 1   |        | mul_ln73_249         | mul       | auto                   | 0       |
|      mul_16s_10s_26_1_1_U37                                                | 1   |        | mul_ln73_250         | mul       | auto                   | 0       |
|      mul_16s_9ns_25_1_1_U33                                                | 1   |        | mul_ln73_251         | mul       | auto                   | 0       |
|      mul_16s_9s_25_1_1_U19                                                 | 1   |        | mul_ln73_252         | mul       | auto                   | 0       |
|      mul_16s_9ns_25_1_1_U31                                                | 1   |        | mul_ln73_253         | mul       | auto                   | 0       |
|      mul_16s_10s_26_1_1_U29                                                | 1   |        | mul_ln73_254         | mul       | auto                   | 0       |
|      mul_16s_9s_25_1_1_U42                                                 | 1   |        | mul_ln73_255         | mul       | auto                   | 0       |
|      mul_16s_9s_25_1_1_U17                                                 | 1   |        | mul_ln73_256         | mul       | auto                   | 0       |
|      mul_16s_10ns_26_1_1_U30                                               | 1   |        | mul_ln73_257         | mul       | auto                   | 0       |
|      mul_16s_10s_26_1_1_U39                                                | 1   |        | mul_ln73_258         | mul       | auto                   | 0       |
|      mul_16s_9s_25_1_1_U12                                                 | 1   |        | mul_ln73_259         | mul       | auto                   | 0       |
|      mul_16s_10ns_26_1_1_U36                                               | 1   |        | mul_ln73_260         | mul       | auto                   | 0       |
|      mul_16s_7s_23_1_1_U32                                                 | 1   |        | mul_ln73_261         | mul       | auto                   | 0       |
|      mul_16s_8ns_24_1_1_U25                                                | 1   |        | mul_ln73_262         | mul       | auto                   | 0       |
|      sub_ln73_fu_5272_p2                                                   |     |        | sub_ln73             | sub       | fabric                 | 0       |
|      mul_16s_9ns_25_1_1_U24                                                | 1   |        | mul_ln73_263         | mul       | auto                   | 0       |
|      mul_16s_9s_25_1_1_U41                                                 | 1   |        | mul_ln73_264         | mul       | auto                   | 0       |
|      mul_16s_10ns_26_1_1_U34                                               | 1   |        | mul_ln73_265         | mul       | auto                   | 0       |
|      mul_16s_8ns_24_1_1_U28                                                | 1   |        | mul_ln73_266         | mul       | auto                   | 0       |
|      mul_16s_10s_26_1_1_U18                                                | 1   |        | mul_ln73_267         | mul       | auto                   | 0       |
|      mul_16s_8ns_24_1_1_U21                                                | 1   |        | mul_ln73_268         | mul       | auto                   | 0       |
|      add_ln73_15_fu_5398_p2                                                |     |        | add_ln73_15          | add       | fabric                 | 0       |
|      sub_ln73_39_fu_5442_p2                                                |     |        | sub_ln73_39          | sub       | fabric                 | 0       |
|      mul_16s_7s_23_1_1_U38                                                 | 1   |        | mul_ln73_269         | mul       | auto                   | 0       |
|      sub_ln73_40_fu_5503_p2                                                |     |        | sub_ln73_40          | sub       | fabric                 | 0       |
|      mul_16s_10ns_26_1_1_U23                                               | 1   |        | mul_ln73_270         | mul       | auto                   | 0       |
|      mul_16s_8ns_24_1_1_U22                                                | 1   |        | mul_ln73_271         | mul       | auto                   | 0       |
|      mul_16s_10s_26_1_1_U35                                                | 1   |        | mul_ln73_272         | mul       | auto                   | 0       |
|      add_ln58_fu_5557_p2                                                   |     |        | add_ln58             | add       | fabric                 | 0       |
|      add_ln58_307_fu_5575_p2                                               |     |        | add_ln58_307         | add       | fabric                 | 0       |
|      add_ln58_308_fu_5585_p2                                               |     |        | add_ln58_308         | add       | fabric                 | 0       |
|      add_ln58_311_fu_5591_p2                                               |     |        | add_ln58_311         | add       | fabric                 | 0       |
|      add_ln58_316_fu_5609_p2                                               |     |        | add_ln58_316         | add       | fabric                 | 0       |
|      add_ln58_317_fu_5619_p2                                               |     |        | add_ln58_317         | add       | fabric                 | 0       |
|      add_ln58_320_fu_5625_p2                                               |     |        | add_ln58_320         | add       | fabric                 | 0       |
|      add_ln58_325_fu_5643_p2                                               |     |        | add_ln58_325         | add       | fabric                 | 0       |
|      add_ln58_326_fu_5653_p2                                               |     |        | add_ln58_326         | add       | fabric                 | 0       |
|      add_ln58_329_fu_5659_p2                                               |     |        | add_ln58_329         | add       | fabric                 | 0       |
|      add_ln58_334_fu_5677_p2                                               |     |        | add_ln58_334         | add       | fabric                 | 0       |
|      add_ln58_335_fu_5687_p2                                               |     |        | add_ln58_335         | add       | fabric                 | 0       |
|  + relu_array_ap_fixed_4u_array_ap_fixed_16_6_5_3_0_4u_relu_config3_s      | 0   |        |                      |           |                        |         |
|    icmp_ln51_fu_133_p2                                                     |     |        | icmp_ln51            | setgt     | auto                   | 0       |
|    select_ln51_fu_149_p3                                                   |     |        | select_ln51          | select    | auto_sel               | 0       |
|    icmp_ln51_8_fu_157_p2                                                   |     |        | icmp_ln51_8          | setgt     | auto                   | 0       |
|    select_ln51_8_fu_173_p3                                                 |     |        | select_ln51_8        | select    | auto_sel               | 0       |
|    icmp_ln51_9_fu_181_p2                                                   |     |        | icmp_ln51_9          | setgt     | auto                   | 0       |
|    select_ln51_9_fu_197_p3                                                 |     |        | select_ln51_9        | select    | auto_sel               | 0       |
|    icmp_ln51_10_fu_205_p2                                                  |     |        | icmp_ln51_10         | setgt     | auto                   | 0       |
|    select_ln51_10_fu_221_p3                                                |     |        | select_ln51_10       | select    | auto_sel               | 0       |
|    i_fu_229_p2                                                             |     |        | i                    | add       | fabric                 | 0       |
|    icmp_ln41_fu_235_p2                                                     |     |        | icmp_ln41            | seteq     | auto                   | 0       |
|  + pooling2d_cl_array_ap_fixed_4u_array_ap_fixed_16_6_5_3_0_4u_config4_s   | 0   |        |                      |           |                        |         |
|    icmp_ln55_fu_249_p2                                                     |     |        | icmp_ln55            | seteq     | auto                   | 0       |
|    add_ln109_fu_190_p2                                                     |     |        | add_ln109            | add       | fabric                 | 0       |
|    icmp_ln55_1_fu_263_p2                                                   |     |        | icmp_ln55_1          | seteq     | auto                   | 0       |
|    icmp_ln55_2_fu_273_p2                                                   |     |        | icmp_ln55_2          | setgt     | auto                   | 0       |
|    icmp_ln55_3_fu_279_p2                                                   |     |        | icmp_ln55_3          | setgt     | auto                   | 0       |
|    and_ln55_fu_285_p2                                                      |     |        | and_ln55             | and       | auto                   | 0       |
|    and_ln55_1_fu_291_p2                                                    |     |        | and_ln55_1           | and       | auto                   | 0       |
|    icmp_ln66_fu_313_p2                                                     |     |        | icmp_ln66            | setlt     | auto                   | 0       |
|    xor_ln66_fu_319_p2                                                      |     |        | xor_ln66             | xor       | auto                   | 0       |
|    select_ln0_fu_325_p3                                                    |     |        | select_ln0           | select    | auto_sel               | 0       |
|    icmp_ln66_1_fu_333_p2                                                   |     |        | icmp_ln66_1          | setlt     | auto                   | 0       |
|    xor_ln66_1_fu_339_p2                                                    |     |        | xor_ln66_1           | xor       | auto                   | 0       |
|    select_ln0_1_fu_345_p3                                                  |     |        | select_ln0_1         | select    | auto_sel               | 0       |
|    icmp_ln66_2_fu_353_p2                                                   |     |        | icmp_ln66_2          | setlt     | auto                   | 0       |
|    xor_ln66_2_fu_359_p2                                                    |     |        | xor_ln66_2           | xor       | auto                   | 0       |
|    res_pack_fu_365_p3                                                      |     |        | res_pack             | select    | auto_sel               | 0       |
|    icmp_ln66_3_fu_389_p2                                                   |     |        | icmp_ln66_3          | setlt     | auto                   | 0       |
|    xor_ln66_3_fu_395_p2                                                    |     |        | xor_ln66_3           | xor       | auto                   | 0       |
|    select_ln0_2_fu_401_p3                                                  |     |        | select_ln0_2         | select    | auto_sel               | 0       |
|    icmp_ln66_4_fu_409_p2                                                   |     |        | icmp_ln66_4          | setlt     | auto                   | 0       |
|    xor_ln66_4_fu_415_p2                                                    |     |        | xor_ln66_4           | xor       | auto                   | 0       |
|    select_ln0_3_fu_421_p3                                                  |     |        | select_ln0_3         | select    | auto_sel               | 0       |
|    icmp_ln66_5_fu_429_p2                                                   |     |        | icmp_ln66_5          | setlt     | auto                   | 0       |
|    xor_ln66_5_fu_435_p2                                                    |     |        | xor_ln66_5           | xor       | auto                   | 0       |
|    res_pack_1_fu_441_p3                                                    |     |        | res_pack_1           | select    | auto_sel               | 0       |
|    icmp_ln66_6_fu_465_p2                                                   |     |        | icmp_ln66_6          | setlt     | auto                   | 0       |
|    xor_ln66_6_fu_471_p2                                                    |     |        | xor_ln66_6           | xor       | auto                   | 0       |
|    select_ln0_4_fu_477_p3                                                  |     |        | select_ln0_4         | select    | auto_sel               | 0       |
|    icmp_ln66_7_fu_485_p2                                                   |     |        | icmp_ln66_7          | setlt     | auto                   | 0       |
|    xor_ln66_7_fu_491_p2                                                    |     |        | xor_ln66_7           | xor       | auto                   | 0       |
|    select_ln0_5_fu_497_p3                                                  |     |        | select_ln0_5         | select    | auto_sel               | 0       |
|    icmp_ln66_8_fu_505_p2                                                   |     |        | icmp_ln66_8          | setlt     | auto                   | 0       |
|    xor_ln66_8_fu_511_p2                                                    |     |        | xor_ln66_8           | xor       | auto                   | 0       |
|    res_pack_2_fu_517_p3                                                    |     |        | res_pack_2           | select    | auto_sel               | 0       |
|    icmp_ln66_9_fu_541_p2                                                   |     |        | icmp_ln66_9          | setlt     | auto                   | 0       |
|    xor_ln66_9_fu_547_p2                                                    |     |        | xor_ln66_9           | xor       | auto                   | 0       |
|    select_ln0_6_fu_553_p3                                                  |     |        | select_ln0_6         | select    | auto_sel               | 0       |
|    icmp_ln66_10_fu_561_p2                                                  |     |        | icmp_ln66_10         | setlt     | auto                   | 0       |
|    xor_ln66_10_fu_567_p2                                                   |     |        | xor_ln66_10          | xor       | auto                   | 0       |
|    select_ln0_7_fu_573_p3                                                  |     |        | select_ln0_7         | select    | auto_sel               | 0       |
|    icmp_ln66_11_fu_581_p2                                                  |     |        | icmp_ln66_11         | setlt     | auto                   | 0       |
|    xor_ln66_11_fu_587_p2                                                   |     |        | xor_ln66_11          | xor       | auto                   | 0       |
|    res_pack_3_fu_593_p3                                                    |     |        | res_pack_3           | select    | auto_sel               | 0       |
|    add_ln76_fu_601_p2                                                      |     |        | add_ln76             | add       | fabric                 | 0       |
|    icmp_ln76_fu_607_p2                                                     |     |        | icmp_ln76            | seteq     | auto                   | 0       |
|    add_ln91_fu_619_p2                                                      |     |        | add_ln91             | add       | fabric                 | 0       |
|    select_ln91_fu_625_p3                                                   |     |        | select_ln91          | select    | auto_sel               | 0       |
|    add_ln80_fu_655_p2                                                      |     |        | add_ln80             | add       | fabric                 | 0       |
|    icmp_ln80_fu_661_p2                                                     |     |        | icmp_ln80            | seteq     | auto                   | 0       |
|    icmp_ln86_fu_677_p2                                                     |     |        | icmp_ln86            | seteq     | auto                   | 0       |
|    add_ln86_fu_683_p2                                                      |     |        | add_ln86             | add       | fabric                 | 0       |
|    select_ln86_fu_689_p3                                                   |     |        | select_ln86          | select    | auto_sel               | 0       |
|    icmp_ln109_fu_196_p2                                                    |     |        | icmp_ln109           | seteq     | auto                   | 0       |
|  + dense_array_ap_fixed_4u_array_ap_fixed_39_19_5_3_0_8u_config6_s         | 238 |        |                      |           |                        |         |
|   + dense_array_array_ap_fixed_39_19_5_3_0_8u_config6_Pipeline_DataPrepare | 0   |        |                      |           |                        |         |
|     i_in_fu_580_p2                                                         |     |        | i_in                 | add       | fabric                 | 0       |
|     icmp_ln33_fu_766_p2                                                    |     |        | icmp_ln33            | seteq     | auto                   | 0       |
|   + dense_latency_wrapper_ap_fixed_ap_fixed_39_19_5_3_0_config6_s          | 238 |        |                      |           |                        |         |
|     mul_16s_8ns_24_1_1_U298                                                | 1   |        | mul_ln73             | mul       | auto                   | 0       |
|     mul_16s_10s_26_1_1_U267                                                | 1   |        | mul_ln73_1           | mul       | auto                   | 0       |
|     add_ln73_fu_277040_p2                                                  |     |        | add_ln73             | add       | fabric                 | 0       |
|     mul_16s_9ns_25_1_1_U300                                                | 1   |        | mul_ln73_2           | mul       | auto                   | 0       |
|     mul_16s_9ns_25_1_1_U242                                                | 1   |        | mul_ln73_3           | mul       | auto                   | 0       |
|     mul_16s_8ns_24_1_1_U304                                                | 1   |        | mul_ln73_4           | mul       | auto                   | 0       |
|     mul_16s_9s_25_1_1_U223                                                 | 1   |        | mul_ln73_5           | mul       | auto                   | 0       |
|     mul_16s_10s_26_1_1_U255                                                | 1   |        | mul_ln73_6           | mul       | auto                   | 0       |
|     mul_16s_7s_23_1_1_U347                                                 | 1   |        | mul_ln73_7           | mul       | auto                   | 0       |
|     add_ln73_1_fu_277217_p2                                                |     |        | add_ln73_1           | add       | fabric                 | 0       |
|     mul_16s_9s_25_1_1_U145                                                 | 1   |        | mul_ln73_8           | mul       | auto                   | 0       |
|     mul_16s_9ns_25_1_1_U222                                                | 1   |        | mul_ln73_9           | mul       | auto                   | 0       |
|     mul_16s_9s_25_1_1_U303                                                 | 1   |        | mul_ln73_10          | mul       | auto                   | 0       |
|     mul_16s_9s_25_1_1_U216                                                 | 1   |        | mul_ln73_11          | mul       | auto                   | 0       |
|     mul_16s_10s_26_1_1_U194                                                | 1   |        | mul_ln73_12          | mul       | auto                   | 0       |
|     mul_16s_10s_26_1_1_U195                                                | 1   |        | mul_ln73_13          | mul       | auto                   | 0       |
|     mul_16s_10ns_26_1_1_U149                                               | 1   |        | mul_ln73_14          | mul       | auto                   | 0       |
|     add_ln73_2_fu_277365_p2                                                |     |        | add_ln73_2           | add       | fabric                 | 0       |
|     mul_16s_8s_24_1_1_U308                                                 | 1   |        | mul_ln73_15          | mul       | auto                   | 0       |
|     add_ln73_3_fu_277411_p2                                                |     |        | add_ln73_3           | add       | fabric                 | 0       |
|     mul_16s_8s_24_1_1_U198                                                 | 1   |        | mul_ln73_16          | mul       | auto                   | 0       |
|     mul_16s_8ns_24_1_1_U269                                                | 1   |        | mul_ln73_17          | mul       | auto                   | 0       |
|     mul_16s_9s_25_1_1_U324                                                 | 1   |        | mul_ln73_18          | mul       | auto                   | 0       |
|     mul_16s_9s_25_1_1_U357                                                 | 1   |        | mul_ln73_19          | mul       | auto                   | 0       |
|     sub_ln73_6_fu_277571_p2                                                |     |        | sub_ln73_6           | sub       | fabric                 | 0       |
|     mul_16s_10s_26_1_1_U155                                                | 1   |        | mul_ln73_20          | mul       | auto                   | 0       |
|     mul_16s_8s_24_1_1_U151                                                 | 1   |        | mul_ln73_21          | mul       | auto                   | 0       |
|     mul_16s_10s_26_1_1_U310                                                | 1   |        | mul_ln73_22          | mul       | auto                   | 0       |
|     mul_16s_9ns_25_1_1_U311                                                | 1   |        | mul_ln73_23          | mul       | auto                   | 0       |
|     mul_16s_8ns_24_1_1_U201                                                | 1   |        | mul_ln73_24          | mul       | auto                   | 0       |
|     mul_16s_9ns_25_1_1_U154                                                | 1   |        | mul_ln73_25          | mul       | auto                   | 0       |
|     sub_ln73_7_fu_277704_p2                                                |     |        | sub_ln73_7           | sub       | fabric                 | 0       |
|     sub_ln73_8_fu_277744_p2                                                |     |        | sub_ln73_8           | sub       | fabric                 | 0       |
|     mul_16s_10s_26_1_1_U314                                                | 1   |        | mul_ln73_26          | mul       | auto                   | 0       |
|     mul_16s_10ns_26_1_1_U315                                               | 1   |        | mul_ln73_27          | mul       | auto                   | 0       |
|     mul_16s_10ns_26_1_1_U178                                               | 1   |        | mul_ln73_28          | mul       | auto                   | 0       |
|     add_ln73_4_fu_277858_p2                                                |     |        | add_ln73_4           | add       | fabric                 | 0       |
|     mul_16s_10ns_26_1_1_U279                                               | 1   |        | mul_ln73_29          | mul       | auto                   | 0       |
|     mul_16s_9s_25_1_1_U136                                                 | 1   |        | mul_ln73_30          | mul       | auto                   | 0       |
|     mul_16s_7s_23_1_1_U132                                                 | 1   |        | mul_ln73_31          | mul       | auto                   | 0       |
|     mul_16s_8s_24_1_1_U243                                                 | 1   |        | mul_ln73_32          | mul       | auto                   | 0       |
|     mul_16s_8s_24_1_1_U320                                                 | 1   |        | mul_ln73_33          | mul       | auto                   | 0       |
|     mul_16s_10s_26_1_1_U274                                                | 1   |        | mul_ln73_34          | mul       | auto                   | 0       |
|     sub_ln73_9_fu_277954_p2                                                |     |        | sub_ln73_9           | sub       | fabric                 | 0       |
|     mul_16s_10ns_26_1_1_U257                                               | 1   |        | mul_ln73_35          | mul       | auto                   | 0       |
|     mul_16s_8s_24_1_1_U258                                                 | 1   |        | mul_ln73_36          | mul       | auto                   | 0       |
|     mul_16s_9ns_25_1_1_U206                                                | 1   |        | mul_ln73_37          | mul       | auto                   | 0       |
|     mul_16s_10ns_26_1_1_U345                                               | 1   |        | mul_ln73_38          | mul       | auto                   | 0       |
|     mul_16s_10s_26_1_1_U261                                                | 1   |        | mul_ln73_39          | mul       | auto                   | 0       |
|     mul_16s_9s_25_1_1_U262                                                 | 1   |        | mul_ln73_40          | mul       | auto                   | 0       |
|     mul_16s_9ns_25_1_1_U289                                                | 1   |        | mul_ln73_41          | mul       | auto                   | 0       |
|     mul_16s_9s_25_1_1_U245                                                 | 1   |        | mul_ln73_42          | mul       | auto                   | 0       |
|     mul_16s_7ns_23_1_1_U140                                                | 1   |        | mul_ln73_43          | mul       | auto                   | 0       |
|     sub_ln73_10_fu_278134_p2                                               |     |        | sub_ln73_10          | sub       | fabric                 | 0       |
|     mul_16s_9ns_25_1_1_U171                                                | 1   |        | mul_ln73_44          | mul       | auto                   | 0       |
|     mul_16s_10s_26_1_1_U288                                                | 1   |        | mul_ln73_45          | mul       | auto                   | 0       |
|     mul_16s_9s_25_1_1_U244                                                 | 1   |        | mul_ln73_46          | mul       | auto                   | 0       |
|     mul_16s_10s_26_1_1_U264                                                | 1   |        | mul_ln73_47          | mul       | auto                   | 0       |
|     mul_16s_10ns_26_1_1_U235                                               | 1   |        | mul_ln73_48          | mul       | auto                   | 0       |
|     add_ln73_5_fu_278236_p2                                                |     |        | add_ln73_5           | add       | fabric                 | 0       |
|     mul_16s_10s_26_1_1_U326                                                | 1   |        | mul_ln73_49          | mul       | auto                   | 0       |
|     mul_16s_10s_26_1_1_U142                                                | 1   |        | mul_ln73_50          | mul       | auto                   | 0       |
|     mul_16s_10s_26_1_1_U328                                                | 1   |        | mul_ln73_51          | mul       | auto                   | 0       |
|     mul_16s_7ns_23_1_1_U329                                                | 1   |        | mul_ln73_52          | mul       | auto                   | 0       |
|     mul_16s_10ns_26_1_1_U277                                               | 1   |        | mul_ln73_53          | mul       | auto                   | 0       |
|     mul_16s_9s_25_1_1_U219                                                 | 1   |        | mul_ln73_54          | mul       | auto                   | 0       |
|     mul_16s_10ns_26_1_1_U184                                               | 1   |        | mul_ln73_55          | mul       | auto                   | 0       |
|     mul_16s_7s_23_1_1_U211                                                 | 1   |        | mul_ln73_56          | mul       | auto                   | 0       |
|     mul_16s_9s_25_1_1_U157                                                 | 1   |        | mul_ln73_57          | mul       | auto                   | 0       |
|     mul_16s_8s_24_1_1_U336                                                 | 1   |        | mul_ln73_58          | mul       | auto                   | 0       |
|     mul_16s_10ns_26_1_1_U214                                               | 1   |        | mul_ln73_59          | mul       | auto                   | 0       |
|     mul_16s_10s_26_1_1_U271                                                | 1   |        | mul_ln73_60          | mul       | auto                   | 0       |
|     mul_16s_7s_23_1_1_U333                                                 | 1   |        | mul_ln73_61          | mul       | auto                   | 0       |
|     mul_16s_9s_25_1_1_U218                                                 | 1   |        | mul_ln73_62          | mul       | auto                   | 0       |
|     mul_16s_10s_26_1_1_U192                                                | 1   |        | mul_ln73_63          | mul       | auto                   | 0       |
|     mul_16s_9ns_25_1_1_U220                                                | 1   |        | mul_ln73_64          | mul       | auto                   | 0       |
|     mul_16s_9ns_25_1_1_U276                                                | 1   |        | mul_ln73_65          | mul       | auto                   | 0       |
|     mul_16s_9s_25_1_1_U305                                                 | 1   |        | mul_ln73_66          | mul       | auto                   | 0       |
|     mul_16s_9ns_25_1_1_U319                                                | 1   |        | mul_ln73_67          | mul       | auto                   | 0       |
|     mul_16s_9ns_25_1_1_U186                                                | 1   |        | mul_ln73_68          | mul       | auto                   | 0       |
|     mul_16s_9ns_25_1_1_U196                                                | 1   |        | mul_ln73_69          | mul       | auto                   | 0       |
|     mul_16s_10s_26_1_1_U361                                                | 1   |        | mul_ln73_70          | mul       | auto                   | 0       |
|     mul_16s_10s_26_1_1_U158                                                | 1   |        | mul_ln73_71          | mul       | auto                   | 0       |
|     mul_16s_8s_24_1_1_U278                                                 | 1   |        | mul_ln73_72          | mul       | auto                   | 0       |
|     mul_16s_8ns_24_1_1_U338                                                | 1   |        | mul_ln73_73          | mul       | auto                   | 0       |
|     mul_16s_5s_21_1_1_U339                                                 | 1   |        | mul_ln73_74          | mul       | auto                   | 0       |
|     mul_16s_8s_24_1_1_U177                                                 | 1   |        | mul_ln73_75          | mul       | auto                   | 0       |
|     sub_ln73_11_fu_278684_p2                                               |     |        | sub_ln73_11          | sub       | fabric                 | 0       |
|     mul_16s_5s_21_1_1_U341                                                 | 1   |        | mul_ln73_76          | mul       | auto                   | 0       |
|     add_ln73_6_fu_278730_p2                                                |     |        | add_ln73_6           | add       | fabric                 | 0       |
|     mul_16s_9s_25_1_1_U342                                                 | 1   |        | mul_ln73_77          | mul       | auto                   | 0       |
|     mul_16s_10s_26_1_1_U275                                                | 1   |        | mul_ln73_78          | mul       | auto                   | 0       |
|     mul_16s_9s_25_1_1_U233                                                 | 1   |        | mul_ln73_79          | mul       | auto                   | 0       |
|     mul_16s_9ns_25_1_1_U283                                                | 1   |        | mul_ln73_80          | mul       | auto                   | 0       |
|     mul_16s_10ns_26_1_1_U160                                               | 1   |        | mul_ln73_81          | mul       | auto                   | 0       |
|     mul_16s_7s_23_1_1_U236                                                 | 1   |        | mul_ln73_82          | mul       | auto                   | 0       |
|     mul_16s_8ns_24_1_1_U168                                                | 1   |        | mul_ln73_83          | mul       | auto                   | 0       |
|     mul_16s_8ns_24_1_1_U284                                                | 1   |        | mul_ln73_84          | mul       | auto                   | 0       |
|     mul_16s_10s_26_1_1_U252                                                | 1   |        | mul_ln73_85          | mul       | auto                   | 0       |
|     mul_16s_10s_26_1_1_U182                                                | 1   |        | mul_ln73_86          | mul       | auto                   | 0       |
|     mul_16s_10s_26_1_1_U286                                                | 1   |        | mul_ln73_87          | mul       | auto                   | 0       |
|     mul_16s_9ns_25_1_1_U231                                                | 1   |        | mul_ln73_88          | mul       | auto                   | 0       |
|     mul_16s_9s_25_1_1_U226                                                 | 1   |        | mul_ln73_89          | mul       | auto                   | 0       |
|     mul_16s_10ns_26_1_1_U134                                               | 1   |        | mul_ln73_90          | mul       | auto                   | 0       |
|     mul_16s_8ns_24_1_1_U240                                                | 1   |        | mul_ln73_91          | mul       | auto                   | 0       |
|     mul_16s_9ns_25_1_1_U137                                                | 1   |        | mul_ln73_92          | mul       | auto                   | 0       |
|     mul_16s_10ns_26_1_1_U148                                               | 1   |        | mul_ln73_93          | mul       | auto                   | 0       |
|     mul_16s_9ns_25_1_1_U130                                                | 1   |        | mul_ln73_94          | mul       | auto                   | 0       |
|     mul_16s_9ns_25_1_1_U205                                                | 1   |        | mul_ln73_95          | mul       | auto                   | 0       |
|     sub_ln73_12_fu_279047_p2                                               |     |        | sub_ln73_12          | sub       | fabric                 | 0       |
|     mul_16s_10s_26_1_1_U349                                                | 1   |        | mul_ln73_96          | mul       | auto                   | 0       |
|     mul_16s_7s_23_1_1_U350                                                 | 1   |        | mul_ln73_97          | mul       | auto                   | 0       |
|     mul_16s_9ns_25_1_1_U292                                                | 1   |        | mul_ln73_98          | mul       | auto                   | 0       |
|     mul_16s_10ns_26_1_1_U351                                               | 1   |        | mul_ln73_99          | mul       | auto                   | 0       |
|     mul_16s_9ns_25_1_1_U287                                                | 1   |        | mul_ln73_100         | mul       | auto                   | 0       |
|     mul_16s_10ns_26_1_1_U295                                               | 1   |        | mul_ln73_101         | mul       | auto                   | 0       |
|     mul_16s_8ns_24_1_1_U169                                                | 1   |        | mul_ln73_102         | mul       | auto                   | 0       |
|     mul_16s_9ns_25_1_1_U290                                                | 1   |        | mul_ln73_103         | mul       | auto                   | 0       |
|     mul_16s_10ns_26_1_1_U246                                               | 1   |        | mul_ln73_104         | mul       | auto                   | 0       |
|     mul_16s_9ns_25_1_1_U141                                                | 1   |        | mul_ln73_105         | mul       | auto                   | 0       |
|     sub_ln73_13_fu_279213_p2                                               |     |        | sub_ln73_13          | sub       | fabric                 | 0       |
|     mul_16s_10s_26_1_1_U138                                                | 1   |        | mul_ln73_106         | mul       | auto                   | 0       |
|     add_ln73_7_fu_279267_p2                                                |     |        | add_ln73_7           | add       | fabric                 | 0       |
|     mul_16s_10s_26_1_1_U249                                                | 1   |        | mul_ln73_107         | mul       | auto                   | 0       |
|     mul_16s_9s_25_1_1_U355                                                 | 1   |        | mul_ln73_108         | mul       | auto                   | 0       |
|     mul_16s_6s_22_1_1_U297                                                 | 1   |        | mul_ln73_109         | mul       | auto                   | 0       |
|     mul_16s_10s_26_1_1_U239                                                | 1   |        | mul_ln73_110         | mul       | auto                   | 0       |
|     mul_16s_10ns_26_1_1_U299                                               | 1   |        | mul_ln73_111         | mul       | auto                   | 0       |
|     mul_16s_7ns_23_1_1_U268                                                | 1   |        | mul_ln73_112         | mul       | auto                   | 0       |
|     mul_16s_9s_25_1_1_U301                                                 | 1   |        | mul_ln73_113         | mul       | auto                   | 0       |
|     sub_ln73_14_fu_279396_p2                                               |     |        | sub_ln73_14          | sub       | fabric                 | 0       |
|     mul_16s_9ns_25_1_1_U356                                                | 1   |        | mul_ln73_114         | mul       | auto                   | 0       |
|     mul_16s_8s_24_1_1_U260                                                 | 1   |        | mul_ln73_115         | mul       | auto                   | 0       |
|     sub_ln73_15_fu_279474_p2                                               |     |        | sub_ln73_15          | sub       | fabric                 | 0       |
|     mul_16s_8ns_24_1_1_U256                                                | 1   |        | mul_ln73_116         | mul       | auto                   | 0       |
|     mul_16s_10ns_26_1_1_U185                                               | 1   |        | mul_ln73_117         | mul       | auto                   | 0       |
|     mul_16s_10ns_26_1_1_U343                                               | 1   |        | mul_ln73_118         | mul       | auto                   | 0       |
|     mul_16s_9s_25_1_1_U259                                                 | 1   |        | mul_ln73_119         | mul       | auto                   | 0       |
|     mul_16s_10ns_26_1_1_U313                                               | 1   |        | mul_ln73_120         | mul       | auto                   | 0       |
|     sub_ln73_16_fu_279564_p2                                               |     |        | sub_ln73_16          | sub       | fabric                 | 0       |
|     add_ln73_8_fu_279622_p2                                                |     |        | add_ln73_8           | add       | fabric                 | 0       |
|     mul_16s_10s_26_1_1_U362                                                | 1   |        | mul_ln73_121         | mul       | auto                   | 0       |
|     mul_16s_10ns_26_1_1_U363                                               | 1   |        | mul_ln73_122         | mul       | auto                   | 0       |
|     mul_16s_10s_26_1_1_U306                                                | 1   |        | mul_ln73_123         | mul       | auto                   | 0       |
|     mul_16s_10s_26_1_1_U307                                                | 1   |        | mul_ln73_124         | mul       | auto                   | 0       |
|     mul_16s_9ns_25_1_1_U248                                                | 1   |        | mul_ln73_125         | mul       | auto                   | 0       |
|     mul_16s_9ns_25_1_1_U128                                                | 1   |        | mul_ln73_126         | mul       | auto                   | 0       |
|     mul_16s_10ns_26_1_1_U129                                               | 1   |        | mul_ln73_127         | mul       | auto                   | 0       |
|     mul_16s_9s_25_1_1_U193                                                 | 1   |        | mul_ln73_128         | mul       | auto                   | 0       |
|     add_ln73_9_fu_279770_p2                                                |     |        | add_ln73_9           | add       | fabric                 | 0       |
|     mul_16s_9ns_25_1_1_U191                                                | 1   |        | mul_ln73_129         | mul       | auto                   | 0       |
|     sub_ln73_19_fu_279824_p2                                               |     |        | sub_ln73_19          | sub       | fabric                 | 0       |
|     add_ln73_10_fu_279868_p2                                               |     |        | add_ln73_10          | add       | fabric                 | 0       |
|     mul_16s_10s_26_1_1_U202                                                | 1   |        | mul_ln73_130         | mul       | auto                   | 0       |
|     sub_ln73_22_fu_279967_p2                                               |     |        | sub_ln73_22          | sub       | fabric                 | 0       |
|     mul_16s_9ns_25_1_1_U197                                                | 1   |        | mul_ln73_131         | mul       | auto                   | 0       |
|     mul_16s_9ns_25_1_1_U265                                                | 1   |        | mul_ln73_132         | mul       | auto                   | 0       |
|     mul_16s_9ns_25_1_1_U190                                                | 1   |        | mul_ln73_133         | mul       | auto                   | 0       |
|     mul_16s_9s_25_1_1_U312                                                 | 1   |        | mul_ln73_134         | mul       | auto                   | 0       |
|     mul_16s_10ns_26_1_1_U253                                               | 1   |        | mul_ln73_135         | mul       | auto                   | 0       |
|     mul_16s_10ns_26_1_1_U254                                               | 1   |        | mul_ln73_136         | mul       | auto                   | 0       |
|     mul_16s_9s_25_1_1_U203                                                 | 1   |        | mul_ln73_137         | mul       | auto                   | 0       |
|     mul_16s_10ns_26_1_1_U316                                               | 1   |        | mul_ln73_138         | mul       | auto                   | 0       |
|     mul_16s_9s_25_1_1_U280                                                 | 1   |        | mul_ln73_139         | mul       | auto                   | 0       |
|     mul_16s_10ns_26_1_1_U293                                               | 1   |        | mul_ln73_140         | mul       | auto                   | 0       |
|     mul_16s_10ns_26_1_1_U199                                               | 1   |        | mul_ln73_141         | mul       | auto                   | 0       |
|     mul_16s_9s_25_1_1_U165                                                 | 1   |        | mul_ln73_142         | mul       | auto                   | 0       |
|     sub_ln73_23_fu_280178_p2                                               |     |        | sub_ln73_23          | sub       | fabric                 | 0       |
|     mul_16s_8s_24_1_1_U321                                                 | 1   |        | mul_ln73_143         | mul       | auto                   | 0       |
|     mul_16s_9ns_25_1_1_U237                                                | 1   |        | mul_ln73_144         | mul       | auto                   | 0       |
|     mul_16s_10ns_26_1_1_U318                                               | 1   |        | mul_ln73_145         | mul       | auto                   | 0       |
|     sub_ln73_24_fu_280279_p2                                               |     |        | sub_ln73_24          | sub       | fabric                 | 0       |
|     mul_16s_10s_26_1_1_U135                                                | 1   |        | mul_ln73_146         | mul       | auto                   | 0       |
|     mul_16s_8ns_24_1_1_U229                                                | 1   |        | mul_ln73_147         | mul       | auto                   | 0       |
|     mul_16s_8ns_24_1_1_U230                                                | 1   |        | mul_ln73_148         | mul       | auto                   | 0       |
|     mul_16s_10ns_26_1_1_U346                                               | 1   |        | mul_ln73_149         | mul       | auto                   | 0       |
|     mul_16s_10ns_26_1_1_U323                                               | 1   |        | mul_ln73_150         | mul       | auto                   | 0       |
|     mul_16s_9s_25_1_1_U188                                                 | 1   |        | mul_ln73_151         | mul       | auto                   | 0       |
|     mul_16s_8ns_24_1_1_U180                                                | 1   |        | mul_ln73_152         | mul       | auto                   | 0       |
|     mul_16s_9ns_25_1_1_U207                                                | 1   |        | mul_ln73_153         | mul       | auto                   | 0       |
|     mul_16s_7ns_23_1_1_U294                                                | 1   |        | mul_ln73_154         | mul       | auto                   | 0       |
|     sub_ln73_25_fu_280444_p2                                               |     |        | sub_ln73_25          | sub       | fabric                 | 0       |
|     mul_16s_9s_25_1_1_U331                                                 | 1   |        | mul_ln73_155         | mul       | auto                   | 0       |
|     mul_16s_7ns_23_1_1_U285                                                | 1   |        | mul_ln73_156         | mul       | auto                   | 0       |
|     mul_16s_9ns_25_1_1_U175                                                | 1   |        | mul_ln73_157         | mul       | auto                   | 0       |
|     mul_16s_10ns_26_1_1_U325                                               | 1   |        | mul_ln73_158         | mul       | auto                   | 0       |
|     mul_16s_10s_26_1_1_U212                                                | 1   |        | mul_ln73_159         | mul       | auto                   | 0       |
|     mul_16s_8ns_24_1_1_U327                                                | 1   |        | mul_ln73_160         | mul       | auto                   | 0       |
|     mul_16s_10s_26_1_1_U213                                                | 1   |        | mul_ln73_161         | mul       | auto                   | 0       |
|     mul_16s_9ns_25_1_1_U144                                                | 1   |        | mul_ln73_162         | mul       | auto                   | 0       |
|     mul_16s_9ns_25_1_1_U330                                                | 1   |        | mul_ln73_163         | mul       | auto                   | 0       |
|     mul_16s_10ns_26_1_1_U296                                               | 1   |        | mul_ln73_164         | mul       | auto                   | 0       |
|     mul_16s_10s_26_1_1_U348                                                | 1   |        | mul_ln73_165         | mul       | auto                   | 0       |
|     mul_16s_9s_25_1_1_U181                                                 | 1   |        | mul_ln73_166         | mul       | auto                   | 0       |
|     mul_16s_9s_25_1_1_U340                                                 | 1   |        | mul_ln73_167         | mul       | auto                   | 0       |
|     sub_ln73_26_fu_280664_p2                                               |     |        | sub_ln73_26          | sub       | fabric                 | 0       |
|     mul_16s_9s_25_1_1_U139                                                 | 1   |        | mul_ln73_168         | mul       | auto                   | 0       |
|     mul_16s_10ns_26_1_1_U250                                               | 1   |        | mul_ln73_169         | mul       | auto                   | 0       |
|     mul_16s_7ns_23_1_1_U332                                                | 1   |        | mul_ln73_170         | mul       | auto                   | 0       |
|     mul_16s_10s_26_1_1_U147                                                | 1   |        | mul_ln73_171         | mul       | auto                   | 0       |
|     mul_16s_10s_26_1_1_U334                                                | 1   |        | mul_ln73_172         | mul       | auto                   | 0       |
|     mul_16s_9ns_25_1_1_U335                                                | 1   |        | mul_ln73_173         | mul       | auto                   | 0       |
|     mul_16s_9s_25_1_1_U150                                                 | 1   |        | mul_ln73_174         | mul       | auto                   | 0       |
|     mul_16s_6ns_22_1_1_U302                                                | 1   |        | mul_ln73_175         | mul       | auto                   | 0       |
|     mul_16s_10s_26_1_1_U266                                                | 1   |        | mul_ln73_176         | mul       | auto                   | 0       |
|     mul_16s_9s_25_1_1_U225                                                 | 1   |        | mul_ln73_177         | mul       | auto                   | 0       |
|     mul_16s_9ns_25_1_1_U221                                                | 1   |        | mul_ln73_178         | mul       | auto                   | 0       |
|     add_ln73_11_fu_280887_p2                                               |     |        | add_ln73_11          | add       | fabric                 | 0       |
|     mul_16s_9ns_25_1_1_U152                                                | 1   |        | mul_ln73_179         | mul       | auto                   | 0       |
|     mul_16s_9ns_25_1_1_U227                                                | 1   |        | mul_ln73_180         | mul       | auto                   | 0       |
|     mul_16s_8s_24_1_1_U224                                                 | 1   |        | mul_ln73_181         | mul       | auto                   | 0       |
|     mul_16s_7s_23_1_1_U273                                                 | 1   |        | mul_ln73_182         | mul       | auto                   | 0       |
|     mul_16s_6ns_22_1_1_U153                                                | 1   |        | mul_ln73_183         | mul       | auto                   | 0       |
|     mul_16s_9s_25_1_1_U176                                                 | 1   |        | mul_ln73_184         | mul       | auto                   | 0       |
|     mul_16s_9ns_25_1_1_U189                                                | 1   |        | mul_ln73_185         | mul       | auto                   | 0       |
|     sub_ln73_29_fu_281057_p2                                               |     |        | sub_ln73_29          | sub       | fabric                 | 0       |
|     mul_16s_9s_25_1_1_U281                                                 | 1   |        | mul_ln73_186         | mul       | auto                   | 0       |
|     add_ln73_12_fu_281128_p2                                               |     |        | add_ln73_12          | add       | fabric                 | 0       |
|     mul_16s_10ns_26_1_1_U282                                               | 1   |        | mul_ln73_187         | mul       | auto                   | 0       |
|     mul_16s_9s_25_1_1_U317                                                 | 1   |        | mul_ln73_188         | mul       | auto                   | 0       |
|     sub_ln73_30_fu_281192_p2                                               |     |        | sub_ln73_30          | sub       | fabric                 | 0       |
|     add_ln73_13_fu_281236_p2                                               |     |        | add_ln73_13          | add       | fabric                 | 0       |
|     mul_16s_8s_24_1_1_U234                                                 | 1   |        | mul_ln73_189         | mul       | auto                   | 0       |
|     mul_16s_9s_25_1_1_U209                                                 | 1   |        | mul_ln73_190         | mul       | auto                   | 0       |
|     mul_16s_9s_25_1_1_U161                                                 | 1   |        | mul_ln73_191         | mul       | auto                   | 0       |
|     mul_16s_7s_23_1_1_U156                                                 | 1   |        | mul_ln73_192         | mul       | auto                   | 0       |
|     mul_16s_10ns_26_1_1_U270                                               | 1   |        | mul_ln73_193         | mul       | auto                   | 0       |
|     mul_16s_10ns_26_1_1_U228                                               | 1   |        | mul_ln73_194         | mul       | auto                   | 0       |
|     mul_16s_9s_25_1_1_U159                                                 | 1   |        | mul_ln73_195         | mul       | auto                   | 0       |
|     mul_16s_9s_25_1_1_U344                                                 | 1   |        | mul_ln73_196         | mul       | auto                   | 0       |
|     add_ln73_14_fu_281387_p2                                               |     |        | add_ln73_14          | add       | fabric                 | 0       |
|     mul_16s_9ns_25_1_1_U170                                                | 1   |        | mul_ln73_197         | mul       | auto                   | 0       |
|     mul_16s_10s_26_1_1_U162                                                | 1   |        | mul_ln73_198         | mul       | auto                   | 0       |
|     sub_ln73_31_fu_281465_p2                                               |     |        | sub_ln73_31          | sub       | fabric                 | 0       |
|     mul_16s_7ns_23_1_1_U163                                                | 1   |        | mul_ln73_199         | mul       | auto                   | 0       |
|     mul_16s_9ns_25_1_1_U164                                                | 1   |        | mul_ln73_200         | mul       | auto                   | 0       |
|     mul_16s_10s_26_1_1_U241                                                | 1   |        | mul_ln73_201         | mul       | auto                   | 0       |
|     mul_16s_10ns_26_1_1_U204                                               | 1   |        | mul_ln73_202         | mul       | auto                   | 0       |
|     mul_16s_10ns_26_1_1_U200                                               | 1   |        | mul_ln73_203         | mul       | auto                   | 0       |
|     mul_16s_9ns_25_1_1_U210                                                | 1   |        | mul_ln73_204         | mul       | auto                   | 0       |
|     mul_16s_10s_26_1_1_U322                                                | 1   |        | mul_ln73_205         | mul       | auto                   | 0       |
|     mul_16s_10s_26_1_1_U238                                                | 1   |        | mul_ln73_206         | mul       | auto                   | 0       |
|     mul_16s_8ns_24_1_1_U133                                                | 1   |        | mul_ln73_207         | mul       | auto                   | 0       |
|     sub_ln73_32_fu_281643_p2                                               |     |        | sub_ln73_32          | sub       | fabric                 | 0       |
|     sub_ln73_33_fu_281675_p2                                               |     |        | sub_ln73_33          | sub       | fabric                 | 0       |
|     mul_16s_10s_26_1_1_U166                                                | 1   |        | mul_ln73_208         | mul       | auto                   | 0       |
|     mul_16s_8s_24_1_1_U167                                                 | 1   |        | mul_ln73_209         | mul       | auto                   | 0       |
|     mul_16s_10ns_26_1_1_U183                                               | 1   |        | mul_ln73_210         | mul       | auto                   | 0       |
|     mul_16s_8ns_24_1_1_U353                                                | 1   |        | mul_ln73_211         | mul       | auto                   | 0       |
|     mul_16s_9s_25_1_1_U354                                                 | 1   |        | mul_ln73_212         | mul       | auto                   | 0       |
|     mul_16s_9s_25_1_1_U291                                                 | 1   |        | mul_ln73_213         | mul       | auto                   | 0       |
|     mul_16s_7ns_23_1_1_U146                                                | 1   |        | mul_ln73_214         | mul       | auto                   | 0       |
|     mul_16s_10s_26_1_1_U208                                                | 1   |        | mul_ln73_215         | mul       | auto                   | 0       |
|     mul_16s_8s_24_1_1_U337                                                 | 1   |        | mul_ln73_216         | mul       | auto                   | 0       |
|     mul_16s_9ns_25_1_1_U215                                                | 1   |        | mul_ln73_217         | mul       | auto                   | 0       |
|     sub_ln73_36_fu_281915_p2                                               |     |        | sub_ln73_36          | sub       | fabric                 | 0       |
|     mul_16s_8ns_24_1_1_U263                                                | 1   |        | mul_ln73_218         | mul       | auto                   | 0       |
|     mul_16s_10ns_26_1_1_U174                                               | 1   |        | mul_ln73_219         | mul       | auto                   | 0       |
|     mul_16s_9s_25_1_1_U217                                                 | 1   |        | mul_ln73_220         | mul       | auto                   | 0       |
|     mul_16s_9s_25_1_1_U358                                                 | 1   |        | mul_ln73_221         | mul       | auto                   | 0       |
|     mul_16s_8ns_24_1_1_U359                                                | 1   |        | mul_ln73_222         | mul       | auto                   | 0       |
|     mul_16s_9s_25_1_1_U360                                                 | 1   |        | mul_ln73_223         | mul       | auto                   | 0       |
|     mul_16s_9ns_25_1_1_U172                                                | 1   |        | mul_ln73_224         | mul       | auto                   | 0       |
|     mul_16s_10ns_26_1_1_U173                                               | 1   |        | mul_ln73_225         | mul       | auto                   | 0       |
|     mul_16s_9s_25_1_1_U187                                                 | 1   |        | mul_ln73_226         | mul       | auto                   | 0       |
|     mul_16s_9ns_25_1_1_U232                                                | 1   |        | mul_ln73_227         | mul       | auto                   | 0       |
|     mul_16s_9ns_25_1_1_U131                                                | 1   |        | mul_ln73_228         | mul       | auto                   | 0       |
|     mul_16s_6s_22_1_1_U143                                                 | 1   |        | mul_ln73_229         | mul       | auto                   | 0       |
|     mul_16s_9s_25_1_1_U352                                                 | 1   |        | mul_ln73_230         | mul       | auto                   | 0       |
|     mul_16s_10ns_26_1_1_U251                                               | 1   |        | mul_ln73_231         | mul       | auto                   | 0       |
|     mul_16s_10s_26_1_1_U272                                                | 1   |        | mul_ln73_232         | mul       | auto                   | 0       |
|     mul_16s_9s_25_1_1_U247                                                 | 1   |        | mul_ln73_233         | mul       | auto                   | 0       |
|     mul_16s_6s_22_1_1_U126                                                 | 1   |        | mul_ln73_234         | mul       | auto                   | 0       |
|     mul_16s_9ns_25_1_1_U127                                                | 1   |        | mul_ln73_235         | mul       | auto                   | 0       |
|     mul_16s_9ns_25_1_1_U309                                                | 1   |        | mul_ln73_236         | mul       | auto                   | 0       |
|     sub_ln73_37_fu_282235_p2                                               |     |        | sub_ln73_37          | sub       | fabric                 | 0       |
|     sub_ln73_38_fu_282279_p2                                               |     |        | sub_ln73_38          | sub       | fabric                 | 0       |
|     mul_16s_7s_23_1_1_U179                                                 | 1   |        | mul_ln73_237         | mul       | auto                   | 0       |
|     add_ln58_fu_282313_p2                                                  |     |        | add_ln58             | add       | fabric                 | 0       |
|     add_ln58_1_fu_282319_p2                                                |     |        | add_ln58_1           | add       | fabric                 | 0       |
|     add_ln58_8_fu_282337_p2                                                |     |        | add_ln58_8           | add       | fabric                 | 0       |
|     add_ln58_9_fu_282343_p2                                                |     |        | add_ln58_9           | add       | fabric                 | 0       |
|     add_ln58_18_fu_282361_p2                                               |     |        | add_ln58_18          | add       | fabric                 | 0       |
|     add_ln58_25_fu_282379_p2                                               |     |        | add_ln58_25          | add       | fabric                 | 0       |
|     add_ln58_26_fu_282385_p2                                               |     |        | add_ln58_26          | add       | fabric                 | 0       |
|     add_ln58_27_fu_283385_p2                                               |     |        | add_ln58_27          | add       | fabric                 | 0       |
|     add_ln58_29_fu_282391_p2                                               |     |        | add_ln58_29          | add       | fabric                 | 0       |
|     add_ln58_30_fu_282397_p2                                               |     |        | add_ln58_30          | add       | fabric                 | 0       |
|     add_ln58_31_fu_282407_p2                                               |     |        | add_ln58_31          | add       | fabric                 | 0       |
|     add_ln58_32_fu_283403_p2                                               |     |        | add_ln58_32          | add       | fabric                 | 0       |
|     add_ln58_36_fu_282413_p2                                               |     |        | add_ln58_36          | add       | fabric                 | 0       |
|     add_ln58_37_fu_282419_p2                                               |     |        | add_ln58_37          | add       | fabric                 | 0       |
|     add_ln58_44_fu_282437_p2                                               |     |        | add_ln58_44          | add       | fabric                 | 0       |
|     add_ln58_45_fu_282443_p2                                               |     |        | add_ln58_45          | add       | fabric                 | 0       |
|     add_ln58_54_fu_282461_p2                                               |     |        | add_ln58_54          | add       | fabric                 | 0       |
|     add_ln58_56_fu_282467_p2                                               |     |        | add_ln58_56          | add       | fabric                 | 0       |
|     add_ln58_57_fu_282473_p2                                               |     |        | add_ln58_57          | add       | fabric                 | 0       |
|     add_ln58_61_fu_282479_p2                                               |     |        | add_ln58_61          | add       | fabric                 | 0       |
|     add_ln58_62_fu_282485_p2                                               |     |        | add_ln58_62          | add       | fabric                 | 0       |
|     add_ln58_63_fu_283508_p2                                               |     |        | add_ln58_63          | add       | fabric                 | 0       |
|     add_ln58_64_fu_283518_p2                                               |     |        | add_ln58_64          | add       | fabric                 | 0       |
|     add_ln58_66_fu_282497_p2                                               |     |        | add_ln58_66          | add       | fabric                 | 0       |
|     add_ln58_67_fu_282507_p2                                               |     |        | add_ln58_67          | add       | fabric                 | 0       |
|     add_ln58_69_fu_283531_p2                                               |     |        | add_ln58_69          | add       | fabric                 | 0       |
|     add_ln58_72_fu_282523_p2                                               |     |        | add_ln58_72          | add       | fabric                 | 0       |
|     add_ln58_73_fu_282529_p2                                               |     |        | add_ln58_73          | add       | fabric                 | 0       |
|     add_ln58_80_fu_282547_p2                                               |     |        | add_ln58_80          | add       | fabric                 | 0       |
|     add_ln58_81_fu_282553_p2                                               |     |        | add_ln58_81          | add       | fabric                 | 0       |
|     add_ln58_90_fu_282571_p2                                               |     |        | add_ln58_90          | add       | fabric                 | 0       |
|     add_ln58_97_fu_282589_p2                                               |     |        | add_ln58_97          | add       | fabric                 | 0       |
|     add_ln58_98_fu_282595_p2                                               |     |        | add_ln58_98          | add       | fabric                 | 0       |
|     add_ln58_99_fu_283615_p2                                               |     |        | add_ln58_99          | add       | fabric                 | 0       |
|     add_ln58_101_fu_282601_p2                                              |     |        | add_ln58_101         | add       | fabric                 | 0       |
|     add_ln58_102_fu_282607_p2                                              |     |        | add_ln58_102         | add       | fabric                 | 0       |
|     add_ln58_103_fu_283633_p2                                              |     |        | add_ln58_103         | add       | fabric                 | 0       |
|     add_ln58_104_fu_283643_p2                                              |     |        | add_ln58_104         | add       | fabric                 | 0       |
|     add_ln58_108_fu_282613_p2                                              |     |        | add_ln58_108         | add       | fabric                 | 0       |
|     add_ln58_109_fu_282619_p2                                              |     |        | add_ln58_109         | add       | fabric                 | 0       |
|     add_ln58_116_fu_282637_p2                                              |     |        | add_ln58_116         | add       | fabric                 | 0       |
|     add_ln58_117_fu_282643_p2                                              |     |        | add_ln58_117         | add       | fabric                 | 0       |
|     add_ln58_126_fu_282661_p2                                              |     |        | add_ln58_126         | add       | fabric                 | 0       |
|     add_ln58_128_fu_282667_p2                                              |     |        | add_ln58_128         | add       | fabric                 | 0       |
|     add_ln58_129_fu_282673_p2                                              |     |        | add_ln58_129         | add       | fabric                 | 0       |
|     add_ln58_130_fu_283728_p2                                              |     |        | add_ln58_130         | add       | fabric                 | 0       |
|     add_ln58_131_fu_283738_p2                                              |     |        | add_ln58_131         | add       | fabric                 | 0       |
|     add_ln58_133_fu_282679_p2                                              |     |        | add_ln58_133         | add       | fabric                 | 0       |
|     add_ln58_134_fu_282685_p2                                              |     |        | add_ln58_134         | add       | fabric                 | 0       |
|     add_ln58_135_fu_283756_p2                                              |     |        | add_ln58_135         | add       | fabric                 | 0       |
|     add_ln58_137_fu_282691_p2                                              |     |        | add_ln58_137         | add       | fabric                 | 0       |
|     add_ln58_138_fu_282701_p2                                              |     |        | add_ln58_138         | add       | fabric                 | 0       |
|     add_ln58_139_fu_282711_p2                                              |     |        | add_ln58_139         | add       | fabric                 | 0       |
|     add_ln58_140_fu_282721_p2                                              |     |        | add_ln58_140         | add       | fabric                 | 0       |
|     add_ln58_144_fu_282727_p2                                              |     |        | add_ln58_144         | add       | fabric                 | 0       |
|     add_ln58_145_fu_282733_p2                                              |     |        | add_ln58_145         | add       | fabric                 | 0       |
|     add_ln58_152_fu_282751_p2                                              |     |        | add_ln58_152         | add       | fabric                 | 0       |
|     add_ln58_153_fu_282757_p2                                              |     |        | add_ln58_153         | add       | fabric                 | 0       |
|     add_ln58_162_fu_282775_p2                                              |     |        | add_ln58_162         | add       | fabric                 | 0       |
|     add_ln58_164_fu_282781_p2                                              |     |        | add_ln58_164         | add       | fabric                 | 0       |
|     add_ln58_165_fu_282787_p2                                              |     |        | add_ln58_165         | add       | fabric                 | 0       |
|     add_ln58_169_fu_282793_p2                                              |     |        | add_ln58_169         | add       | fabric                 | 0       |
|     add_ln58_170_fu_282799_p2                                              |     |        | add_ln58_170         | add       | fabric                 | 0       |
|     add_ln58_171_fu_283875_p2                                              |     |        | add_ln58_171         | add       | fabric                 | 0       |
|     add_ln58_173_fu_282805_p2                                              |     |        | add_ln58_173         | add       | fabric                 | 0       |
|     add_ln58_174_fu_282811_p2                                              |     |        | add_ln58_174         | add       | fabric                 | 0       |
|     add_ln58_175_fu_283897_p2                                              |     |        | add_ln58_175         | add       | fabric                 | 0       |
|     add_ln58_176_fu_283907_p2                                              |     |        | add_ln58_176         | add       | fabric                 | 0       |
|     add_ln58_180_fu_282817_p2                                              |     |        | add_ln58_180         | add       | fabric                 | 0       |
|     add_ln58_181_fu_282823_p2                                              |     |        | add_ln58_181         | add       | fabric                 | 0       |
|     add_ln58_188_fu_282841_p2                                              |     |        | add_ln58_188         | add       | fabric                 | 0       |
|     add_ln58_189_fu_282847_p2                                              |     |        | add_ln58_189         | add       | fabric                 | 0       |
|     add_ln58_198_fu_282865_p2                                              |     |        | add_ln58_198         | add       | fabric                 | 0       |
|     add_ln58_201_fu_282871_p2                                              |     |        | add_ln58_201         | add       | fabric                 | 0       |
|     add_ln58_202_fu_283995_p2                                              |     |        | add_ln58_202         | add       | fabric                 | 0       |
|     add_ln58_205_fu_282877_p2                                              |     |        | add_ln58_205         | add       | fabric                 | 0       |
|     add_ln58_206_fu_282883_p2                                              |     |        | add_ln58_206         | add       | fabric                 | 0       |
|     add_ln58_207_fu_284019_p2                                              |     |        | add_ln58_207         | add       | fabric                 | 0       |
|     add_ln58_209_fu_282889_p2                                              |     |        | add_ln58_209         | add       | fabric                 | 0       |
|     add_ln58_210_fu_282895_p2                                              |     |        | add_ln58_210         | add       | fabric                 | 0       |
|     add_ln58_211_fu_282905_p2                                              |     |        | add_ln58_211         | add       | fabric                 | 0       |
|     add_ln58_212_fu_284041_p2                                              |     |        | add_ln58_212         | add       | fabric                 | 0       |
|     add_ln58_216_fu_282911_p2                                              |     |        | add_ln58_216         | add       | fabric                 | 0       |
|     add_ln58_217_fu_282917_p2                                              |     |        | add_ln58_217         | add       | fabric                 | 0       |
|     add_ln58_224_fu_282935_p2                                              |     |        | add_ln58_224         | add       | fabric                 | 0       |
|     add_ln58_225_fu_282941_p2                                              |     |        | add_ln58_225         | add       | fabric                 | 0       |
|     add_ln58_234_fu_282959_p2                                              |     |        | add_ln58_234         | add       | fabric                 | 0       |
|     add_ln58_241_fu_282977_p2                                              |     |        | add_ln58_241         | add       | fabric                 | 0       |
|     add_ln58_242_fu_282983_p2                                              |     |        | add_ln58_242         | add       | fabric                 | 0       |
|     add_ln58_243_fu_284143_p2                                              |     |        | add_ln58_243         | add       | fabric                 | 0       |
|     add_ln58_245_fu_282989_p2                                              |     |        | add_ln58_245         | add       | fabric                 | 0       |
|     add_ln58_246_fu_282995_p2                                              |     |        | add_ln58_246         | add       | fabric                 | 0       |
|     add_ln58_247_fu_283005_p2                                              |     |        | add_ln58_247         | add       | fabric                 | 0       |
|     add_ln58_248_fu_284160_p2                                              |     |        | add_ln58_248         | add       | fabric                 | 0       |
|     add_ln58_252_fu_283011_p2                                              |     |        | add_ln58_252         | add       | fabric                 | 0       |
|     add_ln58_253_fu_283017_p2                                              |     |        | add_ln58_253         | add       | fabric                 | 0       |
|     add_ln58_260_fu_283035_p2                                              |     |        | add_ln58_260         | add       | fabric                 | 0       |
|     add_ln58_261_fu_283041_p2                                              |     |        | add_ln58_261         | add       | fabric                 | 0       |
|     add_ln58_270_fu_283059_p2                                              |     |        | add_ln58_270         | add       | fabric                 | 0       |
|     add_ln58_273_fu_283065_p2                                              |     |        | add_ln58_273         | add       | fabric                 | 0       |
|     add_ln58_274_fu_284250_p2                                              |     |        | add_ln58_274         | add       | fabric                 | 0       |
|     add_ln58_277_fu_283071_p2                                              |     |        | add_ln58_277         | add       | fabric                 | 0       |
|     add_ln58_278_fu_283077_p2                                              |     |        | add_ln58_278         | add       | fabric                 | 0       |
|     add_ln58_279_fu_284274_p2                                              |     |        | add_ln58_279         | add       | fabric                 | 0       |
|     add_ln58_281_fu_283083_p2                                              |     |        | add_ln58_281         | add       | fabric                 | 0       |
|     add_ln58_282_fu_283089_p2                                              |     |        | add_ln58_282         | add       | fabric                 | 0       |
|     add_ln58_283_fu_283099_p2                                              |     |        | add_ln58_283         | add       | fabric                 | 0       |
|     add_ln58_284_fu_284292_p2                                              |     |        | add_ln58_284         | add       | fabric                 | 0       |
|  + relu_array_ap_fixed_8u_array_ap_fixed_16_6_5_3_0_8u_relu_config7_s      | 0   |        |                      |           |                        |         |
|    icmp_ln51_fu_175_p2                                                     |     |        | icmp_ln51            | setgt     | auto                   | 0       |
|    select_ln51_fu_191_p3                                                   |     |        | select_ln51          | select    | auto_sel               | 0       |
|    icmp_ln51_1_fu_199_p2                                                   |     |        | icmp_ln51_1          | setgt     | auto                   | 0       |
|    select_ln51_1_fu_215_p3                                                 |     |        | select_ln51_1        | select    | auto_sel               | 0       |
|    icmp_ln51_2_fu_223_p2                                                   |     |        | icmp_ln51_2          | setgt     | auto                   | 0       |
|    select_ln51_2_fu_239_p3                                                 |     |        | select_ln51_2        | select    | auto_sel               | 0       |
|    icmp_ln51_3_fu_247_p2                                                   |     |        | icmp_ln51_3          | setgt     | auto                   | 0       |
|    select_ln51_3_fu_263_p3                                                 |     |        | select_ln51_3        | select    | auto_sel               | 0       |
|    icmp_ln51_4_fu_271_p2                                                   |     |        | icmp_ln51_4          | setgt     | auto                   | 0       |
|    select_ln51_4_fu_287_p3                                                 |     |        | select_ln51_4        | select    | auto_sel               | 0       |
|    icmp_ln51_5_fu_295_p2                                                   |     |        | icmp_ln51_5          | setgt     | auto                   | 0       |
|    select_ln51_5_fu_311_p3                                                 |     |        | select_ln51_5        | select    | auto_sel               | 0       |
|    icmp_ln51_6_fu_319_p2                                                   |     |        | icmp_ln51_6          | setgt     | auto                   | 0       |
|    select_ln51_6_fu_335_p3                                                 |     |        | select_ln51_6        | select    | auto_sel               | 0       |
|    icmp_ln51_7_fu_343_p2                                                   |     |        | icmp_ln51_7          | setgt     | auto                   | 0       |
|    select_ln51_7_fu_359_p3                                                 |     |        | select_ln51_7        | select    | auto_sel               | 0       |
|  + dense_array_ap_fixed_8u_array_ap_fixed_36_16_5_3_0_2u_config8_s         | 16  |        |                      |           |                        |         |
|   + dense_latency_wrapper_ap_fixed_ap_fixed_36_16_5_3_0_config8_s          | 16  |        |                      |           |                        |         |
|     mul_16s_8ns_24_1_1_U409                                                | 1   |        | mul_ln73             | mul       | auto                   | 0       |
|     mul_16s_9ns_25_1_1_U413                                                | 1   |        | mul_ln73_238         | mul       | auto                   | 0       |
|     mul_16s_11ns_26_1_1_U423                                               | 1   |        | mul_ln42             | mul       | auto                   | 0       |
|     mul_16s_11s_26_1_1_U416                                                | 1   |        | mul_ln42_1           | mul       | auto                   | 0       |
|     mul_16s_11ns_26_1_1_U411                                               | 1   |        | mul_ln42_2           | mul       | auto                   | 0       |
|     mul_16s_10ns_26_1_1_U412                                               | 1   |        | mul_ln73_239         | mul       | auto                   | 0       |
|     mul_16s_11ns_26_1_1_U414                                               | 1   |        | mul_ln42_3           | mul       | auto                   | 0       |
|     mul_16s_10ns_26_1_1_U420                                               | 1   |        | mul_ln73_240         | mul       | auto                   | 0       |
|     mul_16s_9ns_25_1_1_U417                                                | 1   |        | mul_ln73_241         | mul       | auto                   | 0       |
|     mul_16s_11s_26_1_1_U410                                                | 1   |        | mul_ln42_4           | mul       | auto                   | 0       |
|     mul_16s_11ns_26_1_1_U418                                               | 1   |        | mul_ln42_5           | mul       | auto                   | 0       |
|     mul_16s_11s_26_1_1_U415                                                | 1   |        | mul_ln42_6           | mul       | auto                   | 0       |
|     mul_16s_9ns_25_1_1_U419                                                | 1   |        | mul_ln73_242         | mul       | auto                   | 0       |
|     mul_16s_11s_26_1_1_U421                                                | 1   |        | mul_ln42_7           | mul       | auto                   | 0       |
|     mul_16s_11s_26_1_1_U422                                                | 1   |        | mul_ln42_8           | mul       | auto                   | 0       |
|     mul_16s_11ns_26_1_1_U408                                               | 1   |        | mul_ln42_9           | mul       | auto                   | 0       |
|     add_ln58_fu_1513_p2                                                    |     |        | add_ln58             | add       | fabric                 | 0       |
|     add_ln58_288_fu_1519_p2                                                |     |        | add_ln58_288         | add       | fabric                 | 0       |
|     add_ln58_291_fu_1567_p2                                                |     |        | add_ln58_291         | add       | fabric                 | 0       |
|     add_ln58_292_fu_1577_p2                                                |     |        | add_ln58_292         | add       | fabric                 | 0       |
|     add_ln58_295_fu_1525_p2                                                |     |        | add_ln58_295         | add       | fabric                 | 0       |
|     add_ln58_296_fu_1531_p2                                                |     |        | add_ln58_296         | add       | fabric                 | 0       |
|  + softmax_array_array_ap_fixed_16_6_5_3_0_2u_softmax_config9_s            | 9   |        |                      |           |                        |         |
|   + softmax_stable_array_array_ap_fixed_16_6_5_3_0_2u_softmax_config9_s    | 9   |        |                      |           |                        |         |
|     icmp_ln66_fu_174_p2                                                    |     |        | icmp_ln66            | setlt     | auto                   | 0       |
|     xor_ln66_fu_194_p2                                                     |     |        | xor_ln66             | xor       | auto                   | 0       |
|     select_ln66_fu_199_p3                                                  |     |        | select_ln66          | select    | auto_sel               | 0       |
|     x_fu_205_p2                                                            |     |        | x                    | sub       | fabric                 | 0       |
|     x_1_fu_210_p2                                                          |     |        | x_1                  | sub       | fabric                 | 0       |
|     add_ln51_fu_245_p2                                                     |     |        | add_ln51             | add       | fabric                 | 0       |
|     mul_18s_16s_26_1_1_U457                                                | 1   |        | mul_ln241            | mul       | auto                   | 0       |
|     mul_18s_16s_26_1_1_U458                                                | 1   |        | mul_ln241_1          | mul       | auto                   | 0       |
|    + init_exp_table_ap_ufixed_35_15_5_3_0_softmax_config9_s                | 7   |        |                      |           |                        |         |
|      icmp_ln151_fu_199_p2                                                  |     |        | icmp_ln151           | seteq     | auto                   | 0       |
|      add_ln151_fu_205_p2                                                   |     |        | add_ln151            | add       | fabric                 | 0       |
|      icmp_ln138_fu_258_p2                                                  |     |        | icmp_ln138           | seteq     | auto                   | 0       |
|      ctlz_35_35_1_1_U438                                                   |     |        | tmp                  | ctlz      | auto                   | 0       |
|      sub_ln138_fu_235_p2                                                   |     |        | sub_ln138            | sub       | fabric                 | 0       |
|      add_ln138_fu_263_p2                                                   |     |        | add_ln138            | add       | fabric                 | 0       |
|      xor_ln138_fu_280_p2                                                   |     |        | xor_ln138            | xor       | auto                   | 0       |
|      bitselect_1ns_35ns_32s_1_1_1_U439                                     |     |        | tmp_2                | bitselect | auto                   | 0       |
|      phi_ln138_1_fu_293_p2                                                 |     |        | phi_ln138_1          | and       | auto                   | 0       |
|      icmp_ln138_1_fu_299_p2                                                |     |        | icmp_ln138_1         | setgt     | auto                   | 0       |
|      add_ln138_1_fu_241_p2                                                 |     |        | add_ln138_1          | add       | fabric                 | 0       |
|      lshr_ln138_fu_312_p2                                                  |     |        | lshr_ln138           | lshr      | auto_pipe              | 0       |
|      sub_ln138_1_fu_247_p2                                                 |     |        | sub_ln138_1          | sub       | fabric                 | 0       |
|      shl_ln138_fu_324_p2                                                   |     |        | shl_ln138            | shl       | auto_pipe              | 0       |
|      cond42_i_i_i_in_fu_329_p3                                             |     |        | cond42_i_i_i_in      | select    | auto_sel               | 0       |
|      add_ln138_2_fu_345_p2                                                 |     |        | add_ln138_2          | add       | fabric                 | 0       |
|      select_ln138_fu_373_p3                                                |     |        | select_ln138         | select    | auto_sel               | 0       |
|      sub_ln138_2_fu_381_p2                                                 |     |        | sub_ln138_2          | sub       | fabric                 | 0       |
|      add_ln138_3_fu_390_p2                                                 |     |        | add_ln138_3          | add       | fabric                 | 0       |
|      x_2_fu_427_p3                                                         |     |        | x_2                  | select    | auto_sel               | 0       |
|      fexp_32ns_32ns_32_13_full_dsp_1_U437                                  | 7   |        | tmp_4                | fexp      | fulldsp                | 12      |
|      fpext_32ns_64_2_no_dsp_1_U436                                         |     |        | pf                   | fpext     | auto                   | 1       |
|      sub_ln159_fu_482_p2                                                   |     |        | sub_ln159            | sub       | fabric                 | 0       |
|      select_ln159_fu_488_p3                                                |     |        | select_ln159         | select    | auto_sel               | 0       |
|      icmp_ln159_fu_462_p2                                                  |     |        | icmp_ln159           | seteq     | auto                   | 0       |
|      sub_ln159_1_fu_495_p2                                                 |     |        | sub_ln159_1          | sub       | fabric                 | 0       |
|      icmp_ln159_1_fu_505_p2                                                |     |        | icmp_ln159_1         | setgt     | auto                   | 0       |
|      add_ln159_fu_511_p2                                                   |     |        | add_ln159            | add       | fabric                 | 0       |
|      sub_ln159_2_fu_521_p2                                                 |     |        | sub_ln159_2          | sub       | fabric                 | 0       |
|      select_ln159_1_fu_527_p3                                              |     |        | select_ln159_1       | select    | auto_sel               | 0       |
|      icmp_ln159_2_fu_535_p2                                                |     |        | icmp_ln159_2         | seteq     | auto                   | 0       |
|      icmp_ln159_3_fu_657_p2                                                |     |        | icmp_ln159_3         | setlt     | auto                   | 0       |
|      select_ln159_5_fu_662_p3                                              |     |        | select_ln159_5       | select    | auto_sel               | 0       |
|      ashr_ln159_fu_672_p2                                                  |     |        | ashr_ln159           | ashr      | auto_pipe              | 0       |
|      select_ln159_2_fu_681_p3                                              |     |        | select_ln159_2       | select    | auto_sel               | 0       |
|      icmp_ln159_4_fu_545_p2                                                |     |        | icmp_ln159_4         | setgt     | auto                   | 0       |
|      icmp_ln159_5_fu_689_p2                                                |     |        | icmp_ln159_5         | setlt     | auto                   | 0       |
|      shl_ln159_fu_697_p2                                                   |     |        | shl_ln159            | shl       | auto_pipe              | 0       |
|      select_ln159_3_fu_702_p3                                              |     |        | select_ln159_3       | select    | auto_sel               | 0       |
|      add_ln159_1_fu_551_p2                                                 |     |        | add_ln159_1          | add       | fabric                 | 0       |
|      bitselect_1ns_54ns_32ns_1_1_1_U440                                    |     |        | tmp_7                | bitselect | auto                   | 0       |
|      cond64_i_fu_710_p3                                                    |     |        | cond64_i             | select    | auto_sel               | 0       |
|      add_ln159_2_fu_727_p2                                                 |     |        | add_ln159_2          | add       | fabric                 | 0       |
|      xor_ln159_fu_741_p2                                                   |     |        | xor_ln159            | xor       | auto                   | 0       |
|      xor_ln159_2_fu_747_p2                                                 |     |        | xor_ln159_2          | xor       | auto                   | 0       |
|      and_ln159_9_fu_752_p2                                                 |     |        | and_ln159_9          | and       | auto                   | 0       |
|      sparsemux_7_2_18_1_1_U444                                             |     |        | ref_tmp_i_i          | sparsemux | onehotencoding_realdef | 0       |
|      and_ln159_10_fu_757_p2                                                |     |        | and_ln159_10         | and       | auto                   | 0       |
|      carry_1_i_fu_763_p2                                                   |     |        | carry_1_i            | and       | auto                   | 0       |
|      add_ln159_3_fu_581_p2                                                 |     |        | add_ln159_3          | add       | fabric                 | 0       |
|      icmp_ln159_6_fu_597_p2                                                |     |        | icmp_ln159_6         | setgt     | auto                   | 0       |
|      add_ln159_4_fu_603_p2                                                 |     |        | add_ln159_4          | add       | fabric                 | 0       |
|      add_ln159_5_fu_613_p2                                                 |     |        | add_ln159_5          | add       | fabric                 | 0       |
|      icmp_ln159_7_fu_619_p2                                                |     |        | icmp_ln159_7         | setlt     | auto                   | 0       |
|      xor_ln159_9_fu_769_p2                                                 |     |        | xor_ln159_9          | xor       | auto                   | 0       |
|      icmp_ln159_8_fu_633_p2                                                |     |        | icmp_ln159_8         | setlt     | auto                   | 0       |
|      bitselect_1ns_54ns_32s_1_1_1_U441                                     |     |        | tobool134_i          | bitselect | auto                   | 0       |
|      lD_0_i_fu_647_p2                                                      |     |        | lD_0_i               | and       | auto                   | 0       |
|      icmp_ln159_9_fu_774_p2                                                |     |        | icmp_ln159_9         | setlt     | auto                   | 0       |
|      icmp_ln159_10_fu_779_p2                                               |     |        | icmp_ln159_10        | setlt     | auto                   | 0       |
|      neg_src_0_i_fu_1030_p2                                                |     |        | and_ln159            | and       | auto                   | 0       |
|      lshr_ln159_fu_787_p2                                                  |     |        | lshr_ln159           | lshr      | auto_pipe              | 0       |
|      lshr_ln159_1_fu_792_p2                                                |     |        | lshr_ln159_1         | lshr      | auto_pipe              | 0       |
|      icmp_ln159_11_fu_798_p2                                               |     |        | icmp_ln159_11        | seteq     | auto                   | 0       |
|      xor_ln159_10_fu_811_p2                                                |     |        | xor_ln159_10         | xor       | auto                   | 0       |
|      Range2_all_ones_1_i_fu_817_p3                                         |     |        | Range2_all_ones_1_i  | select    | auto_sel               | 0       |
|      and_ln159_1_fu_825_p2                                                 |     |        | and_ln159_1          | and       | auto                   | 0       |
|      Range1_all_ones_2_i_fu_894_p2                                         |     |        | and_ln159_2          | and       | auto                   | 0       |
|      xor_ln159_1_fu_836_p2                                                 |     |        | xor_ln159_1          | xor       | auto                   | 0       |
|      icmp_ln159_12_fu_841_p2                                               |     |        | icmp_ln159_12        | seteq     | auto                   | 0       |
|      Range1_all_zeros_2_i_fu_913_p2                                        |     |        | and_ln159_3          | and       | auto                   | 0       |
|      icmp_ln159_13_fu_853_p2                                               |     |        | icmp_ln159_13        | seteq     | auto                   | 0       |
|      icmp_ln159_14_fu_858_p2                                               |     |        | icmp_ln159_14        | seteq     | auto                   | 0       |
|      Range1_all_zeros_2_i_fu_913_p6                                        |     |        | or_ln159             | or        | auto                   | 0       |
|      xor_ln159_11_fu_869_p2                                                |     |        | xor_ln159_11         | xor       | auto                   | 0       |
|      or_ln159_5_fu_875_p2                                                  |     |        | or_ln159_5           | or        | auto                   | 0       |
|      and_ln159_11_fu_880_p2                                                |     |        | and_ln159_11         | and       | auto                   | 0       |
|      sparsemux_7_2_1_1_1_U442                                              |     |        | Range1_all_ones_2_i  | sparsemux | onehotencoding_realdef | 0       |
|      sparsemux_7_2_1_1_1_U443                                              |     |        | Range1_all_zeros_2_i | sparsemux | onehotencoding_realdef | 0       |
|      select_ln159_4_fu_977_p3                                              |     |        | select_ln159_4       | select    | auto_sel               | 0       |
|      or_ln159_1_fu_982_p2                                                  |     |        | or_ln159_1           | or        | auto                   | 0       |
|      and_ln159_4_fu_986_p2                                                 |     |        | and_ln159_4          | and       | auto                   | 0       |
|      cond193_i_fu_991_p3                                                   |     |        | cond193_i            | select    | auto_sel               | 0       |
|      and_ln159_5_fu_997_p2                                                 |     |        | and_ln159_5          | and       | auto                   | 0       |
|      neg_src_0_i_fu_1030_p4                                                |     |        | xor_ln159_4          | xor       | auto                   | 0       |
|      not_icmp_ln159_749_fu_1007_p2                                         |     |        | not_icmp_ln159_749   | xor       | auto                   | 0       |
|      deleted_ones_0_i_fu_1012_p2                                           |     |        | deleted_ones_0_i     | or        | auto                   | 0       |
|      and_ln159_12_fu_1018_p2                                               |     |        | and_ln159_12         | and       | auto                   | 0       |
|      sparsemux_7_2_1_1_1_U445                                              |     |        | neg_src_0_i          | sparsemux | onehotencoding_realdef | 0       |
|      xor_ln159_5_fu_1050_p2                                                |     |        | xor_ln159_5          | xor       | auto                   | 0       |
|      and_ln159_13_fu_1056_p2                                               |     |        | and_ln159_13         | and       | auto                   | 0       |
|      or_ln159_2_fu_1061_p2                                                 |     |        | or_ln159_2           | or        | auto                   | 0       |
|      xor_ln159_6_fu_1067_p2                                                |     |        | xor_ln159_6          | xor       | auto                   | 0       |
|      and_ln159_6_fu_1072_p2                                                |     |        | and_ln159_6          | and       | auto                   | 0       |
|      and_ln159_7_fu_1078_p2                                                |     |        | and_ln159_7          | and       | auto                   | 0       |
|      xor_ln159_7_fu_1084_p2                                                |     |        | xor_ln159_7          | xor       | auto                   | 0       |
|      and_ln159_8_fu_1090_p2                                                |     |        | and_ln159_8          | and       | auto                   | 0       |
|      or_ln159_3_fu_1096_p2                                                 |     |        | or_ln159_3           | or        | auto                   | 0       |
|      exp_x_fu_1133_p4                                                      |     |        | select_ln159_6       | select    | auto_sel               | 0       |
|      xor_ln159_8_fu_1110_p2                                                |     |        | xor_ln159_8          | xor       | auto                   | 0       |
|      and_ln159_14_fu_1115_p2                                               |     |        | and_ln159_14         | and       | auto                   | 0       |
|      and_ln159_15_fu_1121_p2                                               |     |        | and_ln159_15         | and       | auto                   | 0       |
|      sparsemux_7_2_16_1_1_U446                                             |     |        | exp_x                | sparsemux | onehotencoding_realdef | 0       |
+----------------------------------------------------------------------------+-----+--------+----------------------+-----------+------------------------+---------+


================================================================
== Storage Report
================================================================
+-----------------------------------------------------------------------------------+--------------+--------+------+------+--------+----------------------------------------------------------------------------+--------+---------+------------------+
| Name                                                                              | Usage        | Type   | BRAM | URAM | Pragma | Variable                                                                   | Impl   | Latency | Bitwidth, Depth, |
|                                                                                   |              |        |      |      |        |                                                                            |        |         | Banks            |
+-----------------------------------------------------------------------------------+--------------+--------+------+------+--------+----------------------------------------------------------------------------+--------+---------+------------------+
| + myproject                                                                       |              |        | 15   | 0    |        |                                                                            |        |         |                  |
|   layer2_out_U                                                                    | fifo channel | stream | 9    |      |        | layer2_out                                                                 | memory | 0       | 148, 36, 1       |
|   layer3_out_U                                                                    | fifo channel | stream | 4    |      |        | layer3_out                                                                 | memory | 0       | 64, 36, 1        |
|   layer4_out_U                                                                    | fifo channel | stream |      |      |        | layer4_out                                                                 | srl    | 0       | 64, 9, 1         |
|   layer6_out_U                                                                    | fifo channel | stream |      |      |        | layer6_out                                                                 | srl    | 0       | 312, 1, 1        |
|   layer7_out_U                                                                    | fifo channel | stream |      |      |        | layer7_out                                                                 | srl    | 0       | 128, 1, 1        |
|   layer8_out_U                                                                    | fifo channel | stream |      |      |        | layer8_out                                                                 | srl    | 0       | 72, 1, 1         |
|  + conv_2d_cl_array_ap_fixed_1u_array_ap_fixed_37_17_5_3_0_4u_config2_s           |              |        | 0    | 0    |        |                                                                            |        |         |                  |
|   + compute_output_buffer_2d_array_array_ap_fixed_37_17_5_3_0_4u_config2_s        |              |        | 0    | 0    |        |                                                                            |        |         |                  |
|    + shift_line_buffer_array_ap_fixed_16_6_5_3_0_1u_config2_s                     |              |        | 0    | 0    |        |                                                                            |        |         |                  |
|      void_conv_2d_buffer_latency_cl_stream_stream_weight_t_bias_t_line_buffer_1_U | ram_1p       |        |      |      |        | void_conv_2d_buffer_latency_cl_stream_stream_weight_t_bias_t_line_buffer_1 | auto   | 0       | 16, 8, 1         |
|      void_conv_2d_buffer_latency_cl_stream_stream_weight_t_bias_t_line_buffer_U   | ram_1p       |        |      |      |        | void_conv_2d_buffer_latency_cl_stream_stream_weight_t_bias_t_line_buffer   | auto   | 0       | 16, 8, 1         |
|  + pooling2d_cl_array_ap_fixed_4u_array_ap_fixed_16_6_5_3_0_4u_config4_s          |              |        | 0    | 0    |        |                                                                            |        |         |                  |
|   + shift_line_buffer_array_ap_fixed_16_6_5_3_0_4u_config4_s                      |              |        | 0    | 0    |        |                                                                            |        |         |                  |
|     void_pooling2d_cl_stream_stream_array_ap_fixed_4u_0_line_buffer_3_U           | ram_1p       |        |      |      |        | void_pooling2d_cl_stream_stream_array_ap_fixed_4u_0_line_buffer_3          | auto   | 0       | 16, 6, 1         |
|     void_pooling2d_cl_stream_stream_array_ap_fixed_4u_0_line_buffer_2_U           | ram_1p       |        |      |      |        | void_pooling2d_cl_stream_stream_array_ap_fixed_4u_0_line_buffer_2          | auto   | 0       | 16, 6, 1         |
|     void_pooling2d_cl_stream_stream_array_ap_fixed_4u_0_line_buffer_1_U           | ram_1p       |        |      |      |        | void_pooling2d_cl_stream_stream_array_ap_fixed_4u_0_line_buffer_1          | auto   | 0       | 16, 6, 1         |
|     void_pooling2d_cl_stream_stream_array_ap_fixed_4u_0_line_buffer_U             | ram_1p       |        |      |      |        | void_pooling2d_cl_stream_stream_array_ap_fixed_4u_0_line_buffer            | auto   | 0       | 16, 6, 1         |
|  + softmax_array_array_ap_fixed_16_6_5_3_0_2u_softmax_config9_s                   |              |        | 2    | 0    |        |                                                                            |        |         |                  |
|   + softmax_stable_array_array_ap_fixed_16_6_5_3_0_2u_softmax_config9_s           |              |        | 2    | 0    |        |                                                                            |        |         |                  |
|     exp_table_U                                                                   | ram_2p array |        | 1    |      |        | exp_table                                                                  | auto   | 1       | 16, 1024, 1      |
|     invert_table_U                                                                | rom_1p       |        | 1    |      |        | invert_table                                                               | auto   | 1       | 18, 1024, 1      |
+-----------------------------------------------------------------------------------+--------------+--------+------+------+--------+----------------------------------------------------------------------------+--------+---------+------------------+


================================================================
== Pragma Report
================================================================
* Ignored Pragmas
+------------+---------------------+---------------------------------------------------------------+------------------------------------------------------------------+
| Type       | Options             | Location                                                      | Messages                                                         |
+------------+---------------------+---------------------------------------------------------------+------------------------------------------------------------------+
| allocation | instances = softmax | firmware/nnet_utils/nnet_activation.h:402 in softmax_multidim | unexpected pragma argument 'softmax', expects function/operation |
+------------+---------------------+---------------------------------------------------------------+------------------------------------------------------------------+

* Pragmas with Warnings
+----------+-----------------------------------+-----------------------------------------------------------------------------------------+----------------------------------------------------------------------------+
| Type     | Options                           | Location                                                                                | Messages                                                                   |
+----------+-----------------------------------+-----------------------------------------------------------------------------------------+----------------------------------------------------------------------------+
| resource | variable=weights core=ROM_nP_BRAM | firmware/nnet_utils/nnet_dense_resource.h:33 in dense_resource_rf_leq_nin, weights      | 'Resource pragma' is deprecated, use 'bind_op/bind_storage pragma' instead |
| resource | variable=weights core=ROM_nP_BRAM | firmware/nnet_utils/nnet_dense_resource.h:107 in dense_resource_rf_gt_nin_rem0, weights | 'Resource pragma' is deprecated, use 'bind_op/bind_storage pragma' instead |
| resource | variable=weights core=ROM_nP_BRAM | firmware/nnet_utils/nnet_dense_resource.h:189 in dense_resource_rf_gt_nin, weights      | 'Resource pragma' is deprecated, use 'bind_op/bind_storage pragma' instead |
+----------+-----------------------------------+-----------------------------------------------------------------------------------------+----------------------------------------------------------------------------+

* Valid Pragma Syntax
+----------------------+---------------------------------------------------------------------------------------------------------------------------------------------+------------------------------------------------------------------------------------------------+
| Type                 | Options                                                                                                                                     | Location                                                                                       |
+----------------------+---------------------------------------------------------------------------------------------------------------------------------------------+------------------------------------------------------------------------------------------------+
| interface            | axis port=inp,layer9_out                                                                                                                    | firmware/myproject.cpp:13 in myproject, inp,layer9_out                                         |
| dataflow             |                                                                                                                                             | firmware/myproject.cpp:14 in myproject                                                         |
| stream               | variable=layer2_out depth=36                                                                                                                | firmware/myproject.cpp:35 in myproject, layer2_out                                             |
| stream               | variable=layer3_out depth=36                                                                                                                | firmware/myproject.cpp:38 in myproject, layer3_out                                             |
| stream               | variable=layer4_out depth=9                                                                                                                 | firmware/myproject.cpp:41 in myproject, layer4_out                                             |
| stream               | variable=layer6_out depth=1                                                                                                                 | firmware/myproject.cpp:45 in myproject, layer6_out                                             |
| stream               | variable=layer7_out depth=1                                                                                                                 | firmware/myproject.cpp:48 in myproject, layer7_out                                             |
| stream               | variable=layer8_out depth=1                                                                                                                 | firmware/myproject.cpp:51 in myproject, layer8_out                                             |
| pipeline             |                                                                                                                                             | firmware/nnet_utils/nnet_activation.h:29 in linear                                             |
| pipeline             |                                                                                                                                             | firmware/nnet_utils/nnet_activation.h:40 in relu                                               |
| pipeline             |                                                                                                                                             | firmware/nnet_utils/nnet_activation.h:54 in relu_max                                           |
| pipeline             |                                                                                                                                             | firmware/nnet_utils/nnet_activation.h:109 in sigmoid                                           |
| pipeline             |                                                                                                                                             | firmware/nnet_utils/nnet_activation.h:176 in softmax_latency                                   |
| array_partition      | variable=exp_res complete                                                                                                                   | firmware/nnet_utils/nnet_activation.h:198 in softmax_latency, exp_res                          |
| unroll               |                                                                                                                                             | firmware/nnet_utils/nnet_activation.h:201 in softmax_latency                                   |
| unroll               |                                                                                                                                             | firmware/nnet_utils/nnet_activation.h:214 in softmax_latency                                   |
| pipeline             |                                                                                                                                             | firmware/nnet_utils/nnet_activation.h:221 in softmax_stable                                    |
| unroll               |                                                                                                                                             | firmware/nnet_utils/nnet_activation.h:247 in softmax_stable                                    |
| array_partition      | variable=exp_res complete                                                                                                                   | firmware/nnet_utils/nnet_activation.h:253 in softmax_stable, exp_res                           |
| unroll               |                                                                                                                                             | firmware/nnet_utils/nnet_activation.h:256 in softmax_stable                                    |
| unroll               |                                                                                                                                             | firmware/nnet_utils/nnet_activation.h:269 in softmax_stable                                    |
| pipeline             |                                                                                                                                             | firmware/nnet_utils/nnet_activation.h:317 in softmax_legacy                                    |
| unroll               |                                                                                                                                             | firmware/nnet_utils/nnet_activation.h:362 in softmax_argmax                                    |
| pipeline             |                                                                                                                                             | firmware/nnet_utils/nnet_activation.h:370 in softmax_argmax                                    |
| inline               |                                                                                                                                             | firmware/nnet_utils/nnet_activation.h:382 in softmax                                           |
| inline               |                                                                                                                                             | firmware/nnet_utils/nnet_activation.h:401 in softmax_multidim                                  |
| unroll               |                                                                                                                                             | firmware/nnet_utils/nnet_activation.h:406 in softmax_multidim                                  |
| unroll               |                                                                                                                                             | firmware/nnet_utils/nnet_activation.h:408 in softmax_multidim                                  |
| unroll               |                                                                                                                                             | firmware/nnet_utils/nnet_activation.h:410 in softmax_multidim                                  |
| unroll               |                                                                                                                                             | firmware/nnet_utils/nnet_activation.h:415 in softmax_multidim                                  |
| pipeline             |                                                                                                                                             | firmware/nnet_utils/nnet_activation.h:452 in tanh                                              |
| function_instantiate | variable=table                                                                                                                              | firmware/nnet_utils/nnet_activation.h:481 in unary_lut, table                                  |
| array_partition      | variable=table                                                                                                                              | firmware/nnet_utils/nnet_activation.h:482 in unary_lut, table                                  |
| unroll               |                                                                                                                                             | firmware/nnet_utils/nnet_activation.h:485 in unary_lut                                         |
| pipeline             |                                                                                                                                             | firmware/nnet_utils/nnet_activation.h:496 in hard_sigmoid                                      |
| pipeline             |                                                                                                                                             | firmware/nnet_utils/nnet_activation.h:511 in hard_tanh                                         |
| pipeline             |                                                                                                                                             | firmware/nnet_utils/nnet_activation.h:529 in leaky_relu                                        |
| pipeline             |                                                                                                                                             | firmware/nnet_utils/nnet_activation.h:546 in thresholded_relu                                  |
| pipeline             |                                                                                                                                             | firmware/nnet_utils/nnet_activation.h:591 in softplus                                          |
| pipeline             |                                                                                                                                             | firmware/nnet_utils/nnet_activation.h:640 in softsign                                          |
| pipeline             |                                                                                                                                             | firmware/nnet_utils/nnet_activation.h:689 in elu                                               |
| pipeline             |                                                                                                                                             | firmware/nnet_utils/nnet_activation.h:748 in selu                                              |
| pipeline             |                                                                                                                                             | firmware/nnet_utils/nnet_activation.h:776 in prelu                                             |
| pipeline             |                                                                                                                                             | firmware/nnet_utils/nnet_activation.h:804 in binary_tanh                                       |
| pipeline             |                                                                                                                                             | firmware/nnet_utils/nnet_activation.h:824 in ternary_tanh                                      |
| pipeline             |                                                                                                                                             | firmware/nnet_utils/nnet_activation_stream.h:20 in linear                                      |
| unroll               |                                                                                                                                             | firmware/nnet_utils/nnet_activation_stream.h:28 in linear                                      |
| pipeline             |                                                                                                                                             | firmware/nnet_utils/nnet_activation_stream.h:42 in relu                                        |
| unroll               |                                                                                                                                             | firmware/nnet_utils/nnet_activation_stream.h:50 in relu                                        |
| pipeline             |                                                                                                                                             | firmware/nnet_utils/nnet_activation_stream.h:81 in sigmoid                                     |
| unroll               |                                                                                                                                             | firmware/nnet_utils/nnet_activation_stream.h:89 in sigmoid                                     |
| array_partition      | variable=exp_res complete                                                                                                                   | firmware/nnet_utils/nnet_activation_stream.h:133 in softmax_latency, exp_res                   |
| pipeline             | II=ii                                                                                                                                       | firmware/nnet_utils/nnet_activation_stream.h:137 in softmax_latency                            |
| unroll               |                                                                                                                                             | firmware/nnet_utils/nnet_activation_stream.h:142 in softmax_latency                            |
| unroll               |                                                                                                                                             | firmware/nnet_utils/nnet_activation_stream.h:160 in softmax_latency                            |
| allocation           | operation instances=mul limit=multiplier_limit                                                                                              | firmware/nnet_utils/nnet_activation_stream.h:161 in softmax_latency                            |
| array_partition      | variable=data_array complete                                                                                                                | firmware/nnet_utils/nnet_activation_stream.h:193 in softmax_stable, data_array                 |
| pipeline             | II=ii                                                                                                                                       | firmware/nnet_utils/nnet_activation_stream.h:196 in softmax_stable                             |
| unroll               |                                                                                                                                             | firmware/nnet_utils/nnet_activation_stream.h:201 in softmax_stable                             |
| unroll               |                                                                                                                                             | firmware/nnet_utils/nnet_activation_stream.h:212 in softmax_stable                             |
| array_partition      | variable=exp_res complete                                                                                                                   | firmware/nnet_utils/nnet_activation_stream.h:218 in softmax_stable, exp_res                    |
| unroll               |                                                                                                                                             | firmware/nnet_utils/nnet_activation_stream.h:221 in softmax_stable                             |
| unroll               |                                                                                                                                             | firmware/nnet_utils/nnet_activation_stream.h:239 in softmax_stable                             |
| allocation           | operation instances=mul limit=multiplier_limit                                                                                              | firmware/nnet_utils/nnet_activation_stream.h:240 in softmax_stable                             |
| pipeline             |                                                                                                                                             | firmware/nnet_utils/nnet_activation_stream.h:272 in softmax_legacy                             |
| unroll               |                                                                                                                                             | firmware/nnet_utils/nnet_activation_stream.h:276 in softmax_legacy                             |
| unroll               |                                                                                                                                             | firmware/nnet_utils/nnet_activation_stream.h:283 in softmax_legacy                             |
| unroll               |                                                                                                                                             | firmware/nnet_utils/nnet_activation_stream.h:286 in softmax_legacy                             |
| unroll               |                                                                                                                                             | firmware/nnet_utils/nnet_activation_stream.h:309 in softmax_legacy                             |
| pipeline             |                                                                                                                                             | firmware/nnet_utils/nnet_activation_stream.h:326 in softmax_argmax                             |
| unroll               |                                                                                                                                             | firmware/nnet_utils/nnet_activation_stream.h:331 in softmax_argmax                             |
| pipeline             |                                                                                                                                             | firmware/nnet_utils/nnet_activation_stream.h:339 in softmax_argmax                             |
| pipeline             |                                                                                                                                             | firmware/nnet_utils/nnet_activation_stream.h:390 in tanh                                       |
| unroll               |                                                                                                                                             | firmware/nnet_utils/nnet_activation_stream.h:398 in tanh                                       |
| function_instantiate | variable=table                                                                                                                              | firmware/nnet_utils/nnet_activation_stream.h:418 in unary_lut, table                           |
| array_partition      | variable=table complete                                                                                                                     | firmware/nnet_utils/nnet_activation_stream.h:419 in unary_lut, table                           |
| pipeline             | II=CONFIG_T::reuse_factor rewind                                                                                                            | firmware/nnet_utils/nnet_activation_stream.h:423 in unary_lut                                  |
| unroll               |                                                                                                                                             | firmware/nnet_utils/nnet_activation_stream.h:431 in unary_lut                                  |
| pipeline             |                                                                                                                                             | firmware/nnet_utils/nnet_activation_stream.h:449 in hard_sigmoid                               |
| unroll               |                                                                                                                                             | firmware/nnet_utils/nnet_activation_stream.h:457 in hard_sigmoid                               |
| pipeline             |                                                                                                                                             | firmware/nnet_utils/nnet_activation_stream.h:474 in hard_tanh                                  |
| unroll               |                                                                                                                                             | firmware/nnet_utils/nnet_activation_stream.h:482 in hard_tanh                                  |
| pipeline             |                                                                                                                                             | firmware/nnet_utils/nnet_activation_stream.h:503 in leaky_relu                                 |
| unroll               |                                                                                                                                             | firmware/nnet_utils/nnet_activation_stream.h:511 in leaky_relu                                 |
| pipeline             |                                                                                                                                             | firmware/nnet_utils/nnet_activation_stream.h:529 in thresholded_relu                           |
| unroll               |                                                                                                                                             | firmware/nnet_utils/nnet_activation_stream.h:537 in thresholded_relu                           |
| pipeline             |                                                                                                                                             | firmware/nnet_utils/nnet_activation_stream.h:568 in softplus                                   |
| unroll               |                                                                                                                                             | firmware/nnet_utils/nnet_activation_stream.h:576 in softplus                                   |
| pipeline             |                                                                                                                                             | firmware/nnet_utils/nnet_activation_stream.h:609 in softsign                                   |
| unroll               |                                                                                                                                             | firmware/nnet_utils/nnet_activation_stream.h:617 in softsign                                   |
| pipeline             |                                                                                                                                             | firmware/nnet_utils/nnet_activation_stream.h:650 in elu                                        |
| unroll               |                                                                                                                                             | firmware/nnet_utils/nnet_activation_stream.h:658 in elu                                        |
| pipeline             |                                                                                                                                             | firmware/nnet_utils/nnet_activation_stream.h:698 in selu                                       |
| unroll               |                                                                                                                                             | firmware/nnet_utils/nnet_activation_stream.h:706 in selu                                       |
| pipeline             |                                                                                                                                             | firmware/nnet_utils/nnet_activation_stream.h:730 in prelu                                      |
| unroll               |                                                                                                                                             | firmware/nnet_utils/nnet_activation_stream.h:738 in prelu                                      |
| pipeline             |                                                                                                                                             | firmware/nnet_utils/nnet_activation_stream.h:756 in binary_tanh                                |
| unroll               |                                                                                                                                             | firmware/nnet_utils/nnet_activation_stream.h:765 in binary_tanh                                |
| pipeline             |                                                                                                                                             | firmware/nnet_utils/nnet_activation_stream.h:784 in ternary_tanh                               |
| unroll               |                                                                                                                                             | firmware/nnet_utils/nnet_activation_stream.h:792 in ternary_tanh                               |
| array_partition      | variable=data_buf complete dim=0                                                                                                            | firmware/nnet_utils/nnet_conv1d_latency.h:19 in conv_1d_latency_cl, data_buf                   |
| array_partition      | variable=mult complete                                                                                                                      | firmware/nnet_utils/nnet_conv1d_latency.h:22 in conv_1d_latency_cl, mult                       |
| array_partition      | variable=acc complete                                                                                                                       | firmware/nnet_utils/nnet_conv1d_latency.h:25 in conv_1d_latency_cl, acc                        |
| array_partition      | variable=weights complete                                                                                                                   | firmware/nnet_utils/nnet_conv1d_latency.h:27 in conv_1d_latency_cl, weights                    |
| array_partition      | variable=biases complete                                                                                                                    | firmware/nnet_utils/nnet_conv1d_latency.h:28 in conv_1d_latency_cl, biases                     |
| allocation           | operation instances=mul limit=CONFIG_T::mult_config::multiplier_limit                                                                       | firmware/nnet_utils/nnet_conv1d_latency.h:31 in conv_1d_latency_cl                             |
| pipeline             | II=CONFIG_T::reuse_factor rewind                                                                                                            | firmware/nnet_utils/nnet_conv1d_latency.h:35 in conv_1d_latency_cl                             |
| unroll               |                                                                                                                                             | firmware/nnet_utils/nnet_conv1d_latency.h:41 in conv_1d_latency_cl                             |
| unroll               |                                                                                                                                             | firmware/nnet_utils/nnet_conv1d_latency.h:48 in conv_1d_latency_cl                             |
| unroll               |                                                                                                                                             | firmware/nnet_utils/nnet_conv1d_latency.h:52 in conv_1d_latency_cl                             |
| unroll               |                                                                                                                                             | firmware/nnet_utils/nnet_conv1d_latency.h:62 in conv_1d_latency_cl                             |
| unroll               |                                                                                                                                             | firmware/nnet_utils/nnet_conv1d_latency.h:69 in conv_1d_latency_cl                             |
| unroll               |                                                                                                                                             | firmware/nnet_utils/nnet_conv1d_latency.h:72 in conv_1d_latency_cl                             |
| unroll               |                                                                                                                                             | firmware/nnet_utils/nnet_conv1d_latency.h:80 in conv_1d_latency_cl                             |
| array_partition      | variable=mult complete dim=0                                                                                                                | firmware/nnet_utils/nnet_conv1d_latency.h:98 in pointwise_conv_1d_latency_cl, mult             |
| array_partition      | variable=acc complete dim=0                                                                                                                 | firmware/nnet_utils/nnet_conv1d_latency.h:99 in pointwise_conv_1d_latency_cl, acc              |
| function_instantiate | variable=weights,biases                                                                                                                     | firmware/nnet_utils/nnet_conv1d_latency.h:102 in pointwise_conv_1d_latency_cl, weights,biases  |
| pipeline             | II=CONFIG_T::reuse_factor                                                                                                                   | firmware/nnet_utils/nnet_conv1d_latency.h:105 in pointwise_conv_1d_latency_cl                  |
| array_partition      | variable=weights complete dim=0                                                                                                             | firmware/nnet_utils/nnet_conv1d_latency.h:106 in pointwise_conv_1d_latency_cl, weights         |
| array_partition      | variable=biases complete dim=0                                                                                                              | firmware/nnet_utils/nnet_conv1d_latency.h:107 in pointwise_conv_1d_latency_cl, biases          |
| allocation           | operation instances=mul limit=CONFIG_T::mult_config::multiplier_limit                                                                       | firmware/nnet_utils/nnet_conv1d_latency.h:110 in pointwise_conv_1d_latency_cl                  |
| unroll               |                                                                                                                                             | firmware/nnet_utils/nnet_conv1d_latency.h:119 in pointwise_conv_1d_latency_cl                  |
| unroll               |                                                                                                                                             | firmware/nnet_utils/nnet_conv1d_latency.h:138 in pointwise_conv_1d_latency_cl                  |
| unroll               |                                                                                                                                             | firmware/nnet_utils/nnet_conv1d_latency.h:160 in pointwise_conv_1d_latency_cl                  |
| inline               | recursive                                                                                                                                   | firmware/nnet_utils/nnet_conv2d.h:51 in conv_2d_cl                                             |
| inline               | recursive                                                                                                                                   | firmware/nnet_utils/nnet_conv2d.h:73 in pointwise_conv_2d_cl                                   |
| array_partition      | variable=data_buf complete dim=0                                                                                                            | firmware/nnet_utils/nnet_conv2d_latency.h:20 in conv_2d_latency_cl, data_buf                   |
| array_partition      | variable=mult complete                                                                                                                      | firmware/nnet_utils/nnet_conv2d_latency.h:23 in conv_2d_latency_cl, mult                       |
| array_partition      | variable=acc complete                                                                                                                       | firmware/nnet_utils/nnet_conv2d_latency.h:26 in conv_2d_latency_cl, acc                        |
| array_partition      | variable=weights complete                                                                                                                   | firmware/nnet_utils/nnet_conv2d_latency.h:28 in conv_2d_latency_cl, weights                    |
| array_partition      | variable=biases complete                                                                                                                    | firmware/nnet_utils/nnet_conv2d_latency.h:29 in conv_2d_latency_cl, biases                     |
| allocation           | operation instances=mul limit=CONFIG_T::mult_config::multiplier_limit                                                                       | firmware/nnet_utils/nnet_conv2d_latency.h:32 in conv_2d_latency_cl                             |
| pipeline             | II=CONFIG_T::reuse_factor rewind                                                                                                            | firmware/nnet_utils/nnet_conv2d_latency.h:36 in conv_2d_latency_cl                             |
| unroll               |                                                                                                                                             | firmware/nnet_utils/nnet_conv2d_latency.h:42 in conv_2d_latency_cl                             |
| unroll               |                                                                                                                                             | firmware/nnet_utils/nnet_conv2d_latency.h:49 in conv_2d_latency_cl                             |
| unroll               |                                                                                                                                             | firmware/nnet_utils/nnet_conv2d_latency.h:53 in conv_2d_latency_cl                             |
| unroll               |                                                                                                                                             | firmware/nnet_utils/nnet_conv2d_latency.h:63 in conv_2d_latency_cl                             |
| unroll               |                                                                                                                                             | firmware/nnet_utils/nnet_conv2d_latency.h:70 in conv_2d_latency_cl                             |
| unroll               |                                                                                                                                             | firmware/nnet_utils/nnet_conv2d_latency.h:73 in conv_2d_latency_cl                             |
| unroll               |                                                                                                                                             | firmware/nnet_utils/nnet_conv2d_latency.h:81 in conv_2d_latency_cl                             |
| array_partition      | variable=data_buf complete dim=0                                                                                                            | firmware/nnet_utils/nnet_conv2d_resource.h:33 in conv_2d_resource_cl, data_buf                 |
| array_partition      | variable=biases complete                                                                                                                    | firmware/nnet_utils/nnet_conv2d_resource.h:35 in conv_2d_resource_cl, biases                   |
| array_partition      | variable=acc complete dim=0                                                                                                                 | firmware/nnet_utils/nnet_conv2d_resource.h:38 in conv_2d_resource_cl, acc                      |
| unroll               |                                                                                                                                             | firmware/nnet_utils/nnet_conv2d_resource.h:48 in conv_2d_resource_cl                           |
| unroll               |                                                                                                                                             | firmware/nnet_utils/nnet_conv2d_resource.h:52 in conv_2d_resource_cl                           |
| pipeline             | II=1 rewind                                                                                                                                 | firmware/nnet_utils/nnet_conv2d_resource.h:59 in conv_2d_resource_cl                           |
| unroll               |                                                                                                                                             | firmware/nnet_utils/nnet_conv2d_resource.h:67 in conv_2d_resource_cl                           |
| unroll               |                                                                                                                                             | firmware/nnet_utils/nnet_conv2d_resource.h:71 in conv_2d_resource_cl                           |
| unroll               |                                                                                                                                             | firmware/nnet_utils/nnet_conv2d_resource.h:95 in conv_2d_resource_cl                           |
| unroll               |                                                                                                                                             | firmware/nnet_utils/nnet_conv2d_resource.h:99 in conv_2d_resource_cl                           |
| array_partition      | variable = line_buffer complete dim = 2                                                                                                     | firmware/nnet_utils/nnet_conv2d_stream.h:22 in conv_2d_buffer_latency_cl                       |
| loop_flatten         |                                                                                                                                             | firmware/nnet_utils/nnet_conv2d_stream.h:28 in conv_2d_buffer_latency_cl                       |
| pipeline             | II=CONFIG_T::reuse_factor                                                                                                                   | firmware/nnet_utils/nnet_conv2d_stream.h:29 in conv_2d_buffer_latency_cl                       |
| array_partition      | variable = line_buffer complete dim = 2                                                                                                     | firmware/nnet_utils/nnet_conv2d_stream.h:49 in conv_2d_buffer_resource_cl                      |
| loop_flatten         |                                                                                                                                             | firmware/nnet_utils/nnet_conv2d_stream.h:55 in conv_2d_buffer_resource_cl                      |
| inline               | recursive                                                                                                                                   | firmware/nnet_utils/nnet_conv2d_stream.h:74 in conv_2d_cl                                      |
| inline               |                                                                                                                                             | firmware/nnet_utils/nnet_conv_stream.h:17 in scale_index_k_gte_s                               |
| inline               |                                                                                                                                             | firmware/nnet_utils/nnet_conv_stream.h:38 in scale_index_k_lt_s                                |
| inline               |                                                                                                                                             | firmware/nnet_utils/nnet_conv_stream.h:61 in scale_index                                       |
| inline               |                                                                                                                                             | firmware/nnet_utils/nnet_conv_stream.h:74 in scale_index                                       |
| inline               |                                                                                                                                             | firmware/nnet_utils/nnet_conv_stream.h:84 in mult_buffer                                       |
| array_partition      | variable = data complete                                                                                                                    | firmware/nnet_utils/nnet_conv_stream.h:87 in mult_buffer                                       |
| array_partition      | variable = res complete                                                                                                                     | firmware/nnet_utils/nnet_conv_stream.h:89 in mult_buffer                                       |
| unroll               |                                                                                                                                             | firmware/nnet_utils/nnet_conv_stream.h:93 in mult_buffer                                       |
| inline               | recursive                                                                                                                                   | firmware/nnet_utils/nnet_conv_stream.h:97 in mult_buffer                                       |
| unroll               |                                                                                                                                             | firmware/nnet_utils/nnet_conv_stream.h:103 in mult_buffer                                      |
| inline               |                                                                                                                                             | firmware/nnet_utils/nnet_conv_stream.h:129 in compute_output_encoded                           |
| pipeline             | II = CONFIG_T::reuse_factor                                                                                                                 | firmware/nnet_utils/nnet_conv_stream.h:133 in compute_output_encoded                           |
| unroll               |                                                                                                                                             | firmware/nnet_utils/nnet_conv_stream.h:136 in compute_output_encoded                           |
| unroll               |                                                                                                                                             | firmware/nnet_utils/nnet_conv_stream.h:139 in compute_output_encoded                           |
| inline               |                                                                                                                                             | firmware/nnet_utils/nnet_conv_stream.h:156 in kernel_shift_1d                                  |
| pipeline             | II = 1                                                                                                                                      | firmware/nnet_utils/nnet_conv_stream.h:162 in kernel_shift_1d                                  |
| unroll               |                                                                                                                                             | firmware/nnet_utils/nnet_conv_stream.h:165 in kernel_shift_1d                                  |
| unroll               |                                                                                                                                             | firmware/nnet_utils/nnet_conv_stream.h:175 in kernel_shift_1d                                  |
| inline               |                                                                                                                                             | firmware/nnet_utils/nnet_conv_stream.h:184 in kernel_shift_2d                                  |
| pipeline             | II = 1                                                                                                                                      | firmware/nnet_utils/nnet_conv_stream.h:190 in kernel_shift_2d                                  |
| unroll               |                                                                                                                                             | firmware/nnet_utils/nnet_conv_stream.h:206 in kernel_shift_2d                                  |
| pipeline             |                                                                                                                                             | firmware/nnet_utils/nnet_conv_stream.h:221 in shift_line_buffer                                |
| array_partition      | variable = shift_buffer complete dim = 0                                                                                                    | firmware/nnet_utils/nnet_conv_stream.h:225 in shift_line_buffer                                |
| unroll               |                                                                                                                                             | firmware/nnet_utils/nnet_conv_stream.h:229 in shift_line_buffer                                |
| unroll               |                                                                                                                                             | firmware/nnet_utils/nnet_conv_stream.h:240 in shift_line_buffer                                |
| inline               | OFF                                                                                                                                         | firmware/nnet_utils/nnet_conv_stream.h:258 in compute_output_buffer_2d                         |
| array_partition      | variable = kernel_data complete                                                                                                             | firmware/nnet_utils/nnet_conv_stream.h:272 in compute_output_buffer_2d                         |
| array_partition      | variable = res_out complete dim = 0                                                                                                         | firmware/nnet_utils/nnet_conv_stream.h:275 in compute_output_buffer_2d                         |
| unroll               |                                                                                                                                             | firmware/nnet_utils/nnet_conv_stream.h:294 in compute_output_buffer_2d                         |
| inline               | OFF                                                                                                                                         | firmware/nnet_utils/nnet_conv_stream.h:328 in compute_output_buffer_1d                         |
| array_partition      | variable = kernel_data complete                                                                                                             | firmware/nnet_utils/nnet_conv_stream.h:338 in compute_output_buffer_1d                         |
| array_partition      | variable = res_out complete dim = 0                                                                                                         | firmware/nnet_utils/nnet_conv_stream.h:341 in compute_output_buffer_1d                         |
| unroll               |                                                                                                                                             | firmware/nnet_utils/nnet_conv_stream.h:360 in compute_output_buffer_1d                         |
| inline               |                                                                                                                                             | firmware/nnet_utils/nnet_dense.h:44 in dense                                                   |
| inline               |                                                                                                                                             | firmware/nnet_utils/nnet_dense.h:53 in dense                                                   |
| inline               |                                                                                                                                             | firmware/nnet_utils/nnet_dense.h:64 in dense                                                   |
| inline               |                                                                                                                                             | firmware/nnet_utils/nnet_dense.h:75 in dense                                                   |
| unroll               |                                                                                                                                             | firmware/nnet_utils/nnet_dense_compressed.h:15 in fill_mult                                    |
| array_partition      | variable=acc complete                                                                                                                       | firmware/nnet_utils/nnet_dense_compressed.h:29 in dense_compressed, acc                        |
| array_partition      | variable=biases complete                                                                                                                    | firmware/nnet_utils/nnet_dense_compressed.h:30 in dense_compressed, biases                     |
| array_reshape        | variable=weights block factor=multiplier_limit                                                                                              | firmware/nnet_utils/nnet_dense_compressed.h:31 in dense_compressed, weights                    |
| aggregate            | variable=weights                                                                                                                            | firmware/nnet_utils/nnet_dense_compressed.h:34 in dense_compressed, weights                    |
| unroll               |                                                                                                                                             | firmware/nnet_utils/nnet_dense_compressed.h:41 in dense_compressed                             |
| pipeline             | II=1 rewind                                                                                                                                 | firmware/nnet_utils/nnet_dense_compressed.h:49 in dense_compressed                             |
| array_partition      | variable=mult complete                                                                                                                      | firmware/nnet_utils/nnet_dense_compressed.h:52 in dense_compressed, mult                       |
| unroll               |                                                                                                                                             | firmware/nnet_utils/nnet_dense_compressed.h:56 in dense_compressed                             |
| unroll               |                                                                                                                                             | firmware/nnet_utils/nnet_dense_compressed.h:62 in dense_compressed                             |
| unroll               |                                                                                                                                             | firmware/nnet_utils/nnet_dense_compressed.h:82 in dense_compressed                             |
| function_instantiate | variable=weights,biases                                                                                                                     | firmware/nnet_utils/nnet_dense_latency.h:21 in dense_latency, weights,biases                   |
| pipeline             | II=CONFIG_T::reuse_factor                                                                                                                   | firmware/nnet_utils/nnet_dense_latency.h:26 in dense_latency                                   |
| array_partition      | variable=biases complete                                                                                                                    | firmware/nnet_utils/nnet_dense_latency.h:29 in dense_latency, biases                           |
| array_partition      | variable=mult complete                                                                                                                      | firmware/nnet_utils/nnet_dense_latency.h:30 in dense_latency, mult                             |
| array_partition      | variable=acc complete                                                                                                                       | firmware/nnet_utils/nnet_dense_latency.h:31 in dense_latency, acc                              |
| allocation           | operation instances=mul limit=CONFIG_T::multiplier_limit                                                                                    | firmware/nnet_utils/nnet_dense_latency.h:33 in dense_latency                                   |
| function_instantiate | variable=weights,biases                                                                                                                     | firmware/nnet_utils/nnet_dense_resource.h:28 in dense_resource_rf_leq_nin, weights,biases      |
| array_reshape        | variable=weights block factor=block_factor                                                                                                  | firmware/nnet_utils/nnet_dense_resource.h:29 in dense_resource_rf_leq_nin, weights             |
| array_partition      | variable=biases complete                                                                                                                    | firmware/nnet_utils/nnet_dense_resource.h:30 in dense_resource_rf_leq_nin, biases              |
| array_partition      | variable=acc complete                                                                                                                       | firmware/nnet_utils/nnet_dense_resource.h:37 in dense_resource_rf_leq_nin, acc                 |
| unroll               |                                                                                                                                             | firmware/nnet_utils/nnet_dense_resource.h:41 in dense_resource_rf_leq_nin                      |
| pipeline             | II=1 rewind                                                                                                                                 | firmware/nnet_utils/nnet_dense_resource.h:47 in dense_resource_rf_leq_nin                      |
| unroll               |                                                                                                                                             | firmware/nnet_utils/nnet_dense_resource.h:56 in dense_resource_rf_leq_nin                      |
| unroll               |                                                                                                                                             | firmware/nnet_utils/nnet_dense_resource.h:81 in dense_resource_rf_leq_nin                      |
| function_instantiate | variable=weights,biases                                                                                                                     | firmware/nnet_utils/nnet_dense_resource.h:102 in dense_resource_rf_gt_nin_rem0, weights,biases |
| array_reshape        | variable=weights block factor=block_factor                                                                                                  | firmware/nnet_utils/nnet_dense_resource.h:103 in dense_resource_rf_gt_nin_rem0, weights        |
| array_partition      | variable=biases complete                                                                                                                    | firmware/nnet_utils/nnet_dense_resource.h:104 in dense_resource_rf_gt_nin_rem0, biases         |
| array_partition      | variable=acc complete                                                                                                                       | firmware/nnet_utils/nnet_dense_resource.h:111 in dense_resource_rf_gt_nin_rem0, acc            |
| unroll               |                                                                                                                                             | firmware/nnet_utils/nnet_dense_resource.h:115 in dense_resource_rf_gt_nin_rem0                 |
| pipeline             | II=1 rewind                                                                                                                                 | firmware/nnet_utils/nnet_dense_resource.h:136 in dense_resource_rf_gt_nin_rem0                 |
| unroll               |                                                                                                                                             | firmware/nnet_utils/nnet_dense_resource.h:143 in dense_resource_rf_gt_nin_rem0                 |
| unroll               |                                                                                                                                             | firmware/nnet_utils/nnet_dense_resource.h:163 in dense_resource_rf_gt_nin_rem0                 |
| function_instantiate | variable=weights,biases                                                                                                                     | firmware/nnet_utils/nnet_dense_resource.h:184 in dense_resource_rf_gt_nin, weights,biases      |
| array_reshape        | variable=weights block factor=block_factor                                                                                                  | firmware/nnet_utils/nnet_dense_resource.h:185 in dense_resource_rf_gt_nin, weights             |
| array_partition      | variable=biases complete                                                                                                                    | firmware/nnet_utils/nnet_dense_resource.h:186 in dense_resource_rf_gt_nin, biases              |
| array_partition      | variable=acc complete                                                                                                                       | firmware/nnet_utils/nnet_dense_resource.h:193 in dense_resource_rf_gt_nin, acc                 |
| unroll               |                                                                                                                                             | firmware/nnet_utils/nnet_dense_resource.h:197 in dense_resource_rf_gt_nin                      |
| pipeline             | II=1 rewind                                                                                                                                 | firmware/nnet_utils/nnet_dense_resource.h:203 in dense_resource_rf_gt_nin                      |
| array_partition      | variable=tmpmult complete                                                                                                                   | firmware/nnet_utils/nnet_dense_resource.h:205 in dense_resource_rf_gt_nin, tmpmult             |
| unroll               |                                                                                                                                             | firmware/nnet_utils/nnet_dense_resource.h:209 in dense_resource_rf_gt_nin                      |
| array_partition      | variable=mult complete                                                                                                                      | firmware/nnet_utils/nnet_dense_resource.h:219 in dense_resource_rf_gt_nin, mult                |
| unroll               |                                                                                                                                             | firmware/nnet_utils/nnet_dense_resource.h:223 in dense_resource_rf_gt_nin                      |
| unroll               |                                                                                                                                             | firmware/nnet_utils/nnet_dense_resource.h:229 in dense_resource_rf_gt_nin                      |
| unroll               |                                                                                                                                             | firmware/nnet_utils/nnet_dense_resource.h:239 in dense_resource_rf_gt_nin                      |
| unroll               |                                                                                                                                             | firmware/nnet_utils/nnet_dense_resource.h:249 in dense_resource_rf_gt_nin                      |
| inline               | recursive                                                                                                                                   | firmware/nnet_utils/nnet_dense_resource.h:259 in dense_resource                                |
| pipeline             | II=CONFIG_T::reuse_factor                                                                                                                   | firmware/nnet_utils/nnet_dense_stream.h:16 in dense_latency_wrapper                            |
| inline               |                                                                                                                                             | firmware/nnet_utils/nnet_dense_stream.h:29 in data_prepare                                     |
| pipeline             |                                                                                                                                             | firmware/nnet_utils/nnet_dense_stream.h:34 in data_prepare                                     |
| unroll               |                                                                                                                                             | firmware/nnet_utils/nnet_dense_stream.h:38 in data_prepare                                     |
| unroll               |                                                                                                                                             | firmware/nnet_utils/nnet_dense_stream.h:46 in data_prepare                                     |
| inline               |                                                                                                                                             | firmware/nnet_utils/nnet_dense_stream.h:54 in res_write                                        |
| pipeline             |                                                                                                                                             | firmware/nnet_utils/nnet_dense_stream.h:59 in res_write                                        |
| unroll               |                                                                                                                                             | firmware/nnet_utils/nnet_dense_stream.h:64 in res_write                                        |
| unroll               |                                                                                                                                             | firmware/nnet_utils/nnet_dense_stream.h:74 in res_write                                        |
| inline               | recursive                                                                                                                                   | firmware/nnet_utils/nnet_dense_stream.h:85 in dense                                            |
| array_partition      | variable=data complete                                                                                                                      | firmware/nnet_utils/nnet_dense_stream.h:88 in dense, data                                      |
| array_partition      | variable=res complete                                                                                                                       | firmware/nnet_utils/nnet_dense_stream.h:91 in dense, res                                       |
| inline               |                                                                                                                                             | firmware/nnet_utils/nnet_function_stubs.h:59 in bit_shift                                      |
| inline               |                                                                                                                                             | firmware/nnet_utils/nnet_function_stubs.h:66 in bit_shift                                      |
| inline               |                                                                                                                                             | firmware/nnet_utils/nnet_function_stubs.h:73 in bit_shift                                      |
| inline               |                                                                                                                                             | firmware/nnet_utils/nnet_function_stubs.h:80 in bit_shift                                      |
| inline               |                                                                                                                                             | firmware/nnet_utils/nnet_mult.h:25 in product                                                  |
| inline               |                                                                                                                                             | firmware/nnet_utils/nnet_mult.h:34 in product                                                  |
| inline               |                                                                                                                                             | firmware/nnet_utils/nnet_mult.h:46 in product                                                  |
| inline               |                                                                                                                                             | firmware/nnet_utils/nnet_mult.h:58 in product                                                  |
| inline               |                                                                                                                                             | firmware/nnet_utils/nnet_mult.h:72 in product                                                  |
| inline               |                                                                                                                                             | firmware/nnet_utils/nnet_mult.h:82 in product                                                  |
| pipeline             | II=CONFIG_T::reuse_factor                                                                                                                   | firmware/nnet_utils/nnet_pooling.h:84 in pooling1d_cl                                          |
| allocation           | function instances=pool_op<data_T, CONFIG_T::pool_width, CONFIG_T::pool_op, typename CONFIG_T::accum_t> limit=limit                         | firmware/nnet_utils/nnet_pooling.h:88 in pooling1d_cl                                          |
| array_partition      | variable=pool complete dim=0                                                                                                                | firmware/nnet_utils/nnet_pooling.h:102 in pooling1d_cl, pool                                   |
| pipeline             | II=CONFIG_T::reuse_factor                                                                                                                   | firmware/nnet_utils/nnet_pooling.h:122 in global_pooling1d_cl                                  |
| allocation           | function instances=pool_op<data_T, CONFIG_T::pool_width, CONFIG_T::pool_op, typename CONFIG_T::accum_t> limit=limit                         | firmware/nnet_utils/nnet_pooling.h:129 in global_pooling1d_cl                                  |
| array_partition      | variable=pool complete dim=0                                                                                                                | firmware/nnet_utils/nnet_pooling.h:134 in global_pooling1d_cl, pool                            |
| pipeline             | II=CONFIG_T::reuse_factor                                                                                                                   | firmware/nnet_utils/nnet_pooling.h:176 in pooling2d_cl                                         |
| allocation           | function instances=pool_op<data_T, CONFIG_T::pool_height*CONFIG_T::pool_width, CONFIG_T::pool_op, typename CONFIG_T::accum_t> limit=limit   | firmware/nnet_utils/nnet_pooling.h:180 in pooling2d_cl                                         |
| array_partition      | variable=pool complete dim=0                                                                                                                | firmware/nnet_utils/nnet_pooling.h:196 in pooling2d_cl, pool                                   |
| pipeline             | II=CONFIG_T::reuse_factor                                                                                                                   | firmware/nnet_utils/nnet_pooling.h:232 in pooling2d_cf                                         |
| allocation           | function instances=pool_op<data_T, CONFIG_T::pool_height*CONFIG_T::pool_width, CONFIG_T::pool_op, typename CONFIG_T::accum_t> limit=limit   | firmware/nnet_utils/nnet_pooling.h:236 in pooling2d_cf                                         |
| array_partition      | variable=pool complete dim=0                                                                                                                | firmware/nnet_utils/nnet_pooling.h:250 in pooling2d_cf, pool                                   |
| pipeline             | II=CONFIG_T::reuse_factor                                                                                                                   | firmware/nnet_utils/nnet_pooling.h:298 in global_pooling2d_cl                                  |
| allocation           | function instances=pool_op<data_T, CONFIG_T::pool_width * CONFIG_T::pool_height, CONFIG_T::pool_op, typename CONFIG_T::accum_t> limit=limit | firmware/nnet_utils/nnet_pooling.h:301 in global_pooling2d_cl                                  |
| inline               |                                                                                                                                             | firmware/nnet_utils/nnet_pooling_stream.h:18 in reduce_pool                                    |
| inline               |                                                                                                                                             | firmware/nnet_utils/nnet_pooling_stream.h:34 in compute_pool_buffer_2d                         |
| array_partition      | variable=pool_window complete                                                                                                               | firmware/nnet_utils/nnet_pooling_stream.h:43 in compute_pool_buffer_2d, pool_window            |
| array_partition      | variable = kernel_data complete dim = 0                                                                                                     | firmware/nnet_utils/nnet_pooling_stream.h:46 in compute_pool_buffer_2d                         |
| pipeline             |                                                                                                                                             | firmware/nnet_utils/nnet_pooling_stream.h:58 in compute_pool_buffer_2d                         |
| inline               | recursive                                                                                                                                   | firmware/nnet_utils/nnet_pooling_stream.h:100 in pooling2d_cl                                  |
| array_partition      | variable = line_buffer complete dim = 2                                                                                                     | firmware/nnet_utils/nnet_pooling_stream.h:106 in pooling2d_cl                                  |
| loop_flatten         |                                                                                                                                             | firmware/nnet_utils/nnet_pooling_stream.h:112 in pooling2d_cl                                  |
| pipeline             |                                                                                                                                             | firmware/nnet_utils/nnet_pooling_stream.h:113 in pooling2d_cl                                  |
| inline               |                                                                                                                                             | firmware/nnet_utils/nnet_pooling_stream.h:125 in compute_pool_buffer_1d                        |
| array_partition      | variable=pool_window complete                                                                                                               | firmware/nnet_utils/nnet_pooling_stream.h:132 in compute_pool_buffer_1d, pool_window           |
| array_partition      | variable = kernel_data complete dim = 0                                                                                                     | firmware/nnet_utils/nnet_pooling_stream.h:135 in compute_pool_buffer_1d                        |
| pipeline             |                                                                                                                                             | firmware/nnet_utils/nnet_pooling_stream.h:148 in compute_pool_buffer_1d                        |
| inline               | recursive                                                                                                                                   | firmware/nnet_utils/nnet_pooling_stream.h:182 in pooling1d_cl                                  |
| pipeline             |                                                                                                                                             | firmware/nnet_utils/nnet_pooling_stream.h:186 in pooling1d_cl                                  |
| inline               |                                                                                                                                             | firmware/nnet_utils/nnet_pooling_stream.h:196 in reduce_global_pool                            |
| unroll               |                                                                                                                                             | firmware/nnet_utils/nnet_pooling_stream.h:212 in compute_global_pool                           |
| array_partition      | variable=data_pack complete dim=0                                                                                                           | firmware/nnet_utils/nnet_pooling_stream.h:215 in compute_global_pool, data_pack                |
| unroll               |                                                                                                                                             | firmware/nnet_utils/nnet_pooling_stream.h:219 in compute_global_pool                           |
| array_partition      | variable=data_window complete                                                                                                               | firmware/nnet_utils/nnet_pooling_stream.h:233 in global_pooling2d_cl, data_window              |
| unroll               |                                                                                                                                             | firmware/nnet_utils/nnet_pooling_stream.h:242 in global_pooling2d_cl                           |
| loop_flatten         |                                                                                                                                             | firmware/nnet_utils/nnet_pooling_stream.h:250 in global_pooling2d_cl                           |
| pipeline             |                                                                                                                                             | firmware/nnet_utils/nnet_pooling_stream.h:258 in global_pooling2d_cl                           |
| unroll               |                                                                                                                                             | firmware/nnet_utils/nnet_pooling_stream.h:264 in global_pooling2d_cl                           |
| pipeline             |                                                                                                                                             | firmware/nnet_utils/nnet_pooling_stream.h:272 in global_pooling2d_cl                           |
| unroll               |                                                                                                                                             | firmware/nnet_utils/nnet_pooling_stream.h:278 in global_pooling2d_cl                           |
| array_partition      | variable=data_window complete                                                                                                               | firmware/nnet_utils/nnet_pooling_stream.h:292 in global_pooling1d_cl, data_window              |
| unroll               |                                                                                                                                             | firmware/nnet_utils/nnet_pooling_stream.h:301 in global_pooling1d_cl                           |
| loop_flatten         |                                                                                                                                             | firmware/nnet_utils/nnet_pooling_stream.h:307 in global_pooling1d_cl                           |
| pipeline             |                                                                                                                                             | firmware/nnet_utils/nnet_pooling_stream.h:314 in global_pooling1d_cl                           |
| unroll               |                                                                                                                                             | firmware/nnet_utils/nnet_pooling_stream.h:320 in global_pooling1d_cl                           |
| pipeline             |                                                                                                                                             | firmware/nnet_utils/nnet_pooling_stream.h:328 in global_pooling1d_cl                           |
| unroll               |                                                                                                                                             | firmware/nnet_utils/nnet_pooling_stream.h:334 in global_pooling1d_cl                           |
| pipeline             |                                                                                                                                             | firmware/nnet_utils/nnet_stream.h:23 in clone_stream                                           |
| unroll               |                                                                                                                                             | firmware/nnet_utils/nnet_stream.h:33 in clone_stream                                           |
| pipeline             |                                                                                                                                             | firmware/nnet_utils/nnet_stream.h:47 in clone_stream                                           |
| unroll               |                                                                                                                                             | firmware/nnet_utils/nnet_stream.h:59 in clone_stream                                           |
| pipeline             |                                                                                                                                             | firmware/nnet_utils/nnet_stream.h:76 in clone_stream                                           |
| unroll               |                                                                                                                                             | firmware/nnet_utils/nnet_stream.h:90 in clone_stream                                           |
| pipeline             |                                                                                                                                             | firmware/nnet_utils/nnet_stream.h:109 in clone_stream                                          |
| unroll               |                                                                                                                                             | firmware/nnet_utils/nnet_stream.h:125 in clone_stream                                          |
| pipeline             |                                                                                                                                             | firmware/nnet_utils/nnet_stream.h:146 in clone_stream                                          |
| unroll               |                                                                                                                                             | firmware/nnet_utils/nnet_stream.h:164 in clone_stream                                          |
| pipeline             |                                                                                                                                             | firmware/nnet_utils/nnet_stream.h:187 in clone_stream                                          |
| unroll               |                                                                                                                                             | firmware/nnet_utils/nnet_stream.h:207 in clone_stream                                          |
| pipeline             |                                                                                                                                             | firmware/nnet_utils/nnet_stream.h:230 in repack_stream                                         |
| unroll               |                                                                                                                                             | firmware/nnet_utils/nnet_stream.h:237 in repack_stream                                         |
| pipeline             |                                                                                                                                             | firmware/nnet_utils/nnet_stream.h:247 in repack_stream                                         |
| pipeline             |                                                                                                                                             | firmware/nnet_utils/nnet_stream.h:255 in repack_stream                                         |
| unroll               |                                                                                                                                             | firmware/nnet_utils/nnet_stream.h:259 in repack_stream                                         |
| pipeline             |                                                                                                                                             | firmware/nnet_utils/nnet_stream.h:270 in repack_stream                                         |
| unroll               |                                                                                                                                             | firmware/nnet_utils/nnet_stream.h:274 in repack_stream                                         |
| pipeline             |                                                                                                                                             | firmware/nnet_utils/nnet_stream.h:295 in broadcast_stream_1x1xc                                |
| pipeline             |                                                                                                                                             | firmware/nnet_utils/nnet_stream.h:298 in broadcast_stream_1x1xc                                |
| unroll               |                                                                                                                                             | firmware/nnet_utils/nnet_stream.h:302 in broadcast_stream_1x1xc                                |
| pipeline             |                                                                                                                                             | firmware/nnet_utils/nnet_stream.h:316 in broadcast_stream_hxwx1                                |
| unroll               |                                                                                                                                             | firmware/nnet_utils/nnet_stream.h:321 in broadcast_stream_hxwx1                                |
| unroll               |                                                                                                                                             | firmware/nnet_utils/nnet_types.h:28 in operator=                                               |
+----------------------+---------------------------------------------------------------------------------------------------------------------------------------------+------------------------------------------------------------------------------------------------+


