Copyright 1986-2022 Xilinx, Inc. All Rights Reserved. Copyright 2022-2024 Advanced Micro Devices, Inc. All Rights Reserved.
--------------------------------------------------------------------------------------------------------------------------------------------------------------------------------------------------------------------------------------------------
| Tool Version      : Vivado v.2024.2 (win64) Build 5239630 Fri Nov 08 22:35:27 MST 2024
| Date              : Wed Mar 18 23:38:38 2026
| Host              : DESKTOP-PV75K48 running 64-bit major release  (build 9200)
| Command           : report_timing_summary -max_paths 10 -report_unconstrained -file bd_smoke_wrapper_timing_summary_routed.rpt -pb bd_smoke_wrapper_timing_summary_routed.pb -rpx bd_smoke_wrapper_timing_summary_routed.rpx -warn_on_violation
| Design            : bd_smoke_wrapper
| Device            : xczu7ev-ffvc1156
| Speed File        : -2  PRODUCTION 1.30 05-15-2022
| Design State      : Routed
| Temperature Grade : E
--------------------------------------------------------------------------------------------------------------------------------------------------------------------------------------------------------------------------------------------------

Timing Summary Report

------------------------------------------------------------------------------------------------
| Timer Settings
| --------------
------------------------------------------------------------------------------------------------

  Enable Multi Corner Analysis               :  Yes
  Enable Pessimism Removal                   :  Yes
  Pessimism Removal Resolution               :  Nearest Common Node
  Enable Input Delay Default Clock           :  No
  Enable Preset / Clear Arcs                 :  No
  Disable Flight Delays                      :  No
  Ignore I/O Paths                           :  No
  Timing Early Launch at Borrowing Latches   :  No
  Borrow Time for Max Delay Exceptions       :  Yes
  Merge Timing Exceptions                    :  Yes
  Inter-SLR Compensation                     :  Conservative

  Corner  Analyze    Analyze    
  Name    Max Paths  Min Paths  
  ------  ---------  ---------  
  Slow    Yes        Yes        
  Fast    Yes        Yes        


------------------------------------------------------------------------------------------------
| Report Methodology
| ------------------
------------------------------------------------------------------------------------------------

No report available as report_methodology has not been run prior. Run report_methodology on the current design for the summary of methodology violations.



check_timing report

Table of Contents
-----------------
1. checking no_clock (0)
2. checking constant_clock (0)
3. checking pulse_width_clock (0)
4. checking unconstrained_internal_endpoints (0)
5. checking no_input_delay (0)
6. checking no_output_delay (0)
7. checking multiple_clock (0)
8. checking generated_clocks (0)
9. checking loops (0)
10. checking partial_input_delay (0)
11. checking partial_output_delay (0)
12. checking latch_loops (0)

1. checking no_clock (0)
------------------------
 There are 0 register/latch pins with no clock.


2. checking constant_clock (0)
------------------------------
 There are 0 register/latch pins with constant_clock.


3. checking pulse_width_clock (0)
---------------------------------
 There are 0 register/latch pins which need pulse_width check


4. checking unconstrained_internal_endpoints (0)
------------------------------------------------
 There are 0 pins that are not constrained for maximum delay.

 There are 0 pins that are not constrained for maximum delay due to constant clock.


5. checking no_input_delay (0)
------------------------------
 There are 0 input ports with no input delay specified.

 There are 0 input ports with no input delay but user has a false path constraint.


6. checking no_output_delay (0)
-------------------------------
 There are 0 ports with no output delay specified.

 There are 0 ports with no output delay but user has a false path constraint

 There are 0 ports with no output delay but with a timing clock defined on it or propagating through it


7. checking multiple_clock (0)
------------------------------
 There are 0 register/latch pins with multiple clocks.


8. checking generated_clocks (0)
--------------------------------
 There are 0 generated clocks that are not connected to a clock source.


9. checking loops (0)
---------------------
 There are 0 combinational loops in the design.


10. checking partial_input_delay (0)
------------------------------------
 There are 0 input ports with partial input delay specified.


11. checking partial_output_delay (0)
-------------------------------------
 There are 0 ports with partial output delay specified.


12. checking latch_loops (0)
----------------------------
 There are 0 combinational latch loops in the design through latch input



------------------------------------------------------------------------------------------------
| Design Timing Summary
| ---------------------
------------------------------------------------------------------------------------------------

    WNS(ns)      TNS(ns)  TNS Failing Endpoints  TNS Total Endpoints      WHS(ns)      THS(ns)  THS Failing Endpoints  THS Total Endpoints     WPWS(ns)     TPWS(ns)  TPWS Failing Endpoints  TPWS Total Endpoints  
    -------      -------  ---------------------  -------------------      -------      -------  ---------------------  -------------------     --------     --------  ----------------------  --------------------  
      3.403        0.000                      0                 1234        0.020        0.000                      0                 1234        1.312        0.000                       0                   610  


All user specified timing constraints are met.


------------------------------------------------------------------------------------------------
| Clock Summary
| -------------
------------------------------------------------------------------------------------------------

Clock     Waveform(ns)         Period(ns)      Frequency(MHz)
-----     ------------         ----------      --------------
clk_pl_0  {0.000 2.813}        5.625           177.778         


------------------------------------------------------------------------------------------------
| Intra Clock Table
| -----------------
------------------------------------------------------------------------------------------------

Clock             WNS(ns)      TNS(ns)  TNS Failing Endpoints  TNS Total Endpoints      WHS(ns)      THS(ns)  THS Failing Endpoints  THS Total Endpoints     WPWS(ns)     TPWS(ns)  TPWS Failing Endpoints  TPWS Total Endpoints  
-----             -------      -------  ---------------------  -------------------      -------      -------  ---------------------  -------------------     --------     --------  ----------------------  --------------------  
clk_pl_0            3.403        0.000                      0                 1234        0.020        0.000                      0                 1234        1.312        0.000                       0                   610  


------------------------------------------------------------------------------------------------
| Inter Clock Table
| -----------------
------------------------------------------------------------------------------------------------

From Clock    To Clock          WNS(ns)      TNS(ns)  TNS Failing Endpoints  TNS Total Endpoints      WHS(ns)      THS(ns)  THS Failing Endpoints  THS Total Endpoints  
----------    --------          -------      -------  ---------------------  -------------------      -------      -------  ---------------------  -------------------  


------------------------------------------------------------------------------------------------
| Other Path Groups Table
| -----------------------
------------------------------------------------------------------------------------------------

Path Group    From Clock    To Clock          WNS(ns)      TNS(ns)  TNS Failing Endpoints  TNS Total Endpoints      WHS(ns)      THS(ns)  THS Failing Endpoints  THS Total Endpoints  
----------    ----------    --------          -------      -------  ---------------------  -------------------      -------      -------  ---------------------  -------------------  


------------------------------------------------------------------------------------------------
| User Ignored Path Table
| -----------------------
------------------------------------------------------------------------------------------------

Path Group    From Clock    To Clock    
----------    ----------    --------    
(none)                      clk_pl_0      


------------------------------------------------------------------------------------------------
| Unconstrained Path Table
| ------------------------
------------------------------------------------------------------------------------------------

Path Group    From Clock    To Clock    
----------    ----------    --------    


------------------------------------------------------------------------------------------------
| Timing Details
| --------------
------------------------------------------------------------------------------------------------


---------------------------------------------------------------------------------------------------
From Clock:  clk_pl_0
  To Clock:  clk_pl_0

Setup :            0  Failing Endpoints,  Worst Slack        3.403ns,  Total Violation        0.000ns
Hold  :            0  Failing Endpoints,  Worst Slack        0.020ns,  Total Violation        0.000ns
PW    :            0  Failing Endpoints,  Worst Slack        1.312ns,  Total Violation        0.000ns
---------------------------------------------------------------------------------------------------


Max Delay Paths
--------------------------------------------------------------------------------------
Slack (MET) :             3.403ns  (required time - arrival time)
  Source:                 bd_smoke_i/zynq_ultra_ps_e_0/U0/PS8_i/MAXIGP2ACLK
                            (rising edge-triggered cell PS8 clocked by clk_pl_0  {rise@0.000ns fall@2.812ns period=5.625ns})
  Destination:            bd_smoke_i/add_axi_0/U0/CTRL_s_axi_U/int_a_reg[12]/CE
                            (rising edge-triggered cell FDRE clocked by clk_pl_0  {rise@0.000ns fall@2.812ns period=5.625ns})
  Path Group:             clk_pl_0
  Path Type:              Setup (Max at Slow Process Corner)
  Requirement:            5.625ns  (clk_pl_0 rise@5.625ns - clk_pl_0 rise@0.000ns)
  Data Path Delay:        1.999ns  (logic 0.763ns (38.169%)  route 1.236ns (61.831%))
  Logic Levels:           1  (LUT6=1)
  Clock Path Skew:        -0.031ns (DCD - SCD + CPR)
    Destination Clock Delay (DCD):    1.043ns = ( 6.668 - 5.625 ) 
    Source Clock Delay      (SCD):    1.171ns
    Clock Pessimism Removal (CPR):    0.097ns
  Clock Uncertainty:      0.131ns  ((TSJ^2 + DJ^2)^1/2) / 2 + PE
    Total System Jitter     (TSJ):    0.071ns
    Discrete Jitter          (DJ):    0.253ns
    Phase Error              (PE):    0.000ns
  Clock Net Delay (Source):      0.963ns (routing 0.193ns, distribution 0.770ns)
  Clock Net Delay (Destination): 0.875ns (routing 0.172ns, distribution 0.703ns)

    Location             Delay type                Incr(ns)  Path(ns)    Netlist Resource(s)
  -------------------------------------------------------------------    -------------------
                         (clock clk_pl_0 rise edge)
                                                      0.000     0.000 r  
    PS8_X0Y0             PS8                          0.000     0.000 r  bd_smoke_i/zynq_ultra_ps_e_0/U0/PS8_i/PLCLK[0]
                         net (fo=1, routed)           0.180     0.180    bd_smoke_i/zynq_ultra_ps_e_0/U0/pl_clk_unbuffered[0]
    BUFG_PS_X0Y80        BUFG_PS (Prop_BUFG_PS_I_O)
                                                      0.028     0.208 r  bd_smoke_i/zynq_ultra_ps_e_0/U0/buffer_pl_clk_0.PL_CLK_0_BUFG/O
    X1Y3 (CLOCK_ROOT)    net (fo=610, routed)         0.963     1.171    bd_smoke_i/zynq_ultra_ps_e_0/U0/maxihpm0_lpd_aclk
    PS8_X0Y0             PS8                                          r  bd_smoke_i/zynq_ultra_ps_e_0/U0/PS8_i/MAXIGP2ACLK
  -------------------------------------------------------------------    -------------------
    PS8_X0Y0             PS8 (Prop_PS8_MAXIGP2ACLK_MAXIGP2WVALID)
                                                      0.666     1.837 r  bd_smoke_i/zynq_ultra_ps_e_0/U0/PS8_i/MAXIGP2WVALID
                         net (fo=8, routed)           0.458     2.295    bd_smoke_i/add_axi_0/U0/CTRL_s_axi_U/s_axi_CTRL_WVALID
    SLICE_X52Y199        LUT6 (Prop_G6LUT_SLICEL_I1_O)
                                                      0.097     2.392 r  bd_smoke_i/add_axi_0/U0/CTRL_s_axi_U/int_a[15]_i_1/O
                         net (fo=16, routed)          0.778     3.170    bd_smoke_i/add_axi_0/U0/CTRL_s_axi_U/int_a
    SLICE_X51Y193        FDRE                                         r  bd_smoke_i/add_axi_0/U0/CTRL_s_axi_U/int_a_reg[12]/CE
  -------------------------------------------------------------------    -------------------

                         (clock clk_pl_0 rise edge)
                                                      5.625     5.625 r  
    PS8_X0Y0             PS8                          0.000     5.625 r  bd_smoke_i/zynq_ultra_ps_e_0/U0/PS8_i/PLCLK[0]
                         net (fo=1, routed)           0.143     5.768    bd_smoke_i/zynq_ultra_ps_e_0/U0/pl_clk_unbuffered[0]
    BUFG_PS_X0Y80        BUFG_PS (Prop_BUFG_PS_I_O)
                                                      0.025     5.793 r  bd_smoke_i/zynq_ultra_ps_e_0/U0/buffer_pl_clk_0.PL_CLK_0_BUFG/O
    X1Y3 (CLOCK_ROOT)    net (fo=610, routed)         0.875     6.668    bd_smoke_i/add_axi_0/U0/CTRL_s_axi_U/ap_clk
    SLICE_X51Y193        FDRE                                         r  bd_smoke_i/add_axi_0/U0/CTRL_s_axi_U/int_a_reg[12]/C
                         clock pessimism              0.097     6.765    
                         clock uncertainty           -0.131     6.633    
    SLICE_X51Y193        FDRE (Setup_HFF_SLICEL_C_CE)
                                                     -0.060     6.573    bd_smoke_i/add_axi_0/U0/CTRL_s_axi_U/int_a_reg[12]
  -------------------------------------------------------------------
                         required time                          6.573    
                         arrival time                          -3.170    
  -------------------------------------------------------------------
                         slack                                  3.403    

Slack (MET) :             3.403ns  (required time - arrival time)
  Source:                 bd_smoke_i/zynq_ultra_ps_e_0/U0/PS8_i/MAXIGP2ACLK
                            (rising edge-triggered cell PS8 clocked by clk_pl_0  {rise@0.000ns fall@2.812ns period=5.625ns})
  Destination:            bd_smoke_i/add_axi_0/U0/CTRL_s_axi_U/int_a_reg[13]/CE
                            (rising edge-triggered cell FDRE clocked by clk_pl_0  {rise@0.000ns fall@2.812ns period=5.625ns})
  Path Group:             clk_pl_0
  Path Type:              Setup (Max at Slow Process Corner)
  Requirement:            5.625ns  (clk_pl_0 rise@5.625ns - clk_pl_0 rise@0.000ns)
  Data Path Delay:        1.999ns  (logic 0.763ns (38.169%)  route 1.236ns (61.831%))
  Logic Levels:           1  (LUT6=1)
  Clock Path Skew:        -0.031ns (DCD - SCD + CPR)
    Destination Clock Delay (DCD):    1.043ns = ( 6.668 - 5.625 ) 
    Source Clock Delay      (SCD):    1.171ns
    Clock Pessimism Removal (CPR):    0.097ns
  Clock Uncertainty:      0.131ns  ((TSJ^2 + DJ^2)^1/2) / 2 + PE
    Total System Jitter     (TSJ):    0.071ns
    Discrete Jitter          (DJ):    0.253ns
    Phase Error              (PE):    0.000ns
  Clock Net Delay (Source):      0.963ns (routing 0.193ns, distribution 0.770ns)
  Clock Net Delay (Destination): 0.875ns (routing 0.172ns, distribution 0.703ns)

    Location             Delay type                Incr(ns)  Path(ns)    Netlist Resource(s)
  -------------------------------------------------------------------    -------------------
                         (clock clk_pl_0 rise edge)
                                                      0.000     0.000 r  
    PS8_X0Y0             PS8                          0.000     0.000 r  bd_smoke_i/zynq_ultra_ps_e_0/U0/PS8_i/PLCLK[0]
                         net (fo=1, routed)           0.180     0.180    bd_smoke_i/zynq_ultra_ps_e_0/U0/pl_clk_unbuffered[0]
    BUFG_PS_X0Y80        BUFG_PS (Prop_BUFG_PS_I_O)
                                                      0.028     0.208 r  bd_smoke_i/zynq_ultra_ps_e_0/U0/buffer_pl_clk_0.PL_CLK_0_BUFG/O
    X1Y3 (CLOCK_ROOT)    net (fo=610, routed)         0.963     1.171    bd_smoke_i/zynq_ultra_ps_e_0/U0/maxihpm0_lpd_aclk
    PS8_X0Y0             PS8                                          r  bd_smoke_i/zynq_ultra_ps_e_0/U0/PS8_i/MAXIGP2ACLK
  -------------------------------------------------------------------    -------------------
    PS8_X0Y0             PS8 (Prop_PS8_MAXIGP2ACLK_MAXIGP2WVALID)
                                                      0.666     1.837 r  bd_smoke_i/zynq_ultra_ps_e_0/U0/PS8_i/MAXIGP2WVALID
                         net (fo=8, routed)           0.458     2.295    bd_smoke_i/add_axi_0/U0/CTRL_s_axi_U/s_axi_CTRL_WVALID
    SLICE_X52Y199        LUT6 (Prop_G6LUT_SLICEL_I1_O)
                                                      0.097     2.392 r  bd_smoke_i/add_axi_0/U0/CTRL_s_axi_U/int_a[15]_i_1/O
                         net (fo=16, routed)          0.778     3.170    bd_smoke_i/add_axi_0/U0/CTRL_s_axi_U/int_a
    SLICE_X51Y193        FDRE                                         r  bd_smoke_i/add_axi_0/U0/CTRL_s_axi_U/int_a_reg[13]/CE
  -------------------------------------------------------------------    -------------------

                         (clock clk_pl_0 rise edge)
                                                      5.625     5.625 r  
    PS8_X0Y0             PS8                          0.000     5.625 r  bd_smoke_i/zynq_ultra_ps_e_0/U0/PS8_i/PLCLK[0]
                         net (fo=1, routed)           0.143     5.768    bd_smoke_i/zynq_ultra_ps_e_0/U0/pl_clk_unbuffered[0]
    BUFG_PS_X0Y80        BUFG_PS (Prop_BUFG_PS_I_O)
                                                      0.025     5.793 r  bd_smoke_i/zynq_ultra_ps_e_0/U0/buffer_pl_clk_0.PL_CLK_0_BUFG/O
    X1Y3 (CLOCK_ROOT)    net (fo=610, routed)         0.875     6.668    bd_smoke_i/add_axi_0/U0/CTRL_s_axi_U/ap_clk
    SLICE_X51Y193        FDRE                                         r  bd_smoke_i/add_axi_0/U0/CTRL_s_axi_U/int_a_reg[13]/C
                         clock pessimism              0.097     6.765    
                         clock uncertainty           -0.131     6.633    
    SLICE_X51Y193        FDRE (Setup_GFF_SLICEL_C_CE)
                                                     -0.060     6.573    bd_smoke_i/add_axi_0/U0/CTRL_s_axi_U/int_a_reg[13]
  -------------------------------------------------------------------
                         required time                          6.573    
                         arrival time                          -3.170    
  -------------------------------------------------------------------
                         slack                                  3.403    

Slack (MET) :             3.443ns  (required time - arrival time)
  Source:                 bd_smoke_i/zynq_ultra_ps_e_0/U0/PS8_i/MAXIGP2ACLK
                            (rising edge-triggered cell PS8 clocked by clk_pl_0  {rise@0.000ns fall@2.812ns period=5.625ns})
  Destination:            bd_smoke_i/add_axi_0/U0/CTRL_s_axi_U/int_a_reg[2]/CE
                            (rising edge-triggered cell FDRE clocked by clk_pl_0  {rise@0.000ns fall@2.812ns period=5.625ns})
  Path Group:             clk_pl_0
  Path Type:              Setup (Max at Slow Process Corner)
  Requirement:            5.625ns  (clk_pl_0 rise@5.625ns - clk_pl_0 rise@0.000ns)
  Data Path Delay:        1.954ns  (logic 0.763ns (39.048%)  route 1.191ns (60.952%))
  Logic Levels:           1  (LUT6=1)
  Clock Path Skew:        -0.037ns (DCD - SCD + CPR)
    Destination Clock Delay (DCD):    1.038ns = ( 6.663 - 5.625 ) 
    Source Clock Delay      (SCD):    1.171ns
    Clock Pessimism Removal (CPR):    0.097ns
  Clock Uncertainty:      0.131ns  ((TSJ^2 + DJ^2)^1/2) / 2 + PE
    Total System Jitter     (TSJ):    0.071ns
    Discrete Jitter          (DJ):    0.253ns
    Phase Error              (PE):    0.000ns
  Clock Net Delay (Source):      0.963ns (routing 0.193ns, distribution 0.770ns)
  Clock Net Delay (Destination): 0.870ns (routing 0.172ns, distribution 0.698ns)

    Location             Delay type                Incr(ns)  Path(ns)    Netlist Resource(s)
  -------------------------------------------------------------------    -------------------
                         (clock clk_pl_0 rise edge)
                                                      0.000     0.000 r  
    PS8_X0Y0             PS8                          0.000     0.000 r  bd_smoke_i/zynq_ultra_ps_e_0/U0/PS8_i/PLCLK[0]
                         net (fo=1, routed)           0.180     0.180    bd_smoke_i/zynq_ultra_ps_e_0/U0/pl_clk_unbuffered[0]
    BUFG_PS_X0Y80        BUFG_PS (Prop_BUFG_PS_I_O)
                                                      0.028     0.208 r  bd_smoke_i/zynq_ultra_ps_e_0/U0/buffer_pl_clk_0.PL_CLK_0_BUFG/O
    X1Y3 (CLOCK_ROOT)    net (fo=610, routed)         0.963     1.171    bd_smoke_i/zynq_ultra_ps_e_0/U0/maxihpm0_lpd_aclk
    PS8_X0Y0             PS8                                          r  bd_smoke_i/zynq_ultra_ps_e_0/U0/PS8_i/MAXIGP2ACLK
  -------------------------------------------------------------------    -------------------
    PS8_X0Y0             PS8 (Prop_PS8_MAXIGP2ACLK_MAXIGP2WVALID)
                                                      0.666     1.837 r  bd_smoke_i/zynq_ultra_ps_e_0/U0/PS8_i/MAXIGP2WVALID
                         net (fo=8, routed)           0.458     2.295    bd_smoke_i/add_axi_0/U0/CTRL_s_axi_U/s_axi_CTRL_WVALID
    SLICE_X52Y199        LUT6 (Prop_G6LUT_SLICEL_I1_O)
                                                      0.097     2.392 r  bd_smoke_i/add_axi_0/U0/CTRL_s_axi_U/int_a[15]_i_1/O
                         net (fo=16, routed)          0.733     3.125    bd_smoke_i/add_axi_0/U0/CTRL_s_axi_U/int_a
    SLICE_X51Y194        FDRE                                         r  bd_smoke_i/add_axi_0/U0/CTRL_s_axi_U/int_a_reg[2]/CE
  -------------------------------------------------------------------    -------------------

                         (clock clk_pl_0 rise edge)
                                                      5.625     5.625 r  
    PS8_X0Y0             PS8                          0.000     5.625 r  bd_smoke_i/zynq_ultra_ps_e_0/U0/PS8_i/PLCLK[0]
                         net (fo=1, routed)           0.143     5.768    bd_smoke_i/zynq_ultra_ps_e_0/U0/pl_clk_unbuffered[0]
    BUFG_PS_X0Y80        BUFG_PS (Prop_BUFG_PS_I_O)
                                                      0.025     5.793 r  bd_smoke_i/zynq_ultra_ps_e_0/U0/buffer_pl_clk_0.PL_CLK_0_BUFG/O
    X1Y3 (CLOCK_ROOT)    net (fo=610, routed)         0.870     6.663    bd_smoke_i/add_axi_0/U0/CTRL_s_axi_U/ap_clk
    SLICE_X51Y194        FDRE                                         r  bd_smoke_i/add_axi_0/U0/CTRL_s_axi_U/int_a_reg[2]/C
                         clock pessimism              0.097     6.759    
                         clock uncertainty           -0.131     6.628    
    SLICE_X51Y194        FDRE (Setup_HFF_SLICEL_C_CE)
                                                     -0.060     6.568    bd_smoke_i/add_axi_0/U0/CTRL_s_axi_U/int_a_reg[2]
  -------------------------------------------------------------------
                         required time                          6.568    
                         arrival time                          -3.125    
  -------------------------------------------------------------------
                         slack                                  3.443    

Slack (MET) :             3.443ns  (required time - arrival time)
  Source:                 bd_smoke_i/zynq_ultra_ps_e_0/U0/PS8_i/MAXIGP2ACLK
                            (rising edge-triggered cell PS8 clocked by clk_pl_0  {rise@0.000ns fall@2.812ns period=5.625ns})
  Destination:            bd_smoke_i/add_axi_0/U0/CTRL_s_axi_U/int_a_reg[3]/CE
                            (rising edge-triggered cell FDRE clocked by clk_pl_0  {rise@0.000ns fall@2.812ns period=5.625ns})
  Path Group:             clk_pl_0
  Path Type:              Setup (Max at Slow Process Corner)
  Requirement:            5.625ns  (clk_pl_0 rise@5.625ns - clk_pl_0 rise@0.000ns)
  Data Path Delay:        1.954ns  (logic 0.763ns (39.048%)  route 1.191ns (60.952%))
  Logic Levels:           1  (LUT6=1)
  Clock Path Skew:        -0.037ns (DCD - SCD + CPR)
    Destination Clock Delay (DCD):    1.038ns = ( 6.663 - 5.625 ) 
    Source Clock Delay      (SCD):    1.171ns
    Clock Pessimism Removal (CPR):    0.097ns
  Clock Uncertainty:      0.131ns  ((TSJ^2 + DJ^2)^1/2) / 2 + PE
    Total System Jitter     (TSJ):    0.071ns
    Discrete Jitter          (DJ):    0.253ns
    Phase Error              (PE):    0.000ns
  Clock Net Delay (Source):      0.963ns (routing 0.193ns, distribution 0.770ns)
  Clock Net Delay (Destination): 0.870ns (routing 0.172ns, distribution 0.698ns)

    Location             Delay type                Incr(ns)  Path(ns)    Netlist Resource(s)
  -------------------------------------------------------------------    -------------------
                         (clock clk_pl_0 rise edge)
                                                      0.000     0.000 r  
    PS8_X0Y0             PS8                          0.000     0.000 r  bd_smoke_i/zynq_ultra_ps_e_0/U0/PS8_i/PLCLK[0]
                         net (fo=1, routed)           0.180     0.180    bd_smoke_i/zynq_ultra_ps_e_0/U0/pl_clk_unbuffered[0]
    BUFG_PS_X0Y80        BUFG_PS (Prop_BUFG_PS_I_O)
                                                      0.028     0.208 r  bd_smoke_i/zynq_ultra_ps_e_0/U0/buffer_pl_clk_0.PL_CLK_0_BUFG/O
    X1Y3 (CLOCK_ROOT)    net (fo=610, routed)         0.963     1.171    bd_smoke_i/zynq_ultra_ps_e_0/U0/maxihpm0_lpd_aclk
    PS8_X0Y0             PS8                                          r  bd_smoke_i/zynq_ultra_ps_e_0/U0/PS8_i/MAXIGP2ACLK
  -------------------------------------------------------------------    -------------------
    PS8_X0Y0             PS8 (Prop_PS8_MAXIGP2ACLK_MAXIGP2WVALID)
                                                      0.666     1.837 r  bd_smoke_i/zynq_ultra_ps_e_0/U0/PS8_i/MAXIGP2WVALID
                         net (fo=8, routed)           0.458     2.295    bd_smoke_i/add_axi_0/U0/CTRL_s_axi_U/s_axi_CTRL_WVALID
    SLICE_X52Y199        LUT6 (Prop_G6LUT_SLICEL_I1_O)
                                                      0.097     2.392 r  bd_smoke_i/add_axi_0/U0/CTRL_s_axi_U/int_a[15]_i_1/O
                         net (fo=16, routed)          0.733     3.125    bd_smoke_i/add_axi_0/U0/CTRL_s_axi_U/int_a
    SLICE_X51Y194        FDRE                                         r  bd_smoke_i/add_axi_0/U0/CTRL_s_axi_U/int_a_reg[3]/CE
  -------------------------------------------------------------------    -------------------

                         (clock clk_pl_0 rise edge)
                                                      5.625     5.625 r  
    PS8_X0Y0             PS8                          0.000     5.625 r  bd_smoke_i/zynq_ultra_ps_e_0/U0/PS8_i/PLCLK[0]
                         net (fo=1, routed)           0.143     5.768    bd_smoke_i/zynq_ultra_ps_e_0/U0/pl_clk_unbuffered[0]
    BUFG_PS_X0Y80        BUFG_PS (Prop_BUFG_PS_I_O)
                                                      0.025     5.793 r  bd_smoke_i/zynq_ultra_ps_e_0/U0/buffer_pl_clk_0.PL_CLK_0_BUFG/O
    X1Y3 (CLOCK_ROOT)    net (fo=610, routed)         0.870     6.663    bd_smoke_i/add_axi_0/U0/CTRL_s_axi_U/ap_clk
    SLICE_X51Y194        FDRE                                         r  bd_smoke_i/add_axi_0/U0/CTRL_s_axi_U/int_a_reg[3]/C
                         clock pessimism              0.097     6.759    
                         clock uncertainty           -0.131     6.628    
    SLICE_X51Y194        FDRE (Setup_GFF_SLICEL_C_CE)
                                                     -0.060     6.568    bd_smoke_i/add_axi_0/U0/CTRL_s_axi_U/int_a_reg[3]
  -------------------------------------------------------------------
                         required time                          6.568    
                         arrival time                          -3.125    
  -------------------------------------------------------------------
                         slack                                  3.443    

Slack (MET) :             3.443ns  (required time - arrival time)
  Source:                 bd_smoke_i/zynq_ultra_ps_e_0/U0/PS8_i/MAXIGP2ACLK
                            (rising edge-triggered cell PS8 clocked by clk_pl_0  {rise@0.000ns fall@2.812ns period=5.625ns})
  Destination:            bd_smoke_i/add_axi_0/U0/CTRL_s_axi_U/int_a_reg[4]/CE
                            (rising edge-triggered cell FDRE clocked by clk_pl_0  {rise@0.000ns fall@2.812ns period=5.625ns})
  Path Group:             clk_pl_0
  Path Type:              Setup (Max at Slow Process Corner)
  Requirement:            5.625ns  (clk_pl_0 rise@5.625ns - clk_pl_0 rise@0.000ns)
  Data Path Delay:        1.954ns  (logic 0.763ns (39.048%)  route 1.191ns (60.952%))
  Logic Levels:           1  (LUT6=1)
  Clock Path Skew:        -0.037ns (DCD - SCD + CPR)
    Destination Clock Delay (DCD):    1.038ns = ( 6.663 - 5.625 ) 
    Source Clock Delay      (SCD):    1.171ns
    Clock Pessimism Removal (CPR):    0.097ns
  Clock Uncertainty:      0.131ns  ((TSJ^2 + DJ^2)^1/2) / 2 + PE
    Total System Jitter     (TSJ):    0.071ns
    Discrete Jitter          (DJ):    0.253ns
    Phase Error              (PE):    0.000ns
  Clock Net Delay (Source):      0.963ns (routing 0.193ns, distribution 0.770ns)
  Clock Net Delay (Destination): 0.870ns (routing 0.172ns, distribution 0.698ns)

    Location             Delay type                Incr(ns)  Path(ns)    Netlist Resource(s)
  -------------------------------------------------------------------    -------------------
                         (clock clk_pl_0 rise edge)
                                                      0.000     0.000 r  
    PS8_X0Y0             PS8                          0.000     0.000 r  bd_smoke_i/zynq_ultra_ps_e_0/U0/PS8_i/PLCLK[0]
                         net (fo=1, routed)           0.180     0.180    bd_smoke_i/zynq_ultra_ps_e_0/U0/pl_clk_unbuffered[0]
    BUFG_PS_X0Y80        BUFG_PS (Prop_BUFG_PS_I_O)
                                                      0.028     0.208 r  bd_smoke_i/zynq_ultra_ps_e_0/U0/buffer_pl_clk_0.PL_CLK_0_BUFG/O
    X1Y3 (CLOCK_ROOT)    net (fo=610, routed)         0.963     1.171    bd_smoke_i/zynq_ultra_ps_e_0/U0/maxihpm0_lpd_aclk
    PS8_X0Y0             PS8                                          r  bd_smoke_i/zynq_ultra_ps_e_0/U0/PS8_i/MAXIGP2ACLK
  -------------------------------------------------------------------    -------------------
    PS8_X0Y0             PS8 (Prop_PS8_MAXIGP2ACLK_MAXIGP2WVALID)
                                                      0.666     1.837 r  bd_smoke_i/zynq_ultra_ps_e_0/U0/PS8_i/MAXIGP2WVALID
                         net (fo=8, routed)           0.458     2.295    bd_smoke_i/add_axi_0/U0/CTRL_s_axi_U/s_axi_CTRL_WVALID
    SLICE_X52Y199        LUT6 (Prop_G6LUT_SLICEL_I1_O)
                                                      0.097     2.392 r  bd_smoke_i/add_axi_0/U0/CTRL_s_axi_U/int_a[15]_i_1/O
                         net (fo=16, routed)          0.733     3.125    bd_smoke_i/add_axi_0/U0/CTRL_s_axi_U/int_a
    SLICE_X51Y194        FDRE                                         r  bd_smoke_i/add_axi_0/U0/CTRL_s_axi_U/int_a_reg[4]/CE
  -------------------------------------------------------------------    -------------------

                         (clock clk_pl_0 rise edge)
                                                      5.625     5.625 r  
    PS8_X0Y0             PS8                          0.000     5.625 r  bd_smoke_i/zynq_ultra_ps_e_0/U0/PS8_i/PLCLK[0]
                         net (fo=1, routed)           0.143     5.768    bd_smoke_i/zynq_ultra_ps_e_0/U0/pl_clk_unbuffered[0]
    BUFG_PS_X0Y80        BUFG_PS (Prop_BUFG_PS_I_O)
                                                      0.025     5.793 r  bd_smoke_i/zynq_ultra_ps_e_0/U0/buffer_pl_clk_0.PL_CLK_0_BUFG/O
    X1Y3 (CLOCK_ROOT)    net (fo=610, routed)         0.870     6.663    bd_smoke_i/add_axi_0/U0/CTRL_s_axi_U/ap_clk
    SLICE_X51Y194        FDRE                                         r  bd_smoke_i/add_axi_0/U0/CTRL_s_axi_U/int_a_reg[4]/C
                         clock pessimism              0.097     6.759    
                         clock uncertainty           -0.131     6.628    
    SLICE_X51Y194        FDRE (Setup_FFF_SLICEL_C_CE)
                                                     -0.060     6.568    bd_smoke_i/add_axi_0/U0/CTRL_s_axi_U/int_a_reg[4]
  -------------------------------------------------------------------
                         required time                          6.568    
                         arrival time                          -3.125    
  -------------------------------------------------------------------
                         slack                                  3.443    

Slack (MET) :             3.498ns  (required time - arrival time)
  Source:                 bd_smoke_i/ps8_0_axi_periph/s00_couplers/auto_pc/inst/gen_axilite.gen_b2s_conv.axilite_b2s/RD.r_channel_0/rd_data_fifo_0/cnt_read_reg[0]/C
                            (rising edge-triggered cell FDSE clocked by clk_pl_0  {rise@0.000ns fall@2.812ns period=5.625ns})
  Destination:            bd_smoke_i/ps8_0_axi_periph/s00_couplers/auto_pc/inst/gen_axilite.gen_b2s_conv.axilite_b2s/RD.r_channel_0/transaction_fifo_0/cnt_read_reg[4]/D
                            (rising edge-triggered cell FDSE clocked by clk_pl_0  {rise@0.000ns fall@2.812ns period=5.625ns})
  Path Group:             clk_pl_0
  Path Type:              Setup (Max at Slow Process Corner)
  Requirement:            5.625ns  (clk_pl_0 rise@5.625ns - clk_pl_0 rise@0.000ns)
  Data Path Delay:        1.967ns  (logic 0.569ns (28.933%)  route 1.398ns (71.067%))
  Logic Levels:           5  (LUT2=2 LUT5=1 LUT6=2)
  Clock Path Skew:        -0.054ns (DCD - SCD + CPR)
    Destination Clock Delay (DCD):    1.043ns = ( 6.668 - 5.625 ) 
    Source Clock Delay      (SCD):    1.241ns
    Clock Pessimism Removal (CPR):    0.144ns
  Clock Uncertainty:      0.131ns  ((TSJ^2 + DJ^2)^1/2) / 2 + PE
    Total System Jitter     (TSJ):    0.071ns
    Discrete Jitter          (DJ):    0.253ns
    Phase Error              (PE):    0.000ns
  Clock Net Delay (Source):      1.033ns (routing 0.193ns, distribution 0.840ns)
  Clock Net Delay (Destination): 0.875ns (routing 0.172ns, distribution 0.703ns)

    Location             Delay type                Incr(ns)  Path(ns)    Netlist Resource(s)
  -------------------------------------------------------------------    -------------------
                         (clock clk_pl_0 rise edge)
                                                      0.000     0.000 r  
    PS8_X0Y0             PS8                          0.000     0.000 r  bd_smoke_i/zynq_ultra_ps_e_0/U0/PS8_i/PLCLK[0]
                         net (fo=1, routed)           0.180     0.180    bd_smoke_i/zynq_ultra_ps_e_0/U0/pl_clk_unbuffered[0]
    BUFG_PS_X0Y80        BUFG_PS (Prop_BUFG_PS_I_O)
                                                      0.028     0.208 r  bd_smoke_i/zynq_ultra_ps_e_0/U0/buffer_pl_clk_0.PL_CLK_0_BUFG/O
    X1Y3 (CLOCK_ROOT)    net (fo=610, routed)         1.033     1.241    bd_smoke_i/ps8_0_axi_periph/s00_couplers/auto_pc/inst/gen_axilite.gen_b2s_conv.axilite_b2s/RD.r_channel_0/rd_data_fifo_0/aclk
    SLICE_X50Y193        FDSE                                         r  bd_smoke_i/ps8_0_axi_periph/s00_couplers/auto_pc/inst/gen_axilite.gen_b2s_conv.axilite_b2s/RD.r_channel_0/rd_data_fifo_0/cnt_read_reg[0]/C
  -------------------------------------------------------------------    -------------------
    SLICE_X50Y193        FDSE (Prop_EFF_SLICEM_C_Q)
                                                      0.076     1.317 r  bd_smoke_i/ps8_0_axi_periph/s00_couplers/auto_pc/inst/gen_axilite.gen_b2s_conv.axilite_b2s/RD.r_channel_0/rd_data_fifo_0/cnt_read_reg[0]/Q
                         net (fo=25, routed)          0.466     1.783    bd_smoke_i/ps8_0_axi_periph/s00_couplers/auto_pc/inst/gen_axilite.gen_b2s_conv.axilite_b2s/RD.r_channel_0/rd_data_fifo_0/cnt_read_reg[0]
    SLICE_X51Y191        LUT5 (Prop_D5LUT_SLICEL_I2_O)
                                                      0.096     1.879 r  bd_smoke_i/ps8_0_axi_periph/s00_couplers/auto_pc/inst/gen_axilite.gen_b2s_conv.axilite_b2s/RD.r_channel_0/rd_data_fifo_0/m_valid_i_i_3/O
                         net (fo=1, routed)           0.218     2.097    bd_smoke_i/ps8_0_axi_periph/s00_couplers/auto_pc/inst/gen_axilite.gen_b2s_conv.axilite_b2s/RD.r_channel_0/transaction_fifo_0/m_valid_i_reg
    SLICE_X51Y191        LUT6 (Prop_H6LUT_SLICEL_I5_O)
                                                      0.150     2.247 f  bd_smoke_i/ps8_0_axi_periph/s00_couplers/auto_pc/inst/gen_axilite.gen_b2s_conv.axilite_b2s/RD.r_channel_0/transaction_fifo_0/m_valid_i_i_2/O
                         net (fo=3, routed)           0.208     2.455    bd_smoke_i/ps8_0_axi_periph/s00_couplers/auto_pc/inst/gen_axilite.gen_b2s_conv.axilite_b2s/SI_REG/r.r_pipe/m_valid_i_reg_2
    SLICE_X51Y199        LUT2 (Prop_B6LUT_SLICEL_I1_O)
                                                      0.090     2.545 f  bd_smoke_i/ps8_0_axi_periph/s00_couplers/auto_pc/inst/gen_axilite.gen_b2s_conv.axilite_b2s/SI_REG/r.r_pipe/cnt_read[4]_i_3__0/O
                         net (fo=7, routed)           0.270     2.815    bd_smoke_i/ps8_0_axi_periph/s00_couplers/auto_pc/inst/gen_axilite.gen_b2s_conv.axilite_b2s/RD.r_channel_0/transaction_fifo_0/cnt_read_reg[4]_1
    SLICE_X51Y190        LUT2 (Prop_A5LUT_SLICEL_I1_O)
                                                      0.069     2.884 r  bd_smoke_i/ps8_0_axi_periph/s00_couplers/auto_pc/inst/gen_axilite.gen_b2s_conv.axilite_b2s/RD.r_channel_0/transaction_fifo_0/cnt_read[4]_i_3/O
                         net (fo=1, routed)           0.186     3.070    bd_smoke_i/ps8_0_axi_periph/s00_couplers/auto_pc/inst/gen_axilite.gen_b2s_conv.axilite_b2s/RD.r_channel_0/transaction_fifo_0/cnt_read[4]_i_3_n_0
    SLICE_X51Y190        LUT6 (Prop_C6LUT_SLICEL_I4_O)
                                                      0.088     3.158 r  bd_smoke_i/ps8_0_axi_periph/s00_couplers/auto_pc/inst/gen_axilite.gen_b2s_conv.axilite_b2s/RD.r_channel_0/transaction_fifo_0/cnt_read[4]_i_2__0/O
                         net (fo=1, routed)           0.050     3.208    bd_smoke_i/ps8_0_axi_periph/s00_couplers/auto_pc/inst/gen_axilite.gen_b2s_conv.axilite_b2s/RD.r_channel_0/transaction_fifo_0/cnt_read[4]_i_2__0_n_0
    SLICE_X51Y190        FDSE                                         r  bd_smoke_i/ps8_0_axi_periph/s00_couplers/auto_pc/inst/gen_axilite.gen_b2s_conv.axilite_b2s/RD.r_channel_0/transaction_fifo_0/cnt_read_reg[4]/D
  -------------------------------------------------------------------    -------------------

                         (clock clk_pl_0 rise edge)
                                                      5.625     5.625 r  
    PS8_X0Y0             PS8                          0.000     5.625 r  bd_smoke_i/zynq_ultra_ps_e_0/U0/PS8_i/PLCLK[0]
                         net (fo=1, routed)           0.143     5.768    bd_smoke_i/zynq_ultra_ps_e_0/U0/pl_clk_unbuffered[0]
    BUFG_PS_X0Y80        BUFG_PS (Prop_BUFG_PS_I_O)
                                                      0.025     5.793 r  bd_smoke_i/zynq_ultra_ps_e_0/U0/buffer_pl_clk_0.PL_CLK_0_BUFG/O
    X1Y3 (CLOCK_ROOT)    net (fo=610, routed)         0.875     6.668    bd_smoke_i/ps8_0_axi_periph/s00_couplers/auto_pc/inst/gen_axilite.gen_b2s_conv.axilite_b2s/RD.r_channel_0/transaction_fifo_0/aclk
    SLICE_X51Y190        FDSE                                         r  bd_smoke_i/ps8_0_axi_periph/s00_couplers/auto_pc/inst/gen_axilite.gen_b2s_conv.axilite_b2s/RD.r_channel_0/transaction_fifo_0/cnt_read_reg[4]/C
                         clock pessimism              0.144     6.812    
                         clock uncertainty           -0.131     6.681    
    SLICE_X51Y190        FDSE (Setup_CFF_SLICEL_C_D)
                                                      0.025     6.706    bd_smoke_i/ps8_0_axi_periph/s00_couplers/auto_pc/inst/gen_axilite.gen_b2s_conv.axilite_b2s/RD.r_channel_0/transaction_fifo_0/cnt_read_reg[4]
  -------------------------------------------------------------------
                         required time                          6.706    
                         arrival time                          -3.208    
  -------------------------------------------------------------------
                         slack                                  3.498    

Slack (MET) :             3.501ns  (required time - arrival time)
  Source:                 bd_smoke_i/zynq_ultra_ps_e_0/U0/PS8_i/MAXIGP2ACLK
                            (rising edge-triggered cell PS8 clocked by clk_pl_0  {rise@0.000ns fall@2.812ns period=5.625ns})
  Destination:            bd_smoke_i/add_axi_0/U0/CTRL_s_axi_U/int_a_reg[0]/CE
                            (rising edge-triggered cell FDRE clocked by clk_pl_0  {rise@0.000ns fall@2.812ns period=5.625ns})
  Path Group:             clk_pl_0
  Path Type:              Setup (Max at Slow Process Corner)
  Requirement:            5.625ns  (clk_pl_0 rise@5.625ns - clk_pl_0 rise@0.000ns)
  Data Path Delay:        1.898ns  (logic 0.763ns (40.192%)  route 1.135ns (59.808%))
  Logic Levels:           1  (LUT6=1)
  Clock Path Skew:        -0.034ns (DCD - SCD + CPR)
    Destination Clock Delay (DCD):    1.040ns = ( 6.665 - 5.625 ) 
    Source Clock Delay      (SCD):    1.171ns
    Clock Pessimism Removal (CPR):    0.097ns
  Clock Uncertainty:      0.131ns  ((TSJ^2 + DJ^2)^1/2) / 2 + PE
    Total System Jitter     (TSJ):    0.071ns
    Discrete Jitter          (DJ):    0.253ns
    Phase Error              (PE):    0.000ns
  Clock Net Delay (Source):      0.963ns (routing 0.193ns, distribution 0.770ns)
  Clock Net Delay (Destination): 0.872ns (routing 0.172ns, distribution 0.700ns)

    Location             Delay type                Incr(ns)  Path(ns)    Netlist Resource(s)
  -------------------------------------------------------------------    -------------------
                         (clock clk_pl_0 rise edge)
                                                      0.000     0.000 r  
    PS8_X0Y0             PS8                          0.000     0.000 r  bd_smoke_i/zynq_ultra_ps_e_0/U0/PS8_i/PLCLK[0]
                         net (fo=1, routed)           0.180     0.180    bd_smoke_i/zynq_ultra_ps_e_0/U0/pl_clk_unbuffered[0]
    BUFG_PS_X0Y80        BUFG_PS (Prop_BUFG_PS_I_O)
                                                      0.028     0.208 r  bd_smoke_i/zynq_ultra_ps_e_0/U0/buffer_pl_clk_0.PL_CLK_0_BUFG/O
    X1Y3 (CLOCK_ROOT)    net (fo=610, routed)         0.963     1.171    bd_smoke_i/zynq_ultra_ps_e_0/U0/maxihpm0_lpd_aclk
    PS8_X0Y0             PS8                                          r  bd_smoke_i/zynq_ultra_ps_e_0/U0/PS8_i/MAXIGP2ACLK
  -------------------------------------------------------------------    -------------------
    PS8_X0Y0             PS8 (Prop_PS8_MAXIGP2ACLK_MAXIGP2WVALID)
                                                      0.666     1.837 r  bd_smoke_i/zynq_ultra_ps_e_0/U0/PS8_i/MAXIGP2WVALID
                         net (fo=8, routed)           0.458     2.295    bd_smoke_i/add_axi_0/U0/CTRL_s_axi_U/s_axi_CTRL_WVALID
    SLICE_X52Y199        LUT6 (Prop_G6LUT_SLICEL_I1_O)
                                                      0.097     2.392 r  bd_smoke_i/add_axi_0/U0/CTRL_s_axi_U/int_a[15]_i_1/O
                         net (fo=16, routed)          0.678     3.069    bd_smoke_i/add_axi_0/U0/CTRL_s_axi_U/int_a
    SLICE_X51Y195        FDRE                                         r  bd_smoke_i/add_axi_0/U0/CTRL_s_axi_U/int_a_reg[0]/CE
  -------------------------------------------------------------------    -------------------

                         (clock clk_pl_0 rise edge)
                                                      5.625     5.625 r  
    PS8_X0Y0             PS8                          0.000     5.625 r  bd_smoke_i/zynq_ultra_ps_e_0/U0/PS8_i/PLCLK[0]
                         net (fo=1, routed)           0.143     5.768    bd_smoke_i/zynq_ultra_ps_e_0/U0/pl_clk_unbuffered[0]
    BUFG_PS_X0Y80        BUFG_PS (Prop_BUFG_PS_I_O)
                                                      0.025     5.793 r  bd_smoke_i/zynq_ultra_ps_e_0/U0/buffer_pl_clk_0.PL_CLK_0_BUFG/O
    X1Y3 (CLOCK_ROOT)    net (fo=610, routed)         0.872     6.665    bd_smoke_i/add_axi_0/U0/CTRL_s_axi_U/ap_clk
    SLICE_X51Y195        FDRE                                         r  bd_smoke_i/add_axi_0/U0/CTRL_s_axi_U/int_a_reg[0]/C
                         clock pessimism              0.097     6.762    
                         clock uncertainty           -0.131     6.630    
    SLICE_X51Y195        FDRE (Setup_DFF_SLICEL_C_CE)
                                                     -0.060     6.570    bd_smoke_i/add_axi_0/U0/CTRL_s_axi_U/int_a_reg[0]
  -------------------------------------------------------------------
                         required time                          6.570    
                         arrival time                          -3.069    
  -------------------------------------------------------------------
                         slack                                  3.501    

Slack (MET) :             3.501ns  (required time - arrival time)
  Source:                 bd_smoke_i/zynq_ultra_ps_e_0/U0/PS8_i/MAXIGP2ACLK
                            (rising edge-triggered cell PS8 clocked by clk_pl_0  {rise@0.000ns fall@2.812ns period=5.625ns})
  Destination:            bd_smoke_i/add_axi_0/U0/CTRL_s_axi_U/int_a_reg[1]/CE
                            (rising edge-triggered cell FDRE clocked by clk_pl_0  {rise@0.000ns fall@2.812ns period=5.625ns})
  Path Group:             clk_pl_0
  Path Type:              Setup (Max at Slow Process Corner)
  Requirement:            5.625ns  (clk_pl_0 rise@5.625ns - clk_pl_0 rise@0.000ns)
  Data Path Delay:        1.898ns  (logic 0.763ns (40.192%)  route 1.135ns (59.808%))
  Logic Levels:           1  (LUT6=1)
  Clock Path Skew:        -0.034ns (DCD - SCD + CPR)
    Destination Clock Delay (DCD):    1.040ns = ( 6.665 - 5.625 ) 
    Source Clock Delay      (SCD):    1.171ns
    Clock Pessimism Removal (CPR):    0.097ns
  Clock Uncertainty:      0.131ns  ((TSJ^2 + DJ^2)^1/2) / 2 + PE
    Total System Jitter     (TSJ):    0.071ns
    Discrete Jitter          (DJ):    0.253ns
    Phase Error              (PE):    0.000ns
  Clock Net Delay (Source):      0.963ns (routing 0.193ns, distribution 0.770ns)
  Clock Net Delay (Destination): 0.872ns (routing 0.172ns, distribution 0.700ns)

    Location             Delay type                Incr(ns)  Path(ns)    Netlist Resource(s)
  -------------------------------------------------------------------    -------------------
                         (clock clk_pl_0 rise edge)
                                                      0.000     0.000 r  
    PS8_X0Y0             PS8                          0.000     0.000 r  bd_smoke_i/zynq_ultra_ps_e_0/U0/PS8_i/PLCLK[0]
                         net (fo=1, routed)           0.180     0.180    bd_smoke_i/zynq_ultra_ps_e_0/U0/pl_clk_unbuffered[0]
    BUFG_PS_X0Y80        BUFG_PS (Prop_BUFG_PS_I_O)
                                                      0.028     0.208 r  bd_smoke_i/zynq_ultra_ps_e_0/U0/buffer_pl_clk_0.PL_CLK_0_BUFG/O
    X1Y3 (CLOCK_ROOT)    net (fo=610, routed)         0.963     1.171    bd_smoke_i/zynq_ultra_ps_e_0/U0/maxihpm0_lpd_aclk
    PS8_X0Y0             PS8                                          r  bd_smoke_i/zynq_ultra_ps_e_0/U0/PS8_i/MAXIGP2ACLK
  -------------------------------------------------------------------    -------------------
    PS8_X0Y0             PS8 (Prop_PS8_MAXIGP2ACLK_MAXIGP2WVALID)
                                                      0.666     1.837 r  bd_smoke_i/zynq_ultra_ps_e_0/U0/PS8_i/MAXIGP2WVALID
                         net (fo=8, routed)           0.458     2.295    bd_smoke_i/add_axi_0/U0/CTRL_s_axi_U/s_axi_CTRL_WVALID
    SLICE_X52Y199        LUT6 (Prop_G6LUT_SLICEL_I1_O)
                                                      0.097     2.392 r  bd_smoke_i/add_axi_0/U0/CTRL_s_axi_U/int_a[15]_i_1/O
                         net (fo=16, routed)          0.678     3.069    bd_smoke_i/add_axi_0/U0/CTRL_s_axi_U/int_a
    SLICE_X51Y195        FDRE                                         r  bd_smoke_i/add_axi_0/U0/CTRL_s_axi_U/int_a_reg[1]/CE
  -------------------------------------------------------------------    -------------------

                         (clock clk_pl_0 rise edge)
                                                      5.625     5.625 r  
    PS8_X0Y0             PS8                          0.000     5.625 r  bd_smoke_i/zynq_ultra_ps_e_0/U0/PS8_i/PLCLK[0]
                         net (fo=1, routed)           0.143     5.768    bd_smoke_i/zynq_ultra_ps_e_0/U0/pl_clk_unbuffered[0]
    BUFG_PS_X0Y80        BUFG_PS (Prop_BUFG_PS_I_O)
                                                      0.025     5.793 r  bd_smoke_i/zynq_ultra_ps_e_0/U0/buffer_pl_clk_0.PL_CLK_0_BUFG/O
    X1Y3 (CLOCK_ROOT)    net (fo=610, routed)         0.872     6.665    bd_smoke_i/add_axi_0/U0/CTRL_s_axi_U/ap_clk
    SLICE_X51Y195        FDRE                                         r  bd_smoke_i/add_axi_0/U0/CTRL_s_axi_U/int_a_reg[1]/C
                         clock pessimism              0.097     6.762    
                         clock uncertainty           -0.131     6.630    
    SLICE_X51Y195        FDRE (Setup_CFF_SLICEL_C_CE)
                                                     -0.060     6.570    bd_smoke_i/add_axi_0/U0/CTRL_s_axi_U/int_a_reg[1]
  -------------------------------------------------------------------
                         required time                          6.570    
                         arrival time                          -3.069    
  -------------------------------------------------------------------
                         slack                                  3.501    

Slack (MET) :             3.501ns  (required time - arrival time)
  Source:                 bd_smoke_i/zynq_ultra_ps_e_0/U0/PS8_i/MAXIGP2ACLK
                            (rising edge-triggered cell PS8 clocked by clk_pl_0  {rise@0.000ns fall@2.812ns period=5.625ns})
  Destination:            bd_smoke_i/add_axi_0/U0/CTRL_s_axi_U/int_a_reg[5]/CE
                            (rising edge-triggered cell FDRE clocked by clk_pl_0  {rise@0.000ns fall@2.812ns period=5.625ns})
  Path Group:             clk_pl_0
  Path Type:              Setup (Max at Slow Process Corner)
  Requirement:            5.625ns  (clk_pl_0 rise@5.625ns - clk_pl_0 rise@0.000ns)
  Data Path Delay:        1.898ns  (logic 0.763ns (40.192%)  route 1.135ns (59.808%))
  Logic Levels:           1  (LUT6=1)
  Clock Path Skew:        -0.034ns (DCD - SCD + CPR)
    Destination Clock Delay (DCD):    1.040ns = ( 6.665 - 5.625 ) 
    Source Clock Delay      (SCD):    1.171ns
    Clock Pessimism Removal (CPR):    0.097ns
  Clock Uncertainty:      0.131ns  ((TSJ^2 + DJ^2)^1/2) / 2 + PE
    Total System Jitter     (TSJ):    0.071ns
    Discrete Jitter          (DJ):    0.253ns
    Phase Error              (PE):    0.000ns
  Clock Net Delay (Source):      0.963ns (routing 0.193ns, distribution 0.770ns)
  Clock Net Delay (Destination): 0.872ns (routing 0.172ns, distribution 0.700ns)

    Location             Delay type                Incr(ns)  Path(ns)    Netlist Resource(s)
  -------------------------------------------------------------------    -------------------
                         (clock clk_pl_0 rise edge)
                                                      0.000     0.000 r  
    PS8_X0Y0             PS8                          0.000     0.000 r  bd_smoke_i/zynq_ultra_ps_e_0/U0/PS8_i/PLCLK[0]
                         net (fo=1, routed)           0.180     0.180    bd_smoke_i/zynq_ultra_ps_e_0/U0/pl_clk_unbuffered[0]
    BUFG_PS_X0Y80        BUFG_PS (Prop_BUFG_PS_I_O)
                                                      0.028     0.208 r  bd_smoke_i/zynq_ultra_ps_e_0/U0/buffer_pl_clk_0.PL_CLK_0_BUFG/O
    X1Y3 (CLOCK_ROOT)    net (fo=610, routed)         0.963     1.171    bd_smoke_i/zynq_ultra_ps_e_0/U0/maxihpm0_lpd_aclk
    PS8_X0Y0             PS8                                          r  bd_smoke_i/zynq_ultra_ps_e_0/U0/PS8_i/MAXIGP2ACLK
  -------------------------------------------------------------------    -------------------
    PS8_X0Y0             PS8 (Prop_PS8_MAXIGP2ACLK_MAXIGP2WVALID)
                                                      0.666     1.837 r  bd_smoke_i/zynq_ultra_ps_e_0/U0/PS8_i/MAXIGP2WVALID
                         net (fo=8, routed)           0.458     2.295    bd_smoke_i/add_axi_0/U0/CTRL_s_axi_U/s_axi_CTRL_WVALID
    SLICE_X52Y199        LUT6 (Prop_G6LUT_SLICEL_I1_O)
                                                      0.097     2.392 r  bd_smoke_i/add_axi_0/U0/CTRL_s_axi_U/int_a[15]_i_1/O
                         net (fo=16, routed)          0.678     3.069    bd_smoke_i/add_axi_0/U0/CTRL_s_axi_U/int_a
    SLICE_X51Y195        FDRE                                         r  bd_smoke_i/add_axi_0/U0/CTRL_s_axi_U/int_a_reg[5]/CE
  -------------------------------------------------------------------    -------------------

                         (clock clk_pl_0 rise edge)
                                                      5.625     5.625 r  
    PS8_X0Y0             PS8                          0.000     5.625 r  bd_smoke_i/zynq_ultra_ps_e_0/U0/PS8_i/PLCLK[0]
                         net (fo=1, routed)           0.143     5.768    bd_smoke_i/zynq_ultra_ps_e_0/U0/pl_clk_unbuffered[0]
    BUFG_PS_X0Y80        BUFG_PS (Prop_BUFG_PS_I_O)
                                                      0.025     5.793 r  bd_smoke_i/zynq_ultra_ps_e_0/U0/buffer_pl_clk_0.PL_CLK_0_BUFG/O
    X1Y3 (CLOCK_ROOT)    net (fo=610, routed)         0.872     6.665    bd_smoke_i/add_axi_0/U0/CTRL_s_axi_U/ap_clk
    SLICE_X51Y195        FDRE                                         r  bd_smoke_i/add_axi_0/U0/CTRL_s_axi_U/int_a_reg[5]/C
                         clock pessimism              0.097     6.762    
                         clock uncertainty           -0.131     6.630    
    SLICE_X51Y195        FDRE (Setup_BFF_SLICEL_C_CE)
                                                     -0.060     6.570    bd_smoke_i/add_axi_0/U0/CTRL_s_axi_U/int_a_reg[5]
  -------------------------------------------------------------------
                         required time                          6.570    
                         arrival time                          -3.069    
  -------------------------------------------------------------------
                         slack                                  3.501    

Slack (MET) :             3.506ns  (required time - arrival time)
  Source:                 bd_smoke_i/ps8_0_axi_periph/s00_couplers/auto_pc/inst/gen_axilite.gen_b2s_conv.axilite_b2s/RD.r_channel_0/rd_data_fifo_0/cnt_read_reg[0]/C
                            (rising edge-triggered cell FDSE clocked by clk_pl_0  {rise@0.000ns fall@2.812ns period=5.625ns})
  Destination:            bd_smoke_i/ps8_0_axi_periph/s00_couplers/auto_pc/inst/gen_axilite.gen_b2s_conv.axilite_b2s/RD.r_channel_0/rd_data_fifo_0/cnt_read_reg[2]/CE
                            (rising edge-triggered cell FDSE clocked by clk_pl_0  {rise@0.000ns fall@2.812ns period=5.625ns})
  Path Group:             clk_pl_0
  Path Type:              Setup (Max at Slow Process Corner)
  Requirement:            5.625ns  (clk_pl_0 rise@5.625ns - clk_pl_0 rise@0.000ns)
  Data Path Delay:        1.870ns  (logic 0.515ns (27.543%)  route 1.355ns (72.457%))
  Logic Levels:           4  (LUT2=2 LUT5=1 LUT6=1)
  Clock Path Skew:        -0.057ns (DCD - SCD + CPR)
    Destination Clock Delay (DCD):    1.040ns = ( 6.665 - 5.625 ) 
    Source Clock Delay      (SCD):    1.241ns
    Clock Pessimism Removal (CPR):    0.144ns
  Clock Uncertainty:      0.131ns  ((TSJ^2 + DJ^2)^1/2) / 2 + PE
    Total System Jitter     (TSJ):    0.071ns
    Discrete Jitter          (DJ):    0.253ns
    Phase Error              (PE):    0.000ns
  Clock Net Delay (Source):      1.033ns (routing 0.193ns, distribution 0.840ns)
  Clock Net Delay (Destination): 0.872ns (routing 0.172ns, distribution 0.700ns)

    Location             Delay type                Incr(ns)  Path(ns)    Netlist Resource(s)
  -------------------------------------------------------------------    -------------------
                         (clock clk_pl_0 rise edge)
                                                      0.000     0.000 r  
    PS8_X0Y0             PS8                          0.000     0.000 r  bd_smoke_i/zynq_ultra_ps_e_0/U0/PS8_i/PLCLK[0]
                         net (fo=1, routed)           0.180     0.180    bd_smoke_i/zynq_ultra_ps_e_0/U0/pl_clk_unbuffered[0]
    BUFG_PS_X0Y80        BUFG_PS (Prop_BUFG_PS_I_O)
                                                      0.028     0.208 r  bd_smoke_i/zynq_ultra_ps_e_0/U0/buffer_pl_clk_0.PL_CLK_0_BUFG/O
    X1Y3 (CLOCK_ROOT)    net (fo=610, routed)         1.033     1.241    bd_smoke_i/ps8_0_axi_periph/s00_couplers/auto_pc/inst/gen_axilite.gen_b2s_conv.axilite_b2s/RD.r_channel_0/rd_data_fifo_0/aclk
    SLICE_X50Y193        FDSE                                         r  bd_smoke_i/ps8_0_axi_periph/s00_couplers/auto_pc/inst/gen_axilite.gen_b2s_conv.axilite_b2s/RD.r_channel_0/rd_data_fifo_0/cnt_read_reg[0]/C
  -------------------------------------------------------------------    -------------------
    SLICE_X50Y193        FDSE (Prop_EFF_SLICEM_C_Q)
                                                      0.076     1.317 f  bd_smoke_i/ps8_0_axi_periph/s00_couplers/auto_pc/inst/gen_axilite.gen_b2s_conv.axilite_b2s/RD.r_channel_0/rd_data_fifo_0/cnt_read_reg[0]/Q
                         net (fo=25, routed)          0.466     1.783    bd_smoke_i/ps8_0_axi_periph/s00_couplers/auto_pc/inst/gen_axilite.gen_b2s_conv.axilite_b2s/RD.r_channel_0/rd_data_fifo_0/cnt_read_reg[0]
    SLICE_X51Y191        LUT5 (Prop_D5LUT_SLICEL_I2_O)
                                                      0.096     1.879 f  bd_smoke_i/ps8_0_axi_periph/s00_couplers/auto_pc/inst/gen_axilite.gen_b2s_conv.axilite_b2s/RD.r_channel_0/rd_data_fifo_0/m_valid_i_i_3/O
                         net (fo=1, routed)           0.218     2.097    bd_smoke_i/ps8_0_axi_periph/s00_couplers/auto_pc/inst/gen_axilite.gen_b2s_conv.axilite_b2s/RD.r_channel_0/transaction_fifo_0/m_valid_i_reg
    SLICE_X51Y191        LUT6 (Prop_H6LUT_SLICEL_I5_O)
                                                      0.150     2.247 r  bd_smoke_i/ps8_0_axi_periph/s00_couplers/auto_pc/inst/gen_axilite.gen_b2s_conv.axilite_b2s/RD.r_channel_0/transaction_fifo_0/m_valid_i_i_2/O
                         net (fo=3, routed)           0.208     2.455    bd_smoke_i/ps8_0_axi_periph/s00_couplers/auto_pc/inst/gen_axilite.gen_b2s_conv.axilite_b2s/SI_REG/r.r_pipe/m_valid_i_reg_2
    SLICE_X51Y199        LUT2 (Prop_B6LUT_SLICEL_I1_O)
                                                      0.090     2.545 r  bd_smoke_i/ps8_0_axi_periph/s00_couplers/auto_pc/inst/gen_axilite.gen_b2s_conv.axilite_b2s/SI_REG/r.r_pipe/cnt_read[4]_i_3__0/O
                         net (fo=7, routed)           0.212     2.757    bd_smoke_i/ps8_0_axi_periph/s00_couplers/auto_pc/inst/gen_axilite.gen_b2s_conv.axilite_b2s/RD.r_channel_0/rd_data_fifo_0/cnt_read_reg[4]_0
    SLICE_X50Y193        LUT2 (Prop_B5LUT_SLICEM_I1_O)
                                                      0.103     2.860 r  bd_smoke_i/ps8_0_axi_periph/s00_couplers/auto_pc/inst/gen_axilite.gen_b2s_conv.axilite_b2s/RD.r_channel_0/rd_data_fifo_0/cnt_read[4]_i_1/O
                         net (fo=5, routed)           0.250     3.111    bd_smoke_i/ps8_0_axi_periph/s00_couplers/auto_pc/inst/gen_axilite.gen_b2s_conv.axilite_b2s/RD.r_channel_0/rd_data_fifo_0/cnt_read[4]_i_1_n_0
    SLICE_X50Y191        FDSE                                         r  bd_smoke_i/ps8_0_axi_periph/s00_couplers/auto_pc/inst/gen_axilite.gen_b2s_conv.axilite_b2s/RD.r_channel_0/rd_data_fifo_0/cnt_read_reg[2]/CE
  -------------------------------------------------------------------    -------------------

                         (clock clk_pl_0 rise edge)
                                                      5.625     5.625 r  
    PS8_X0Y0             PS8                          0.000     5.625 r  bd_smoke_i/zynq_ultra_ps_e_0/U0/PS8_i/PLCLK[0]
                         net (fo=1, routed)           0.143     5.768    bd_smoke_i/zynq_ultra_ps_e_0/U0/pl_clk_unbuffered[0]
    BUFG_PS_X0Y80        BUFG_PS (Prop_BUFG_PS_I_O)
                                                      0.025     5.793 r  bd_smoke_i/zynq_ultra_ps_e_0/U0/buffer_pl_clk_0.PL_CLK_0_BUFG/O
    X1Y3 (CLOCK_ROOT)    net (fo=610, routed)         0.872     6.665    bd_smoke_i/ps8_0_axi_periph/s00_couplers/auto_pc/inst/gen_axilite.gen_b2s_conv.axilite_b2s/RD.r_channel_0/rd_data_fifo_0/aclk
    SLICE_X50Y191        FDSE                                         r  bd_smoke_i/ps8_0_axi_periph/s00_couplers/auto_pc/inst/gen_axilite.gen_b2s_conv.axilite_b2s/RD.r_channel_0/rd_data_fifo_0/cnt_read_reg[2]/C
                         clock pessimism              0.144     6.809    
                         clock uncertainty           -0.131     6.677    
    SLICE_X50Y191        FDSE (Setup_DFF_SLICEM_C_CE)
                                                     -0.061     6.616    bd_smoke_i/ps8_0_axi_periph/s00_couplers/auto_pc/inst/gen_axilite.gen_b2s_conv.axilite_b2s/RD.r_channel_0/rd_data_fifo_0/cnt_read_reg[2]
  -------------------------------------------------------------------
                         required time                          6.616    
                         arrival time                          -3.111    
  -------------------------------------------------------------------
                         slack                                  3.506    





Min Delay Paths
--------------------------------------------------------------------------------------
Slack (MET) :             0.020ns  (arrival time - required time)
  Source:                 bd_smoke_i/ps8_0_axi_periph/s00_couplers/auto_pc/inst/gen_axilite.gen_b2s_conv.axilite_b2s/RD.ar_channel_0/s_arid_r_reg[3]/C
                            (rising edge-triggered cell FDRE clocked by clk_pl_0  {rise@0.000ns fall@2.812ns period=5.625ns})
  Destination:            bd_smoke_i/ps8_0_axi_periph/s00_couplers/auto_pc/inst/gen_axilite.gen_b2s_conv.axilite_b2s/RD.r_channel_0/r_arid_r_reg[3]/D
                            (rising edge-triggered cell FDRE clocked by clk_pl_0  {rise@0.000ns fall@2.812ns period=5.625ns})
  Path Group:             clk_pl_0
  Path Type:              Hold (Min at Fast Process Corner)
  Requirement:            0.000ns  (clk_pl_0 rise@0.000ns - clk_pl_0 rise@0.000ns)
  Data Path Delay:        0.073ns  (logic 0.039ns (53.425%)  route 0.034ns (46.575%))
  Logic Levels:           0  
  Clock Path Skew:        0.006ns (DCD - SCD - CPR)
    Destination Clock Delay (DCD):    0.821ns
    Source Clock Delay      (SCD):    0.702ns
    Clock Pessimism Removal (CPR):    0.113ns
  Clock Net Delay (Source):      0.563ns (routing 0.105ns, distribution 0.458ns)
  Clock Net Delay (Destination): 0.649ns (routing 0.119ns, distribution 0.530ns)

    Location             Delay type                Incr(ns)  Path(ns)    Netlist Resource(s)
  -------------------------------------------------------------------    -------------------
                         (clock clk_pl_0 rise edge)
                                                      0.000     0.000 r  
    PS8_X0Y0             PS8                          0.000     0.000 r  bd_smoke_i/zynq_ultra_ps_e_0/U0/PS8_i/PLCLK[0]
                         net (fo=1, routed)           0.122     0.122    bd_smoke_i/zynq_ultra_ps_e_0/U0/pl_clk_unbuffered[0]
    BUFG_PS_X0Y80        BUFG_PS (Prop_BUFG_PS_I_O)
                                                      0.017     0.139 r  bd_smoke_i/zynq_ultra_ps_e_0/U0/buffer_pl_clk_0.PL_CLK_0_BUFG/O
    X1Y3 (CLOCK_ROOT)    net (fo=610, routed)         0.563     0.702    bd_smoke_i/ps8_0_axi_periph/s00_couplers/auto_pc/inst/gen_axilite.gen_b2s_conv.axilite_b2s/RD.ar_channel_0/aclk
    SLICE_X51Y184        FDRE                                         r  bd_smoke_i/ps8_0_axi_periph/s00_couplers/auto_pc/inst/gen_axilite.gen_b2s_conv.axilite_b2s/RD.ar_channel_0/s_arid_r_reg[3]/C
  -------------------------------------------------------------------    -------------------
    SLICE_X51Y184        FDRE (Prop_EFF_SLICEL_C_Q)
                                                      0.039     0.741 r  bd_smoke_i/ps8_0_axi_periph/s00_couplers/auto_pc/inst/gen_axilite.gen_b2s_conv.axilite_b2s/RD.ar_channel_0/s_arid_r_reg[3]/Q
                         net (fo=1, routed)           0.034     0.775    bd_smoke_i/ps8_0_axi_periph/s00_couplers/auto_pc/inst/gen_axilite.gen_b2s_conv.axilite_b2s/RD.r_channel_0/D[3]
    SLICE_X51Y184        FDRE                                         r  bd_smoke_i/ps8_0_axi_periph/s00_couplers/auto_pc/inst/gen_axilite.gen_b2s_conv.axilite_b2s/RD.r_channel_0/r_arid_r_reg[3]/D
  -------------------------------------------------------------------    -------------------

                         (clock clk_pl_0 rise edge)
                                                      0.000     0.000 r  
    PS8_X0Y0             PS8                          0.000     0.000 r  bd_smoke_i/zynq_ultra_ps_e_0/U0/PS8_i/PLCLK[0]
                         net (fo=1, routed)           0.154     0.154    bd_smoke_i/zynq_ultra_ps_e_0/U0/pl_clk_unbuffered[0]
    BUFG_PS_X0Y80        BUFG_PS (Prop_BUFG_PS_I_O)
                                                      0.018     0.172 r  bd_smoke_i/zynq_ultra_ps_e_0/U0/buffer_pl_clk_0.PL_CLK_0_BUFG/O
    X1Y3 (CLOCK_ROOT)    net (fo=610, routed)         0.649     0.821    bd_smoke_i/ps8_0_axi_periph/s00_couplers/auto_pc/inst/gen_axilite.gen_b2s_conv.axilite_b2s/RD.r_channel_0/aclk
    SLICE_X51Y184        FDRE                                         r  bd_smoke_i/ps8_0_axi_periph/s00_couplers/auto_pc/inst/gen_axilite.gen_b2s_conv.axilite_b2s/RD.r_channel_0/r_arid_r_reg[3]/C
                         clock pessimism             -0.113     0.708    
    SLICE_X51Y184        FDRE (Hold_GFF2_SLICEL_C_D)
                                                      0.047     0.755    bd_smoke_i/ps8_0_axi_periph/s00_couplers/auto_pc/inst/gen_axilite.gen_b2s_conv.axilite_b2s/RD.r_channel_0/r_arid_r_reg[3]
  -------------------------------------------------------------------
                         required time                         -0.755    
                         arrival time                           0.775    
  -------------------------------------------------------------------
                         slack                                  0.020    

Slack (MET) :             0.027ns  (arrival time - required time)
  Source:                 bd_smoke_i/ps8_0_axi_periph/s00_couplers/auto_pc/inst/gen_axilite.gen_b2s_conv.axilite_b2s/RD.ar_channel_0/cmd_translator_0/incr_cmd_0/axaddr_incr_reg[0]/C
                            (rising edge-triggered cell FDRE clocked by clk_pl_0  {rise@0.000ns fall@2.812ns period=5.625ns})
  Destination:            bd_smoke_i/ps8_0_axi_periph/s00_couplers/auto_pc/inst/gen_axilite.gen_b2s_conv.axilite_b2s/RD.ar_channel_0/cmd_translator_0/incr_cmd_0/axaddr_incr_reg[1]/D
                            (rising edge-triggered cell FDRE clocked by clk_pl_0  {rise@0.000ns fall@2.812ns period=5.625ns})
  Path Group:             clk_pl_0
  Path Type:              Hold (Min at Slow Process Corner)
  Requirement:            0.000ns  (clk_pl_0 rise@0.000ns - clk_pl_0 rise@0.000ns)
  Data Path Delay:        0.185ns  (logic 0.081ns (43.739%)  route 0.104ns (56.261%))
  Logic Levels:           1  (LUT6=1)
  Clock Path Skew:        0.098ns (DCD - SCD - CPR)
    Destination Clock Delay (DCD):    1.218ns
    Source Clock Delay      (SCD):    1.024ns
    Clock Pessimism Removal (CPR):    0.097ns
  Clock Net Delay (Source):      0.856ns (routing 0.172ns, distribution 0.684ns)
  Clock Net Delay (Destination): 1.010ns (routing 0.193ns, distribution 0.817ns)

    Location             Delay type                Incr(ns)  Path(ns)    Netlist Resource(s)
  -------------------------------------------------------------------    -------------------
                         (clock clk_pl_0 rise edge)
                                                      0.000     0.000 r  
    PS8_X0Y0             PS8                          0.000     0.000 r  bd_smoke_i/zynq_ultra_ps_e_0/U0/PS8_i/PLCLK[0]
                         net (fo=1, routed)           0.143     0.143    bd_smoke_i/zynq_ultra_ps_e_0/U0/pl_clk_unbuffered[0]
    BUFG_PS_X0Y80        BUFG_PS (Prop_BUFG_PS_I_O)
                                                      0.025     0.168 r  bd_smoke_i/zynq_ultra_ps_e_0/U0/buffer_pl_clk_0.PL_CLK_0_BUFG/O
    X1Y3 (CLOCK_ROOT)    net (fo=610, routed)         0.856     1.024    bd_smoke_i/ps8_0_axi_periph/s00_couplers/auto_pc/inst/gen_axilite.gen_b2s_conv.axilite_b2s/RD.ar_channel_0/cmd_translator_0/incr_cmd_0/aclk
    SLICE_X52Y194        FDRE                                         r  bd_smoke_i/ps8_0_axi_periph/s00_couplers/auto_pc/inst/gen_axilite.gen_b2s_conv.axilite_b2s/RD.ar_channel_0/cmd_translator_0/incr_cmd_0/axaddr_incr_reg[0]/C
  -------------------------------------------------------------------    -------------------
    SLICE_X52Y194        FDRE (Prop_CFF_SLICEL_C_Q)
                                                      0.058     1.082 r  bd_smoke_i/ps8_0_axi_periph/s00_couplers/auto_pc/inst/gen_axilite.gen_b2s_conv.axilite_b2s/RD.ar_channel_0/cmd_translator_0/incr_cmd_0/axaddr_incr_reg[0]/Q
                         net (fo=6, routed)           0.074     1.156    bd_smoke_i/ps8_0_axi_periph/s00_couplers/auto_pc/inst/gen_axilite.gen_b2s_conv.axilite_b2s/SI_REG/ar.ar_pipe/axaddr_incr_reg[7][0]
    SLICE_X53Y193        LUT6 (Prop_H6LUT_SLICEM_I4_O)
                                                      0.023     1.179 r  bd_smoke_i/ps8_0_axi_periph/s00_couplers/auto_pc/inst/gen_axilite.gen_b2s_conv.axilite_b2s/SI_REG/ar.ar_pipe/axaddr_incr[1]_i_1__0/O
                         net (fo=1, routed)           0.030     1.209    bd_smoke_i/ps8_0_axi_periph/s00_couplers/auto_pc/inst/gen_axilite.gen_b2s_conv.axilite_b2s/RD.ar_channel_0/cmd_translator_0/incr_cmd_0/axaddr_incr_reg[11]_1[0]
    SLICE_X53Y193        FDRE                                         r  bd_smoke_i/ps8_0_axi_periph/s00_couplers/auto_pc/inst/gen_axilite.gen_b2s_conv.axilite_b2s/RD.ar_channel_0/cmd_translator_0/incr_cmd_0/axaddr_incr_reg[1]/D
  -------------------------------------------------------------------    -------------------

                         (clock clk_pl_0 rise edge)
                                                      0.000     0.000 r  
    PS8_X0Y0             PS8                          0.000     0.000 r  bd_smoke_i/zynq_ultra_ps_e_0/U0/PS8_i/PLCLK[0]
                         net (fo=1, routed)           0.180     0.180    bd_smoke_i/zynq_ultra_ps_e_0/U0/pl_clk_unbuffered[0]
    BUFG_PS_X0Y80        BUFG_PS (Prop_BUFG_PS_I_O)
                                                      0.028     0.208 r  bd_smoke_i/zynq_ultra_ps_e_0/U0/buffer_pl_clk_0.PL_CLK_0_BUFG/O
    X1Y3 (CLOCK_ROOT)    net (fo=610, routed)         1.010     1.218    bd_smoke_i/ps8_0_axi_periph/s00_couplers/auto_pc/inst/gen_axilite.gen_b2s_conv.axilite_b2s/RD.ar_channel_0/cmd_translator_0/incr_cmd_0/aclk
    SLICE_X53Y193        FDRE                                         r  bd_smoke_i/ps8_0_axi_periph/s00_couplers/auto_pc/inst/gen_axilite.gen_b2s_conv.axilite_b2s/RD.ar_channel_0/cmd_translator_0/incr_cmd_0/axaddr_incr_reg[1]/C
                         clock pessimism             -0.097     1.122    
    SLICE_X53Y193        FDRE (Hold_HFF_SLICEM_C_D)
                                                      0.060     1.182    bd_smoke_i/ps8_0_axi_periph/s00_couplers/auto_pc/inst/gen_axilite.gen_b2s_conv.axilite_b2s/RD.ar_channel_0/cmd_translator_0/incr_cmd_0/axaddr_incr_reg[1]
  -------------------------------------------------------------------
                         required time                         -1.182    
                         arrival time                           1.209    
  -------------------------------------------------------------------
                         slack                                  0.027    

Slack (MET) :             0.030ns  (arrival time - required time)
  Source:                 bd_smoke_i/ps8_0_axi_periph/s00_couplers/auto_pc/inst/gen_axilite.gen_b2s_conv.axilite_b2s/RD.ar_channel_0/s_arid_r_reg[9]/C
                            (rising edge-triggered cell FDRE clocked by clk_pl_0  {rise@0.000ns fall@2.812ns period=5.625ns})
  Destination:            bd_smoke_i/ps8_0_axi_periph/s00_couplers/auto_pc/inst/gen_axilite.gen_b2s_conv.axilite_b2s/RD.r_channel_0/r_arid_r_reg[9]/D
                            (rising edge-triggered cell FDRE clocked by clk_pl_0  {rise@0.000ns fall@2.812ns period=5.625ns})
  Path Group:             clk_pl_0
  Path Type:              Hold (Min at Fast Process Corner)
  Requirement:            0.000ns  (clk_pl_0 rise@0.000ns - clk_pl_0 rise@0.000ns)
  Data Path Delay:        0.082ns  (logic 0.039ns (47.561%)  route 0.043ns (52.439%))
  Logic Levels:           0  
  Clock Path Skew:        0.006ns (DCD - SCD - CPR)
    Destination Clock Delay (DCD):    0.825ns
    Source Clock Delay      (SCD):    0.706ns
    Clock Pessimism Removal (CPR):    0.113ns
  Clock Net Delay (Source):      0.567ns (routing 0.105ns, distribution 0.462ns)
  Clock Net Delay (Destination): 0.653ns (routing 0.119ns, distribution 0.534ns)

    Location             Delay type                Incr(ns)  Path(ns)    Netlist Resource(s)
  -------------------------------------------------------------------    -------------------
                         (clock clk_pl_0 rise edge)
                                                      0.000     0.000 r  
    PS8_X0Y0             PS8                          0.000     0.000 r  bd_smoke_i/zynq_ultra_ps_e_0/U0/PS8_i/PLCLK[0]
                         net (fo=1, routed)           0.122     0.122    bd_smoke_i/zynq_ultra_ps_e_0/U0/pl_clk_unbuffered[0]
    BUFG_PS_X0Y80        BUFG_PS (Prop_BUFG_PS_I_O)
                                                      0.017     0.139 r  bd_smoke_i/zynq_ultra_ps_e_0/U0/buffer_pl_clk_0.PL_CLK_0_BUFG/O
    X1Y3 (CLOCK_ROOT)    net (fo=610, routed)         0.567     0.706    bd_smoke_i/ps8_0_axi_periph/s00_couplers/auto_pc/inst/gen_axilite.gen_b2s_conv.axilite_b2s/RD.ar_channel_0/aclk
    SLICE_X51Y186        FDRE                                         r  bd_smoke_i/ps8_0_axi_periph/s00_couplers/auto_pc/inst/gen_axilite.gen_b2s_conv.axilite_b2s/RD.ar_channel_0/s_arid_r_reg[9]/C
  -------------------------------------------------------------------    -------------------
    SLICE_X51Y186        FDRE (Prop_GFF_SLICEL_C_Q)
                                                      0.039     0.745 r  bd_smoke_i/ps8_0_axi_periph/s00_couplers/auto_pc/inst/gen_axilite.gen_b2s_conv.axilite_b2s/RD.ar_channel_0/s_arid_r_reg[9]/Q
                         net (fo=1, routed)           0.043     0.788    bd_smoke_i/ps8_0_axi_periph/s00_couplers/auto_pc/inst/gen_axilite.gen_b2s_conv.axilite_b2s/RD.r_channel_0/D[9]
    SLICE_X51Y186        FDRE                                         r  bd_smoke_i/ps8_0_axi_periph/s00_couplers/auto_pc/inst/gen_axilite.gen_b2s_conv.axilite_b2s/RD.r_channel_0/r_arid_r_reg[9]/D
  -------------------------------------------------------------------    -------------------

                         (clock clk_pl_0 rise edge)
                                                      0.000     0.000 r  
    PS8_X0Y0             PS8                          0.000     0.000 r  bd_smoke_i/zynq_ultra_ps_e_0/U0/PS8_i/PLCLK[0]
                         net (fo=1, routed)           0.154     0.154    bd_smoke_i/zynq_ultra_ps_e_0/U0/pl_clk_unbuffered[0]
    BUFG_PS_X0Y80        BUFG_PS (Prop_BUFG_PS_I_O)
                                                      0.018     0.172 r  bd_smoke_i/zynq_ultra_ps_e_0/U0/buffer_pl_clk_0.PL_CLK_0_BUFG/O
    X1Y3 (CLOCK_ROOT)    net (fo=610, routed)         0.653     0.825    bd_smoke_i/ps8_0_axi_periph/s00_couplers/auto_pc/inst/gen_axilite.gen_b2s_conv.axilite_b2s/RD.r_channel_0/aclk
    SLICE_X51Y186        FDRE                                         r  bd_smoke_i/ps8_0_axi_periph/s00_couplers/auto_pc/inst/gen_axilite.gen_b2s_conv.axilite_b2s/RD.r_channel_0/r_arid_r_reg[9]/C
                         clock pessimism             -0.113     0.712    
    SLICE_X51Y186        FDRE (Hold_EFF_SLICEL_C_D)
                                                      0.046     0.758    bd_smoke_i/ps8_0_axi_periph/s00_couplers/auto_pc/inst/gen_axilite.gen_b2s_conv.axilite_b2s/RD.r_channel_0/r_arid_r_reg[9]
  -------------------------------------------------------------------
                         required time                         -0.758    
                         arrival time                           0.788    
  -------------------------------------------------------------------
                         slack                                  0.030    

Slack (MET) :             0.032ns  (arrival time - required time)
  Source:                 bd_smoke_i/ps8_0_axi_periph/s00_couplers/auto_pc/inst/gen_axilite.gen_b2s_conv.axilite_b2s/SI_REG/ar.ar_pipe/skid_buffer_reg[62]/C
                            (rising edge-triggered cell FDRE clocked by clk_pl_0  {rise@0.000ns fall@2.812ns period=5.625ns})
  Destination:            bd_smoke_i/ps8_0_axi_periph/s00_couplers/auto_pc/inst/gen_axilite.gen_b2s_conv.axilite_b2s/SI_REG/ar.ar_pipe/m_payload_i_reg[62]/D
                            (rising edge-triggered cell FDRE clocked by clk_pl_0  {rise@0.000ns fall@2.812ns period=5.625ns})
  Path Group:             clk_pl_0
  Path Type:              Hold (Min at Fast Process Corner)
  Requirement:            0.000ns  (clk_pl_0 rise@0.000ns - clk_pl_0 rise@0.000ns)
  Data Path Delay:        0.088ns  (logic 0.059ns (67.045%)  route 0.029ns (32.955%))
  Logic Levels:           1  (LUT3=1)
  Clock Path Skew:        0.009ns (DCD - SCD - CPR)
    Destination Clock Delay (DCD):    0.816ns
    Source Clock Delay      (SCD):    0.702ns
    Clock Pessimism Removal (CPR):    0.105ns
  Clock Net Delay (Source):      0.563ns (routing 0.105ns, distribution 0.458ns)
  Clock Net Delay (Destination): 0.644ns (routing 0.119ns, distribution 0.525ns)

    Location             Delay type                Incr(ns)  Path(ns)    Netlist Resource(s)
  -------------------------------------------------------------------    -------------------
                         (clock clk_pl_0 rise edge)
                                                      0.000     0.000 r  
    PS8_X0Y0             PS8                          0.000     0.000 r  bd_smoke_i/zynq_ultra_ps_e_0/U0/PS8_i/PLCLK[0]
                         net (fo=1, routed)           0.122     0.122    bd_smoke_i/zynq_ultra_ps_e_0/U0/pl_clk_unbuffered[0]
    BUFG_PS_X0Y80        BUFG_PS (Prop_BUFG_PS_I_O)
                                                      0.017     0.139 r  bd_smoke_i/zynq_ultra_ps_e_0/U0/buffer_pl_clk_0.PL_CLK_0_BUFG/O
    X1Y3 (CLOCK_ROOT)    net (fo=610, routed)         0.563     0.702    bd_smoke_i/ps8_0_axi_periph/s00_couplers/auto_pc/inst/gen_axilite.gen_b2s_conv.axilite_b2s/SI_REG/ar.ar_pipe/aclk
    SLICE_X51Y185        FDRE                                         r  bd_smoke_i/ps8_0_axi_periph/s00_couplers/auto_pc/inst/gen_axilite.gen_b2s_conv.axilite_b2s/SI_REG/ar.ar_pipe/skid_buffer_reg[62]/C
  -------------------------------------------------------------------    -------------------
    SLICE_X51Y185        FDRE (Prop_GFF_SLICEL_C_Q)
                                                      0.039     0.741 r  bd_smoke_i/ps8_0_axi_periph/s00_couplers/auto_pc/inst/gen_axilite.gen_b2s_conv.axilite_b2s/SI_REG/ar.ar_pipe/skid_buffer_reg[62]/Q
                         net (fo=1, routed)           0.023     0.764    bd_smoke_i/ps8_0_axi_periph/s00_couplers/auto_pc/inst/gen_axilite.gen_b2s_conv.axilite_b2s/SI_REG/ar.ar_pipe/skid_buffer_reg_n_0_[62]
    SLICE_X51Y185        LUT3 (Prop_D5LUT_SLICEL_I2_O)
                                                      0.020     0.784 r  bd_smoke_i/ps8_0_axi_periph/s00_couplers/auto_pc/inst/gen_axilite.gen_b2s_conv.axilite_b2s/SI_REG/ar.ar_pipe/m_payload_i[62]_i_1__0/O
                         net (fo=1, routed)           0.006     0.790    bd_smoke_i/ps8_0_axi_periph/s00_couplers/auto_pc/inst/gen_axilite.gen_b2s_conv.axilite_b2s/SI_REG/ar.ar_pipe/m_payload_i[62]_i_1__0_n_0
    SLICE_X51Y185        FDRE                                         r  bd_smoke_i/ps8_0_axi_periph/s00_couplers/auto_pc/inst/gen_axilite.gen_b2s_conv.axilite_b2s/SI_REG/ar.ar_pipe/m_payload_i_reg[62]/D
  -------------------------------------------------------------------    -------------------

                         (clock clk_pl_0 rise edge)
                                                      0.000     0.000 r  
    PS8_X0Y0             PS8                          0.000     0.000 r  bd_smoke_i/zynq_ultra_ps_e_0/U0/PS8_i/PLCLK[0]
                         net (fo=1, routed)           0.154     0.154    bd_smoke_i/zynq_ultra_ps_e_0/U0/pl_clk_unbuffered[0]
    BUFG_PS_X0Y80        BUFG_PS (Prop_BUFG_PS_I_O)
                                                      0.018     0.172 r  bd_smoke_i/zynq_ultra_ps_e_0/U0/buffer_pl_clk_0.PL_CLK_0_BUFG/O
    X1Y3 (CLOCK_ROOT)    net (fo=610, routed)         0.644     0.816    bd_smoke_i/ps8_0_axi_periph/s00_couplers/auto_pc/inst/gen_axilite.gen_b2s_conv.axilite_b2s/SI_REG/ar.ar_pipe/aclk
    SLICE_X51Y185        FDRE                                         r  bd_smoke_i/ps8_0_axi_periph/s00_couplers/auto_pc/inst/gen_axilite.gen_b2s_conv.axilite_b2s/SI_REG/ar.ar_pipe/m_payload_i_reg[62]/C
                         clock pessimism             -0.105     0.711    
    SLICE_X51Y185        FDRE (Hold_DFF2_SLICEL_C_D)
                                                      0.047     0.758    bd_smoke_i/ps8_0_axi_periph/s00_couplers/auto_pc/inst/gen_axilite.gen_b2s_conv.axilite_b2s/SI_REG/ar.ar_pipe/m_payload_i_reg[62]
  -------------------------------------------------------------------
                         required time                         -0.758    
                         arrival time                           0.790    
  -------------------------------------------------------------------
                         slack                                  0.032    

Slack (MET) :             0.032ns  (arrival time - required time)
  Source:                 bd_smoke_i/ps8_0_axi_periph/s00_couplers/auto_pc/inst/gen_axilite.gen_b2s_conv.axilite_b2s/SI_REG/ar.ar_pipe/skid_buffer_reg[53]/C
                            (rising edge-triggered cell FDRE clocked by clk_pl_0  {rise@0.000ns fall@2.812ns period=5.625ns})
  Destination:            bd_smoke_i/ps8_0_axi_periph/s00_couplers/auto_pc/inst/gen_axilite.gen_b2s_conv.axilite_b2s/SI_REG/ar.ar_pipe/m_payload_i_reg[53]/D
                            (rising edge-triggered cell FDRE clocked by clk_pl_0  {rise@0.000ns fall@2.812ns period=5.625ns})
  Path Group:             clk_pl_0
  Path Type:              Hold (Min at Fast Process Corner)
  Requirement:            0.000ns  (clk_pl_0 rise@0.000ns - clk_pl_0 rise@0.000ns)
  Data Path Delay:        0.088ns  (logic 0.059ns (67.045%)  route 0.029ns (32.955%))
  Logic Levels:           1  (LUT3=1)
  Clock Path Skew:        0.009ns (DCD - SCD - CPR)
    Destination Clock Delay (DCD):    0.811ns
    Source Clock Delay      (SCD):    0.698ns
    Clock Pessimism Removal (CPR):    0.105ns
  Clock Net Delay (Source):      0.559ns (routing 0.105ns, distribution 0.454ns)
  Clock Net Delay (Destination): 0.639ns (routing 0.119ns, distribution 0.520ns)

    Location             Delay type                Incr(ns)  Path(ns)    Netlist Resource(s)
  -------------------------------------------------------------------    -------------------
                         (clock clk_pl_0 rise edge)
                                                      0.000     0.000 r  
    PS8_X0Y0             PS8                          0.000     0.000 r  bd_smoke_i/zynq_ultra_ps_e_0/U0/PS8_i/PLCLK[0]
                         net (fo=1, routed)           0.122     0.122    bd_smoke_i/zynq_ultra_ps_e_0/U0/pl_clk_unbuffered[0]
    BUFG_PS_X0Y80        BUFG_PS (Prop_BUFG_PS_I_O)
                                                      0.017     0.139 r  bd_smoke_i/zynq_ultra_ps_e_0/U0/buffer_pl_clk_0.PL_CLK_0_BUFG/O
    X1Y3 (CLOCK_ROOT)    net (fo=610, routed)         0.559     0.698    bd_smoke_i/ps8_0_axi_periph/s00_couplers/auto_pc/inst/gen_axilite.gen_b2s_conv.axilite_b2s/SI_REG/ar.ar_pipe/aclk
    SLICE_X52Y185        FDRE                                         r  bd_smoke_i/ps8_0_axi_periph/s00_couplers/auto_pc/inst/gen_axilite.gen_b2s_conv.axilite_b2s/SI_REG/ar.ar_pipe/skid_buffer_reg[53]/C
  -------------------------------------------------------------------    -------------------
    SLICE_X52Y185        FDRE (Prop_GFF_SLICEL_C_Q)
                                                      0.039     0.737 r  bd_smoke_i/ps8_0_axi_periph/s00_couplers/auto_pc/inst/gen_axilite.gen_b2s_conv.axilite_b2s/SI_REG/ar.ar_pipe/skid_buffer_reg[53]/Q
                         net (fo=1, routed)           0.023     0.760    bd_smoke_i/ps8_0_axi_periph/s00_couplers/auto_pc/inst/gen_axilite.gen_b2s_conv.axilite_b2s/SI_REG/ar.ar_pipe/skid_buffer_reg_n_0_[53]
    SLICE_X52Y185        LUT3 (Prop_D5LUT_SLICEL_I2_O)
                                                      0.020     0.780 r  bd_smoke_i/ps8_0_axi_periph/s00_couplers/auto_pc/inst/gen_axilite.gen_b2s_conv.axilite_b2s/SI_REG/ar.ar_pipe/m_payload_i[53]_i_1__0/O
                         net (fo=1, routed)           0.006     0.786    bd_smoke_i/ps8_0_axi_periph/s00_couplers/auto_pc/inst/gen_axilite.gen_b2s_conv.axilite_b2s/SI_REG/ar.ar_pipe/m_payload_i[53]_i_1__0_n_0
    SLICE_X52Y185        FDRE                                         r  bd_smoke_i/ps8_0_axi_periph/s00_couplers/auto_pc/inst/gen_axilite.gen_b2s_conv.axilite_b2s/SI_REG/ar.ar_pipe/m_payload_i_reg[53]/D
  -------------------------------------------------------------------    -------------------

                         (clock clk_pl_0 rise edge)
                                                      0.000     0.000 r  
    PS8_X0Y0             PS8                          0.000     0.000 r  bd_smoke_i/zynq_ultra_ps_e_0/U0/PS8_i/PLCLK[0]
                         net (fo=1, routed)           0.154     0.154    bd_smoke_i/zynq_ultra_ps_e_0/U0/pl_clk_unbuffered[0]
    BUFG_PS_X0Y80        BUFG_PS (Prop_BUFG_PS_I_O)
                                                      0.018     0.172 r  bd_smoke_i/zynq_ultra_ps_e_0/U0/buffer_pl_clk_0.PL_CLK_0_BUFG/O
    X1Y3 (CLOCK_ROOT)    net (fo=610, routed)         0.639     0.811    bd_smoke_i/ps8_0_axi_periph/s00_couplers/auto_pc/inst/gen_axilite.gen_b2s_conv.axilite_b2s/SI_REG/ar.ar_pipe/aclk
    SLICE_X52Y185        FDRE                                         r  bd_smoke_i/ps8_0_axi_periph/s00_couplers/auto_pc/inst/gen_axilite.gen_b2s_conv.axilite_b2s/SI_REG/ar.ar_pipe/m_payload_i_reg[53]/C
                         clock pessimism             -0.105     0.706    
    SLICE_X52Y185        FDRE (Hold_DFF2_SLICEL_C_D)
                                                      0.047     0.753    bd_smoke_i/ps8_0_axi_periph/s00_couplers/auto_pc/inst/gen_axilite.gen_b2s_conv.axilite_b2s/SI_REG/ar.ar_pipe/m_payload_i_reg[53]
  -------------------------------------------------------------------
                         required time                         -0.753    
                         arrival time                           0.786    
  -------------------------------------------------------------------
                         slack                                  0.032    

Slack (MET) :             0.032ns  (arrival time - required time)
  Source:                 bd_smoke_i/ps8_0_axi_periph/s00_couplers/auto_pc/inst/gen_axilite.gen_b2s_conv.axilite_b2s/SI_REG/ar.ar_pipe/skid_buffer_reg[72]/C
                            (rising edge-triggered cell FDRE clocked by clk_pl_0  {rise@0.000ns fall@2.812ns period=5.625ns})
  Destination:            bd_smoke_i/ps8_0_axi_periph/s00_couplers/auto_pc/inst/gen_axilite.gen_b2s_conv.axilite_b2s/SI_REG/ar.ar_pipe/m_payload_i_reg[72]/D
                            (rising edge-triggered cell FDRE clocked by clk_pl_0  {rise@0.000ns fall@2.812ns period=5.625ns})
  Path Group:             clk_pl_0
  Path Type:              Hold (Min at Fast Process Corner)
  Requirement:            0.000ns  (clk_pl_0 rise@0.000ns - clk_pl_0 rise@0.000ns)
  Data Path Delay:        0.088ns  (logic 0.059ns (67.045%)  route 0.029ns (32.955%))
  Logic Levels:           1  (LUT3=1)
  Clock Path Skew:        0.009ns (DCD - SCD - CPR)
    Destination Clock Delay (DCD):    0.812ns
    Source Clock Delay      (SCD):    0.698ns
    Clock Pessimism Removal (CPR):    0.106ns
  Clock Net Delay (Source):      0.559ns (routing 0.105ns, distribution 0.454ns)
  Clock Net Delay (Destination): 0.640ns (routing 0.119ns, distribution 0.521ns)

    Location             Delay type                Incr(ns)  Path(ns)    Netlist Resource(s)
  -------------------------------------------------------------------    -------------------
                         (clock clk_pl_0 rise edge)
                                                      0.000     0.000 r  
    PS8_X0Y0             PS8                          0.000     0.000 r  bd_smoke_i/zynq_ultra_ps_e_0/U0/PS8_i/PLCLK[0]
                         net (fo=1, routed)           0.122     0.122    bd_smoke_i/zynq_ultra_ps_e_0/U0/pl_clk_unbuffered[0]
    BUFG_PS_X0Y80        BUFG_PS (Prop_BUFG_PS_I_O)
                                                      0.017     0.139 r  bd_smoke_i/zynq_ultra_ps_e_0/U0/buffer_pl_clk_0.PL_CLK_0_BUFG/O
    X1Y3 (CLOCK_ROOT)    net (fo=610, routed)         0.559     0.698    bd_smoke_i/ps8_0_axi_periph/s00_couplers/auto_pc/inst/gen_axilite.gen_b2s_conv.axilite_b2s/SI_REG/ar.ar_pipe/aclk
    SLICE_X52Y184        FDRE                                         r  bd_smoke_i/ps8_0_axi_periph/s00_couplers/auto_pc/inst/gen_axilite.gen_b2s_conv.axilite_b2s/SI_REG/ar.ar_pipe/skid_buffer_reg[72]/C
  -------------------------------------------------------------------    -------------------
    SLICE_X52Y184        FDRE (Prop_GFF_SLICEL_C_Q)
                                                      0.039     0.737 r  bd_smoke_i/ps8_0_axi_periph/s00_couplers/auto_pc/inst/gen_axilite.gen_b2s_conv.axilite_b2s/SI_REG/ar.ar_pipe/skid_buffer_reg[72]/Q
                         net (fo=1, routed)           0.023     0.760    bd_smoke_i/ps8_0_axi_periph/s00_couplers/auto_pc/inst/gen_axilite.gen_b2s_conv.axilite_b2s/SI_REG/ar.ar_pipe/skid_buffer_reg_n_0_[72]
    SLICE_X52Y184        LUT3 (Prop_D5LUT_SLICEL_I2_O)
                                                      0.020     0.780 r  bd_smoke_i/ps8_0_axi_periph/s00_couplers/auto_pc/inst/gen_axilite.gen_b2s_conv.axilite_b2s/SI_REG/ar.ar_pipe/m_payload_i[72]_i_1__0/O
                         net (fo=1, routed)           0.006     0.786    bd_smoke_i/ps8_0_axi_periph/s00_couplers/auto_pc/inst/gen_axilite.gen_b2s_conv.axilite_b2s/SI_REG/ar.ar_pipe/m_payload_i[72]_i_1__0_n_0
    SLICE_X52Y184        FDRE                                         r  bd_smoke_i/ps8_0_axi_periph/s00_couplers/auto_pc/inst/gen_axilite.gen_b2s_conv.axilite_b2s/SI_REG/ar.ar_pipe/m_payload_i_reg[72]/D
  -------------------------------------------------------------------    -------------------

                         (clock clk_pl_0 rise edge)
                                                      0.000     0.000 r  
    PS8_X0Y0             PS8                          0.000     0.000 r  bd_smoke_i/zynq_ultra_ps_e_0/U0/PS8_i/PLCLK[0]
                         net (fo=1, routed)           0.154     0.154    bd_smoke_i/zynq_ultra_ps_e_0/U0/pl_clk_unbuffered[0]
    BUFG_PS_X0Y80        BUFG_PS (Prop_BUFG_PS_I_O)
                                                      0.018     0.172 r  bd_smoke_i/zynq_ultra_ps_e_0/U0/buffer_pl_clk_0.PL_CLK_0_BUFG/O
    X1Y3 (CLOCK_ROOT)    net (fo=610, routed)         0.640     0.812    bd_smoke_i/ps8_0_axi_periph/s00_couplers/auto_pc/inst/gen_axilite.gen_b2s_conv.axilite_b2s/SI_REG/ar.ar_pipe/aclk
    SLICE_X52Y184        FDRE                                         r  bd_smoke_i/ps8_0_axi_periph/s00_couplers/auto_pc/inst/gen_axilite.gen_b2s_conv.axilite_b2s/SI_REG/ar.ar_pipe/m_payload_i_reg[72]/C
                         clock pessimism             -0.106     0.706    
    SLICE_X52Y184        FDRE (Hold_DFF2_SLICEL_C_D)
                                                      0.047     0.753    bd_smoke_i/ps8_0_axi_periph/s00_couplers/auto_pc/inst/gen_axilite.gen_b2s_conv.axilite_b2s/SI_REG/ar.ar_pipe/m_payload_i_reg[72]
  -------------------------------------------------------------------
                         required time                         -0.753    
                         arrival time                           0.786    
  -------------------------------------------------------------------
                         slack                                  0.032    

Slack (MET) :             0.033ns  (arrival time - required time)
  Source:                 bd_smoke_i/ps8_0_axi_periph/s00_couplers/auto_pc/inst/gen_axilite.gen_b2s_conv.axilite_b2s/SI_REG/ar.ar_pipe/m_payload_i_reg[67]/C
                            (rising edge-triggered cell FDRE clocked by clk_pl_0  {rise@0.000ns fall@2.812ns period=5.625ns})
  Destination:            bd_smoke_i/ps8_0_axi_periph/s00_couplers/auto_pc/inst/gen_axilite.gen_b2s_conv.axilite_b2s/RD.ar_channel_0/s_arid_r_reg[6]/D
                            (rising edge-triggered cell FDRE clocked by clk_pl_0  {rise@0.000ns fall@2.812ns period=5.625ns})
  Path Group:             clk_pl_0
  Path Type:              Hold (Min at Fast Process Corner)
  Requirement:            0.000ns  (clk_pl_0 rise@0.000ns - clk_pl_0 rise@0.000ns)
  Data Path Delay:        0.104ns  (logic 0.039ns (37.500%)  route 0.065ns (62.500%))
  Logic Levels:           0  
  Clock Path Skew:        0.024ns (DCD - SCD - CPR)
    Destination Clock Delay (DCD):    0.821ns
    Source Clock Delay      (SCD):    0.699ns
    Clock Pessimism Removal (CPR):    0.099ns
  Clock Net Delay (Source):      0.560ns (routing 0.105ns, distribution 0.455ns)
  Clock Net Delay (Destination): 0.649ns (routing 0.119ns, distribution 0.530ns)

    Location             Delay type                Incr(ns)  Path(ns)    Netlist Resource(s)
  -------------------------------------------------------------------    -------------------
                         (clock clk_pl_0 rise edge)
                                                      0.000     0.000 r  
    PS8_X0Y0             PS8                          0.000     0.000 r  bd_smoke_i/zynq_ultra_ps_e_0/U0/PS8_i/PLCLK[0]
                         net (fo=1, routed)           0.122     0.122    bd_smoke_i/zynq_ultra_ps_e_0/U0/pl_clk_unbuffered[0]
    BUFG_PS_X0Y80        BUFG_PS (Prop_BUFG_PS_I_O)
                                                      0.017     0.139 r  bd_smoke_i/zynq_ultra_ps_e_0/U0/buffer_pl_clk_0.PL_CLK_0_BUFG/O
    X1Y3 (CLOCK_ROOT)    net (fo=610, routed)         0.560     0.699    bd_smoke_i/ps8_0_axi_periph/s00_couplers/auto_pc/inst/gen_axilite.gen_b2s_conv.axilite_b2s/SI_REG/ar.ar_pipe/aclk
    SLICE_X51Y185        FDRE                                         r  bd_smoke_i/ps8_0_axi_periph/s00_couplers/auto_pc/inst/gen_axilite.gen_b2s_conv.axilite_b2s/SI_REG/ar.ar_pipe/m_payload_i_reg[67]/C
  -------------------------------------------------------------------    -------------------
    SLICE_X51Y185        FDRE (Prop_CFF_SLICEL_C_Q)
                                                      0.039     0.738 r  bd_smoke_i/ps8_0_axi_periph/s00_couplers/auto_pc/inst/gen_axilite.gen_b2s_conv.axilite_b2s/SI_REG/ar.ar_pipe/m_payload_i_reg[67]/Q
                         net (fo=1, routed)           0.065     0.803    bd_smoke_i/ps8_0_axi_periph/s00_couplers/auto_pc/inst/gen_axilite.gen_b2s_conv.axilite_b2s/RD.ar_channel_0/s_arid_r_reg[15]_1[30]
    SLICE_X51Y184        FDRE                                         r  bd_smoke_i/ps8_0_axi_periph/s00_couplers/auto_pc/inst/gen_axilite.gen_b2s_conv.axilite_b2s/RD.ar_channel_0/s_arid_r_reg[6]/D
  -------------------------------------------------------------------    -------------------

                         (clock clk_pl_0 rise edge)
                                                      0.000     0.000 r  
    PS8_X0Y0             PS8                          0.000     0.000 r  bd_smoke_i/zynq_ultra_ps_e_0/U0/PS8_i/PLCLK[0]
                         net (fo=1, routed)           0.154     0.154    bd_smoke_i/zynq_ultra_ps_e_0/U0/pl_clk_unbuffered[0]
    BUFG_PS_X0Y80        BUFG_PS (Prop_BUFG_PS_I_O)
                                                      0.018     0.172 r  bd_smoke_i/zynq_ultra_ps_e_0/U0/buffer_pl_clk_0.PL_CLK_0_BUFG/O
    X1Y3 (CLOCK_ROOT)    net (fo=610, routed)         0.649     0.821    bd_smoke_i/ps8_0_axi_periph/s00_couplers/auto_pc/inst/gen_axilite.gen_b2s_conv.axilite_b2s/RD.ar_channel_0/aclk
    SLICE_X51Y184        FDRE                                         r  bd_smoke_i/ps8_0_axi_periph/s00_couplers/auto_pc/inst/gen_axilite.gen_b2s_conv.axilite_b2s/RD.ar_channel_0/s_arid_r_reg[6]/C
                         clock pessimism             -0.099     0.723    
    SLICE_X51Y184        FDRE (Hold_FFF2_SLICEL_C_D)
                                                      0.047     0.770    bd_smoke_i/ps8_0_axi_periph/s00_couplers/auto_pc/inst/gen_axilite.gen_b2s_conv.axilite_b2s/RD.ar_channel_0/s_arid_r_reg[6]
  -------------------------------------------------------------------
                         required time                         -0.770    
                         arrival time                           0.803    
  -------------------------------------------------------------------
                         slack                                  0.033    

Slack (MET) :             0.034ns  (arrival time - required time)
  Source:                 bd_smoke_i/ps8_0_axi_periph/s00_couplers/auto_pc/inst/gen_axilite.gen_b2s_conv.axilite_b2s/RD.ar_channel_0/cmd_translator_0/wrap_cmd_0/wrap_boundary_axaddr_r_reg[5]/C
                            (rising edge-triggered cell FDRE clocked by clk_pl_0  {rise@0.000ns fall@2.812ns period=5.625ns})
  Destination:            bd_smoke_i/ps8_0_axi_periph/s00_couplers/auto_pc/inst/gen_axilite.gen_b2s_conv.axilite_b2s/RD.ar_channel_0/cmd_translator_0/wrap_cmd_0/axaddr_wrap_reg[5]/D
                            (rising edge-triggered cell FDRE clocked by clk_pl_0  {rise@0.000ns fall@2.812ns period=5.625ns})
  Path Group:             clk_pl_0
  Path Type:              Hold (Min at Fast Process Corner)
  Requirement:            0.000ns  (clk_pl_0 rise@0.000ns - clk_pl_0 rise@0.000ns)
  Data Path Delay:        0.125ns  (logic 0.053ns (42.400%)  route 0.072ns (57.600%))
  Logic Levels:           1  (LUT6=1)
  Clock Path Skew:        0.045ns (DCD - SCD - CPR)
    Destination Clock Delay (DCD):    0.814ns
    Source Clock Delay      (SCD):    0.700ns
    Clock Pessimism Removal (CPR):    0.070ns
  Clock Net Delay (Source):      0.561ns (routing 0.105ns, distribution 0.456ns)
  Clock Net Delay (Destination): 0.642ns (routing 0.119ns, distribution 0.523ns)

    Location             Delay type                Incr(ns)  Path(ns)    Netlist Resource(s)
  -------------------------------------------------------------------    -------------------
                         (clock clk_pl_0 rise edge)
                                                      0.000     0.000 r  
    PS8_X0Y0             PS8                          0.000     0.000 r  bd_smoke_i/zynq_ultra_ps_e_0/U0/PS8_i/PLCLK[0]
                         net (fo=1, routed)           0.122     0.122    bd_smoke_i/zynq_ultra_ps_e_0/U0/pl_clk_unbuffered[0]
    BUFG_PS_X0Y80        BUFG_PS (Prop_BUFG_PS_I_O)
                                                      0.017     0.139 r  bd_smoke_i/zynq_ultra_ps_e_0/U0/buffer_pl_clk_0.PL_CLK_0_BUFG/O
    X1Y3 (CLOCK_ROOT)    net (fo=610, routed)         0.561     0.700    bd_smoke_i/ps8_0_axi_periph/s00_couplers/auto_pc/inst/gen_axilite.gen_b2s_conv.axilite_b2s/RD.ar_channel_0/cmd_translator_0/wrap_cmd_0/aclk
    SLICE_X53Y192        FDRE                                         r  bd_smoke_i/ps8_0_axi_periph/s00_couplers/auto_pc/inst/gen_axilite.gen_b2s_conv.axilite_b2s/RD.ar_channel_0/cmd_translator_0/wrap_cmd_0/wrap_boundary_axaddr_r_reg[5]/C
  -------------------------------------------------------------------    -------------------
    SLICE_X53Y192        FDRE (Prop_EFF_SLICEM_C_Q)
                                                      0.038     0.738 r  bd_smoke_i/ps8_0_axi_periph/s00_couplers/auto_pc/inst/gen_axilite.gen_b2s_conv.axilite_b2s/RD.ar_channel_0/cmd_translator_0/wrap_cmd_0/wrap_boundary_axaddr_r_reg[5]/Q
                         net (fo=1, routed)           0.055     0.793    bd_smoke_i/ps8_0_axi_periph/s00_couplers/auto_pc/inst/gen_axilite.gen_b2s_conv.axilite_b2s/RD.ar_channel_0/cmd_translator_0/wrap_cmd_0/wrap_boundary_axaddr_r_reg_n_0_[5]
    SLICE_X52Y192        LUT6 (Prop_H6LUT_SLICEL_I0_O)
                                                      0.015     0.808 r  bd_smoke_i/ps8_0_axi_periph/s00_couplers/auto_pc/inst/gen_axilite.gen_b2s_conv.axilite_b2s/RD.ar_channel_0/cmd_translator_0/wrap_cmd_0/axaddr_wrap[5]_i_1__0/O
                         net (fo=1, routed)           0.017     0.825    bd_smoke_i/ps8_0_axi_periph/s00_couplers/auto_pc/inst/gen_axilite.gen_b2s_conv.axilite_b2s/RD.ar_channel_0/cmd_translator_0/wrap_cmd_0/axaddr_wrap[5]_i_1__0_n_0
    SLICE_X52Y192        FDRE                                         r  bd_smoke_i/ps8_0_axi_periph/s00_couplers/auto_pc/inst/gen_axilite.gen_b2s_conv.axilite_b2s/RD.ar_channel_0/cmd_translator_0/wrap_cmd_0/axaddr_wrap_reg[5]/D
  -------------------------------------------------------------------    -------------------

                         (clock clk_pl_0 rise edge)
                                                      0.000     0.000 r  
    PS8_X0Y0             PS8                          0.000     0.000 r  bd_smoke_i/zynq_ultra_ps_e_0/U0/PS8_i/PLCLK[0]
                         net (fo=1, routed)           0.154     0.154    bd_smoke_i/zynq_ultra_ps_e_0/U0/pl_clk_unbuffered[0]
    BUFG_PS_X0Y80        BUFG_PS (Prop_BUFG_PS_I_O)
                                                      0.018     0.172 r  bd_smoke_i/zynq_ultra_ps_e_0/U0/buffer_pl_clk_0.PL_CLK_0_BUFG/O
    X1Y3 (CLOCK_ROOT)    net (fo=610, routed)         0.642     0.814    bd_smoke_i/ps8_0_axi_periph/s00_couplers/auto_pc/inst/gen_axilite.gen_b2s_conv.axilite_b2s/RD.ar_channel_0/cmd_translator_0/wrap_cmd_0/aclk
    SLICE_X52Y192        FDRE                                         r  bd_smoke_i/ps8_0_axi_periph/s00_couplers/auto_pc/inst/gen_axilite.gen_b2s_conv.axilite_b2s/RD.ar_channel_0/cmd_translator_0/wrap_cmd_0/axaddr_wrap_reg[5]/C
                         clock pessimism             -0.070     0.744    
    SLICE_X52Y192        FDRE (Hold_HFF_SLICEL_C_D)
                                                      0.046     0.790    bd_smoke_i/ps8_0_axi_periph/s00_couplers/auto_pc/inst/gen_axilite.gen_b2s_conv.axilite_b2s/RD.ar_channel_0/cmd_translator_0/wrap_cmd_0/axaddr_wrap_reg[5]
  -------------------------------------------------------------------
                         required time                         -0.790    
                         arrival time                           0.825    
  -------------------------------------------------------------------
                         slack                                  0.034    

Slack (MET) :             0.035ns  (arrival time - required time)
  Source:                 bd_smoke_i/ps8_0_axi_periph/s00_couplers/auto_pc/inst/gen_axilite.gen_b2s_conv.axilite_b2s/WR.aw_channel_0/s_awlen_r_reg[7]/C
                            (rising edge-triggered cell FDRE clocked by clk_pl_0  {rise@0.000ns fall@2.812ns period=5.625ns})
  Destination:            bd_smoke_i/ps8_0_axi_periph/s00_couplers/auto_pc/inst/gen_axilite.gen_b2s_conv.axilite_b2s/WR.b_channel_0/bid_fifo_0/memory_reg[3][7]_srl4/D
                            (rising edge-triggered cell SRL16E clocked by clk_pl_0  {rise@0.000ns fall@2.812ns period=5.625ns})
  Path Group:             clk_pl_0
  Path Type:              Hold (Min at Slow Process Corner)
  Requirement:            0.000ns  (clk_pl_0 rise@0.000ns - clk_pl_0 rise@0.000ns)
  Data Path Delay:        0.128ns  (logic 0.058ns (45.312%)  route 0.070ns (54.687%))
  Logic Levels:           0  
  Clock Path Skew:        0.061ns (DCD - SCD - CPR)
    Destination Clock Delay (DCD):    1.227ns
    Source Clock Delay      (SCD):    1.021ns
    Clock Pessimism Removal (CPR):    0.145ns
  Clock Net Delay (Source):      0.853ns (routing 0.172ns, distribution 0.681ns)
  Clock Net Delay (Destination): 1.019ns (routing 0.193ns, distribution 0.826ns)

    Location             Delay type                Incr(ns)  Path(ns)    Netlist Resource(s)
  -------------------------------------------------------------------    -------------------
                         (clock clk_pl_0 rise edge)
                                                      0.000     0.000 r  
    PS8_X0Y0             PS8                          0.000     0.000 r  bd_smoke_i/zynq_ultra_ps_e_0/U0/PS8_i/PLCLK[0]
                         net (fo=1, routed)           0.143     0.143    bd_smoke_i/zynq_ultra_ps_e_0/U0/pl_clk_unbuffered[0]
    BUFG_PS_X0Y80        BUFG_PS (Prop_BUFG_PS_I_O)
                                                      0.025     0.168 r  bd_smoke_i/zynq_ultra_ps_e_0/U0/buffer_pl_clk_0.PL_CLK_0_BUFG/O
    X1Y3 (CLOCK_ROOT)    net (fo=610, routed)         0.853     1.021    bd_smoke_i/ps8_0_axi_periph/s00_couplers/auto_pc/inst/gen_axilite.gen_b2s_conv.axilite_b2s/WR.aw_channel_0/aclk
    SLICE_X53Y205        FDRE                                         r  bd_smoke_i/ps8_0_axi_periph/s00_couplers/auto_pc/inst/gen_axilite.gen_b2s_conv.axilite_b2s/WR.aw_channel_0/s_awlen_r_reg[7]/C
  -------------------------------------------------------------------    -------------------
    SLICE_X53Y205        FDRE (Prop_GFF_SLICEM_C_Q)
                                                      0.058     1.079 r  bd_smoke_i/ps8_0_axi_periph/s00_couplers/auto_pc/inst/gen_axilite.gen_b2s_conv.axilite_b2s/WR.aw_channel_0/s_awlen_r_reg[7]/Q
                         net (fo=1, routed)           0.070     1.149    bd_smoke_i/ps8_0_axi_periph/s00_couplers/auto_pc/inst/gen_axilite.gen_b2s_conv.axilite_b2s/WR.b_channel_0/bid_fifo_0/in[7]
    SLICE_X53Y204        SRL16E                                       r  bd_smoke_i/ps8_0_axi_periph/s00_couplers/auto_pc/inst/gen_axilite.gen_b2s_conv.axilite_b2s/WR.b_channel_0/bid_fifo_0/memory_reg[3][7]_srl4/D
  -------------------------------------------------------------------    -------------------

                         (clock clk_pl_0 rise edge)
                                                      0.000     0.000 r  
    PS8_X0Y0             PS8                          0.000     0.000 r  bd_smoke_i/zynq_ultra_ps_e_0/U0/PS8_i/PLCLK[0]
                         net (fo=1, routed)           0.180     0.180    bd_smoke_i/zynq_ultra_ps_e_0/U0/pl_clk_unbuffered[0]
    BUFG_PS_X0Y80        BUFG_PS (Prop_BUFG_PS_I_O)
                                                      0.028     0.208 r  bd_smoke_i/zynq_ultra_ps_e_0/U0/buffer_pl_clk_0.PL_CLK_0_BUFG/O
    X1Y3 (CLOCK_ROOT)    net (fo=610, routed)         1.019     1.227    bd_smoke_i/ps8_0_axi_periph/s00_couplers/auto_pc/inst/gen_axilite.gen_b2s_conv.axilite_b2s/WR.b_channel_0/bid_fifo_0/aclk
    SLICE_X53Y204        SRL16E                                       r  bd_smoke_i/ps8_0_axi_periph/s00_couplers/auto_pc/inst/gen_axilite.gen_b2s_conv.axilite_b2s/WR.b_channel_0/bid_fifo_0/memory_reg[3][7]_srl4/CLK
                         clock pessimism             -0.145     1.082    
    SLICE_X53Y204        SRL16E (Hold_H6LUT_SLICEM_CLK_D)
                                                      0.032     1.114    bd_smoke_i/ps8_0_axi_periph/s00_couplers/auto_pc/inst/gen_axilite.gen_b2s_conv.axilite_b2s/WR.b_channel_0/bid_fifo_0/memory_reg[3][7]_srl4
  -------------------------------------------------------------------
                         required time                         -1.114    
                         arrival time                           1.149    
  -------------------------------------------------------------------
                         slack                                  0.035    

Slack (MET) :             0.036ns  (arrival time - required time)
  Source:                 bd_smoke_i/add_axi_0/U0/CTRL_s_axi_U/rdata_data_reg[10]/C
                            (rising edge-triggered cell FDRE clocked by clk_pl_0  {rise@0.000ns fall@2.812ns period=5.625ns})
  Destination:            bd_smoke_i/ps8_0_axi_periph/s00_couplers/auto_pc/inst/gen_axilite.gen_b2s_conv.axilite_b2s/RD.r_channel_0/rd_data_fifo_0/memory_reg[31][10]_srl32/D
                            (rising edge-triggered cell SRLC32E clocked by clk_pl_0  {rise@0.000ns fall@2.812ns period=5.625ns})
  Path Group:             clk_pl_0
  Path Type:              Hold (Min at Fast Process Corner)
  Requirement:            0.000ns  (clk_pl_0 rise@0.000ns - clk_pl_0 rise@0.000ns)
  Data Path Delay:        0.118ns  (logic 0.037ns (31.356%)  route 0.081ns (68.644%))
  Logic Levels:           0  
  Clock Path Skew:        0.043ns (DCD - SCD - CPR)
    Destination Clock Delay (DCD):    0.845ns
    Source Clock Delay      (SCD):    0.704ns
    Clock Pessimism Removal (CPR):    0.098ns
  Clock Net Delay (Source):      0.565ns (routing 0.105ns, distribution 0.460ns)
  Clock Net Delay (Destination): 0.673ns (routing 0.119ns, distribution 0.554ns)

    Location             Delay type                Incr(ns)  Path(ns)    Netlist Resource(s)
  -------------------------------------------------------------------    -------------------
                         (clock clk_pl_0 rise edge)
                                                      0.000     0.000 r  
    PS8_X0Y0             PS8                          0.000     0.000 r  bd_smoke_i/zynq_ultra_ps_e_0/U0/PS8_i/PLCLK[0]
                         net (fo=1, routed)           0.122     0.122    bd_smoke_i/zynq_ultra_ps_e_0/U0/pl_clk_unbuffered[0]
    BUFG_PS_X0Y80        BUFG_PS (Prop_BUFG_PS_I_O)
                                                      0.017     0.139 r  bd_smoke_i/zynq_ultra_ps_e_0/U0/buffer_pl_clk_0.PL_CLK_0_BUFG/O
    X1Y3 (CLOCK_ROOT)    net (fo=610, routed)         0.565     0.704    bd_smoke_i/add_axi_0/U0/CTRL_s_axi_U/ap_clk
    SLICE_X50Y197        FDRE                                         r  bd_smoke_i/add_axi_0/U0/CTRL_s_axi_U/rdata_data_reg[10]/C
  -------------------------------------------------------------------    -------------------
    SLICE_X50Y197        FDRE (Prop_FFF_SLICEM_C_Q)
                                                      0.037     0.741 r  bd_smoke_i/add_axi_0/U0/CTRL_s_axi_U/rdata_data_reg[10]/Q
                         net (fo=1, routed)           0.081     0.822    bd_smoke_i/ps8_0_axi_periph/s00_couplers/auto_pc/inst/gen_axilite.gen_b2s_conv.axilite_b2s/RD.r_channel_0/rd_data_fifo_0/in[10]
    SLICE_X50Y194        SRLC32E                                      r  bd_smoke_i/ps8_0_axi_periph/s00_couplers/auto_pc/inst/gen_axilite.gen_b2s_conv.axilite_b2s/RD.r_channel_0/rd_data_fifo_0/memory_reg[31][10]_srl32/D
  -------------------------------------------------------------------    -------------------

                         (clock clk_pl_0 rise edge)
                                                      0.000     0.000 r  
    PS8_X0Y0             PS8                          0.000     0.000 r  bd_smoke_i/zynq_ultra_ps_e_0/U0/PS8_i/PLCLK[0]
                         net (fo=1, routed)           0.154     0.154    bd_smoke_i/zynq_ultra_ps_e_0/U0/pl_clk_unbuffered[0]
    BUFG_PS_X0Y80        BUFG_PS (Prop_BUFG_PS_I_O)
                                                      0.018     0.172 r  bd_smoke_i/zynq_ultra_ps_e_0/U0/buffer_pl_clk_0.PL_CLK_0_BUFG/O
    X1Y3 (CLOCK_ROOT)    net (fo=610, routed)         0.673     0.845    bd_smoke_i/ps8_0_axi_periph/s00_couplers/auto_pc/inst/gen_axilite.gen_b2s_conv.axilite_b2s/RD.r_channel_0/rd_data_fifo_0/aclk
    SLICE_X50Y194        SRLC32E                                      r  bd_smoke_i/ps8_0_axi_periph/s00_couplers/auto_pc/inst/gen_axilite.gen_b2s_conv.axilite_b2s/RD.r_channel_0/rd_data_fifo_0/memory_reg[31][10]_srl32/CLK
                         clock pessimism             -0.098     0.747    
    SLICE_X50Y194        SRLC32E (Hold_G6LUT_SLICEM_CLK_D)
                                                      0.039     0.786    bd_smoke_i/ps8_0_axi_periph/s00_couplers/auto_pc/inst/gen_axilite.gen_b2s_conv.axilite_b2s/RD.r_channel_0/rd_data_fifo_0/memory_reg[31][10]_srl32
  -------------------------------------------------------------------
                         required time                         -0.786    
                         arrival time                           0.822    
  -------------------------------------------------------------------
                         slack                                  0.036    





Pulse Width Checks
--------------------------------------------------------------------------------------
Clock Name:         clk_pl_0
Waveform(ns):       { 0.000 2.812 }
Period(ns):         5.625
Sources:            { bd_smoke_i/zynq_ultra_ps_e_0/U0/PS8_i/PLCLK[0] }

Check Type        Corner  Lib Pin          Reference Pin  Required(ns)  Actual(ns)  Slack(ns)  Location       Pin
Min Period        n/a     PS8/MAXIGP2ACLK  n/a            3.000         5.625       2.625      PS8_X0Y0       bd_smoke_i/zynq_ultra_ps_e_0/U0/PS8_i/MAXIGP2ACLK
Min Period        n/a     SRLC32E/CLK      n/a            1.064         5.625       4.561      SLICE_X50Y194  bd_smoke_i/ps8_0_axi_periph/s00_couplers/auto_pc/inst/gen_axilite.gen_b2s_conv.axilite_b2s/RD.r_channel_0/rd_data_fifo_0/memory_reg[31][0]_srl32/CLK
Min Period        n/a     SRLC32E/CLK      n/a            1.064         5.625       4.561      SLICE_X50Y194  bd_smoke_i/ps8_0_axi_periph/s00_couplers/auto_pc/inst/gen_axilite.gen_b2s_conv.axilite_b2s/RD.r_channel_0/rd_data_fifo_0/memory_reg[31][10]_srl32/CLK
Min Period        n/a     SRLC32E/CLK      n/a            1.064         5.625       4.561      SLICE_X50Y194  bd_smoke_i/ps8_0_axi_periph/s00_couplers/auto_pc/inst/gen_axilite.gen_b2s_conv.axilite_b2s/RD.r_channel_0/rd_data_fifo_0/memory_reg[31][11]_srl32/CLK
Min Period        n/a     SRLC32E/CLK      n/a            1.064         5.625       4.561      SLICE_X50Y192  bd_smoke_i/ps8_0_axi_periph/s00_couplers/auto_pc/inst/gen_axilite.gen_b2s_conv.axilite_b2s/RD.r_channel_0/rd_data_fifo_0/memory_reg[31][12]_srl32/CLK
Min Period        n/a     SRLC32E/CLK      n/a            1.064         5.625       4.561      SLICE_X50Y192  bd_smoke_i/ps8_0_axi_periph/s00_couplers/auto_pc/inst/gen_axilite.gen_b2s_conv.axilite_b2s/RD.r_channel_0/rd_data_fifo_0/memory_reg[31][13]_srl32/CLK
Min Period        n/a     SRLC32E/CLK      n/a            1.064         5.625       4.561      SLICE_X50Y192  bd_smoke_i/ps8_0_axi_periph/s00_couplers/auto_pc/inst/gen_axilite.gen_b2s_conv.axilite_b2s/RD.r_channel_0/rd_data_fifo_0/memory_reg[31][14]_srl32/CLK
Min Period        n/a     SRLC32E/CLK      n/a            1.064         5.625       4.561      SLICE_X50Y194  bd_smoke_i/ps8_0_axi_periph/s00_couplers/auto_pc/inst/gen_axilite.gen_b2s_conv.axilite_b2s/RD.r_channel_0/rd_data_fifo_0/memory_reg[31][15]_srl32/CLK
Min Period        n/a     SRLC32E/CLK      n/a            1.064         5.625       4.561      SLICE_X50Y192  bd_smoke_i/ps8_0_axi_periph/s00_couplers/auto_pc/inst/gen_axilite.gen_b2s_conv.axilite_b2s/RD.r_channel_0/rd_data_fifo_0/memory_reg[31][1]_srl32/CLK
Min Period        n/a     SRLC32E/CLK      n/a            1.064         5.625       4.561      SLICE_X50Y194  bd_smoke_i/ps8_0_axi_periph/s00_couplers/auto_pc/inst/gen_axilite.gen_b2s_conv.axilite_b2s/RD.r_channel_0/rd_data_fifo_0/memory_reg[31][2]_srl32/CLK
Low Pulse Width   Slow    PS8/MAXIGP2ACLK  n/a            1.500         2.812       1.312      PS8_X0Y0       bd_smoke_i/zynq_ultra_ps_e_0/U0/PS8_i/MAXIGP2ACLK
Low Pulse Width   Fast    PS8/MAXIGP2ACLK  n/a            1.500         2.813       1.312      PS8_X0Y0       bd_smoke_i/zynq_ultra_ps_e_0/U0/PS8_i/MAXIGP2ACLK
Low Pulse Width   Slow    SRLC32E/CLK      n/a            0.532         2.812       2.280      SLICE_X50Y194  bd_smoke_i/ps8_0_axi_periph/s00_couplers/auto_pc/inst/gen_axilite.gen_b2s_conv.axilite_b2s/RD.r_channel_0/rd_data_fifo_0/memory_reg[31][0]_srl32/CLK
Low Pulse Width   Fast    SRLC32E/CLK      n/a            0.532         2.813       2.281      SLICE_X50Y194  bd_smoke_i/ps8_0_axi_periph/s00_couplers/auto_pc/inst/gen_axilite.gen_b2s_conv.axilite_b2s/RD.r_channel_0/rd_data_fifo_0/memory_reg[31][0]_srl32/CLK
Low Pulse Width   Slow    SRLC32E/CLK      n/a            0.532         2.812       2.280      SLICE_X50Y194  bd_smoke_i/ps8_0_axi_periph/s00_couplers/auto_pc/inst/gen_axilite.gen_b2s_conv.axilite_b2s/RD.r_channel_0/rd_data_fifo_0/memory_reg[31][10]_srl32/CLK
Low Pulse Width   Fast    SRLC32E/CLK      n/a            0.532         2.813       2.281      SLICE_X50Y194  bd_smoke_i/ps8_0_axi_periph/s00_couplers/auto_pc/inst/gen_axilite.gen_b2s_conv.axilite_b2s/RD.r_channel_0/rd_data_fifo_0/memory_reg[31][10]_srl32/CLK
Low Pulse Width   Slow    SRLC32E/CLK      n/a            0.532         2.812       2.280      SLICE_X50Y194  bd_smoke_i/ps8_0_axi_periph/s00_couplers/auto_pc/inst/gen_axilite.gen_b2s_conv.axilite_b2s/RD.r_channel_0/rd_data_fifo_0/memory_reg[31][11]_srl32/CLK
Low Pulse Width   Fast    SRLC32E/CLK      n/a            0.532         2.813       2.281      SLICE_X50Y194  bd_smoke_i/ps8_0_axi_periph/s00_couplers/auto_pc/inst/gen_axilite.gen_b2s_conv.axilite_b2s/RD.r_channel_0/rd_data_fifo_0/memory_reg[31][11]_srl32/CLK
Low Pulse Width   Slow    SRLC32E/CLK      n/a            0.532         2.813       2.281      SLICE_X50Y192  bd_smoke_i/ps8_0_axi_periph/s00_couplers/auto_pc/inst/gen_axilite.gen_b2s_conv.axilite_b2s/RD.r_channel_0/rd_data_fifo_0/memory_reg[31][12]_srl32/CLK
Low Pulse Width   Fast    SRLC32E/CLK      n/a            0.532         2.813       2.281      SLICE_X50Y192  bd_smoke_i/ps8_0_axi_periph/s00_couplers/auto_pc/inst/gen_axilite.gen_b2s_conv.axilite_b2s/RD.r_channel_0/rd_data_fifo_0/memory_reg[31][12]_srl32/CLK
High Pulse Width  Slow    PS8/MAXIGP2ACLK  n/a            1.500         2.813       1.313      PS8_X0Y0       bd_smoke_i/zynq_ultra_ps_e_0/U0/PS8_i/MAXIGP2ACLK
High Pulse Width  Fast    PS8/MAXIGP2ACLK  n/a            1.500         2.813       1.312      PS8_X0Y0       bd_smoke_i/zynq_ultra_ps_e_0/U0/PS8_i/MAXIGP2ACLK
High Pulse Width  Slow    SRLC32E/CLK      n/a            0.532         2.813       2.281      SLICE_X50Y194  bd_smoke_i/ps8_0_axi_periph/s00_couplers/auto_pc/inst/gen_axilite.gen_b2s_conv.axilite_b2s/RD.r_channel_0/rd_data_fifo_0/memory_reg[31][0]_srl32/CLK
High Pulse Width  Fast    SRLC32E/CLK      n/a            0.532         2.813       2.281      SLICE_X50Y194  bd_smoke_i/ps8_0_axi_periph/s00_couplers/auto_pc/inst/gen_axilite.gen_b2s_conv.axilite_b2s/RD.r_channel_0/rd_data_fifo_0/memory_reg[31][0]_srl32/CLK
High Pulse Width  Slow    SRLC32E/CLK      n/a            0.532         2.813       2.281      SLICE_X50Y194  bd_smoke_i/ps8_0_axi_periph/s00_couplers/auto_pc/inst/gen_axilite.gen_b2s_conv.axilite_b2s/RD.r_channel_0/rd_data_fifo_0/memory_reg[31][10]_srl32/CLK
High Pulse Width  Fast    SRLC32E/CLK      n/a            0.532         2.813       2.281      SLICE_X50Y194  bd_smoke_i/ps8_0_axi_periph/s00_couplers/auto_pc/inst/gen_axilite.gen_b2s_conv.axilite_b2s/RD.r_channel_0/rd_data_fifo_0/memory_reg[31][10]_srl32/CLK
High Pulse Width  Slow    SRLC32E/CLK      n/a            0.532         2.813       2.281      SLICE_X50Y194  bd_smoke_i/ps8_0_axi_periph/s00_couplers/auto_pc/inst/gen_axilite.gen_b2s_conv.axilite_b2s/RD.r_channel_0/rd_data_fifo_0/memory_reg[31][11]_srl32/CLK
High Pulse Width  Fast    SRLC32E/CLK      n/a            0.532         2.813       2.281      SLICE_X50Y194  bd_smoke_i/ps8_0_axi_periph/s00_couplers/auto_pc/inst/gen_axilite.gen_b2s_conv.axilite_b2s/RD.r_channel_0/rd_data_fifo_0/memory_reg[31][11]_srl32/CLK
High Pulse Width  Slow    SRLC32E/CLK      n/a            0.532         2.813       2.281      SLICE_X50Y192  bd_smoke_i/ps8_0_axi_periph/s00_couplers/auto_pc/inst/gen_axilite.gen_b2s_conv.axilite_b2s/RD.r_channel_0/rd_data_fifo_0/memory_reg[31][12]_srl32/CLK
High Pulse Width  Fast    SRLC32E/CLK      n/a            0.532         2.812       2.280      SLICE_X50Y192  bd_smoke_i/ps8_0_axi_periph/s00_couplers/auto_pc/inst/gen_axilite.gen_b2s_conv.axilite_b2s/RD.r_channel_0/rd_data_fifo_0/memory_reg[31][12]_srl32/CLK



--------------------------------------------------------------------------------------
Path Group:  (none)
From Clock:  
  To Clock:  clk_pl_0

Max Delay             1 Endpoint
Min Delay             1 Endpoint
--------------------------------------------------------------------------------------


Max Delay Paths
--------------------------------------------------------------------------------------
Slack:                    inf
  Source:                 bd_smoke_i/zynq_ultra_ps_e_0/U0/PS8_i/EMIOGPIOO[95]
                            (internal pin)
  Destination:            bd_smoke_i/rst_ps8_0_177M/U0/EXT_LPF/ACTIVE_LOW_EXT.ACT_LO_EXT/GENERATE_LEVEL_P_S_CDC.SINGLE_BIT.CROSS_PLEVEL_IN2SCNDRY_IN_cdc_to/D
                            (rising edge-triggered cell FDRE clocked by clk_pl_0  {rise@0.000ns fall@2.812ns period=5.625ns})
  Path Group:             (none)
  Path Type:              Setup (Max at Slow Process Corner)
  Data Path Delay:        0.934ns  (logic 0.152ns (16.274%)  route 0.782ns (83.726%))
  Logic Levels:           1  (LUT1=1)
  Clock Uncertainty:      0.129ns  ((TSJ^2 + DJ^2)^1/2) / 2 + PE
    Total System Jitter     (TSJ):    0.050ns
    Discrete Jitter          (DJ):    0.253ns
    Phase Error              (PE):    0.000ns
  Clock Net Delay (Destination): 1.032ns (routing 0.172ns, distribution 0.860ns)
  Timing Exception:       False Path

    Location             Delay type                Incr(ns)  Path(ns)    Netlist Resource(s)
  -------------------------------------------------------------------    -------------------
    PS8_X0Y0             PS8                          0.000     0.000 f  bd_smoke_i/zynq_ultra_ps_e_0/U0/PS8_i/EMIOGPIOO[95]
                         net (fo=1, routed)           0.498     0.498    bd_smoke_i/rst_ps8_0_177M/U0/EXT_LPF/ACTIVE_LOW_EXT.ACT_LO_EXT/ext_reset_in
    SLICE_X25Y244        LUT1 (Prop_H6LUT_SLICEM_I0_O)
                                                      0.152     0.650 r  bd_smoke_i/rst_ps8_0_177M/U0/EXT_LPF/ACTIVE_LOW_EXT.ACT_LO_EXT/GENERATE_LEVEL_P_S_CDC.SINGLE_BIT.CROSS_PLEVEL_IN2SCNDRY_IN_cdc_to_i_1/O
                         net (fo=1, routed)           0.284     0.934    bd_smoke_i/rst_ps8_0_177M/U0/EXT_LPF/ACTIVE_LOW_EXT.ACT_LO_EXT/exr_d1
    SLICE_X25Y244        FDRE                                         r  bd_smoke_i/rst_ps8_0_177M/U0/EXT_LPF/ACTIVE_LOW_EXT.ACT_LO_EXT/GENERATE_LEVEL_P_S_CDC.SINGLE_BIT.CROSS_PLEVEL_IN2SCNDRY_IN_cdc_to/D
  -------------------------------------------------------------------    -------------------

                         (clock clk_pl_0 rise edge)
                                                      0.000     0.000 r  
    PS8_X0Y0             PS8                          0.000     0.000 r  bd_smoke_i/zynq_ultra_ps_e_0/U0/PS8_i/PLCLK[0]
                         net (fo=1, routed)           0.143     0.143    bd_smoke_i/zynq_ultra_ps_e_0/U0/pl_clk_unbuffered[0]
    BUFG_PS_X0Y80        BUFG_PS (Prop_BUFG_PS_I_O)
                                                      0.025     0.168 r  bd_smoke_i/zynq_ultra_ps_e_0/U0/buffer_pl_clk_0.PL_CLK_0_BUFG/O
    X1Y3 (CLOCK_ROOT)    net (fo=610, routed)         1.032     1.200    bd_smoke_i/rst_ps8_0_177M/U0/EXT_LPF/ACTIVE_LOW_EXT.ACT_LO_EXT/slowest_sync_clk
    SLICE_X25Y244        FDRE                                         r  bd_smoke_i/rst_ps8_0_177M/U0/EXT_LPF/ACTIVE_LOW_EXT.ACT_LO_EXT/GENERATE_LEVEL_P_S_CDC.SINGLE_BIT.CROSS_PLEVEL_IN2SCNDRY_IN_cdc_to/C





Min Delay Paths
--------------------------------------------------------------------------------------
Slack:                    inf
  Source:                 bd_smoke_i/zynq_ultra_ps_e_0/U0/PS8_i/EMIOGPIOO[95]
                            (internal pin)
  Destination:            bd_smoke_i/rst_ps8_0_177M/U0/EXT_LPF/ACTIVE_LOW_EXT.ACT_LO_EXT/GENERATE_LEVEL_P_S_CDC.SINGLE_BIT.CROSS_PLEVEL_IN2SCNDRY_IN_cdc_to/D
                            (rising edge-triggered cell FDRE clocked by clk_pl_0  {rise@0.000ns fall@2.812ns period=5.625ns})
  Path Group:             (none)
  Path Type:              Hold (Min at Fast Process Corner)
  Data Path Delay:        0.440ns  (logic 0.061ns (13.864%)  route 0.379ns (86.136%))
  Logic Levels:           1  (LUT1=1)
  Clock Uncertainty:      0.129ns  ((TSJ^2 + DJ^2)^1/2) / 2 + PE
    Total System Jitter     (TSJ):    0.050ns
    Discrete Jitter          (DJ):    0.253ns
    Phase Error              (PE):    0.000ns
  Clock Net Delay (Destination): 0.752ns (routing 0.119ns, distribution 0.633ns)
  Timing Exception:       False Path

    Location             Delay type                Incr(ns)  Path(ns)    Netlist Resource(s)
  -------------------------------------------------------------------    -------------------
    PS8_X0Y0             PS8                          0.000     0.000 f  bd_smoke_i/zynq_ultra_ps_e_0/U0/PS8_i/EMIOGPIOO[95]
                         net (fo=1, routed)           0.264     0.264    bd_smoke_i/rst_ps8_0_177M/U0/EXT_LPF/ACTIVE_LOW_EXT.ACT_LO_EXT/ext_reset_in
    SLICE_X25Y244        LUT1 (Prop_H6LUT_SLICEM_I0_O)
                                                      0.061     0.325 r  bd_smoke_i/rst_ps8_0_177M/U0/EXT_LPF/ACTIVE_LOW_EXT.ACT_LO_EXT/GENERATE_LEVEL_P_S_CDC.SINGLE_BIT.CROSS_PLEVEL_IN2SCNDRY_IN_cdc_to_i_1/O
                         net (fo=1, routed)           0.115     0.440    bd_smoke_i/rst_ps8_0_177M/U0/EXT_LPF/ACTIVE_LOW_EXT.ACT_LO_EXT/exr_d1
    SLICE_X25Y244        FDRE                                         r  bd_smoke_i/rst_ps8_0_177M/U0/EXT_LPF/ACTIVE_LOW_EXT.ACT_LO_EXT/GENERATE_LEVEL_P_S_CDC.SINGLE_BIT.CROSS_PLEVEL_IN2SCNDRY_IN_cdc_to/D
  -------------------------------------------------------------------    -------------------

                         (clock clk_pl_0 rise edge)
                                                      0.000     0.000 r  
    PS8_X0Y0             PS8                          0.000     0.000 r  bd_smoke_i/zynq_ultra_ps_e_0/U0/PS8_i/PLCLK[0]
                         net (fo=1, routed)           0.154     0.154    bd_smoke_i/zynq_ultra_ps_e_0/U0/pl_clk_unbuffered[0]
    BUFG_PS_X0Y80        BUFG_PS (Prop_BUFG_PS_I_O)
                                                      0.018     0.172 r  bd_smoke_i/zynq_ultra_ps_e_0/U0/buffer_pl_clk_0.PL_CLK_0_BUFG/O
    X1Y3 (CLOCK_ROOT)    net (fo=610, routed)         0.752     0.924    bd_smoke_i/rst_ps8_0_177M/U0/EXT_LPF/ACTIVE_LOW_EXT.ACT_LO_EXT/slowest_sync_clk
    SLICE_X25Y244        FDRE                                         r  bd_smoke_i/rst_ps8_0_177M/U0/EXT_LPF/ACTIVE_LOW_EXT.ACT_LO_EXT/GENERATE_LEVEL_P_S_CDC.SINGLE_BIT.CROSS_PLEVEL_IN2SCNDRY_IN_cdc_to/C





