
****** Vitis HLS - High-Level Synthesis from C, C++ and OpenCL v2024.1.2 (64-bit)
  **** SW Build 5096458 on Sep  5 2024
  **** IP Build 5164407 on Fri Sep  6 08:18:11 MDT 2024
  **** SharedData Build 5164864 on Thu Sep 05 13:09:09 MDT 2024
  **** Start of session at: Thu Mar  5 02:05:48 2026
    ** Copyright 1986-2022 Xilinx, Inc. All Rights Reserved.
    ** Copyright 2022-2024 Advanced Micro Devices, Inc. All Rights Reserved.

source C:/Xilinx/xilinx1/Vitis_HLS/2024.1/scripts/vitis_hls/hls.tcl -notrace
INFO: [HLS 200-10] For user 'OmilosNeonTexn' on host 'desktop-0nki8so' (Windows NT_amd64 version 10.0) on Thu Mar 05 02:05:56 +0200 2026
INFO: [HLS 200-10] In directory 'C:/fpga_cnn_hls4ml/hls_smoke'
WARNING: [HLS 200-2053] The vitis_hls executable is deprecated. Consider using vitis-run --mode hls --tcl
Sourcing Tcl script 'run_hls.tcl'
INFO: [HLS 200-1510] Running: open_project -reset hls_smoke 
INFO: [HLS 200-10] Creating and opening project 'C:/fpga_cnn_hls4ml/hls_smoke/hls_smoke'.
INFO: [HLS 200-1510] Running: set_top add_axi 
INFO: [HLS 200-1510] Running: add_files add_axi.cpp 
INFO: [HLS 200-10] Adding design file 'add_axi.cpp' to the project
INFO: [HLS 200-1510] Running: add_files -tb tb_add_axi.cpp 
INFO: [HLS 200-10] Adding test bench file 'tb_add_axi.cpp' to the project
INFO: [HLS 200-1510] Running: open_solution -reset sol1 
INFO: [HLS 200-10] Creating and opening solution 'C:/fpga_cnn_hls4ml/hls_smoke/hls_smoke/sol1'.
INFO: [HLS 200-10] Cleaning up the solution database.
INFO: [HLS 200-1505] Using default flow_target 'vivado'
Resolution: For help on HLS 200-1505 see docs.xilinx.com/access/sources/dita/topic?Doc_Version=2024.1%20English&url=ug1448-hls-guidance&resourceid=200-1505.html
INFO: [HLS 200-1510] Running: set_part xczu7ev-ffvc1156-2-e 
INFO: [HLS 200-1611] Setting target device to 'xczu7ev-ffvc1156-2-e'
INFO: [HLS 200-1510] Running: create_clock -period 5.0 -name default 
INFO: [SYN 201-201] Setting up clock 'default' with a period of 5ns.
INFO: [HLS 200-1510] Running: csim_design 
INFO: [SIM 211-2] *************** CSIM start ***************
INFO: [SIM 211-4] CSIM will launch CLANG as the compiler.
INFO: [HLS 200-2036] Building debug C Simulation binaries
   Compiling ../../../../tb_add_axi.cpp in debug mode
   Compiling ../../../../add_axi.cpp in debug mode
   Generating csim.exe
In file included from ../../../../tb_add_axi.cpp:2:
In file included from C:/Xilinx/xilinx1/Vitis_HLS/2024.1/include/ap_int.h:10:
In file included from C:/Xilinx/xilinx1/Vitis_HLS/2024.1/include/etc/ap_common.h:658:
In file included from C:/Xilinx/xilinx1/Vitis_HLS/2024.1/include/etc/ap_private.h:68:
In file included from C:/Xilinx/xilinx1/Vitis_HLS/2024.1/include/hls_half.h:26:
In file included from C:/Xilinx/xilinx1/Vitis_HLS/2024.1/include/etc/hls_half_fpo.h:19:
In file included from C:/Xilinx/xilinx1/Vitis_HLS/2024.1/include/hls_fpo.h:140:
In file included from C:/Xilinx/xilinx1/Vitis_HLS/2024.1/include/floating_point_v7_1_bitacc_cmodel.h:150:
C:/Xilinx/xilinx1/Vitis_HLS/2024.1/include/gmp.h:58:9: warning: '__GMP_LIBGMP_DLL' macro redefined [-Wmacro-redefined]
#define __GMP_LIBGMP_DLL  0
        ^
C:/Xilinx/xilinx1/Vitis_HLS/2024.1/include/floating_point_v7_1_bitacc_cmodel.h:142:9: note: previous definition is here
#define __GMP_LIBGMP_DLL 1
        ^
1 warning generated.
In file included from ../../../../add_axi.cpp:1:
In file included from C:/Xilinx/xilinx1/Vitis_HLS/2024.1/include/ap_int.h:10:
In file included from C:/Xilinx/xilinx1/Vitis_HLS/2024.1/include/etc/ap_common.h:658:
In file included from C:/Xilinx/xilinx1/Vitis_HLS/2024.1/include/etc/ap_private.h:68:
In file included from C:/Xilinx/xilinx1/Vitis_HLS/2024.1/include/hls_half.h:26:
In file included from C:/Xilinx/xilinx1/Vitis_HLS/2024.1/include/etc/hls_half_fpo.h:19:
In file included from C:/Xilinx/xilinx1/Vitis_HLS/2024.1/include/hls_fpo.h:140:
In file included from C:/Xilinx/xilinx1/Vitis_HLS/2024.1/include/floating_point_v7_1_bitacc_cmodel.h:150:
C:/Xilinx/xilinx1/Vitis_HLS/2024.1/include/gmp.h:58:9: warning: '__GMP_LIBGMP_DLL' macro redefined [-Wmacro-redefined]
#define __GMP_LIBGMP_DLL  0
        ^
C:/Xilinx/xilinx1/Vitis_HLS/2024.1/include/floating_point_v7_1_bitacc_cmodel.h:142:9: note: previous definition is here
#define __GMP_LIBGMP_DLL 1
        ^
1 warning generated.
PASS
INFO: [SIM 211-1] CSim done with 0 errors.
INFO: [SIM 211-3] *************** CSIM finish ***************
INFO: [HLS 200-2161] Finished Command csim_design Elapsed time: 00:01:29; Allocated memory: 0.730 MB.
INFO: [HLS 200-1510] Running: csynth_design 
INFO: [HLS 200-111] Finished File checks and directory preparation: CPU user time: 0 seconds. CPU system time: 0 seconds. Elapsed time: 0.208 seconds; current allocated memory: 158.941 MB.
INFO: [HLS 200-10] Analyzing design file 'add_axi.cpp' ... 
INFO: [HLS 200-111] Finished Source Code Analysis and Preprocessing: CPU user time: 0 seconds. CPU system time: 0 seconds. Elapsed time: 18.169 seconds; current allocated memory: 161.336 MB.
INFO: [HLS 200-777] Using interface defaults for 'Vivado' flow target.
INFO: [HLS 200-1995] There were 146 instructions in the design after the 'Compile/Link' phase of compilation. See the Design Size Report for more details: C:/fpga_cnn_hls4ml/hls_smoke/hls_smoke/sol1/syn/report/csynth_design_size.rpt
INFO: [HLS 200-1995] There were 9 instructions in the design after the 'Unroll/Inline (step 1)' phase of compilation. See the Design Size Report for more details: C:/fpga_cnn_hls4ml/hls_smoke/hls_smoke/sol1/syn/report/csynth_design_size.rpt
INFO: [HLS 200-1995] There were 9 instructions in the design after the 'Unroll/Inline (step 2)' phase of compilation. See the Design Size Report for more details: C:/fpga_cnn_hls4ml/hls_smoke/hls_smoke/sol1/syn/report/csynth_design_size.rpt
INFO: [HLS 200-1995] There were 9 instructions in the design after the 'Unroll/Inline (step 3)' phase of compilation. See the Design Size Report for more details: C:/fpga_cnn_hls4ml/hls_smoke/hls_smoke/sol1/syn/report/csynth_design_size.rpt
INFO: [HLS 200-1995] There were 9 instructions in the design after the 'Unroll/Inline (step 4)' phase of compilation. See the Design Size Report for more details: C:/fpga_cnn_hls4ml/hls_smoke/hls_smoke/sol1/syn/report/csynth_design_size.rpt
INFO: [HLS 200-1995] There were 9 instructions in the design after the 'Array/Struct (step 1)' phase of compilation. See the Design Size Report for more details: C:/fpga_cnn_hls4ml/hls_smoke/hls_smoke/sol1/syn/report/csynth_design_size.rpt
INFO: [HLS 200-1995] There were 9 instructions in the design after the 'Array/Struct (step 2)' phase of compilation. See the Design Size Report for more details: C:/fpga_cnn_hls4ml/hls_smoke/hls_smoke/sol1/syn/report/csynth_design_size.rpt
INFO: [HLS 200-1995] There were 9 instructions in the design after the 'Array/Struct (step 3)' phase of compilation. See the Design Size Report for more details: C:/fpga_cnn_hls4ml/hls_smoke/hls_smoke/sol1/syn/report/csynth_design_size.rpt
INFO: [HLS 200-1995] There were 9 instructions in the design after the 'Array/Struct (step 4)' phase of compilation. See the Design Size Report for more details: C:/fpga_cnn_hls4ml/hls_smoke/hls_smoke/sol1/syn/report/csynth_design_size.rpt
INFO: [HLS 200-1995] There were 9 instructions in the design after the 'Array/Struct (step 5)' phase of compilation. See the Design Size Report for more details: C:/fpga_cnn_hls4ml/hls_smoke/hls_smoke/sol1/syn/report/csynth_design_size.rpt
INFO: [HLS 200-1995] There were 9 instructions in the design after the 'Performance (step 1)' phase of compilation. See the Design Size Report for more details: C:/fpga_cnn_hls4ml/hls_smoke/hls_smoke/sol1/syn/report/csynth_design_size.rpt
INFO: [HLS 200-1995] There were 9 instructions in the design after the 'Performance (step 2)' phase of compilation. See the Design Size Report for more details: C:/fpga_cnn_hls4ml/hls_smoke/hls_smoke/sol1/syn/report/csynth_design_size.rpt
INFO: [HLS 200-1995] There were 9 instructions in the design after the 'Performance (step 3)' phase of compilation. See the Design Size Report for more details: C:/fpga_cnn_hls4ml/hls_smoke/hls_smoke/sol1/syn/report/csynth_design_size.rpt
INFO: [HLS 200-1995] There were 9 instructions in the design after the 'Performance (step 4)' phase of compilation. See the Design Size Report for more details: C:/fpga_cnn_hls4ml/hls_smoke/hls_smoke/sol1/syn/report/csynth_design_size.rpt
INFO: [HLS 200-1995] There were 13 instructions in the design after the 'HW Transforms (step 1)' phase of compilation. See the Design Size Report for more details: C:/fpga_cnn_hls4ml/hls_smoke/hls_smoke/sol1/syn/report/csynth_design_size.rpt
INFO: [HLS 200-1995] There were 14 instructions in the design after the 'HW Transforms (step 2)' phase of compilation. See the Design Size Report for more details: C:/fpga_cnn_hls4ml/hls_smoke/hls_smoke/sol1/syn/report/csynth_design_size.rpt
INFO: [HLS 200-111] Finished Compiling Optimization and Transform: CPU user time: 0 seconds. CPU system time: 0 seconds. Elapsed time: 16.261 seconds; current allocated memory: 163.039 MB.
INFO: [HLS 200-111] Finished Checking Pragmas: CPU user time: 0 seconds. CPU system time: 0 seconds. Elapsed time: 0.009 seconds; current allocated memory: 163.039 MB.
INFO: [HLS 200-10] Starting code transformations ...
INFO: [HLS 200-111] Finished Standard Transforms: CPU user time: 0 seconds. CPU system time: 0 seconds. Elapsed time: 2.337 seconds; current allocated memory: 166.602 MB.
INFO: [HLS 200-10] Checking synthesizability ...
INFO: [HLS 200-111] Finished Checking Synthesizability: CPU user time: 0 seconds. CPU system time: 0 seconds. Elapsed time: 0.319 seconds; current allocated memory: 167.844 MB.
INFO: [HLS 200-111] Finished Loop, function and other optimizations: CPU user time: 0 seconds. CPU system time: 0 seconds. Elapsed time: 0.937 seconds; current allocated memory: 188.109 MB.
INFO: [HLS 200-111] Finished Architecture Synthesis: CPU user time: 0 seconds. CPU system time: 0 seconds. Elapsed time: 0.744 seconds; current allocated memory: 188.133 MB.
INFO: [HLS 200-10] Starting hardware synthesis ...
INFO: [HLS 200-10] Synthesizing 'add_axi' ...
INFO: [HLS 200-10] ----------------------------------------------------------------
INFO: [HLS 200-42] -- Implementing module 'add_axi' 
INFO: [HLS 200-10] ----------------------------------------------------------------
INFO: [SCHED 204-11] Starting scheduling ...
INFO: [SCHED 204-11] Finished scheduling.
INFO: [HLS 200-111] Finished Scheduling: CPU user time: 0 seconds. CPU system time: 0 seconds. Elapsed time: 3.446 seconds; current allocated memory: 188.133 MB.
INFO: [BIND 205-100] Starting micro-architecture generation ...
INFO: [BIND 205-101] Performing variable lifetime analysis.
INFO: [BIND 205-101] Exploring resource sharing.
INFO: [BIND 205-101] Binding ...
INFO: [BIND 205-100] Finished micro-architecture generation.
INFO: [HLS 200-111] Finished Binding: CPU user time: 0 seconds. CPU system time: 0 seconds. Elapsed time: 0.773 seconds; current allocated memory: 188.133 MB.
INFO: [HLS 200-10] ----------------------------------------------------------------
INFO: [HLS 200-10] -- Generating RTL for module 'add_axi' 
INFO: [HLS 200-10] ----------------------------------------------------------------
WARNING: [RTGEN 206-101] Design contains AXI ports. Reset is fixed to synchronous and active low.
INFO: [RTGEN 206-500] Setting interface mode on port 'add_axi/a' to 's_axilite & ap_none'.
INFO: [RTGEN 206-500] Setting interface mode on port 'add_axi/b' to 's_axilite & ap_none'.
INFO: [RTGEN 206-500] Setting interface mode on port 'add_axi/c' to 's_axilite & ap_vld'.
INFO: [RTGEN 206-500] Setting interface mode on function 'add_axi' to 's_axilite & ap_ctrl_hs'.
INFO: [RTGEN 206-100] Bundling port 'a', 'b', 'c' to AXI-Lite port CTRL.
INFO: [RTGEN 206-100] Finished creating RTL model for 'add_axi'.
INFO: [HLS 200-111] Finished Creating RTL model: CPU user time: 1 seconds. CPU system time: 0 seconds. Elapsed time: 0.776 seconds; current allocated memory: 188.133 MB.
INFO: [HLS 200-111] Finished Generating all RTL models: CPU user time: 0 seconds. CPU system time: 1 seconds. Elapsed time: 2.402 seconds; current allocated memory: 190.914 MB.
INFO: [HLS 200-111] Finished Updating report files: CPU user time: 0 seconds. CPU system time: 1 seconds. Elapsed time: 2.292 seconds; current allocated memory: 192.852 MB.
INFO: [VHDL 208-304] Generating VHDL RTL for add_axi.
INFO: [VLOG 209-307] Generating Verilog RTL for add_axi.
INFO: [HLS 200-789] **** Estimated Fmax: 350.51 MHz
INFO: [HLS 200-2161] Finished Command csynth_design Elapsed time: 00:00:49; Allocated memory: 34.180 MB.
INFO: [HLS 200-1510] Running: export_design -rtl vhdl -format ip_catalog -flow impl 
INFO: [IMPL 213-8] Exporting RTL as a Vivado IP.

****** Vivado v2024.1.2 (64-bit)
  **** SW Build 5164865 on Thu Sep  5 14:37:11 MDT 2024
  **** IP Build 5164407 on Fri Sep  6 08:18:11 MDT 2024
  **** SharedData Build 5164864 on Thu Sep 05 13:09:09 MDT 2024
  **** Start of session at: Thu Mar  5 02:08:49 2026
    ** Copyright 1986-2022 Xilinx, Inc. All Rights Reserved.
    ** Copyright 2022-2024 Advanced Micro Devices, Inc. All Rights Reserved.

source run_ippack.tcl -notrace
INFO: calling package_hls_ip ip_types=vitis sysgen json_file=C:/fpga_cnn_hls4ml/hls_smoke/hls_smoke/sol1/sol1_data.json outdir=C:/fpga_cnn_hls4ml/hls_smoke/hls_smoke/sol1/impl/ip srcdir=C:/fpga_cnn_hls4ml/hls_smoke/hls_smoke/sol1 sort_interfaces_ports=false
INFO: Copied 1 ipmisc file(s) to C:/fpga_cnn_hls4ml/hls_smoke/hls_smoke/sol1/impl/ip/misc
INFO: Copied 2 verilog file(s) to C:/fpga_cnn_hls4ml/hls_smoke/hls_smoke/sol1/impl/ip/hdl/verilog
INFO: Copied 2 vhdl file(s) to C:/fpga_cnn_hls4ml/hls_smoke/hls_smoke/sol1/impl/ip/hdl/vhdl
INFO: Copied 10 swdriver file(s) to C:/fpga_cnn_hls4ml/hls_smoke/hls_smoke/sol1/impl/ip/drivers
ipx::create_core: Time (s): cpu = 00:00:10 ; elapsed = 00:00:33 . Memory (MB): peak = 515.324 ; gain = 199.480
INFO: Import ports from HDL: C:/fpga_cnn_hls4ml/hls_smoke/hls_smoke/sol1/impl/ip/hdl/vhdl/add_axi.vhd (add_axi)
INFO: Add axi4lite interface s_axi_CTRL
INFO: Add clock interface ap_clk
INFO: Add reset interface ap_rst_n
INFO: Add interrupt interface interrupt
INFO: [IP_Flow 19-234] Refreshing IP repositories
INFO: [IP_Flow 19-1704] No user IP repositories specified
INFO: [IP_Flow 19-2313] Loaded Vivado IP repository 'C:/Xilinx/xilinx1/Vivado/2024.1/data/ip'.
INFO: Calling post_process_vitis to specialize IP
INFO: Calling post_process_sysgen to specialize IP
Generating sysgen info xml from json file
INFO: Created IP C:/fpga_cnn_hls4ml/hls_smoke/hls_smoke/sol1/impl/ip/component.xml
INFO: Created IP archive C:/fpga_cnn_hls4ml/hls_smoke/hls_smoke/sol1/impl/ip/xilinx_com_hls_add_axi_1_0.zip
INFO: [Common 17-206] Exiting Vivado at Thu Mar  5 02:10:59 2026...
INFO: [IMPL 213-8] Starting RTL evaluation using Vivado ...
WARNING: [IMPL 213-201] IO timing constraints are not applied without adding IO buffers.

C:\fpga_cnn_hls4ml\hls_smoke\hls_smoke\sol1\impl\vhdl>C:/Xilinx/xilinx1/Vivado/2024.1/bin/vivado  -mode batch -source run_vivado.tcl   || exit $? 

****** Vivado v2024.1.2 (64-bit)
  **** SW Build 5164865 on Thu Sep  5 14:37:11 MDT 2024
  **** IP Build 5164407 on Fri Sep  6 08:18:11 MDT 2024
  **** SharedData Build 5164864 on Thu Sep 05 13:09:09 MDT 2024
  **** Start of session at: Thu Mar  5 02:12:04 2026
    ** Copyright 1986-2022 Xilinx, Inc. All Rights Reserved.
    ** Copyright 2022-2024 Advanced Micro Devices, Inc. All Rights Reserved.

source run_vivado.tcl
# source ./settings.tcl
## set top_module add_axi
## set language vhdl
## set family zynquplus
## set device xczu7ev
## set package -ffvc1156
## set speed -2-e
## set clock ap_clk
## set fsm_ext "off"
## set add_io_buffers false 
# source -notrace ./extraction.tcl
# set vivado_proj_name project
# set vivado_proj_dir .
# set target_device "${device}${package}${speed}"
# set target_clk_period_ns "5.000"
# set target_clk_freq_hz [expr {floor(1000 / $target_clk_period_ns) * 1000000}]
# set ip_vlnv xilinx.com:hls:add_axi:1.0
# set ip_repo_path ../ip
# set bd_design_name bd_0
# set bd_inst_name hls_inst
# set bd_props {}
# set has_synth true
# set synth_design_args {-directive sdx_optimization_effort_high}
# set synth_dcp ""
# set synth_props {}
# set has_impl 1
# set impl_props {}
# set report_options [dict create]
# dict set report_options report_level 2
# dict set report_options report_max_paths 10
# dict set report_options stdout_hls_reports 1
# dict set report_options stdout_vivado_reports 0
# dict set report_options hls_project hls_smoke
# dict set report_options hls_solution sol1
# dict set report_options has_synth $has_synth
# dict set report_options has_impl $has_impl
# dict set report_options vivado_reportbasename $top_module
# dict set report_options vivado_reportdir ./report
# dict set report_options hls_impl_dir ..
# dict set report_options hls_reportdir ../report/$language
# dict set report_options target_clk_period $target_clk_period_ns
# dict set report_options target_device $target_device
# dict set report_options language $language
# dict set report_options clock_name $clock
# dict set report_options error_if_impl_timing_fails false
# dict set report_options topmodule "add_axi"
# dict set report_options funcmodules {}
# dict set report_options bindmodules add_axi_CTRL_s_axi
# dict set report_options max_module_depth 5
# create_project $vivado_proj_name $vivado_proj_dir -part $target_device -force
create_project: Time (s): cpu = 00:00:10 ; elapsed = 00:00:19 . Memory (MB): peak = 508.625 ; gain = 168.160
# set_property target_language $language [current_project]
# if { ![file exists $ip_repo_path] } {
#   error "Cannot find packaged HLS IP"
# }
# set_property ip_repo_paths [file normalize $ip_repo_path] [current_project]
# update_ip_catalog
INFO: [IP_Flow 19-234] Refreshing IP repositories
INFO: [IP_Flow 19-1700] Loaded user IP repository 'c:/fpga_cnn_hls4ml/hls_smoke/hls_smoke/sol1/impl/ip'.
INFO: [IP_Flow 19-2313] Loaded Vivado IP repository 'C:/Xilinx/xilinx1/Vivado/2024.1/data/ip'.
# create_bd_design bd_0
Wrote  : <C:\fpga_cnn_hls4ml\hls_smoke\hls_smoke\sol1\impl\vhdl\project.srcs\sources_1\bd\bd_0\bd_0.bd> 
create_bd_design: Time (s): cpu = 00:00:01 ; elapsed = 00:00:16 . Memory (MB): peak = 541.012 ; gain = 12.449
# set cell_inst [create_bd_cell -type ip -vlnv $ip_vlnv $bd_inst_name]
# if { [llength $bd_props] } { 
#   set_property -dict $bd_props $cell_inst 
# }
# make_bd_pins_external $cell_inst
# make_bd_intf_pins_external $cell_inst
# set bd_clk_ports [get_bd_ports -filter {TYPE==clk}]
# if { [llength $bd_clk_ports] && $target_clk_freq_hz ne "" } { 
#   set_property CONFIG.FREQ_HZ $target_clk_freq_hz $bd_clk_ports 
# }
# foreach bd_port [get_bd_intf_ports] {
#   set_property name [regsub {_0$} [get_property name $bd_port] {}] $bd_port
# }
# foreach bd_port [get_bd_ports -filter {INTF!=TRUE}] {
#   set_property name [regsub {_0$} [get_property name $bd_port] {}] $bd_port
# }
# set s_axi_addr_width_min 32
# foreach bd_port [get_bd_intf_ports -filter {MODE == "Slave" && VLNV =~ "xilinx.com:interface:aximm_rtl:*"}] {
#   set bd_port_addr_width [get_property CONFIG.ADDR_WIDTH $bd_port]
#   if { $bd_port_addr_width < $s_axi_addr_width_min } {
#     puts "INFO: Updating $bd_port CONFIG.ADDR_WIDTH to $s_axi_addr_width_min"
#     set_property CONFIG.ADDR_WIDTH $s_axi_addr_width_min $bd_port
#   }
# }
INFO: Updating /s_axi_CTRL CONFIG.ADDR_WIDTH to 32
# set_msg_config -id {[BD 41-1265]} -severity {CRITICAL WARNING} -new_severity {INFO}
# assign_bd_address
INFO: [BD 41-3093] Triggering Legacy Auto Assign Algorithm
Slave segment '/hls_inst/s_axi_CTRL/Reg' is being assigned into address space '/s_axi_CTRL' at <0x0000_0000 [ 64K ]>.
Wrote  : <C:\fpga_cnn_hls4ml\hls_smoke\hls_smoke\sol1\impl\vhdl\project.srcs\sources_1\bd\bd_0\bd_0.bd> 
VHDL Output written to : C:/fpga_cnn_hls4ml/hls_smoke/hls_smoke/sol1/impl/vhdl/project.gen/sources_1/bd/bd_0/synth/bd_0.vhd
VHDL Output written to : C:/fpga_cnn_hls4ml/hls_smoke/hls_smoke/sol1/impl/vhdl/project.gen/sources_1/bd/bd_0/sim/bd_0.vhd
VHDL Output written to : C:/fpga_cnn_hls4ml/hls_smoke/hls_smoke/sol1/impl/vhdl/project.gen/sources_1/bd/bd_0/hdl/bd_0_wrapper.vhd
make_wrapper: Time (s): cpu = 00:00:04 ; elapsed = 00:00:30 . Memory (MB): peak = 823.766 ; gain = 234.797
# set toprtl [make_wrapper -files [get_files ${bd_design_name}.bd] -top]
# add_files -norecurse $toprtl
# set top_inst_name [file root [file tail $toprtl]]
# puts "Using BD top: $top_inst_name"
Using BD top: bd_0_wrapper
# set xdc_files [glob -nocomplain ./*.xdc]
# if { [llength $xdc_files] } {
#     add_files -fileset constrs_1 -norecurse $xdc_files
# }
# launch_runs synth_1 -scripts_only
INFO: [BD 41-1662] The design 'bd_0.bd' is already validated. Therefore parameter propagation will not be re-run.
VHDL Output written to : C:/fpga_cnn_hls4ml/hls_smoke/hls_smoke/sol1/impl/vhdl/project.gen/sources_1/bd/bd_0/synth/bd_0.vhd
VHDL Output written to : C:/fpga_cnn_hls4ml/hls_smoke/hls_smoke/sol1/impl/vhdl/project.gen/sources_1/bd/bd_0/sim/bd_0.vhd
VHDL Output written to : C:/fpga_cnn_hls4ml/hls_smoke/hls_smoke/sol1/impl/vhdl/project.gen/sources_1/bd/bd_0/hdl/bd_0_wrapper.vhd
INFO: [BD 41-1029] Generation completed for the IP Integrator block hls_inst .
Exporting to file C:/fpga_cnn_hls4ml/hls_smoke/hls_smoke/sol1/impl/vhdl/project.gen/sources_1/bd/bd_0/hw_handoff/bd_0.hwh
Generated Hardware Definition File C:/fpga_cnn_hls4ml/hls_smoke/hls_smoke/sol1/impl/vhdl/project.gen/sources_1/bd/bd_0/synth/bd_0.hwdef
INFO: [IP_Flow 19-6924] IPCACHE: Running cache check for IP inst: bd_0_hls_inst_0
WARNING: [Vivado 12-7122] Auto Incremental Compile:: No reference checkpoint was found in run synth_1. Auto-incremental flow will not be run, the standard flow will be run instead.
launch_runs: Time (s): cpu = 00:00:00 ; elapsed = 00:00:18 . Memory (MB): peak = 823.766 ; gain = 0.000
# foreach run [get_runs -filter {IS_SYNTHESIS == 1}] {
#   reset_run [get_runs $run]
# }
# set_property XPM_LIBRARIES {XPM_MEMORY XPM_FIFO} [current_project]
# hls_vivado_reports_setup $report_options
TIMESTAMP: HLS-REPORT: initialize report directories: 2026-03-05 02:13:51 +0200
# if { $has_synth || $has_impl } {
#   # synth properties setting
#   set_property -name {STEPS.SYNTH_DESIGN.ARGS.MORE OPTIONS} -value {-mode out_of_context} -objects [get_runs synth_1]
#   set ip_inst [get_ips -quiet ${bd_design_name}*${bd_inst_name}*]
#   if { ![llength $ip_inst] } {
#       error "Cannot find HLS IP instance: ${bd_design_name}*${bd_inst_name}*"
#   }
#   set synth_run [get_runs -filter {IS_SYNTHESIS == 1} ${ip_inst}*]
#   if { ![llength $synth_run] } {
#       error "Cannot find synth run for HLS IP: ${ip_inst}*"
#   }
# 
#   if { [llength $synth_design_args] } {
#       set_property -name {STEPS.SYNTH_DESIGN.ARGS.MORE OPTIONS} -value $synth_design_args -objects $synth_run
#   }
# 
#   if { [llength $synth_props] } {
#     set_property -dict $synth_props $synth_run
#   }
# 
#   # launch run synth
#   launch_runs synth_1
#   wait_on_run synth_1
#   # synth reports
#   hls_vivado_reports_synth synth_1 $report_options
#   if { $synth_dcp ne "" } {
#     file mkdir [file dirname $synth_dcp]
#     set run_dcp [glob -nocomplain [get_property DIRECTORY $synth_run]/*.dcp]
#     if { [llength $run_dcp] != 1 } { error "Cannot find single dcp file for run $synth_run" }
#     file copy -force $run_dcp $synth_dcp
#   }
# }
INFO: [IP_Flow 19-6924] IPCACHE: Running cache check for IP inst: bd_0_hls_inst_0
WARNING: [Vivado 12-7122] Auto Incremental Compile:: No reference checkpoint was found in run synth_1. Auto-incremental flow will not be run, the standard flow will be run instead.
[Thu Mar  5 02:13:53 2026] Launched bd_0_hls_inst_0_synth_1...
Run output will be captured here: C:/fpga_cnn_hls4ml/hls_smoke/hls_smoke/sol1/impl/vhdl/project.runs/bd_0_hls_inst_0_synth_1/runme.log
[Thu Mar  5 02:13:53 2026] Launched synth_1...
Run output will be captured here: C:/fpga_cnn_hls4ml/hls_smoke/hls_smoke/sol1/impl/vhdl/project.runs/synth_1/runme.log
[Thu Mar  5 02:13:53 2026] Waiting for synth_1 to finish...


*** Running vivado
    with args -log bd_0_wrapper.vds -m64 -product Vivado -mode batch -messageDb vivado.pb -notrace -source bd_0_wrapper.tcl



****** Vivado v2024.1.2 (64-bit)
  **** SW Build 5164865 on Thu Sep  5 14:37:11 MDT 2024
  **** IP Build 5164407 on Fri Sep  6 08:18:11 MDT 2024
  **** SharedData Build 5164864 on Thu Sep 05 13:09:09 MDT 2024
  **** Start of session at: Thu Mar  5 02:16:59 2026
    ** Copyright 1986-2022 Xilinx, Inc. All Rights Reserved.
    ** Copyright 2022-2024 Advanced Micro Devices, Inc. All Rights Reserved.

source bd_0_wrapper.tcl -notrace
create_project: Time (s): cpu = 00:00:11 ; elapsed = 00:00:17 . Memory (MB): peak = 508.207 ; gain = 157.102
INFO: [IP_Flow 19-234] Refreshing IP repositories
INFO: [IP_Flow 19-1700] Loaded user IP repository 'c:/fpga_cnn_hls4ml/hls_smoke/hls_smoke/sol1/impl/ip'.
INFO: [IP_Flow 19-2313] Loaded Vivado IP repository 'C:/Xilinx/xilinx1/Vivado/2024.1/data/ip'.
Command: synth_design -top bd_0_wrapper -part xczu7ev-ffvc1156-2-e -mode out_of_context
Starting synth_design
Attempting to get a license for feature 'Synthesis' and/or device 'xczu7ev'
INFO: [Common 17-349] Got license for feature 'Synthesis' and/or device 'xczu7ev'
INFO: [Device 21-403] Loading part xczu7ev-ffvc1156-2-e
INFO: [Synth 8-7079] Multithreading enabled for synth_design using a maximum of 2 processes.
INFO: [Synth 8-7078] Launching helper process for spawning children vivado processes
INFO: [Synth 8-7075] Helper process launched with PID 6736
---------------------------------------------------------------------------------
Starting RTL Elaboration : Time (s): cpu = 00:00:07 ; elapsed = 00:00:09 . Memory (MB): peak = 2067.219 ; gain = 405.922
---------------------------------------------------------------------------------
INFO: [Synth 8-638] synthesizing module 'bd_0_wrapper' [c:/fpga_cnn_hls4ml/hls_smoke/hls_smoke/sol1/impl/vhdl/project.gen/sources_1/bd/bd_0/hdl/bd_0_wrapper.vhd:40]
INFO: [Synth 8-3491] module 'bd_0' declared at 'c:/fpga_cnn_hls4ml/hls_smoke/hls_smoke/sol1/impl/vhdl/project.gen/sources_1/bd/bd_0/synth/bd_0.vhd:15' bound to instance 'bd_0_i' of component 'bd_0' [c:/fpga_cnn_hls4ml/hls_smoke/hls_smoke/sol1/impl/vhdl/project.gen/sources_1/bd/bd_0/hdl/bd_0_wrapper.vhd:66]
INFO: [Synth 8-638] synthesizing module 'bd_0' [c:/fpga_cnn_hls4ml/hls_smoke/hls_smoke/sol1/impl/vhdl/project.gen/sources_1/bd/bd_0/synth/bd_0.vhd:44]
INFO: [Synth 8-3491] module 'bd_0_hls_inst_0' declared at 'C:/fpga_cnn_hls4ml/hls_smoke/hls_smoke/sol1/impl/vhdl/project.runs/synth_1/.Xil/Vivado-5648-DESKTOP-0NKI8SO/realtime/bd_0_hls_inst_0_stub.vhdl:6' bound to instance 'hls_inst' of component 'bd_0_hls_inst_0' [c:/fpga_cnn_hls4ml/hls_smoke/hls_smoke/sol1/impl/vhdl/project.gen/sources_1/bd/bd_0/synth/bd_0.vhd:136]
INFO: [Synth 8-638] synthesizing module 'bd_0_hls_inst_0' [C:/fpga_cnn_hls4ml/hls_smoke/hls_smoke/sol1/impl/vhdl/project.runs/synth_1/.Xil/Vivado-5648-DESKTOP-0NKI8SO/realtime/bd_0_hls_inst_0_stub.vhdl:32]
INFO: [Synth 8-256] done synthesizing module 'bd_0' (0#1) [c:/fpga_cnn_hls4ml/hls_smoke/hls_smoke/sol1/impl/vhdl/project.gen/sources_1/bd/bd_0/synth/bd_0.vhd:44]
INFO: [Synth 8-256] done synthesizing module 'bd_0_wrapper' (0#1) [c:/fpga_cnn_hls4ml/hls_smoke/hls_smoke/sol1/impl/vhdl/project.gen/sources_1/bd/bd_0/hdl/bd_0_wrapper.vhd:40]
---------------------------------------------------------------------------------
Finished RTL Elaboration : Time (s): cpu = 00:00:10 ; elapsed = 00:00:13 . Memory (MB): peak = 2182.207 ; gain = 520.910
---------------------------------------------------------------------------------
---------------------------------------------------------------------------------
Start Handling Custom Attributes
---------------------------------------------------------------------------------
---------------------------------------------------------------------------------
Finished Handling Custom Attributes : Time (s): cpu = 00:00:10 ; elapsed = 00:00:13 . Memory (MB): peak = 2182.207 ; gain = 520.910
---------------------------------------------------------------------------------
---------------------------------------------------------------------------------
Finished RTL Optimization Phase 1 : Time (s): cpu = 00:00:10 ; elapsed = 00:00:13 . Memory (MB): peak = 2182.207 ; gain = 520.910
---------------------------------------------------------------------------------
Netlist sorting complete. Time (s): cpu = 00:00:00 ; elapsed = 00:00:00.002 . Memory (MB): peak = 2182.207 ; gain = 0.000
INFO: [Project 1-570] Preparing netlist for logic optimization

Processing XDC Constraints
Initializing timing engine
Parsing XDC File [c:/fpga_cnn_hls4ml/hls_smoke/hls_smoke/sol1/impl/vhdl/project.gen/sources_1/bd/bd_0/ip/bd_0_hls_inst_0/bd_0_hls_inst_0/bd_0_hls_inst_0_in_context.xdc] for cell 'bd_0_i/hls_inst'
Finished Parsing XDC File [c:/fpga_cnn_hls4ml/hls_smoke/hls_smoke/sol1/impl/vhdl/project.gen/sources_1/bd/bd_0/ip/bd_0_hls_inst_0/bd_0_hls_inst_0/bd_0_hls_inst_0_in_context.xdc] for cell 'bd_0_i/hls_inst'
Parsing XDC File [C:/fpga_cnn_hls4ml/hls_smoke/hls_smoke/sol1/impl/vhdl/add_axi.xdc]
Finished Parsing XDC File [C:/fpga_cnn_hls4ml/hls_smoke/hls_smoke/sol1/impl/vhdl/add_axi.xdc]
Parsing XDC File [C:/fpga_cnn_hls4ml/hls_smoke/hls_smoke/sol1/impl/vhdl/project.runs/synth_1/dont_touch.xdc]
Finished Parsing XDC File [C:/fpga_cnn_hls4ml/hls_smoke/hls_smoke/sol1/impl/vhdl/project.runs/synth_1/dont_touch.xdc]
Completed Processing XDC Constraints

Netlist sorting complete. Time (s): cpu = 00:00:00 ; elapsed = 00:00:00 . Memory (MB): peak = 2204.117 ; gain = 0.000
INFO: [Project 1-111] Unisim Transformation Summary:
No Unisim elements were transformed.

Constraint Validation Runtime : Time (s): cpu = 00:00:00 ; elapsed = 00:00:00.516 . Memory (MB): peak = 2204.441 ; gain = 0.324
---------------------------------------------------------------------------------
Finished Constraint Validation : Time (s): cpu = 00:00:22 ; elapsed = 00:00:28 . Memory (MB): peak = 2204.441 ; gain = 543.145
---------------------------------------------------------------------------------
---------------------------------------------------------------------------------
Start Loading Part and Timing Information
---------------------------------------------------------------------------------
Loading part: xczu7ev-ffvc1156-2-e
INFO: [Synth 8-6742] Reading net delay rules and data
---------------------------------------------------------------------------------
Finished Loading Part and Timing Information : Time (s): cpu = 00:00:22 ; elapsed = 00:00:28 . Memory (MB): peak = 2204.441 ; gain = 543.145
---------------------------------------------------------------------------------
---------------------------------------------------------------------------------
Start Applying 'set_property' XDC Constraints
---------------------------------------------------------------------------------
Applied set_property KEEP_HIERARCHY = SOFT for bd_0_i. (constraint file  auto generated constraint).
Applied set_property KEEP_HIERARCHY = SOFT for bd_0_i/hls_inst. (constraint file  auto generated constraint).
---------------------------------------------------------------------------------
Finished applying 'set_property' XDC Constraints : Time (s): cpu = 00:00:22 ; elapsed = 00:00:28 . Memory (MB): peak = 2204.441 ; gain = 543.145
---------------------------------------------------------------------------------
---------------------------------------------------------------------------------
Finished RTL Optimization Phase 2 : Time (s): cpu = 00:00:22 ; elapsed = 00:00:28 . Memory (MB): peak = 2204.441 ; gain = 543.145
---------------------------------------------------------------------------------
---------------------------------------------------------------------------------
Start RTL Component Statistics 
---------------------------------------------------------------------------------
Detailed RTL Component Info : 
---------------------------------------------------------------------------------
Finished RTL Component Statistics 
---------------------------------------------------------------------------------
---------------------------------------------------------------------------------
Start Part Resource Summary
---------------------------------------------------------------------------------
Part Resources:
DSPs: 1728 (col length:144)
BRAMs: 624 (col length: RAMB18 144 RAMB36 72)
---------------------------------------------------------------------------------
Finished Part Resource Summary
---------------------------------------------------------------------------------
---------------------------------------------------------------------------------
Start Cross Boundary and Area Optimization
---------------------------------------------------------------------------------
WARNING: [Synth 8-7080] Parallel synthesis criteria is not met
---------------------------------------------------------------------------------
Finished Cross Boundary and Area Optimization : Time (s): cpu = 00:00:24 ; elapsed = 00:00:31 . Memory (MB): peak = 2204.441 ; gain = 543.145
---------------------------------------------------------------------------------
---------------------------------------------------------------------------------
Start Applying XDC Timing Constraints
---------------------------------------------------------------------------------
---------------------------------------------------------------------------------
Finished Applying XDC Timing Constraints : Time (s): cpu = 00:00:42 ; elapsed = 00:00:52 . Memory (MB): peak = 2673.664 ; gain = 1012.367
---------------------------------------------------------------------------------
---------------------------------------------------------------------------------
Start Timing Optimization
---------------------------------------------------------------------------------
---------------------------------------------------------------------------------
Finished Timing Optimization : Time (s): cpu = 00:00:42 ; elapsed = 00:00:52 . Memory (MB): peak = 2673.664 ; gain = 1012.367
---------------------------------------------------------------------------------
---------------------------------------------------------------------------------
Start Technology Mapping
---------------------------------------------------------------------------------
---------------------------------------------------------------------------------
Finished Technology Mapping : Time (s): cpu = 00:00:42 ; elapsed = 00:00:52 . Memory (MB): peak = 2683.250 ; gain = 1021.953
---------------------------------------------------------------------------------
---------------------------------------------------------------------------------
Start IO Insertion
---------------------------------------------------------------------------------
---------------------------------------------------------------------------------
Start Flattening Before IO Insertion
---------------------------------------------------------------------------------
---------------------------------------------------------------------------------
Finished Flattening Before IO Insertion
---------------------------------------------------------------------------------
---------------------------------------------------------------------------------
Start Final Netlist Cleanup
---------------------------------------------------------------------------------
---------------------------------------------------------------------------------
Finished Final Netlist Cleanup
---------------------------------------------------------------------------------
---------------------------------------------------------------------------------
Finished IO Insertion : Time (s): cpu = 00:00:49 ; elapsed = 00:01:00 . Memory (MB): peak = 2699.008 ; gain = 1037.711
---------------------------------------------------------------------------------
---------------------------------------------------------------------------------
Start Renaming Generated Instances
---------------------------------------------------------------------------------
---------------------------------------------------------------------------------
Finished Renaming Generated Instances : Time (s): cpu = 00:00:49 ; elapsed = 00:01:00 . Memory (MB): peak = 2699.008 ; gain = 1037.711
---------------------------------------------------------------------------------
---------------------------------------------------------------------------------
Start Rebuilding User Hierarchy
---------------------------------------------------------------------------------
---------------------------------------------------------------------------------
Finished Rebuilding User Hierarchy : Time (s): cpu = 00:00:49 ; elapsed = 00:01:00 . Memory (MB): peak = 2699.008 ; gain = 1037.711
---------------------------------------------------------------------------------
---------------------------------------------------------------------------------
Start Renaming Generated Ports
---------------------------------------------------------------------------------
---------------------------------------------------------------------------------
Finished Renaming Generated Ports : Time (s): cpu = 00:00:49 ; elapsed = 00:01:00 . Memory (MB): peak = 2699.008 ; gain = 1037.711
---------------------------------------------------------------------------------
---------------------------------------------------------------------------------
Start Handling Custom Attributes
---------------------------------------------------------------------------------
---------------------------------------------------------------------------------
Finished Handling Custom Attributes : Time (s): cpu = 00:00:49 ; elapsed = 00:01:00 . Memory (MB): peak = 2699.008 ; gain = 1037.711
---------------------------------------------------------------------------------
---------------------------------------------------------------------------------
Start Renaming Generated Nets
---------------------------------------------------------------------------------
---------------------------------------------------------------------------------
Finished Renaming Generated Nets : Time (s): cpu = 00:00:49 ; elapsed = 00:01:00 . Memory (MB): peak = 2699.008 ; gain = 1037.711
---------------------------------------------------------------------------------
---------------------------------------------------------------------------------
Start Writing Synthesis Report
---------------------------------------------------------------------------------

Report BlackBoxes: 
+------+----------------+----------+
|      |BlackBox name   |Instances |
+------+----------------+----------+
|1     |bd_0_hls_inst_0 |         1|
+------+----------------+----------+

Report Cell Usage: 
+------+---------------------+------+
|      |Cell                 |Count |
+------+---------------------+------+
|1     |bd_0_hls_inst_0_bbox |     1|
+------+---------------------+------+
---------------------------------------------------------------------------------
Finished Writing Synthesis Report : Time (s): cpu = 00:00:49 ; elapsed = 00:01:00 . Memory (MB): peak = 2699.008 ; gain = 1037.711
---------------------------------------------------------------------------------
Synthesis finished with 0 errors, 0 critical warnings and 1 warnings.
Synthesis Optimization Runtime : Time (s): cpu = 00:00:37 ; elapsed = 00:00:56 . Memory (MB): peak = 2699.008 ; gain = 1015.477
Synthesis Optimization Complete : Time (s): cpu = 00:00:50 ; elapsed = 00:01:02 . Memory (MB): peak = 2699.008 ; gain = 1037.711
INFO: [Project 1-571] Translating synthesized netlist
Netlist sorting complete. Time (s): cpu = 00:00:00 ; elapsed = 00:00:00.002 . Memory (MB): peak = 2699.008 ; gain = 0.000
INFO: [Project 1-570] Preparing netlist for logic optimization
INFO: [Opt 31-138] Pushed 0 inverter(s) to 0 load pin(s).
Netlist sorting complete. Time (s): cpu = 00:00:00 ; elapsed = 00:00:00 . Memory (MB): peak = 2699.008 ; gain = 0.000
INFO: [Project 1-111] Unisim Transformation Summary:
No Unisim elements were transformed.

Synth Design complete | Checksum: 43782a41
INFO: [Common 17-83] Releasing license: Synthesis
23 Infos, 1 Warnings, 0 Critical Warnings and 0 Errors encountered.
synth_design completed successfully
synth_design: Time (s): cpu = 00:01:03 ; elapsed = 00:01:27 . Memory (MB): peak = 2699.008 ; gain = 2137.297
INFO: [Common 17-1381] The checkpoint 'C:/fpga_cnn_hls4ml/hls_smoke/hls_smoke/sol1/impl/vhdl/project.runs/synth_1/bd_0_wrapper.dcp' has been generated.
write_checkpoint: Time (s): cpu = 00:00:00 ; elapsed = 00:00:10 . Memory (MB): peak = 2699.008 ; gain = 0.000
INFO: [Vivado 12-24828] Executing command : report_utilization -file bd_0_wrapper_utilization_synth.rpt -pb bd_0_wrapper_utilization_synth.pb
INFO: [Common 17-206] Exiting Vivado at Thu Mar  5 02:19:14 2026...
[Thu Mar  5 02:19:51 2026] synth_1 finished
wait_on_runs: Time (s): cpu = 00:00:01 ; elapsed = 00:05:58 . Memory (MB): peak = 823.766 ; gain = 0.000
TIMESTAMP: HLS-REPORT: synthesis open_run: 2026-03-05 02:19:51 +0200
INFO: HLS-REPORT: Opening synthesis design database: open_run synth_1
Design is defaulting to impl run constrset: constrs_1
Design is defaulting to synth run part: xczu7ev-ffvc1156-2-e
INFO: [Device 21-403] Loading part xczu7ev-ffvc1156-2-e
INFO: [Project 1-454] Reading design checkpoint 'c:/fpga_cnn_hls4ml/hls_smoke/hls_smoke/sol1/impl/vhdl/project.gen/sources_1/bd/bd_0/ip/bd_0_hls_inst_0/bd_0_hls_inst_0.dcp' for cell 'bd_0_i/hls_inst'
Netlist sorting complete. Time (s): cpu = 00:00:00 ; elapsed = 00:00:00.006 . Memory (MB): peak = 1963.625 ; gain = 0.000
INFO: [Netlist 29-17] Analyzing 3 Unisim elements for replacement
INFO: [Netlist 29-28] Unisim Transformation completed in 0 CPU seconds
INFO: [Project 1-479] Netlist was created with Vivado 2024.1.2
INFO: [Project 1-570] Preparing netlist for logic optimization
Parsing XDC File [C:/fpga_cnn_hls4ml/hls_smoke/hls_smoke/sol1/impl/vhdl/add_axi.xdc]
Finished Parsing XDC File [C:/fpga_cnn_hls4ml/hls_smoke/hls_smoke/sol1/impl/vhdl/add_axi.xdc]
INFO: [Opt 31-138] Pushed 0 inverter(s) to 0 load pin(s).
Netlist sorting complete. Time (s): cpu = 00:00:00 ; elapsed = 00:00:00 . Memory (MB): peak = 2273.910 ; gain = 0.000
INFO: [Project 1-111] Unisim Transformation Summary:
No Unisim elements were transformed.

open_run: Time (s): cpu = 00:00:23 ; elapsed = 00:00:28 . Memory (MB): peak = 2273.910 ; gain = 1450.145
TIMESTAMP: HLS-REPORT: synthesis generate_reports_vivado: 2026-03-05 02:20:19 +0200
INFO: HLS-REPORT: Running report: report_utilization -file ./report/add_axi_utilization_synth.rpt
INFO: HLS-REPORT: Running report: report_utilization -hierarchical -hierarchical_depth 5 -file ./report/add_axi_utilization_hierarchical_synth.rpt
INFO: HLS-REPORT: Running report: report_timing_summary -file ./report/add_axi_timing_synth.rpt
INFO: [Timing 38-35] Done setting XDC timing constraints.
INFO: [Timing 38-91] UpdateTimingParams: Speed grade: -2, Temperature grade: E, Delay Type: min_max.
INFO: [Timing 38-191] Multithreading enabled for timing update using a maximum of 2 CPUs
WARNING: [Timing 38-493] Port ap_clk has one or several leaf clock pins in its transitive fanout without any clock buffer on the path and no clock reaching the clock pin(s). Vivado cannot infer the clock source when no clock buffer is found on the path to a leaf clock pin.
WARNING: [Timing 38-242] The property HD.CLK_SRC of clock port "ap_clk" is not set. In out-of-context mode, this prevents timing estimation for clock delay/skew
Resolution: Set the HD.CLK_SRC property of the out-of-context port to the location of the clock buffer instance in the top-level design
report_timing_summary: Time (s): cpu = 00:00:31 ; elapsed = 00:00:40 . Memory (MB): peak = 3815.375 ; gain = 1541.465
INFO: HLS-REPORT: Running report: report_timing -max_paths 10 -file ./report/add_axi_timing_paths_synth.rpt
INFO: [Timing 38-91] UpdateTimingParams: Speed grade: -2, Temperature grade: E, Delay Type: max.
INFO: [Timing 38-191] Multithreading enabled for timing update using a maximum of 2 CPUs
INFO: [Timing 38-78] ReportTimingParams: -max_paths 10 -nworst 1 -delay_type max -sort_by slack.
INFO: HLS-REPORT: Running report: report_design_analysis -file ./report/add_axi_design_analysis_synth.rpt
INFO: [Implflow 30-839]  
INFO: HLS-REPORT: Running report: ::tclapp::xilinx::designutils::report_failfast -detailed_report synth -file ./report/add_axi_failfast_synth.rpt
 -I- design metrics completed in 0 seconds
 -I- DONT_TOUCH metric completed in 1 seconds
 -I- MARK_DEBUG metric completed in 0 seconds
 -I- utilization metrics completed in 1 seconds
 -I- control set metrics completed in 0 seconds
 -I- methodology check metrics completed in 1 seconds
 -I- average fanout metrics completed in 0 seconds (0 modules)
 -I- non-FD high fanout nets completed in 0 seconds
 -I- path budgeting metrics completed in 1 seconds
#  +-----------------------------------------------------------------------------------------+
#  | Design Summary                                                                          |
#  | design_1                                                                                |
#  | xczu7ev-ffvc1156-2-e                                                                    |
#  +-----------------------------------------------------------+-----------+--------+--------+
#  | Criteria                                                  | Guideline | Actual | Status |
#  +-----------------------------------------------------------+-----------+--------+--------+
#  | LUT                                                       | 70%       | 0.04%  | OK     |
#  | FD                                                        | 50%       | 0.02%  | OK     |
#  | LUTRAM+SRL                                                | 25%       | 0.00%  | OK     |
#  | CARRY8                                                    | 25%       | 0.01%  | OK     |
#  | MUXF7                                                     | 15%       | 0.01%  | OK     |
#  | DSP                                                       | 80%       | 0.00%  | OK     |
#  | RAMB/FIFO                                                 | 80%       | 0.00%  | OK     |
#  | URAM                                                      | 80%       | 0.00%  | OK     |
#  | DSP+RAMB+URAM (Avg)                                       | 70%       | 0.00%  | OK     |
#  | BUFGCE* + BUFGCTRL                                        | 24        | 0      | OK     |
#  | DONT_TOUCH (cells/nets)                                   | 0         | 0      | OK     |
#  | MARK_DEBUG (nets)                                         | 0         | 0      | OK     |
#  | Control Sets                                              | 4320      | 7      | OK     |
#  | Average Fanout for modules > 100k cells                   | 4         | 2.24   | OK     |
#  | Max Average Fanout for modules > 100k cells               | 4         | 0      | OK     |
#  | Non-FD high fanout nets > 10k loads                       | 0         | 0      | OK     |
#  +-----------------------------------------------------------+-----------+--------+--------+
#  | TIMING-6 (No common primary clock between related clocks) | 0         | 0      | OK     |
#  | TIMING-7 (No common node between related clocks)          | 0         | 0      | OK     |
#  | TIMING-8 (No common period between related clocks)        | 0         | 0      | OK     |
#  | TIMING-14 (LUT on the clock tree)                         | 0         | 0      | OK     |
#  | TIMING-35 (No common node in paths with the same clock)   | 0         | 0      | OK     |
#  +-----------------------------------------------------------+-----------+--------+--------+
#  | Number of paths above max LUT budgeting (0.300ns)         | 0         | 0      | OK     |
#  | Number of paths above max Net budgeting (0.208ns)         | 0         | 0      | OK     |
#  +-----------------------------------------------------------+-----------+--------+--------+
 -I- Generated file C:/fpga_cnn_hls4ml/hls_smoke/hls_smoke/sol1/impl/vhdl/report/add_axi_failfast_synth.rpt
 -I- Number of criteria to review: 0
 -I- This report should be run before placing the design and uses conservative guidelines beyond which runtime and timing closure will likely be more challenging
 -I- report_failfast completed in 4 seconds
TIMESTAMP: HLS-REPORT: synthesis gen_data_dict_vivado: 2026-03-05 02:21:06 +0200
TIMESTAMP: HLS-REPORT: synth extract_util_hier: 2026-03-05 02:21:06 +0200
TIMESTAMP: HLS-REPORT: synth get_cell_hier_data: 2026-03-05 02:21:06 +0200
TIMESTAMP: HLS-REPORT: synth get_timing_paths: 2026-03-05 02:21:06 +0200
TIMESTAMP: HLS-REPORT: synth process timing paths: 2026-03-05 02:21:06 +0200
TIMESTAMP: HLS-REPORT: synth get_all_vv_rpt_files: 2026-03-05 02:21:06 +0200
TIMESTAMP: HLS-REPORT: synthesis write_reports_vivado: 2026-03-05 02:21:06 +0200
HLS EXTRACTION: synth area_totals:  0 230400 460800 1728 624 0 96
HLS EXTRACTION: synth area_current: 0 82 84 0 0 0 0 0 0 0
HLS EXTRACTION: synth resources_dict: AVAIL_LUT 230400 LUT 82 AVAIL_FF 460800 FF 84 AVAIL_DSP 1728 DSP 0 AVAIL_BRAM 624 BRAM 0 AVAIL_URAM 96 URAM 0 LATCH 0 SRL 0 AVAIL_CLB 0 CLB 0
INFO: HLS-REPORT: generated C:/fpga_cnn_hls4ml/hls_smoke/hls_smoke/sol1/impl/vhdl/report/vivado_syn.xml
INFO: HLS-REPORT: generated C:/fpga_cnn_hls4ml/hls_smoke/hls_smoke/sol1/impl/report/vhdl/add_axi_export.rpt


Implementation tool: Xilinx Vivado v.2024.1.2
Project:             hls_smoke
Solution:            sol1
Device target:       xczu7ev-ffvc1156-2-e
Report date:         Thu Mar 05 02:21:06 +0200 2026

#=== Post-Synthesis Resource usage ===
SLICE:            0
LUT:             82
FF:              84
DSP:              0
BRAM:             0
URAM:             0
LATCH:            0
SRL:              0
CLB:              0

#=== Final timing ===
CP required:                     5.000
CP achieved post-synthesis:      NA
No Sequential Path

TIMESTAMP: HLS-REPORT: synthesis end: 2026-03-05 02:21:06 +0200
# if { $has_impl } {
#   # launch run impl
#   if { [llength $impl_props] } {
#     set_property -dict $impl_props [get_runs impl_1]
#   }
#   launch_runs impl_1
#   wait_on_run impl_1
#   # impl reports
#   hls_vivado_reports_impl impl_1 $report_options
# }
INFO: [Timing 38-480] Writing timing data to binary archive.
Write ShapeDB Complete: Time (s): cpu = 00:00:00 ; elapsed = 00:00:00.239 . Memory (MB): peak = 3815.375 ; gain = 0.000
WARNING: [Common 17-210] 'write_hwdef' is deprecated.
[Thu Mar  5 02:21:15 2026] Launched impl_1...
Run output will be captured here: C:/fpga_cnn_hls4ml/hls_smoke/hls_smoke/sol1/impl/vhdl/project.runs/impl_1/runme.log
launch_runs: Time (s): cpu = 00:00:01 ; elapsed = 00:00:08 . Memory (MB): peak = 3815.375 ; gain = 0.000
[Thu Mar  5 02:21:15 2026] Waiting for impl_1 to finish...


*** Running vivado
    with args -log bd_0_wrapper.vdi -applog -m64 -product Vivado -messageDb vivado.pb -mode batch -source bd_0_wrapper.tcl -notrace



****** Vivado v2024.1.2 (64-bit)
  **** SW Build 5164865 on Thu Sep  5 14:37:11 MDT 2024
  **** IP Build 5164407 on Fri Sep  6 08:18:11 MDT 2024
  **** SharedData Build 5164864 on Thu Sep 05 13:09:09 MDT 2024
  **** Start of session at: Thu Mar  5 02:21:31 2026
    ** Copyright 1986-2022 Xilinx, Inc. All Rights Reserved.
    ** Copyright 2022-2024 Advanced Micro Devices, Inc. All Rights Reserved.

source bd_0_wrapper.tcl -notrace
Command: open_checkpoint C:/fpga_cnn_hls4ml/hls_smoke/hls_smoke/sol1/impl/vhdl/project.runs/impl_1/bd_0_wrapper.dcp
INFO: [Device 21-403] Loading part xczu7ev-ffvc1156-2-e
Netlist sorting complete. Time (s): cpu = 00:00:00 ; elapsed = 00:00:00.005 . Memory (MB): peak = 1656.238 ; gain = 0.000
INFO: [Netlist 29-17] Analyzing 3 Unisim elements for replacement
INFO: [Netlist 29-28] Unisim Transformation completed in 0 CPU seconds
INFO: [Project 1-479] Netlist was created with Vivado 2024.1.2
INFO: [Project 1-570] Preparing netlist for logic optimization
Read ShapeDB Complete: Time (s): cpu = 00:00:00 ; elapsed = 00:00:00.175 . Memory (MB): peak = 1708.949 ; gain = 0.000
INFO: [Timing 38-478] Restoring timing data from binary archive.
INFO: [Timing 38-479] Binary timing data restore complete.
INFO: [Project 1-856] Restoring constraints from binary archive.
INFO: [Project 1-853] Binary constraint restore complete.
Netlist sorting complete. Time (s): cpu = 00:00:00 ; elapsed = 00:00:00 . Memory (MB): peak = 2513.891 ; gain = 0.000
INFO: [Project 1-111] Unisim Transformation Summary:
No Unisim elements were transformed.

INFO: [Project 1-604] Checkpoint was created with Vivado v2024.1.2 (64-bit) build 5164865
open_checkpoint: Time (s): cpu = 00:00:40 ; elapsed = 00:01:19 . Memory (MB): peak = 2513.891 ; gain = 2165.762
INFO: [IP_Flow 19-234] Refreshing IP repositories
INFO: [IP_Flow 19-1700] Loaded user IP repository 'c:/fpga_cnn_hls4ml/hls_smoke/hls_smoke/sol1/impl/ip'.
INFO: [IP_Flow 19-2313] Loaded Vivado IP repository 'C:/Xilinx/xilinx1/Vivado/2024.1/data/ip'.
Command: opt_design
Attempting to get a license for feature 'Implementation' and/or device 'xczu7ev'
INFO: [Common 17-349] Got license for feature 'Implementation' and/or device 'xczu7ev'
Running DRC as a precondition to command opt_design

Starting DRC Task
INFO: [DRC 23-27] Running DRC with 2 threads
INFO: [Project 1-461] DRC finished with 0 Errors
INFO: [Project 1-462] Please refer to the DRC report (report_drc) for more information.

Time (s): cpu = 00:00:04 ; elapsed = 00:00:04 . Memory (MB): peak = 2557.723 ; gain = 35.941

Starting Cache Timing Information Task
Ending Cache Timing Information Task | Checksum: 1ffc24bed

Time (s): cpu = 00:00:01 ; elapsed = 00:00:02 . Memory (MB): peak = 2605.797 ; gain = 48.074

Starting Logic Optimization Task

Phase 1 Initialization

Phase 1.1 Core Generation And Design Setup
Phase 1.1 Core Generation And Design Setup | Checksum: 1ffc24bed

Time (s): cpu = 00:00:00 ; elapsed = 00:00:00.104 . Memory (MB): peak = 2996.688 ; gain = 0.000

Phase 1.2 Setup Constraints And Sort Netlist
Phase 1.2 Setup Constraints And Sort Netlist | Checksum: 1ffc24bed

Time (s): cpu = 00:00:00 ; elapsed = 00:00:00.125 . Memory (MB): peak = 2996.688 ; gain = 0.000
Phase 1 Initialization | Checksum: 1ffc24bed

Time (s): cpu = 00:00:00 ; elapsed = 00:00:00.125 . Memory (MB): peak = 2996.688 ; gain = 0.000

Phase 2 Timer Update And Timing Data Collection

Phase 2.1 Timer Update
Phase 2.1 Timer Update | Checksum: 1ffc24bed

Time (s): cpu = 00:00:00 ; elapsed = 00:00:00.192 . Memory (MB): peak = 2996.688 ; gain = 0.000

Phase 2.2 Timing Data Collection
Phase 2.2 Timing Data Collection | Checksum: 1ffc24bed

Time (s): cpu = 00:00:00 ; elapsed = 00:00:00.497 . Memory (MB): peak = 2996.688 ; gain = 0.000
Phase 2 Timer Update And Timing Data Collection | Checksum: 1ffc24bed

Time (s): cpu = 00:00:00 ; elapsed = 00:00:00.497 . Memory (MB): peak = 2996.688 ; gain = 0.000

Phase 3 Retarget
INFO: [Opt 31-1834] Total Chains To Be Transformed Were: 0 AND Number of Transformed insts Created are: 0
INFO: [Opt 31-138] Pushed 1 inverter(s) to 64 load pin(s).
INFO: [Opt 31-49] Retargeted 0 cell(s).
Phase 3 Retarget | Checksum: 1d4e2b3d3

Time (s): cpu = 00:00:00 ; elapsed = 00:00:02 . Memory (MB): peak = 2996.688 ; gain = 0.000
Retarget | Checksum: 1d4e2b3d3
INFO: [Opt 31-389] Phase Retarget created 0 cells and removed 1 cells

Phase 4 Constant propagation
INFO: [Opt 31-138] Pushed 0 inverter(s) to 0 load pin(s).
Phase 4 Constant propagation | Checksum: 1d4e2b3d3

Time (s): cpu = 00:00:00 ; elapsed = 00:00:02 . Memory (MB): peak = 2996.688 ; gain = 0.000
Constant propagation | Checksum: 1d4e2b3d3
INFO: [Opt 31-389] Phase Constant propagation created 0 cells and removed 0 cells

Phase 5 Sweep
Phase 5 Sweep | Checksum: 2547b0128

Time (s): cpu = 00:00:00 ; elapsed = 00:00:02 . Memory (MB): peak = 2996.688 ; gain = 0.000
Sweep | Checksum: 2547b0128
INFO: [Opt 31-389] Phase Sweep created 0 cells and removed 0 cells

Phase 6 BUFG optimization
INFO: [Opt 31-1077] Phase BUFG optimization inserted 0 global clock buffer(s) for CLOCK_LOW_FANOUT.
Phase 6 BUFG optimization | Checksum: 2547b0128

Time (s): cpu = 00:00:00 ; elapsed = 00:00:02 . Memory (MB): peak = 2996.688 ; gain = 0.000
BUFG optimization | Checksum: 2547b0128
INFO: [Opt 31-662] Phase BUFG optimization created 0 cells of which 0 are BUFGs and removed 0 cells.

Phase 7 Shift Register Optimization
INFO: [Opt 31-1064] SRL Remap converted 0 SRLs to 0 registers and converted 0 registers of register chains to 0 SRLs
Phase 7 Shift Register Optimization | Checksum: 2547b0128

Time (s): cpu = 00:00:00 ; elapsed = 00:00:02 . Memory (MB): peak = 2996.688 ; gain = 0.000
Shift Register Optimization | Checksum: 2547b0128
INFO: [Opt 31-389] Phase Shift Register Optimization created 0 cells and removed 0 cells

Phase 8 Post Processing Netlist
Phase 8 Post Processing Netlist | Checksum: 2547b0128

Time (s): cpu = 00:00:00 ; elapsed = 00:00:02 . Memory (MB): peak = 2996.688 ; gain = 0.000
Post Processing Netlist | Checksum: 2547b0128
INFO: [Opt 31-389] Phase Post Processing Netlist created 0 cells and removed 0 cells

Phase 9 Finalization

Phase 9.1 Finalizing Design Cores and Updating Shapes
Phase 9.1 Finalizing Design Cores and Updating Shapes | Checksum: 12d81bc7e

Time (s): cpu = 00:00:00 ; elapsed = 00:00:02 . Memory (MB): peak = 2996.688 ; gain = 0.000

Phase 9.2 Verifying Netlist Connectivity

Starting Connectivity Check Task

Time (s): cpu = 00:00:00 ; elapsed = 00:00:00.002 . Memory (MB): peak = 2996.688 ; gain = 0.000
Phase 9.2 Verifying Netlist Connectivity | Checksum: 12d81bc7e

Time (s): cpu = 00:00:00 ; elapsed = 00:00:02 . Memory (MB): peak = 2996.688 ; gain = 0.000
Phase 9 Finalization | Checksum: 12d81bc7e

Time (s): cpu = 00:00:00 ; elapsed = 00:00:02 . Memory (MB): peak = 2996.688 ; gain = 0.000
Opt_design Change Summary
=========================


-------------------------------------------------------------------------------------------------------------------------
|  Phase                        |  #Cells created  |  #Cells Removed  |  #Constrained objects preventing optimizations  |
-------------------------------------------------------------------------------------------------------------------------
|  Retarget                     |               0  |               1  |                                              0  |
|  Constant propagation         |               0  |               0  |                                              0  |
|  Sweep                        |               0  |               0  |                                              0  |
|  BUFG optimization            |               0  |               0  |                                              0  |
|  Shift Register Optimization  |               0  |               0  |                                              0  |
|  Post Processing Netlist      |               0  |               0  |                                              0  |
-------------------------------------------------------------------------------------------------------------------------


Ending Logic Optimization Task | Checksum: 12d81bc7e

Time (s): cpu = 00:00:00 ; elapsed = 00:00:02 . Memory (MB): peak = 2996.688 ; gain = 0.000

Starting Power Optimization Task
INFO: [Pwropt 34-132] Skipping clock gating for clocks with a period < 2.00 ns.
Ending Power Optimization Task | Checksum: 12d81bc7e

Time (s): cpu = 00:00:00 ; elapsed = 00:00:00.262 . Memory (MB): peak = 2996.688 ; gain = 0.000

Starting Final Cleanup Task
Ending Final Cleanup Task | Checksum: 12d81bc7e

Time (s): cpu = 00:00:00 ; elapsed = 00:00:00 . Memory (MB): peak = 2996.688 ; gain = 0.000

Starting Netlist Obfuscation Task
Netlist sorting complete. Time (s): cpu = 00:00:00 ; elapsed = 00:00:00.001 . Memory (MB): peak = 2996.688 ; gain = 0.000
Ending Netlist Obfuscation Task | Checksum: 12d81bc7e

Time (s): cpu = 00:00:00 ; elapsed = 00:00:00.001 . Memory (MB): peak = 2996.688 ; gain = 0.000
INFO: [Common 17-83] Releasing license: Implementation
32 Infos, 0 Warnings, 0 Critical Warnings and 0 Errors encountered.
opt_design completed successfully
opt_design: Time (s): cpu = 00:00:10 ; elapsed = 00:00:17 . Memory (MB): peak = 2996.688 ; gain = 481.816
INFO: [Vivado 12-24828] Executing command : report_drc -file bd_0_wrapper_drc_opted.rpt -pb bd_0_wrapper_drc_opted.pb -rpx bd_0_wrapper_drc_opted.rpx
Command: report_drc -file bd_0_wrapper_drc_opted.rpt -pb bd_0_wrapper_drc_opted.pb -rpx bd_0_wrapper_drc_opted.rpx
INFO: [IP_Flow 19-1839] IP Catalog is up to date.
INFO: [DRC 23-27] Running DRC with 2 threads
INFO: [Vivado_Tcl 2-168] The results of DRC are in file C:/fpga_cnn_hls4ml/hls_smoke/hls_smoke/sol1/impl/vhdl/project.runs/impl_1/bd_0_wrapper_drc_opted.rpt.
report_drc completed successfully
report_drc: Time (s): cpu = 00:00:04 ; elapsed = 00:00:10 . Memory (MB): peak = 2996.688 ; gain = 0.000
generate_parallel_reports: Time (s): cpu = 00:00:04 ; elapsed = 00:00:10 . Memory (MB): peak = 2996.688 ; gain = 0.000
INFO: [Timing 38-35] Done setting XDC timing constraints.
INFO: [Timing 38-480] Writing timing data to binary archive.
Write ShapeDB Complete: Time (s): cpu = 00:00:00 ; elapsed = 00:00:00.001 . Memory (MB): peak = 2996.688 ; gain = 0.000
INFO: [Common 17-1381] The checkpoint 'C:/fpga_cnn_hls4ml/hls_smoke/hls_smoke/sol1/impl/vhdl/project.runs/impl_1/bd_0_wrapper_opt.dcp' has been generated.
Command: place_design
Attempting to get a license for feature 'Implementation' and/or device 'xczu7ev'
INFO: [Common 17-349] Got license for feature 'Implementation' and/or device 'xczu7ev'
INFO: [Common 17-83] Releasing license: Implementation
INFO: [DRC 23-27] Running DRC with 2 threads
INFO: [Vivado_Tcl 4-198] DRC finished with 0 Errors
INFO: [Vivado_Tcl 4-199] Please refer to the DRC report (report_drc) for more information.
Running DRC as a precondition to command place_design
INFO: [DRC 23-27] Running DRC with 2 threads
INFO: [Vivado_Tcl 4-198] DRC finished with 0 Errors
INFO: [Vivado_Tcl 4-199] Please refer to the DRC report (report_drc) for more information.
INFO: [Place 30-611] Multithreading enabled for place_design using a maximum of 2 CPUs

Starting Placer Task

Phase 1 Placer Initialization

Phase 1.1 Placer Initialization Netlist Sorting
Netlist sorting complete. Time (s): cpu = 00:00:00 ; elapsed = 00:00:00 . Memory (MB): peak = 3021.266 ; gain = 0.000
Phase 1.1 Placer Initialization Netlist Sorting | Checksum: 10077a041

Time (s): cpu = 00:00:00 ; elapsed = 00:00:00.567 . Memory (MB): peak = 3021.266 ; gain = 0.000
Netlist sorting complete. Time (s): cpu = 00:00:00 ; elapsed = 00:00:00 . Memory (MB): peak = 3021.266 ; gain = 0.000

Phase 1.2 IO Placement/ Clock Placement/ Build Placer Device
Phase 1.2 IO Placement/ Clock Placement/ Build Placer Device | Checksum: 18b479892

Time (s): cpu = 00:00:27 ; elapsed = 00:00:37 . Memory (MB): peak = 4077.961 ; gain = 1056.695

Phase 1.3 Build Placer Netlist Model
WARNING: [Place 30-2953] Timing driven mode will be turned off because no critical terminals were found.
Phase 1.3 Build Placer Netlist Model | Checksum: 19cfd93a9

Time (s): cpu = 00:00:28 ; elapsed = 00:00:43 . Memory (MB): peak = 4077.961 ; gain = 1056.695

Phase 1.4 Constrain Clocks/Macros
Phase 1.4 Constrain Clocks/Macros | Checksum: 19cfd93a9

Time (s): cpu = 00:00:28 ; elapsed = 00:00:43 . Memory (MB): peak = 4077.961 ; gain = 1056.695
Phase 1 Placer Initialization | Checksum: 19cfd93a9

Time (s): cpu = 00:00:28 ; elapsed = 00:00:44 . Memory (MB): peak = 4077.961 ; gain = 1056.695

Phase 2 Global Placement

Phase 2.1 Floorplanning

Phase 2.1.1 Partition Driven Placement

Phase 2.1.1.1 PBP: Partition Driven Placement
Phase 2.1.1.1 PBP: Partition Driven Placement | Checksum: 19cfd93a9

Time (s): cpu = 00:00:28 ; elapsed = 00:00:46 . Memory (MB): peak = 4077.961 ; gain = 1056.695

Phase 2.1.1.2 PBP: Clock Region Placement
INFO: [Place 30-3164] Check ILP status : ILP-based clock placer is skipped.
Phase 2.1.1.2 PBP: Clock Region Placement | Checksum: 19cfd93a9

Time (s): cpu = 00:00:28 ; elapsed = 00:00:46 . Memory (MB): peak = 4077.961 ; gain = 1056.695

Phase 2.1.1.3 PBP: Compute Congestion
Phase 2.1.1.3 PBP: Compute Congestion | Checksum: 19cfd93a9

Time (s): cpu = 00:00:47 ; elapsed = 00:01:03 . Memory (MB): peak = 4077.961 ; gain = 1056.695

Phase 2.1.1.4 PBP: Add part constraints
Phase 2.1.1.4 PBP: Add part constraints | Checksum: 19cfd93a9

Time (s): cpu = 00:00:47 ; elapsed = 00:01:03 . Memory (MB): peak = 4077.961 ; gain = 1056.695
Phase 2.1.1 Partition Driven Placement | Checksum: 19cfd93a9

Time (s): cpu = 00:00:47 ; elapsed = 00:01:03 . Memory (MB): peak = 4077.961 ; gain = 1056.695
Phase 2.1 Floorplanning | Checksum: 19cfd93a9

Time (s): cpu = 00:00:47 ; elapsed = 00:01:03 . Memory (MB): peak = 4077.961 ; gain = 1056.695

Phase 2.2 Update Timing before SLR Path Opt
Phase 2.2 Update Timing before SLR Path Opt | Checksum: 19cfd93a9

Time (s): cpu = 00:00:47 ; elapsed = 00:01:03 . Memory (MB): peak = 4077.961 ; gain = 1056.695

Phase 2.3 Post-Processing in Floorplanning
Phase 2.3 Post-Processing in Floorplanning | Checksum: 19cfd93a9

Time (s): cpu = 00:00:47 ; elapsed = 00:01:03 . Memory (MB): peak = 4077.961 ; gain = 1056.695

Phase 2.4 Global Placement Core
WARNING: [Place 46-29] Timing had been disabled during Placer and, therefore, physical synthesis in Placer will be skipped.
Phase 2.4 Global Placement Core | Checksum: 274532d36

Time (s): cpu = 00:02:32 ; elapsed = 00:02:16 . Memory (MB): peak = 4077.961 ; gain = 1056.695
Phase 2 Global Placement | Checksum: 274532d36

Time (s): cpu = 00:02:32 ; elapsed = 00:02:17 . Memory (MB): peak = 4077.961 ; gain = 1056.695

Phase 3 Detail Placement

Phase 3.1 Commit Multi Column Macros
Phase 3.1 Commit Multi Column Macros | Checksum: 274532d36

Time (s): cpu = 00:02:51 ; elapsed = 00:02:28 . Memory (MB): peak = 4077.961 ; gain = 1056.695

Phase 3.2 Commit Most Macros & LUTRAMs
Phase 3.2 Commit Most Macros & LUTRAMs | Checksum: 1faab5c24

Time (s): cpu = 00:02:51 ; elapsed = 00:02:28 . Memory (MB): peak = 4077.961 ; gain = 1056.695

Phase 3.3 Small Shape DP

Phase 3.3.1 Small Shape Clustering
Phase 3.3.1 Small Shape Clustering | Checksum: 25ef8d4bf

Time (s): cpu = 00:03:31 ; elapsed = 00:02:51 . Memory (MB): peak = 4077.961 ; gain = 1056.695

Phase 3.3.2 Slice Area Swap

Phase 3.3.2.1 Slice Area Swap Initial
Phase 3.3.2.1 Slice Area Swap Initial | Checksum: 2e00c135f

Time (s): cpu = 00:03:51 ; elapsed = 00:03:02 . Memory (MB): peak = 4077.961 ; gain = 1056.695
Phase 3.3.2 Slice Area Swap | Checksum: 2e00c135f

Time (s): cpu = 00:03:51 ; elapsed = 00:03:02 . Memory (MB): peak = 4077.961 ; gain = 1056.695
Phase 3.3 Small Shape DP | Checksum: 31b77aa85

Time (s): cpu = 00:04:30 ; elapsed = 00:03:25 . Memory (MB): peak = 4077.961 ; gain = 1056.695

Phase 3.4 Re-assign LUT pins
Phase 3.4 Re-assign LUT pins | Checksum: 36f1b3707

Time (s): cpu = 00:04:30 ; elapsed = 00:03:25 . Memory (MB): peak = 4077.961 ; gain = 1056.695

Phase 3.5 Pipeline Register Optimization
Phase 3.5 Pipeline Register Optimization | Checksum: 36f1b3707

Time (s): cpu = 00:04:30 ; elapsed = 00:03:25 . Memory (MB): peak = 4077.961 ; gain = 1056.695
Phase 3 Detail Placement | Checksum: 36f1b3707

Time (s): cpu = 00:04:30 ; elapsed = 00:03:25 . Memory (MB): peak = 4077.961 ; gain = 1056.695

Phase 4 Post Placement Optimization and Clean-Up

Phase 4.1 Post Commit Optimization
Phase 4.1 Post Commit Optimization | Checksum: 36f1b3707

Time (s): cpu = 00:04:50 ; elapsed = 00:03:36 . Memory (MB): peak = 4077.961 ; gain = 1056.695

Phase 4.2 Post Placement Cleanup
Phase 4.2 Post Placement Cleanup | Checksum: 36f1b3707

Time (s): cpu = 00:05:16 ; elapsed = 00:04:00 . Memory (MB): peak = 4077.961 ; gain = 1056.695

Phase 4.3 Placer Reporting

Phase 4.3.1 Print Estimated Congestion
INFO: [Place 30-612] Post-Placement Estimated Congestion 
 ________________________________________________________________________
|           | Global Congestion | Long Congestion   | Short Congestion  |
| Direction | Region Size       | Region Size       | Region Size       |
|___________|___________________|___________________|___________________|
|      North|                1x1|                1x1|                1x1|
|___________|___________________|___________________|___________________|
|      South|                1x1|                1x1|                1x1|
|___________|___________________|___________________|___________________|
|       East|                1x1|                1x1|                1x1|
|___________|___________________|___________________|___________________|
|       West|                1x1|                1x1|                1x1|
|___________|___________________|___________________|___________________|

Phase 4.3.1 Print Estimated Congestion | Checksum: 36f1b3707

Time (s): cpu = 00:05:16 ; elapsed = 00:04:00 . Memory (MB): peak = 4077.961 ; gain = 1056.695
Phase 4.3 Placer Reporting | Checksum: 36f1b3707

Time (s): cpu = 00:05:16 ; elapsed = 00:04:00 . Memory (MB): peak = 4077.961 ; gain = 1056.695

Phase 4.4 Final Placement Cleanup
Netlist sorting complete. Time (s): cpu = 00:00:00 ; elapsed = 00:00:00 . Memory (MB): peak = 4077.961 ; gain = 0.000

Time (s): cpu = 00:05:16 ; elapsed = 00:04:00 . Memory (MB): peak = 4077.961 ; gain = 1056.695
Phase 4 Post Placement Optimization and Clean-Up | Checksum: 30607a9f2

Time (s): cpu = 00:05:16 ; elapsed = 00:04:00 . Memory (MB): peak = 4077.961 ; gain = 1056.695
Ending Placer Task | Checksum: 21b9940b4

Time (s): cpu = 00:05:16 ; elapsed = 00:04:00 . Memory (MB): peak = 4077.961 ; gain = 1056.695
50 Infos, 2 Warnings, 0 Critical Warnings and 0 Errors encountered.
place_design completed successfully
place_design: Time (s): cpu = 00:05:23 ; elapsed = 00:04:06 . Memory (MB): peak = 4077.961 ; gain = 1081.273
INFO: [Vivado 12-24838] Running report commands "report_control_sets, report_io, report_utilization" in parallel.
Running report generation with 2 threads.
INFO: [Vivado 12-24828] Executing command : report_io -file bd_0_wrapper_io_placed.rpt
report_io: Time (s): cpu = 00:00:00 ; elapsed = 00:00:02 . Memory (MB): peak = 4077.961 ; gain = 0.000
INFO: [Vivado 12-24828] Executing command : report_control_sets -verbose -file bd_0_wrapper_control_sets_placed.rpt
report_control_sets: Time (s): cpu = 00:00:00 ; elapsed = 00:00:00.263 . Memory (MB): peak = 4077.961 ; gain = 0.000
INFO: [Vivado 12-24828] Executing command : report_utilization -file bd_0_wrapper_utilization_placed.rpt -pb bd_0_wrapper_utilization_placed.pb
INFO: [Timing 38-35] Done setting XDC timing constraints.
INFO: [Timing 38-480] Writing timing data to binary archive.
Write ShapeDB Complete: Time (s): cpu = 00:00:00 ; elapsed = 00:00:00.002 . Memory (MB): peak = 4077.961 ; gain = 0.000
Wrote PlaceDB: Time (s): cpu = 00:00:00 ; elapsed = 00:00:00.237 . Memory (MB): peak = 4077.961 ; gain = 0.000
Wrote PulsedLatchDB: Time (s): cpu = 00:00:00 ; elapsed = 00:00:00 . Memory (MB): peak = 4077.961 ; gain = 0.000
Writing XDEF routing.
Writing XDEF routing logical nets.
Writing XDEF routing special nets.
Wrote RouteStorage: Time (s): cpu = 00:00:00 ; elapsed = 00:00:03 . Memory (MB): peak = 4077.961 ; gain = 0.000
Wrote Netlist Cache: Time (s): cpu = 00:00:00 ; elapsed = 00:00:00.084 . Memory (MB): peak = 4077.961 ; gain = 0.000
Wrote Device Cache: Time (s): cpu = 00:00:00 ; elapsed = 00:00:00.039 . Memory (MB): peak = 4077.961 ; gain = 0.000
Write Physdb Complete: Time (s): cpu = 00:00:01 ; elapsed = 00:00:04 . Memory (MB): peak = 4077.961 ; gain = 0.000
INFO: [Common 17-1381] The checkpoint 'C:/fpga_cnn_hls4ml/hls_smoke/hls_smoke/sol1/impl/vhdl/project.runs/impl_1/bd_0_wrapper_placed.dcp' has been generated.
write_checkpoint: Time (s): cpu = 00:00:01 ; elapsed = 00:00:18 . Memory (MB): peak = 4077.961 ; gain = 0.000
Command: phys_opt_design
Attempting to get a license for feature 'Implementation' and/or device 'xczu7ev'
INFO: [Common 17-349] Got license for feature 'Implementation' and/or device 'xczu7ev'

Starting Initial Update Timing Task
WARNING: [Timing 38-493] Port ap_clk has one or several leaf clock pins in its transitive fanout without any clock buffer on the path and no clock reaching the clock pin(s). Vivado cannot infer the clock source when no clock buffer is found on the path to a leaf clock pin.
WARNING: [Timing 38-242] The property HD.CLK_SRC of clock port "ap_clk" is not set. In out-of-context mode, this prevents timing estimation for clock delay/skew
Resolution: Set the HD.CLK_SRC property of the out-of-context port to the location of the clock buffer instance in the top-level design

Time (s): cpu = 00:00:00 ; elapsed = 00:00:01 . Memory (MB): peak = 4077.961 ; gain = 0.000
INFO: [Vivado_Tcl 4-2279] Estimated Timing Summary | WNS= 0.000 | TNS= 0.000 | 
INFO: [Vivado_Tcl 4-383] Design worst setup slack (WNS) is greater than or equal to 0.000 ns. All physical synthesis setup optimizations will be skipped.
INFO: [Vivado_Tcl 4-232] No setup violation found. The netlist was not modified.
INFO: [Common 17-83] Releasing license: Implementation
62 Infos, 4 Warnings, 0 Critical Warnings and 0 Errors encountered.
phys_opt_design completed successfully
Write ShapeDB Complete: Time (s): cpu = 00:00:00 ; elapsed = 00:00:00.002 . Memory (MB): peak = 4077.961 ; gain = 0.000
INFO: [Timing 38-480] Writing timing data to binary archive.
Wrote PlaceDB: Time (s): cpu = 00:00:00 ; elapsed = 00:00:00.042 . Memory (MB): peak = 4077.961 ; gain = 0.000
Wrote PulsedLatchDB: Time (s): cpu = 00:00:00 ; elapsed = 00:00:00 . Memory (MB): peak = 4077.961 ; gain = 0.000
Writing XDEF routing.
Writing XDEF routing logical nets.
Writing XDEF routing special nets.
Wrote RouteStorage: Time (s): cpu = 00:00:01 ; elapsed = 00:00:00.180 . Memory (MB): peak = 4077.961 ; gain = 0.000
Wrote Netlist Cache: Time (s): cpu = 00:00:00 ; elapsed = 00:00:00.001 . Memory (MB): peak = 4077.961 ; gain = 0.000
Wrote Device Cache: Time (s): cpu = 00:00:00 ; elapsed = 00:00:00.053 . Memory (MB): peak = 4077.961 ; gain = 0.000
Write Physdb Complete: Time (s): cpu = 00:00:01 ; elapsed = 00:00:00.295 . Memory (MB): peak = 4077.961 ; gain = 0.000
INFO: [Common 17-1381] The checkpoint 'C:/fpga_cnn_hls4ml/hls_smoke/hls_smoke/sol1/impl/vhdl/project.runs/impl_1/bd_0_wrapper_physopt.dcp' has been generated.
Command: route_design
Attempting to get a license for feature 'Implementation' and/or device 'xczu7ev'
INFO: [Common 17-349] Got license for feature 'Implementation' and/or device 'xczu7ev'
Running DRC as a precondition to command route_design
INFO: [DRC 23-27] Running DRC with 2 threads
INFO: [Vivado_Tcl 4-198] DRC finished with 0 Errors
INFO: [Vivado_Tcl 4-199] Please refer to the DRC report (report_drc) for more information.


Starting Routing Task
INFO: [Route 35-254] Multithreading enabled for route_design using a maximum of 8 CPUs

Phase 1 Build RT Design
Checksum: PlaceDB: f9653537 ConstDB: 0 ShapeSum: 25b49dfb RouteDB: fc7f6d82
Nodegraph reading from file.  Time (s): cpu = 00:00:02 ; elapsed = 00:00:03 . Memory (MB): peak = 4077.961 ; gain = 0.000
WARNING: [Route 35-198] Port "s_axi_CTRL_wdata[10]" does not have an associated HD.PARTPIN_LOCS, which will prevent the partial routing of the signal "s_axi_CTRL_wdata[10]". Without this partial route, timing analysis to/from this port will not be accurate, and no routing information for this port can be exported.
WARNING: [Route 35-198] Port "s_axi_CTRL_wstrb[1]" does not have an associated HD.PARTPIN_LOCS, which will prevent the partial routing of the signal "s_axi_CTRL_wstrb[1]". Without this partial route, timing analysis to/from this port will not be accurate, and no routing information for this port can be exported.
WARNING: [Route 35-198] Port "s_axi_CTRL_wdata[15]" does not have an associated HD.PARTPIN_LOCS, which will prevent the partial routing of the signal "s_axi_CTRL_wdata[15]". Without this partial route, timing analysis to/from this port will not be accurate, and no routing information for this port can be exported.
WARNING: [Route 35-198] Port "s_axi_CTRL_wdata[8]" does not have an associated HD.PARTPIN_LOCS, which will prevent the partial routing of the signal "s_axi_CTRL_wdata[8]". Without this partial route, timing analysis to/from this port will not be accurate, and no routing information for this port can be exported.
WARNING: [Route 35-197] Clock port "ap_clk" does not have an associated HD.CLK_SRC. Without this constraint, timing analysis may not be accurate and upstream checks cannot be done to ensure correct clock placement.
WARNING: [Route 35-198] Port "ap_rst_n" does not have an associated HD.PARTPIN_LOCS, which will prevent the partial routing of the signal "ap_rst_n". Without this partial route, timing analysis to/from this port will not be accurate, and no routing information for this port can be exported.
WARNING: [Route 35-198] Port "s_axi_CTRL_araddr[3]" does not have an associated HD.PARTPIN_LOCS, which will prevent the partial routing of the signal "s_axi_CTRL_araddr[3]". Without this partial route, timing analysis to/from this port will not be accurate, and no routing information for this port can be exported.
WARNING: [Route 35-198] Port "s_axi_CTRL_araddr[4]" does not have an associated HD.PARTPIN_LOCS, which will prevent the partial routing of the signal "s_axi_CTRL_araddr[4]". Without this partial route, timing analysis to/from this port will not be accurate, and no routing information for this port can be exported.
WARNING: [Route 35-198] Port "s_axi_CTRL_araddr[5]" does not have an associated HD.PARTPIN_LOCS, which will prevent the partial routing of the signal "s_axi_CTRL_araddr[5]". Without this partial route, timing analysis to/from this port will not be accurate, and no routing information for this port can be exported.
WARNING: [Route 35-198] Port "s_axi_CTRL_wdata[4]" does not have an associated HD.PARTPIN_LOCS, which will prevent the partial routing of the signal "s_axi_CTRL_wdata[4]". Without this partial route, timing analysis to/from this port will not be accurate, and no routing information for this port can be exported.
WARNING: [Route 35-198] Port "s_axi_CTRL_wstrb[0]" does not have an associated HD.PARTPIN_LOCS, which will prevent the partial routing of the signal "s_axi_CTRL_wstrb[0]". Without this partial route, timing analysis to/from this port will not be accurate, and no routing information for this port can be exported.
WARNING: [Route 35-198] Port "s_axi_CTRL_wdata[0]" does not have an associated HD.PARTPIN_LOCS, which will prevent the partial routing of the signal "s_axi_CTRL_wdata[0]". Without this partial route, timing analysis to/from this port will not be accurate, and no routing information for this port can be exported.
WARNING: [Route 35-198] Port "s_axi_CTRL_wdata[7]" does not have an associated HD.PARTPIN_LOCS, which will prevent the partial routing of the signal "s_axi_CTRL_wdata[7]". Without this partial route, timing analysis to/from this port will not be accurate, and no routing information for this port can be exported.
WARNING: [Route 35-198] Port "s_axi_CTRL_wdata[9]" does not have an associated HD.PARTPIN_LOCS, which will prevent the partial routing of the signal "s_axi_CTRL_wdata[9]". Without this partial route, timing analysis to/from this port will not be accurate, and no routing information for this port can be exported.
WARNING: [Route 35-198] Port "s_axi_CTRL_bready" does not have an associated HD.PARTPIN_LOCS, which will prevent the partial routing of the signal "s_axi_CTRL_bready". Without this partial route, timing analysis to/from this port will not be accurate, and no routing information for this port can be exported.
WARNING: [Route 35-198] Port "s_axi_CTRL_awvalid" does not have an associated HD.PARTPIN_LOCS, which will prevent the partial routing of the signal "s_axi_CTRL_awvalid". Without this partial route, timing analysis to/from this port will not be accurate, and no routing information for this port can be exported.
WARNING: [Route 35-198] Port "s_axi_CTRL_wvalid" does not have an associated HD.PARTPIN_LOCS, which will prevent the partial routing of the signal "s_axi_CTRL_wvalid". Without this partial route, timing analysis to/from this port will not be accurate, and no routing information for this port can be exported.
WARNING: [Route 35-198] Port "s_axi_CTRL_awaddr[2]" does not have an associated HD.PARTPIN_LOCS, which will prevent the partial routing of the signal "s_axi_CTRL_awaddr[2]". Without this partial route, timing analysis to/from this port will not be accurate, and no routing information for this port can be exported.
WARNING: [Route 35-198] Port "s_axi_CTRL_awaddr[3]" does not have an associated HD.PARTPIN_LOCS, which will prevent the partial routing of the signal "s_axi_CTRL_awaddr[3]". Without this partial route, timing analysis to/from this port will not be accurate, and no routing information for this port can be exported.
WARNING: [Route 35-198] Port "s_axi_CTRL_awaddr[4]" does not have an associated HD.PARTPIN_LOCS, which will prevent the partial routing of the signal "s_axi_CTRL_awaddr[4]". Without this partial route, timing analysis to/from this port will not be accurate, and no routing information for this port can be exported.
WARNING: [Route 35-198] Port "s_axi_CTRL_awaddr[5]" does not have an associated HD.PARTPIN_LOCS, which will prevent the partial routing of the signal "s_axi_CTRL_awaddr[5]". Without this partial route, timing analysis to/from this port will not be accurate, and no routing information for this port can be exported.
WARNING: [Route 35-198] Port "s_axi_CTRL_wdata[1]" does not have an associated HD.PARTPIN_LOCS, which will prevent the partial routing of the signal "s_axi_CTRL_wdata[1]". Without this partial route, timing analysis to/from this port will not be accurate, and no routing information for this port can be exported.
WARNING: [Route 35-198] Port "s_axi_CTRL_wdata[2]" does not have an associated HD.PARTPIN_LOCS, which will prevent the partial routing of the signal "s_axi_CTRL_wdata[2]". Without this partial route, timing analysis to/from this port will not be accurate, and no routing information for this port can be exported.
WARNING: [Route 35-198] Port "s_axi_CTRL_wdata[11]" does not have an associated HD.PARTPIN_LOCS, which will prevent the partial routing of the signal "s_axi_CTRL_wdata[11]". Without this partial route, timing analysis to/from this port will not be accurate, and no routing information for this port can be exported.
WARNING: [Route 35-198] Port "s_axi_CTRL_wdata[13]" does not have an associated HD.PARTPIN_LOCS, which will prevent the partial routing of the signal "s_axi_CTRL_wdata[13]". Without this partial route, timing analysis to/from this port will not be accurate, and no routing information for this port can be exported.
WARNING: [Route 35-198] Port "s_axi_CTRL_wdata[14]" does not have an associated HD.PARTPIN_LOCS, which will prevent the partial routing of the signal "s_axi_CTRL_wdata[14]". Without this partial route, timing analysis to/from this port will not be accurate, and no routing information for this port can be exported.
WARNING: [Route 35-198] Port "s_axi_CTRL_wdata[12]" does not have an associated HD.PARTPIN_LOCS, which will prevent the partial routing of the signal "s_axi_CTRL_wdata[12]". Without this partial route, timing analysis to/from this port will not be accurate, and no routing information for this port can be exported.
WARNING: [Route 35-198] Port "s_axi_CTRL_wdata[3]" does not have an associated HD.PARTPIN_LOCS, which will prevent the partial routing of the signal "s_axi_CTRL_wdata[3]". Without this partial route, timing analysis to/from this port will not be accurate, and no routing information for this port can be exported.
WARNING: [Route 35-198] Port "s_axi_CTRL_wdata[5]" does not have an associated HD.PARTPIN_LOCS, which will prevent the partial routing of the signal "s_axi_CTRL_wdata[5]". Without this partial route, timing analysis to/from this port will not be accurate, and no routing information for this port can be exported.
WARNING: [Route 35-198] Port "s_axi_CTRL_wdata[6]" does not have an associated HD.PARTPIN_LOCS, which will prevent the partial routing of the signal "s_axi_CTRL_wdata[6]". Without this partial route, timing analysis to/from this port will not be accurate, and no routing information for this port can be exported.
WARNING: [Route 35-198] Port "s_axi_CTRL_arvalid" does not have an associated HD.PARTPIN_LOCS, which will prevent the partial routing of the signal "s_axi_CTRL_arvalid". Without this partial route, timing analysis to/from this port will not be accurate, and no routing information for this port can be exported.
WARNING: [Route 35-198] Port "s_axi_CTRL_araddr[1]" does not have an associated HD.PARTPIN_LOCS, which will prevent the partial routing of the signal "s_axi_CTRL_araddr[1]". Without this partial route, timing analysis to/from this port will not be accurate, and no routing information for this port can be exported.
WARNING: [Route 35-198] Port "s_axi_CTRL_araddr[2]" does not have an associated HD.PARTPIN_LOCS, which will prevent the partial routing of the signal "s_axi_CTRL_araddr[2]". Without this partial route, timing analysis to/from this port will not be accurate, and no routing information for this port can be exported.
WARNING: [Route 35-198] Port "s_axi_CTRL_araddr[0]" does not have an associated HD.PARTPIN_LOCS, which will prevent the partial routing of the signal "s_axi_CTRL_araddr[0]". Without this partial route, timing analysis to/from this port will not be accurate, and no routing information for this port can be exported.
WARNING: [Route 35-198] Port "s_axi_CTRL_rready" does not have an associated HD.PARTPIN_LOCS, which will prevent the partial routing of the signal "s_axi_CTRL_rready". Without this partial route, timing analysis to/from this port will not be accurate, and no routing information for this port can be exported.
Post Restoration Checksum: NetGraph: 28551c13 | NumContArr: 7ee0264a | Constraints: c2a8fa9d | Timing: c2a8fa9d
Phase 1 Build RT Design | Checksum: 22c873797

Time (s): cpu = 00:00:07 ; elapsed = 00:00:15 . Memory (MB): peak = 4077.961 ; gain = 0.000

Phase 2 Router Initialization

Phase 2.1 Fix Topology Constraints
Phase 2.1 Fix Topology Constraints | Checksum: 22c873797

Time (s): cpu = 00:00:07 ; elapsed = 00:00:16 . Memory (MB): peak = 4077.961 ; gain = 0.000

Phase 2.2 Pre Route Cleanup
Phase 2.2 Pre Route Cleanup | Checksum: 22c873797

Time (s): cpu = 00:00:07 ; elapsed = 00:00:16 . Memory (MB): peak = 4077.961 ; gain = 0.000

Phase 2.3 Global Clock Net Routing
Phase 2.3 Global Clock Net Routing | Checksum: 22c873797

Time (s): cpu = 00:00:09 ; elapsed = 00:00:18 . Memory (MB): peak = 4297.707 ; gain = 219.746

Phase 2.4 Update Timing
Phase 2.4 Update Timing | Checksum: 22c873797

Time (s): cpu = 00:00:09 ; elapsed = 00:00:18 . Memory (MB): peak = 4297.707 ; gain = 219.746

Router Utilization Summary
  Global Vertical Routing Utilization    = 0 %
  Global Horizontal Routing Utilization  = 0 %
  Routable Net Status*
  *Does not include unroutable nets such as driverless and loadless.
  Run report_route_status for detailed report.
  Number of Failed Nets               = 95
    (Failed Nets is the sum of unrouted and partially routed nets)
  Number of Unrouted Nets             = 80
  Number of Partially Routed Nets     = 15
  Number of Node Overlaps             = 0

Phase 2 Router Initialization | Checksum: 22c873797

Time (s): cpu = 00:00:11 ; elapsed = 00:00:20 . Memory (MB): peak = 4310.699 ; gain = 232.738

Phase 3 Global Routing
Phase 3 Global Routing | Checksum: 22c873797

Time (s): cpu = 00:00:11 ; elapsed = 00:00:21 . Memory (MB): peak = 4310.699 ; gain = 232.738

Phase 4 Initial Routing

Phase 4.1 Initial Net Routing Pass
Phase 4.1 Initial Net Routing Pass | Checksum: 2a6002de6

Time (s): cpu = 00:00:13 ; elapsed = 00:00:23 . Memory (MB): peak = 4310.699 ; gain = 232.738
Phase 4 Initial Routing | Checksum: 2a6002de6

Time (s): cpu = 00:00:13 ; elapsed = 00:00:23 . Memory (MB): peak = 4310.699 ; gain = 232.738

Phase 5 Rip-up And Reroute

Phase 5.1 Global Iteration 0

Phase 5.1.1 Update Timing
Phase 5.1.1 Update Timing | Checksum: 2a6002de6

Time (s): cpu = 00:00:13 ; elapsed = 00:00:23 . Memory (MB): peak = 4310.699 ; gain = 232.738
WARNING: [Route 35-447] Congestion is preventing the router from routing all nets. The router will prioritize the successful completion of routing all nets over timing optimizations.
Phase 5.1 Global Iteration 0 | Checksum: 2a6002de6

Time (s): cpu = 00:00:13 ; elapsed = 00:00:23 . Memory (MB): peak = 4310.699 ; gain = 232.738

Phase 5.2 Global Iteration 1
 Number of Nodes with overlaps = 11
 Number of Nodes with overlaps = 0
Phase 5.2 Global Iteration 1 | Checksum: 2acb2d70e

Time (s): cpu = 00:00:13 ; elapsed = 00:00:24 . Memory (MB): peak = 4310.699 ; gain = 232.738

Phase 5.3 Additional Iteration for Hold
Phase 5.3 Additional Iteration for Hold | Checksum: 2acb2d70e

Time (s): cpu = 00:00:13 ; elapsed = 00:00:24 . Memory (MB): peak = 4310.699 ; gain = 232.738
Phase 5 Rip-up And Reroute | Checksum: 2acb2d70e

Time (s): cpu = 00:00:13 ; elapsed = 00:00:24 . Memory (MB): peak = 4310.699 ; gain = 232.738

Phase 6 Delay and Skew Optimization

Phase 6.1 Delay CleanUp
Phase 6.1 Delay CleanUp | Checksum: 2acb2d70e

Time (s): cpu = 00:00:13 ; elapsed = 00:00:24 . Memory (MB): peak = 4310.699 ; gain = 232.738

Phase 6.2 Clock Skew Optimization
Phase 6.2 Clock Skew Optimization | Checksum: 2acb2d70e

Time (s): cpu = 00:00:13 ; elapsed = 00:00:24 . Memory (MB): peak = 4310.699 ; gain = 232.738
Phase 6 Delay and Skew Optimization | Checksum: 2acb2d70e

Time (s): cpu = 00:00:13 ; elapsed = 00:00:24 . Memory (MB): peak = 4310.699 ; gain = 232.738

Phase 7 Post Hold Fix

Phase 7.1 Hold Fix Iter
Phase 7.1 Hold Fix Iter | Checksum: 2acb2d70e

Time (s): cpu = 00:00:13 ; elapsed = 00:00:24 . Memory (MB): peak = 4310.699 ; gain = 232.738
Phase 7 Post Hold Fix | Checksum: 2acb2d70e

Time (s): cpu = 00:00:13 ; elapsed = 00:00:24 . Memory (MB): peak = 4310.699 ; gain = 232.738

Phase 8 Route finalize

Router Utilization Summary
  Global Vertical Routing Utilization    = 0.00157557 %
  Global Horizontal Routing Utilization  = 0.00215473 %
  Routable Net Status*
  *Does not include unroutable nets such as driverless and loadless.
  Run report_route_status for detailed report.
  Number of Failed Nets               = 0
    (Failed Nets is the sum of unrouted and partially routed nets)
  Number of Unrouted Nets             = 0
  Number of Partially Routed Nets     = 0
  Number of Node Overlaps             = 0

Phase 8 Route finalize | Checksum: 2acb2d70e

Time (s): cpu = 00:00:14 ; elapsed = 00:00:25 . Memory (MB): peak = 4310.699 ; gain = 232.738

Phase 9 Verifying routed nets

 Verification completed successfully
Phase 9 Verifying routed nets | Checksum: 2acb2d70e

Time (s): cpu = 00:00:14 ; elapsed = 00:00:25 . Memory (MB): peak = 4310.699 ; gain = 232.738

Phase 10 Depositing Routes
Phase 10 Depositing Routes | Checksum: 2acb2d70e

Time (s): cpu = 00:00:14 ; elapsed = 00:00:25 . Memory (MB): peak = 4310.699 ; gain = 232.738

Phase 11 Resolve XTalk
Phase 11 Resolve XTalk | Checksum: 2acb2d70e

Time (s): cpu = 00:00:14 ; elapsed = 00:00:26 . Memory (MB): peak = 4310.699 ; gain = 232.738

Phase 12 Post Process Routing
Phase 12 Post Process Routing | Checksum: 2acb2d70e

Time (s): cpu = 00:00:14 ; elapsed = 00:00:26 . Memory (MB): peak = 4310.699 ; gain = 232.738

Phase 13 Post Router Timing
Phase 13 Post Router Timing | Checksum: 2acb2d70e

Time (s): cpu = 00:00:14 ; elapsed = 00:00:26 . Memory (MB): peak = 4310.699 ; gain = 232.738
Total Elapsed time in route_design: 25.28 secs

Phase 14 Post-Route Event Processing
Phase 14 Post-Route Event Processing | Checksum: 19cbf84da

Time (s): cpu = 00:00:14 ; elapsed = 00:00:26 . Memory (MB): peak = 4310.699 ; gain = 232.738
INFO: [Route 35-16] Router Completed Successfully
Ending Routing Task | Checksum: 19cbf84da

Time (s): cpu = 00:00:14 ; elapsed = 00:00:26 . Memory (MB): peak = 4310.699 ; gain = 232.738

Routing Is Done.
INFO: [Common 17-83] Releasing license: Implementation
71 Infos, 40 Warnings, 0 Critical Warnings and 0 Errors encountered.
route_design completed successfully
route_design: Time (s): cpu = 00:00:18 ; elapsed = 00:00:31 . Memory (MB): peak = 4310.699 ; gain = 232.738
INFO: [Vivado 12-24828] Executing command : report_drc -file bd_0_wrapper_drc_routed.rpt -pb bd_0_wrapper_drc_routed.pb -rpx bd_0_wrapper_drc_routed.rpx
Command: report_drc -file bd_0_wrapper_drc_routed.rpt -pb bd_0_wrapper_drc_routed.pb -rpx bd_0_wrapper_drc_routed.rpx
INFO: [IP_Flow 19-1839] IP Catalog is up to date.
INFO: [DRC 23-27] Running DRC with 2 threads
[libprotobuf ERROR C:\protobuf-3.21.12\protobuf\src\google\protobuf\message_lite.cc:133] Can't parse message of type "ReportMetaData" because it is missing required fields: report_type
INFO: [Vivado_Tcl 2-168] The results of DRC are in file C:/fpga_cnn_hls4ml/hls_smoke/hls_smoke/sol1/impl/vhdl/project.runs/impl_1/bd_0_wrapper_drc_routed.rpt.
report_drc completed successfully
INFO: [Vivado 12-24828] Executing command : report_methodology -file bd_0_wrapper_methodology_drc_routed.rpt -pb bd_0_wrapper_methodology_drc_routed.pb -rpx bd_0_wrapper_methodology_drc_routed.rpx
Command: report_methodology -file bd_0_wrapper_methodology_drc_routed.rpt -pb bd_0_wrapper_methodology_drc_routed.pb -rpx bd_0_wrapper_methodology_drc_routed.rpx
INFO: [Timing 38-35] Done setting XDC timing constraints.
WARNING: [Timing 38-493] Port ap_clk has one or several leaf clock pins in its transitive fanout without any clock buffer on the path and no clock reaching the clock pin(s). Vivado cannot infer the clock source when no clock buffer is found on the path to a leaf clock pin.
WARNING: [Timing 38-242] The property HD.CLK_SRC of clock port "ap_clk" is not set. In out-of-context mode, this prevents timing estimation for clock delay/skew
Resolution: Set the HD.CLK_SRC property of the out-of-context port to the location of the clock buffer instance in the top-level design
INFO: [DRC 23-133] Running Methodology with 2 threads
INFO: [Vivado_Tcl 2-1520] The results of Report Methodology are in file C:/fpga_cnn_hls4ml/hls_smoke/hls_smoke/sol1/impl/vhdl/project.runs/impl_1/bd_0_wrapper_methodology_drc_routed.rpt.
report_methodology completed successfully
INFO: [Vivado 12-24828] Executing command : report_timing_summary -max_paths 10 -report_unconstrained -file bd_0_wrapper_timing_summary_routed.rpt -pb bd_0_wrapper_timing_summary_routed.pb -rpx bd_0_wrapper_timing_summary_routed.rpx -warn_on_violation 
INFO: [Timing 38-35] Done setting XDC timing constraints.
INFO: [Timing 38-91] UpdateTimingParams: Speed grade: -2, Temperature grade: E, Delay Type: min_max.
INFO: [Timing 38-191] Multithreading enabled for timing update using a maximum of 2 CPUs
INFO: [Vivado 12-24838] Running report commands "report_incremental_reuse, report_route_status" in parallel.
Running report generation with 2 threads.
INFO: [Vivado 12-24828] Executing command : report_incremental_reuse -file bd_0_wrapper_incremental_reuse_routed.rpt
INFO: [Vivado_Tcl 4-1062] Incremental flow is disabled. No incremental reuse Info to report.
INFO: [Vivado 12-24828] Executing command : report_route_status -file bd_0_wrapper_route_status.rpt -pb bd_0_wrapper_route_status.pb
INFO: [Vivado 12-24828] Executing command : report_power -file bd_0_wrapper_power_routed.rpt -pb bd_0_wrapper_power_summary_routed.pb -rpx bd_0_wrapper_power_routed.rpx
Command: report_power -file bd_0_wrapper_power_routed.rpt -pb bd_0_wrapper_power_summary_routed.pb -rpx bd_0_wrapper_power_routed.rpx
WARNING: [Power 33-232] No user defined clocks were found in the design! Power estimation will be inaccurate until this is corrected.
Resolution: Please specify clocks using create_clock/create_generated_clock for sequential elements. For pure combinatorial circuits, please specify a virtual clock, otherwise the vectorless estimation might be inaccurate
Running Vector-less Activity Propagation...

Finished Running Vector-less Activity Propagation
88 Infos, 43 Warnings, 0 Critical Warnings and 0 Errors encountered.
report_power completed successfully
report_power: Time (s): cpu = 00:00:10 ; elapsed = 00:00:31 . Memory (MB): peak = 4310.699 ; gain = 0.000
INFO: [Vivado 12-24828] Executing command : report_clock_utilization -file bd_0_wrapper_clock_utilization_routed.rpt
WARNING: [Device 21-9320] Failed to find the Oracle tile group with name 'HSR_BOUNDARY_TOP'. This is required for Clock regions and Virtual grid.
WARNING: [Device 21-2174] Failed to initialize Virtual grid.
report_clock_utilization: Time (s): cpu = 00:00:05 ; elapsed = 00:00:33 . Memory (MB): peak = 4310.699 ; gain = 0.000
INFO: [Vivado 12-24828] Executing command : report_bus_skew -warn_on_violation -file bd_0_wrapper_bus_skew_routed.rpt -pb bd_0_wrapper_bus_skew_routed.pb -rpx bd_0_wrapper_bus_skew_routed.rpx
INFO: [Timing 38-91] UpdateTimingParams: Speed grade: -2, Temperature grade: E, Delay Type: min_max.
INFO: [Timing 38-191] Multithreading enabled for timing update using a maximum of 2 CPUs
generate_parallel_reports: Time (s): cpu = 00:00:22 ; elapsed = 00:01:14 . Memory (MB): peak = 4310.699 ; gain = 0.000
Write ShapeDB Complete: Time (s): cpu = 00:00:00 ; elapsed = 00:00:00.001 . Memory (MB): peak = 4310.699 ; gain = 0.000
INFO: [Timing 38-480] Writing timing data to binary archive.
Wrote PlaceDB: Time (s): cpu = 00:00:00 ; elapsed = 00:00:00.010 . Memory (MB): peak = 4310.699 ; gain = 0.000
Wrote PulsedLatchDB: Time (s): cpu = 00:00:00 ; elapsed = 00:00:00 . Memory (MB): peak = 4310.699 ; gain = 0.000
Writing XDEF routing.
Writing XDEF routing logical nets.
Writing XDEF routing special nets.
Wrote RouteStorage: Time (s): cpu = 00:00:00 ; elapsed = 00:00:00.263 . Memory (MB): peak = 4310.699 ; gain = 0.000
Wrote Netlist Cache: Time (s): cpu = 00:00:00 ; elapsed = 00:00:00.001 . Memory (MB): peak = 4310.699 ; gain = 0.000
Wrote Device Cache: Time (s): cpu = 00:00:00 ; elapsed = 00:00:00.040 . Memory (MB): peak = 4310.699 ; gain = 0.000
Write Physdb Complete: Time (s): cpu = 00:00:00 ; elapsed = 00:00:00.349 . Memory (MB): peak = 4310.699 ; gain = 0.000
INFO: [Common 17-1381] The checkpoint 'C:/fpga_cnn_hls4ml/hls_smoke/hls_smoke/sol1/impl/vhdl/project.runs/impl_1/bd_0_wrapper_routed.dcp' has been generated.
INFO: [Common 17-206] Exiting Vivado at Thu Mar  5 02:30:06 2026...
[Thu Mar  5 02:31:47 2026] impl_1 finished
wait_on_runs: Time (s): cpu = 00:00:02 ; elapsed = 00:10:33 . Memory (MB): peak = 3815.375 ; gain = 0.000
TIMESTAMP: HLS-REPORT: implementation open_run: 2026-03-05 02:31:48 +0200
INFO: HLS-REPORT: Opening implementation design database: open_run impl_1
Netlist sorting complete. Time (s): cpu = 00:00:00 ; elapsed = 00:00:00.005 . Memory (MB): peak = 3815.375 ; gain = 0.000
INFO: [Netlist 29-17] Analyzing 3 Unisim elements for replacement
INFO: [Netlist 29-28] Unisim Transformation completed in 0 CPU seconds
INFO: [Project 1-479] Netlist was created with Vivado 2024.1.2
INFO: [Project 1-570] Preparing netlist for logic optimization
Read ShapeDB Complete: Time (s): cpu = 00:00:00 ; elapsed = 00:00:00.021 . Memory (MB): peak = 3815.375 ; gain = 0.000
INFO: [Timing 38-478] Restoring timing data from binary archive.
INFO: [Timing 38-479] Binary timing data restore complete.
INFO: [Project 1-856] Restoring constraints from binary archive.
INFO: [Project 1-853] Binary constraint restore complete.
INFO: [Designutils 20-5722] Start Reading Physical Databases.
Reading placement.
Read Netlist Cache: Time (s): cpu = 00:00:00 ; elapsed = 00:00:00.035 . Memory (MB): peak = 3815.375 ; gain = 0.000
Reading placer database...
Read Device Cache: Time (s): cpu = 00:00:00 ; elapsed = 00:00:00.049 . Memory (MB): peak = 3815.375 ; gain = 0.000
Read PlaceDB: Time (s): cpu = 00:00:00 ; elapsed = 00:00:00.166 . Memory (MB): peak = 3815.375 ; gain = 0.000
Read PulsedLatchDB: Time (s): cpu = 00:00:00 ; elapsed = 00:00:00 . Memory (MB): peak = 3815.375 ; gain = 0.000
Reading routing.
Read RouteStorage: Time (s): cpu = 00:00:00 ; elapsed = 00:00:05 . Memory (MB): peak = 3815.375 ; gain = 0.000
Read Physdb Files: Time (s): cpu = 00:00:00 ; elapsed = 00:00:06 . Memory (MB): peak = 3815.375 ; gain = 0.000
Restored from archive | CPU: 1.000000 secs | Memory: 0.000000 MB |
Finished XDEF File Restore: Time (s): cpu = 00:00:00 ; elapsed = 00:00:06 . Memory (MB): peak = 3815.375 ; gain = 0.000
Netlist sorting complete. Time (s): cpu = 00:00:00 ; elapsed = 00:00:00.001 . Memory (MB): peak = 3815.375 ; gain = 0.000
INFO: [Project 1-111] Unisim Transformation Summary:
No Unisim elements were transformed.

open_run: Time (s): cpu = 00:00:01 ; elapsed = 00:00:19 . Memory (MB): peak = 3815.375 ; gain = 0.000
TIMESTAMP: HLS-REPORT: implementation generate_reports_vivado: 2026-03-05 02:32:08 +0200
INFO: HLS-REPORT: Running report: report_utilization -file ./report/add_axi_utilization_routed.rpt
INFO: HLS-REPORT: Running report: report_utilization -hierarchical -hierarchical_depth 5 -file ./report/add_axi_utilization_hierarchical_routed.rpt
INFO: HLS-REPORT: Running report: report_timing_summary -file ./report/add_axi_timing_routed.rpt
INFO: [Timing 38-91] UpdateTimingParams: Speed grade: -2, Temperature grade: E, Delay Type: min_max.
INFO: [Timing 38-191] Multithreading enabled for timing update using a maximum of 2 CPUs
WARNING: [Timing 38-493] Port ap_clk has one or several leaf clock pins in its transitive fanout without any clock buffer on the path and no clock reaching the clock pin(s). Vivado cannot infer the clock source when no clock buffer is found on the path to a leaf clock pin.
WARNING: [Timing 38-242] The property HD.CLK_SRC of clock port "ap_clk" is not set. In out-of-context mode, this prevents timing estimation for clock delay/skew
Resolution: Set the HD.CLK_SRC property of the out-of-context port to the location of the clock buffer instance in the top-level design
INFO: HLS-REPORT: Running report: report_route_status -file ./report/add_axi_status_routed.rpt
INFO: HLS-REPORT: Running report: report_timing -max_paths 10 -file ./report/add_axi_timing_paths_routed.rpt
INFO: [Timing 38-91] UpdateTimingParams: Speed grade: -2, Temperature grade: E, Delay Type: max.
INFO: [Timing 38-191] Multithreading enabled for timing update using a maximum of 2 CPUs
INFO: [Timing 38-78] ReportTimingParams: -max_paths 10 -nworst 1 -delay_type max -sort_by slack.
INFO: HLS-REPORT: Running report: report_design_analysis -file ./report/add_axi_design_analysis_routed.rpt
INFO: HLS-REPORT: Running report: ::tclapp::xilinx::designutils::report_failfast -detailed_report impl -file ./report/add_axi_failfast_routed.rpt
 -I- design metrics completed in 1 seconds
 -I- DONT_TOUCH metric completed in 0 seconds
 -I- MARK_DEBUG metric completed in 0 seconds
 -I- utilization metrics completed in 1 seconds
 -I- control set metrics completed in 0 seconds
 -I- methodology check metrics completed in 1 seconds
 -I- average fanout metrics completed in 0 seconds (0 modules)
 -I- non-FD high fanout nets completed in 0 seconds
 -I- path budgeting metrics completed in 1 seconds
#  +-----------------------------------------------------------------------------------------+
#  | Design Summary                                                                          |
#  | impl_1                                                                                  |
#  | xczu7ev-ffvc1156-2-e                                                                    |
#  +-----------------------------------------------------------+-----------+--------+--------+
#  | Criteria                                                  | Guideline | Actual | Status |
#  +-----------------------------------------------------------+-----------+--------+--------+
#  | LUT                                                       | 70%       | 0.03%  | OK     |
#  | FD                                                        | 50%       | 0.02%  | OK     |
#  | LUTRAM+SRL                                                | 25%       | 0.00%  | OK     |
#  | CARRY8                                                    | 25%       | 0.01%  | OK     |
#  | MUXF7                                                     | 15%       | 0.01%  | OK     |
#  | DSP                                                       | 80%       | 0.00%  | OK     |
#  | RAMB/FIFO                                                 | 80%       | 0.00%  | OK     |
#  | URAM                                                      | 80%       | 0.00%  | OK     |
#  | DSP+RAMB+URAM (Avg)                                       | 70%       | 0.00%  | OK     |
#  | BUFGCE* + BUFGCTRL                                        | 24        | 0      | OK     |
#  | DONT_TOUCH (cells/nets)                                   | 0         | 0      | OK     |
#  | MARK_DEBUG (nets)                                         | 0         | 0      | OK     |
#  | Control Sets                                              | 4320      | 7      | OK     |
#  | Average Fanout for modules > 100k cells                   | 4         | 1.94   | OK     |
#  | Max Average Fanout for modules > 100k cells               | 4         | 0      | OK     |
#  | Non-FD high fanout nets > 10k loads                       | 0         | 0      | OK     |
#  +-----------------------------------------------------------+-----------+--------+--------+
#  | TIMING-6 (No common primary clock between related clocks) | 0         | 0      | OK     |
#  | TIMING-7 (No common node between related clocks)          | 0         | 0      | OK     |
#  | TIMING-8 (No common period between related clocks)        | 0         | 0      | OK     |
#  | TIMING-14 (LUT on the clock tree)                         | 0         | 0      | OK     |
#  | TIMING-35 (No common node in paths with the same clock)   | 0         | 0      | OK     |
#  +-----------------------------------------------------------+-----------+--------+--------+
#  | Number of paths above max LUT budgeting (0.300ns)         | 0         | 0      | OK     |
#  | Number of paths above max Net budgeting (0.208ns)         | 0         | 0      | OK     |
#  +-----------------------------------------------------------+-----------+--------+--------+
 -I- Generated file C:/fpga_cnn_hls4ml/hls_smoke/hls_smoke/sol1/impl/vhdl/report/add_axi_failfast_routed.rpt
 -I- Number of criteria to review: 0
 -I- This report should be run before placing the design and uses conservative guidelines beyond which runtime and timing closure will likely be more challenging
 -I- report_failfast completed in 4 seconds
TIMESTAMP: HLS-REPORT: implementation gen_data_dict_vivado: 2026-03-05 02:32:16 +0200
TIMESTAMP: HLS-REPORT: impl extract_util_hier: 2026-03-05 02:32:17 +0200
TIMESTAMP: HLS-REPORT: impl get_cell_hier_data: 2026-03-05 02:32:17 +0200
TIMESTAMP: HLS-REPORT: impl get_timing_paths: 2026-03-05 02:32:17 +0200
TIMESTAMP: HLS-REPORT: impl process timing paths: 2026-03-05 02:32:17 +0200
TIMESTAMP: HLS-REPORT: impl get_all_vv_rpt_files: 2026-03-05 02:32:17 +0200
TIMESTAMP: HLS-REPORT: implementation write_reports_vivado: 2026-03-05 02:32:17 +0200
HLS EXTRACTION: impl area_totals:  0 230400 460800 1728 624 28800 96
HLS EXTRACTION: impl area_current: 0 80 84 0 0 0 0 13 0 0
HLS EXTRACTION: impl resources_dict: AVAIL_LUT 230400 LUT 80 AVAIL_FF 460800 FF 84 AVAIL_DSP 1728 DSP 0 AVAIL_BRAM 624 BRAM 0 AVAIL_URAM 96 URAM 0 LATCH 0 SRL 0 AVAIL_CLB 28800 CLB 13
INFO: HLS-REPORT: generated C:/fpga_cnn_hls4ml/hls_smoke/hls_smoke/sol1/impl/vhdl/report/vivado_impl.xml
INFO: HLS-REPORT: generated C:/fpga_cnn_hls4ml/hls_smoke/hls_smoke/sol1/impl/report/vhdl/add_axi_export.rpt


Implementation tool: Xilinx Vivado v.2024.1.2
Project:             hls_smoke
Solution:            sol1
Device target:       xczu7ev-ffvc1156-2-e
Report date:         Thu Mar 05 02:32:17 +0200 2026

#=== Post-Implementation Resource usage ===
SLICE:            0
LUT:             80
FF:              84
DSP:              0
BRAM:             0
URAM:             0
LATCH:            0
SRL:              0
CLB:             13

#=== Final timing ===
CP required:                     5.000
CP achieved post-synthesis:      NA
CP achieved post-implementation: NA
No Sequential Path

TIMESTAMP: HLS-REPORT: implementation end: 2026-03-05 02:32:17 +0200
INFO: HLS-REPORT: impl run complete: worst setup slack (WNS)=0.000000, worst hold slack (WHS)=0.000000, total pulse width slack(TPWS)=0.000000, number of unrouted nets=0
# hls_vivado_reports_finalize $report_options
TIMESTAMP: HLS-REPORT: all reports complete: 2026-03-05 02:32:17 +0200
INFO: [Common 17-206] Exiting Vivado at Thu Mar  5 02:32:21 2026...
INFO: [HLS 200-802] Generated output file hls_smoke/sol1/impl/export.zip
INFO: [HLS 200-2161] Finished Command export_design Elapsed time: 00:24:25; Allocated memory: 3.949 MB.
INFO: [HLS 200-112] Total CPU user time: 5 seconds. Total CPU system time: 6 seconds. Total elapsed time: 1632.04 seconds; peak allocated memory: 196.828 MB.
